St #,Dr,Street Name,Sfx,Town,Zip,ListPrice,SoldPrice,,Br,Bath,,,SD,Tot Tax,LSC,ListDate,ExpDate,ContDate,TitleDate,DOM,Det,#F,K,ML#
41,,Grohmans,Lane,Plainview,11803,399000,417000,Ranch,3,2.000,"Full,Finished",1 Car Attached,4,11374.00,CL,3/31/2017,9/01/2017,4/29/2017,6/26/2017,29,Det,1,1,2925752
121,,Lincoln E,Road,Plainview,11803,499900,485000,Split Level,3,1.500,"Full,Unfinished",1 Car Attached,4,15385.00,CL,5/09/2017,11/09/2017,6/08/2017,8/11/2017,30,Det,1,1,2936668
566,,Park,Avenue,Merrick,11566,489777,485000,Exp Cape,3,2.000,"Full,Finished",1 Car Attached,4,12289.00,CL,5/12/2017,12/31/2017,6/28/2017,7/14/2017,47,Det,1,1,2937755
705,,Hilda,Street,N. Bellmore,11710,369000,325000,Colonial,3,1.500,"Full,Finished",1 Car Attached,4,8698.00,CL,11/16/2018,10/31/2019,2/23/2019,6/25/2019,99,Det,1,1,3081783
2269,,Sherman,Avenue,Merrick,11566,489000,489000,Hi Ranch,4,2.000,"None,Unfinished",2 Car Attached,4,12240.99,CL,5/25/2017,11/30/2017,6/02/2017,8/17/2017,8,Det,1,1,2941642
2487,,Lincoln,Boulevard,N. Bellmore,11710,479000,457500,Cape,4,2.000,"Full,Partially Finished",,4,12863.00,CL,8/24/2016,8/24/2017,3/03/2017,5/02/2017,191,Det,1,1,2878735
27,,Main,Parkway,Plainview,11803,549000,465000,Ranch,3,1.000,"Full,Partially Finished",1 Car Attached,4,13899.61,CL,3/15/2019,8/31/2019,3/29/2019,6/10/2019,14,Det,1,1,3109658
2748,,Beltagh,Avenue,N. Bellmore,11710,399999,405000,Bungalow,3,1.000,"Full,Finished",2 Car Detached,4,7390.18,CL,6/22/2019,9/01/2019,7/19/2019,9/26/2019,27,Det,1,1,3141069
41,,Sunnyside,Boulevard,Plainview,11803,469000,420000,Ranch,3,2.000,"Full,Finished",,4,8984.05,CL,7/13/2017,1/31/2018,2/09/2018,4/11/2018,211,Det,1,1,2954791
1459,,Bellmore,Avenue,N. Bellmore,11710,399000,390000,Colonial,2,1.500,"Partial,Unfinished",,4,11041.74,CL,8/08/2019,8/31/2020,11/01/2019,12/26/2019,85,Det,1,1,3154486
890,,Jay,Drive,N. Bellmore,11710,460000,445000,Ranch,4,2.000,"Full,Finished",1 Car Attached,4,13902.74,CL,9/05/2018,1/15/2019,10/19/2018,1/18/2019,44,Det,1,1,3062482
102,,Soifer,Avenue,N. Bellmore,11710,429888,442214,Cape,4,2.000,"Full,Partially Finished",1 Car Detached,4,11948.00,CL,3/05/2019,8/01/2019,3/31/2019,7/25/2019,25,Det,1,1,*1339120
21,,Virginia,Avenue,Plainview,11803,429000,415000,Cape,3,1.000,"Full,Unfinished",1 Car Detached,4,13899.00,CL,7/09/2019,5/28/2020,12/03/2019,12/27/2019,147,Det,1,1,3145722
136,,Radcliffe,Road,Plainview,11803,459998,445000,Split Level,4,2.500,"Partial,Finished",,4,16165.00,CL,10/26/2018,9/18/2019,1/03/2019,2/13/2019,69,Det,1,1,*1330047
6,,Stauber,Drive,Plainview,11803,489000,465000,Split Level,3,2.000,"Full,Finished",,4,20382.58,CL,1/11/2020,3/31/2020,1/24/2020,2/28/2020,13,Det,1,1,3191089
1858,,Beltagh,Place,N. Bellmore,11710,469000,450000,Cape,4,2.000,"Full,Partially Finished",,4,13075.00,CL,6/15/2019,1/31/2020,10/23/2019,2/10/2020,130,Det,1,1,3138766
53,,Margaret,Drive,Plainview,11803,449000,451000,Ranch,3,1.000,"Full,Finished",1 Car Attached,4,9283.35,CL,2/16/2018,2/16/2019,4/03/2018,5/17/2018,45,Det,1,1,3005008
1007,,Olympia,Road,N. Bellmore,11710,489000,475000,Exp Ranch,3,2.000,"Full,Partially Finished",1 Car Attached,4,11264.00,CL,9/26/2017,3/30/2018,10/31/2017,1/02/2018,35,Det,1,1,2974404
112,,Mckinley,Avenue,N. Bellmore,11710,419000,407000,Exp Cape,5,3.000,"Full,Finished",1 Car Detached,4,9164.00,CL,6/23/2017,12/30/2017,10/26/2017,1/08/2018,125,Det,1,1,2949716
2156,,Sanders,Place,Bellmore,11710,492000,475000,Exp Cape,3,2.000,"Full,Finished",1 Car Attached,4,10139.00,CL,2/10/2017,12/08/2017,3/06/2017,6/28/2017,24,Det,1,1,2912840
717,,Sterling,Street,N. Bellmore,11710,469000,460000,Exp Cape,4,2.000,"Full,Finished",2 Car Attached,4,13574.92,CL,2/14/2017,11/12/2017,3/23/2017,5/26/2017,36,Det,1,1,2913706
1668,,Eyre,Place,Bellmore,11710,405000,435000,Colonial,3,1.500,"Full,Partially Finished",1 Car Detached,4,9443.00,CL,6/14/2017,10/30/2017,7/10/2017,10/16/2017,26,Det,1,1,2946838
921,,Bellmore,Road,Bellmore,11710,449000,450000,Cape,3,1.000,"Full,Partially Finished",1 Car Attached,4,10841.00,CL,2/23/2018,11/23/2018,3/09/2018,5/11/2018,14,Det,1,1,3006790
2504,S,Bismark,Avenue,N. Bellmore,11710,499999,474000,Split Level,3,2.000,"Partial,Unfinished",1 Car Attached,4,9937.45,CL,2/19/2018,8/15/2018,3/23/2018,5/23/2018,31,Det,1,1,3005551
2768,,Beltagh,Avenue,N. Bellmore,11710,469000,483500,Cape,3,2.000,"Full,Finished",,4,12879.30,CL,5/06/2019,8/27/2019,6/18/2019,8/21/2019,43,Det,1,1,3125842
2322,,Webster,Street,N. Bellmore,11710,415000,420000,Ranch,3,2.000,"Full,Finished",2 Car Detached,4,12447.70,CL,6/12/2017,3/12/2018,6/28/2017,9/08/2017,16,Det,1,1,2946478
9,,Arthur,Court,Plainview,11803,475000,425000,Ranch,3,2.000,"Full,Partially Finished",1 Car Attached,4,13202.20,CL,10/11/2017,1/31/2018,11/16/2017,2/08/2018,36,Det,1,1,2977554
2611,,Saw Mill,Road,N. Bellmore,11710,485000,487000,Ranch,3,1.000,"Full,Partially Finished",1 Car Attached,4,9079.00,CL,4/10/2018,10/10/2018,5/02/2018,7/10/2018,22,Det,1,1,3019228
2608,N,Jerusalem,Road,N. Bellmore,11710,479990,479000,Colonial,4,2.000,"Full,Finished",2 Car Detached,4,10644.00,CL,7/17/2019,1/31/2020,7/29/2019,11/18/2019,12,Det,1,1,3148381
2346,,Henry,Street,N. Bellmore,11710,499990,485000,Ranch,3,2.000,"Full,Partially Finished",1 Car Attached,4,10820.00,CL,9/19/2019,3/19/2020,1/31/2020,3/12/2020,134,Det,1,1,3178055
1281,,Little Neck,Avenue,N. Bellmore,11710,380000,380000,Ranch,3,1.500,"Full,Partially Finished",1 Car Attached,4,10681.15,CL,12/27/2017,12/13/2018,1/29/2018,3/13/2018,33,Det,1,1,2997659
3,W,Gate,,Plainview,11803,505000,483000,Ranch,3,1.500,Full,,4,10842.00,CL,2/27/2019,9/27/2019,3/21/2019,6/10/2019,21,Det,1,1,3104372
2517,S,Bismark,Avenue,N. Bellmore,11710,429000,429000,Exp Ranch,3,2.000,"Full,Unfinished",1 Car Attached,4,14196.00,CL,12/18/2016,6/30/2017,2/10/2017,3/24/2017,54,Det,1,1,2902576
12,,Brook,Place,Bellmore,11710,350000,410000,Colonial,5,2.000,"None,Unfinished",,4,19604.10,CL,9/28/2016,3/31/2020,12/11/2018,2/04/2020,860,Det,1,1,3076315
101,,Roger,Road,N. Bellmore,11710,329000,324000,Ranch,1,1.000,"Partial,Partially Finished",,4,8552.18,CL,3/28/2017,12/31/2017,8/02/2017,10/13/2017,127,Det,1,1,2924977
534,,Old Country,Road,Plainview,11803,349900,325000,Ranch,3,1.000,"None,Unfinished",,4,9810.44,CL,8/02/2019,1/31/2020,10/17/2019,12/09/2019,76,Det,1,1,3152823
2469,,Cliff,Lane,N. Bellmore,11710,474999,455000,Split Level,3,1.500,"Full,Unfinished",1 Car Attached,4,10440.64,CL,4/11/2017,10/10/2017,7/20/2017,9/27/2017,100,Det,1,1,2928501
27,,Oldwood,Road,Port Washington,11050,459000,385000,Bungalow,2,1.000,Partial,,4,8468.00,CL,6/27/2018,12/31/2018,8/13/2018,10/26/2018,47,Det,1,1,3043554
92,,Graywood,Road,Port Washington,11050,450000,360000,Cape,2,1.000,"Crawl,Unfinished",,4,7225.00,CL,1/22/2019,12/31/2019,4/13/2019,6/24/2019,80,Det,1,1,3095093
10,,Virginia,Avenue,Plainview,11803,479000,469000,Cape,4,2.000,"Full,Unfinished",1 Car Detached,4,12481.00,CL,8/02/2016,5/31/2017,11/15/2016,4/17/2017,105,Det,1,1,2873607
2,S,Oaks,Boulevard,Plainview,11803,599000,485000,Split Level,5,3.000,"Full,Unfinished",2 Car Attached,4,12926.60,CL,11/15/2016,5/15/2017,3/21/2017,5/17/2017,125,Det,1,1,2896646
28,,Audrey,Avenue,Plainview,11803,399000,380000,Exp Cape,4,2.000,"Full,Partially Finished",,4,14832.23,CL,4/14/2019,11/30/2019,12/16/2019,12/17/2019,246,Det,1,1,3119247
25,,Sagamore,Street,Plainview,11803,450000,450000,Ranch,3,2.000,"Full,Finished",,4,11136.98,CL,4/04/2017,8/01/2017,5/12/2017,7/13/2017,38,Det,1,1,2926537
1801,,White,Street,N. Bellmore,11710,529000,460000,Split Level,3,2.500,"Full,Finished",1 Car Attached,4,11856.63,CL,12/16/2016,11/04/2017,12/21/2016,4/21/2017,114,Det,1,1,2902092
1608,,Bellmore,Road,N. Bellmore,11710,529000,487000,Hi Ranch,5,2.000,"None,Unfinished",1 Car Attached,4,12749.77,CL,1/17/2019,7/30/2019,3/31/2019,5/14/2019,72,Det,1,1,3094219
1155,,Newbridge,Road,N. Bellmore,11710,509000,490000,Hi Ranch,4,3.000,"None,Unfinished",2 Car Attached,4,10953.16,CL,6/04/2018,6/04/2019,8/17/2018,3/20/2019,74,Det,1,1,3036250
1304,,Bellmore,Road,N. Bellmore,11710,489000,489000,Exp Cape,3,2.000,"Full,Unfinished",,4,8951.48,CL,5/30/2018,11/30/2018,7/02/2018,10/29/2018,33,Det,1,1,3034816
36,,Virginia,Avenue,Plainview,11803,449000,415000,Cape,4,1.500,"Full,Partially Finished",1 Car Detached,4,12416.00,CL,2/02/2017,12/31/2017,3/18/2017,4/24/2017,43,Det,1,1,2911075
760,,Steven,Court,N. Bellmore,11710,449000,457000,Ranch,3,2.000,"Full,Partially Finished",1 Car Attached,4,13701.89,CL,5/31/2017,12/31/2017,6/19/2017,8/04/2017,19,Det,1,1,2942795
936,W,Shelley,Road,N. Bellmore,11710,459990,445000,Exp Cape,3,2.000,"Full,Partially Finished",1 Car Attached,4,9871.27,CL,9/07/2018,12/07/2018,10/05/2018,11/09/2018,28,Det,1,1,3063379
1406,,Harding,Street,N. Bellmore,11710,409990,400000,Cape,4,1.000,"None,Unfinished",1 Car Detached,4,10253.43,CL,6/19/2017,12/01/2017,8/08/2017,10/25/2017,50,Det,1,1,2948150
2639,,Martin,Avenue,Bellmore,11710,459990,459990,Colonial,3,1.500,"Full,Unfinished",,4,11876.57,CL,6/16/2017,12/07/2017,8/16/2017,11/20/2017,61,Det,1,1,2947567
1163,,Bellmore,Road,N. Bellmore,11710,459000,440000,Split Level,6,3.000,"Partial,Unfinished",1 Car Attached,4,10906.98,CL,3/03/2016,12/31/2017,7/21/2017,2/14/2018,504,Det,1,1,2833281
312,,Clifford,Street,N. Bellmore,11710,379000,384000,Cape,3,1.000,"Full,Finished",1 Car Detached,4,11924.00,CL,5/11/2017,12/31/2017,5/18/2017,6/29/2017,7,Det,1,1,2937340
86,,Orchard,Street,Plainview,11803,409900,420000,Hi Ranch,2,1.000,"Full,Finished",,4,18420.41,CL,3/24/2017,6/22/2017,4/10/2017,5/30/2017,17,Det,1,1,2924170
2829,,Janet,Avenue,N. Bellmore,11710,459000,459000,Cape,4,1.000,"Full,Finished",1 Car Attached,4,13592.87,CL,3/06/2019,8/27/2019,3/21/2019,4/19/2019,14,Det,1,1,3106459
41,,Wendell,Street,Plainview,11803,435000,440000,Ranch,3,1.500,"None,Unfinished",2 Car Detached,4,14526.00,CL,12/11/2017,11/30/2018,2/05/2018,4/19/2018,56,Det,1,1,2990659
33,,Croydon,Drive,N. Bellmore,11710,469500,452000,Cape,3,3.000,"Full,Finished",1 Car Detached,4,11342.96,CL,4/26/2018,12/31/2018,10/06/2018,1/02/2019,163,Det,1,1,3024210
1253,,Raymond,Road,N. Bellmore,11710,410000,430000,Ranch,3,2.000,"Full,Partially Finished",,4,7985.12,CL,8/29/2017,2/18/2018,9/01/2017,10/20/2017,3,Det,1,1,2966721
1933,,Monroe,Avenue,N. Bellmore,11710,398999,390000,Colonial,3,1.500,"Full,Partially Finished",,4,8820.00,CL,7/23/2018,1/23/2019,10/02/2018,12/18/2018,71,Det,1,1,3050689
4,,Floral,Place,Bellmore,11710,469000,460000,Cape,4,2.500,"Full,Finished",1 Car Detached,4,12613.70,CL,6/12/2017,2/28/2018,6/20/2017,9/14/2017,8,Det,1,1,2946150
116,,Grant,Boulevard,Bellmore,11710,425000,415000,Exp Cape,4,1.000,"Full,Partially Finished",,4,13077.19,CL,7/25/2019,1/22/2020,8/19/2019,10/03/2019,25,Det,1,1,3150301
2633,,Beltagh,Avenue,Bellmore,11710,399000,415000,Cape,4,1.000,"Full,Unfinished",1 Car Attached,4,8208.12,CL,6/12/2017,12/01/2017,6/20/2017,8/28/2017,8,Det,1,1,2946186
1356,,Oneida,Avenue,N. Bellmore,11710,459000,439000,Ranch,3,1.500,"Full,Finished",1 Car Attached,4,8860.01,CL,5/15/2018,11/11/2018,5/22/2018,8/30/2018,7,Det,1,1,3030169
1432,,Harding,Street,Bellmore,11710,419000,419000,Cape,4,1.000,"None,Unfinished",1 Car Detached,4,10530.70,CL,5/07/2019,12/06/2019,6/11/2019,8/08/2019,35,Det,1,1,3126166
2094,,Hillside,Avenue,Bellmore,11710,529000,485000,Bungalow,2,1.000,"Full,Partially Finished",1 Car Detached,4,9980.00,CL,10/23/2018,4/23/2019,11/19/2018,2/06/2019,27,Det,1,1,3075981
121,,Grant,Boulevard,N. Bellmore,11710,459000,454000,Exp Cape,4,1.000,"Full,Partially Finished",,4,12887.39,CL,6/21/2019,12/31/2019,8/14/2019,10/23/2019,54,Det,1,1,3140901
1853,,Waltoffer,,N. Bellmore,11710,489000,454700,Exp Ranch,3,2.000,"Full,Unfinished",1 Car Attached,4,10323.49,CL,8/22/2016,3/07/2017,3/03/2017,5/23/2017,193,Det,1,1,2878098
17,,Vernon,Street,Plainview,11803,435000,425000,Ranch,4,1.000,"None,Unfinished",,4,12415.78,CL,6/28/2017,10/15/2017,8/01/2017,10/05/2017,34,Det,1,1,2950655
874,,Midwood,Drive,N. Bellmore,11710,419000,345000,Exp Cape,3,2.000,"Full,Finished",1 Car Attached,4,9380.16,CL,10/19/2016,10/19/2017,7/06/2017,8/07/2017,260,Det,1,2,*1267962
62,,Belmont,Avenue,Plainview,11803,554900,475500,Ranch,2,2.000,"Full,Finished",,4,16584.00,CL,9/29/2017,3/29/2018,10/19/2017,12/18/2017,20,Det,1,1,2974731
2823,,Robert,Lane,N. Bellmore,11710,469000,469000,Split Level,3,1.500,"Full,Finished",1 Car Attached,4,8881.15,CL,1/05/2017,8/30/2017,1/23/2017,4/26/2017,18,Det,1,1,2904739
2376,,Henry,Street,N. Bellmore,11710,419000,412000,Ranch,5,2.000,"Full,Partially Finished",,4,14892.45,CL,6/02/2018,12/02/2018,6/11/2018,7/26/2018,9,Det,1,1,3035818
111,,Doris,Avenue,N. Bellmore,11710,399000,389000,Cape,2,1.000,"Full,Unfinished",1 Car Detached,4,10815.92,CL,5/24/2018,11/24/2018,7/02/2018,8/29/2018,39,Det,1,1,3033233
2328,,Henry,Street,N. Bellmore,11710,447000,433500,Ranch,3,1.500,"Full,Finished",1 Car Attached,4,8709.92,CL,1/02/2019,7/03/2019,2/11/2019,3/22/2019,40,Det,1,1,3089679
42,,Jamaica,Avenue,Plainview,11803,479000,480000,Exp Cape,4,2.000,"Full,Finished",1 Car Detached,4,13773.03,CL,2/15/2018,8/15/2018,3/19/2018,4/09/2018,31,Det,1,1,3004672
2127,,Elise,Avenue,N. Bellmore,11710,429000,455000,Split Level,3,2.000,"Full,Finished",,4,10010.73,CL,4/24/2017,4/25/2018,5/30/2017,9/07/2017,36,Det,1,1,2932388
113,,Grant,Boulevard,N. Bellmore,11710,399000,380000,Exp Cape,3,1.000,"Full,Finished",1 Car Detached,4,12428.18,CL,9/20/2018,9/16/2019,12/17/2018,2/05/2019,88,Det,1,1,3066645
115,,Grant,Boulevard,N. Bellmore,11710,449000,435000,Exp Cape,4,2.000,"Full,Partially Finished",,4,9515.02,CL,4/03/2019,3/13/2020,5/06/2019,6/14/2019,33,Det,1,1,3115271
77,,Victor,Street,Plainview,11803,475000,475000,Ranch,3,2.000,"Full,Unfinished",1 Car Attached,4,15946.25,CL,12/17/2016,5/31/2017,1/25/2017,3/24/2017,39,Det,1,1,2902276
110,,Grant,Boulevard,N. Bellmore,11710,479000,470000,Exp Cape,4,2.000,"Full,Finished",1 Car Detached,4,11433.84,CL,11/16/2016,5/02/2017,3/10/2017,5/23/2017,114,Det,1,1,2897080
2498,,Beltagh,Avenue,N. Bellmore,11710,349000,375000,Cape,3,1.000,"Full,Finished",1 Car Detached,4,11266.74,CL,7/15/2017,12/31/2017,8/08/2017,10/26/2017,24,Det,1,1,2955478
2371,,Elbert,Avenue,N. Bellmore,11710,449000,430000,Cape,3,2.000,"Full,Partially Finished",1 Car Detached,4,11019.78,CL,9/05/2017,1/31/2018,9/26/2017,12/14/2017,21,Det,1,1,2968110
2738,,Oak,Drive,N. Bellmore,11710,414000,417000,Ranch,3,1.000,"Full,Partially Finished",,4,13097.79,CL,2/14/2018,8/14/2018,2/28/2018,4/26/2018,14,Det,1,1,3004698
482,,Park,Avenue,N. Merrick,11566,449000,445000,Exp Ranch,3,2.000,"Full,Unfinished",,4,9992.92,CL,4/11/2017,12/31/2017,5/08/2017,9/01/2017,27,Det,1,1,*1281114
19,,Sagamore,Street,Plainview,11803,425000,440000,Ranch,2,1.550,"Full,Finished",,4,10765.00,CL,1/12/2019,12/23/2019,1/23/2019,3/21/2019,11,Det,1,1,3092659
8,,Mullon,Avenue,Port Washington,11050,519900,400000,Colonial,3,1.000,Full,,4,14975.00,CL,6/17/2019,6/11/2020,8/13/2019,10/18/2019,57,Det,1,1,3138935
2724,,Court,Street,N. Bellmore,11710,359999,345000,Ranch,2,1.000,Full,1 Car Detached,4,12049.78,CL,1/19/2019,1/05/2020,4/04/2019,5/23/2019,74,Det,1,1,3094587
8,,Lillian,Lane,Plainview,11803,475000,475000,Exp Ranch,3,2.000,"Full,Partially Finished",1 Car Attached,4,11758.33,CL,7/18/2017,1/17/2018,8/15/2017,10/04/2017,28,Det,1,1,2956174
54,,Jamaica,Avenue,Plainview,11803,448000,453000,Ranch,3,2.000,"Full,Finished",1 Car Detached,4,7816.00,CL,8/03/2017,2/02/2018,9/05/2017,11/16/2017,33,Det,1,1,2960640
1689,,Porter,Place,Bellmore,11710,479000,430000,Hi Ranch,4,3.000,"None,Unfinished",1 Car Attached,4,18271.00,CL,1/30/2019,4/29/2019,3/14/2019,4/09/2019,42,Det,1,2,3097386
208,,Cayuga,Avenue,N. Bellmore,11710,325000,378000,Cape,3,1.000,"Full,Unfinished",2 Car Detached,4,11582.90,CL,11/28/2018,11/28/2019,12/20/2018,3/20/2019,22,Det,1,1,3084407
23,,Beechwood,Avenue,Port Washington,11050,525000,450000,Colonial,4,2.000,"Full,Unfinished",2 Car Detached,4,6817.00,CL,7/14/2017,12/31/2017,8/28/2017,10/26/2017,45,Det,1,1,2955284
19,,Chicago,Avenue,N. Bellmore,11710,499900,475000,2 Story,4,3.000,"Full,Unfinished",Detached,4,12516.40,CL,12/12/2018,12/12/2019,1/29/2019,3/21/2019,48,Det,1,2,3086757
53,,Surrey,Lane,Plainview,11803,459000,448000,Exp Ranch,3,1.500,"Full,Partially Finished",2 Car Attached,4,12060.69,CL,9/28/2018,12/31/2018,12/06/2018,2/25/2019,69,Det,1,1,3069134
2377,,Simms,Avenue,Bellmore,11710,399000,390000,Cape,3,1.000,"Full,Partially Finished",,4,8261.00,CL,5/01/2017,10/26/2017,10/13/2017,11/20/2017,165,Det,1,1,2933819
1234,,Park,Avenue,N. Merrick,11566,299000,260000,Ranch,2,1.000,"Partial,Unfinished",,4,8230.00,CL,1/05/2017,6/30/2017,4/17/2017,12/29/2017,101,Det,1,1,2904727
55,,Sunrise,Street,Plainview,11803,475000,465000,Colonial,4,2.000,"Full,Unfinished",1 Car Attached,4,13803.26,CL,6/15/2016,11/30/2016,11/07/2016,3/27/2017,145,Det,1,1,2861357
2,,Brian,Street,Plainview,11803,399999,395000,Ranch,3,1.000,"Full,Unfinished",1 Car Attached,4,12865.39,CL,4/17/2017,9/29/2017,4/28/2017,6/08/2017,11,Det,1,1,2929769
267,,Haypath,Road,Old Bethpage,11804,489000,480000,Cape,5,2.500,"Full,Partially Finished",1 Car Attached,4,13756.11,CL,4/25/2019,8/24/2019,5/06/2019,6/27/2019,11,Det,1,1,3122599
1764,,Queen,Street,N. Bellmore,11710,399000,390000,Cape,3,2.000,"None,Unfinished",Detached,4,10559.94,CL,10/27/2017,4/18/2018,1/08/2018,3/26/2018,73,Det,1,1,2981375
105,,Southern,Parkway,Plainview,11803,499000,455000,Hi Ranch,4,3.000,"None,Unfinished",1 Car Attached,4,17547.25,CL,10/17/2017,4/13/2018,1/18/2018,3/19/2018,93,Det,1,1,2979237
2365,,Elk,Court,N. Bellmore,11710,499000,489000,Colonial,4,1.500,"Full,Unfinished",1 Car Attached,4,11531.39,CL,9/06/2019,2/28/2020,9/27/2019,12/04/2019,21,Det,1,1,3161961
29,,Relda,Street,Plainview,11803,499000,423000,Ranch,3,2.000,"Full,Finished",,4,13014.75,CL,6/26/2017,12/26/2017,7/20/2017,9/22/2017,24,Det,1,1,2950138
1746,,Bellmore,Avenue,N. Bellmore,11710,379000,379000,Ranch,3,1.500,"Full,Finished",1 Car Attached,4,9136.48,CL,2/01/2019,8/01/2019,2/15/2019,4/17/2019,14,Det,1,1,3097944
10,,Lincoln,Road,Plainview,11803,330000,350000,Ranch,3,2.500,"Full,Finished",1 Car Attached,4,14698.00,CL,9/25/2017,9/25/2018,10/01/2017,1/11/2018,6,Det,1,1,2973628
1810,,Newbridge,Road,N. Bellmore,11710,339900,341000,Cape,3,2.000,"Full,Finished",1 Car Detached,4,10039.00,CL,10/23/2017,6/01/2018,11/16/2017,1/03/2018,24,Det,1,1,2980381
5,,Lincoln,Gate,Plainview,11803,399000,365000,Ranch,3,2.000,"Full,Finished",,4,12578.48,CL,7/16/2016,3/31/2017,2/21/2017,4/05/2017,220,Det,1,1,2869436
880,,Bellmore,Avenue,N. Bellmore,11710,429000,435000,Exp Cape,3,1.000,Full,1 Car Detached,4,10174.23,CL,9/09/2017,3/09/2018,10/05/2017,12/12/2017,26,Det,1,1,2969545
7,,Audrey,Avenue,Plainview,11803,460000,450000,Cape,4,3.000,"Full,Finished",,4,16040.00,CL,2/18/2017,2/18/2018,3/30/2017,6/26/2017,39,Det,1,1,2914919
1389,,Odell,Street,N. Bellmore,11710,309000,330000,Cape,2,1.000,Full,1 Car Detached,4,11218.90,CL,10/12/2017,9/26/2018,11/16/2017,7/13/2018,35,Det,1,1,2978010
16,,Edi,Avenue,Plainview,11803,489000,475000,Ranch,3,1.500,"Full,Finished",1 Car Attached,4,14065.63,CL,11/01/2016,5/31/2017,3/30/2017,6/08/2017,149,Det,1,1,2893641
36,,Gerhard,Road,Plainview,11803,499000,475000,Exp Ranch,3,2.000,"Full,Finished",,4,12394.00,CL,3/09/2018,9/30/2018,3/19/2018,6/01/2018,9,Det,1,1,3010567
257,,Manetto Hill,Road,Plainview,11803,475000,450000,Ranch,3,2.000,"Full,Finished",1 Car Attached,4,14471.61,CL,10/02/2017,4/30/2018,4/04/2018,6/26/2018,184,Det,1,1,2975250
14,,Virginia,Avenue,Plainview,11803,479000,467500,Colonial,4,3.000,Full,1 Car Detached,4,14240.00,CL,8/18/2017,5/27/2018,2/10/2018,4/16/2018,176,Det,1,1,2964530
2012,,Bellmore,Avenue,N. Merrick,11566,349000,330000,Colonial,3,1.500,Full,,4,10391.00,CL,7/16/2017,7/16/2018,8/01/2017,9/27/2017,16,Det,1,1,2955711
1942,,Waltoffer,Avenue,N. Bellmore,11710,429000,400000,Cape,3,1.000,"Full,Unfinished",2 Car Detached,4,10584.08,CL,6/28/2017,12/31/2017,9/04/2017,11/14/2017,68,Det,1,1,2950708
44,,Stephen,Drive,Plainview,11803,478000,470000,Ranch,3,1.000,"Full,Finished",1 Car Attached,4,10115.39,CL,1/30/2019,10/19/2019,2/26/2019,5/17/2019,27,Det,1,1,3097323
2640,,Magnolia,Road,N. Bellmore,11710,449000,430000,Ranch,3,1.000,"Full,Finished",1 Car Attached,4,13518.03,CL,9/20/2017,2/28/2018,12/21/2017,2/15/2018,92,Det,1,1,2972481
1730,N,Jerusalem,Road,N. Merrick,11566,429999,420000,Cape,4,2.000,"Full,Partially Finished",,4,11400.00,CL,1/25/2019,7/31/2019,5/01/2019,6/28/2019,95,Det,1,1,3096115
91,,Southern,Parkway,Plainview,11803,436000,372750,Ranch,3,2.000,"Full,Finished",1 Car Attached,4,8382.74,CL,10/06/2017,1/04/2018,12/24/2017,4/10/2018,79,Det,1,1,2976831
29,,Island,Street,Plainview,11803,474900,435000,Ranch,4,1.000,"None,Unfinished",,4,11729.45,CL,4/25/2019,1/31/2020,6/28/2019,9/09/2019,64,Det,1,1,*1344512
15,,Ontario,Avenue,Plainview,11803,479000,479000,Cape,4,2.000,"Full,Partially Finished",1 Car Attached,4,13401.81,CL,7/12/2016,1/12/2017,12/12/2016,4/05/2017,153,Det,1,1,2868311
279,,Haypath,Road,Old Bethpage,11804,400000,405000,Split Level,3,2.500,"Partial,Unfinished",1 Car Attached,4,10500.00,CL,10/04/2018,4/30/2019,11/09/2018,12/17/2018,36,Det,1,1,3070758
1467,,Sycamore,Avenue,Merrick,11566,449000,450000,Cape,3,1.000,"Full,Finished",,4,10801.00,CL,11/19/2019,2/14/2020,12/30/2019,12/30/2019,41,Det,1,1,3181622
1969,,Henry,Street,N. Bellmore,11710,439000,438000,Cape,4,1.000,"Full,Partially Finished",2 Car Detached,4,13246.63,CL,8/27/2019,2/29/2020,9/06/2019,10/31/2019,10,Det,1,1,3159269
509,,Old Bethpage,Road,Plainview,11803,399998,391000,Cape,3,1.000,"Full,Finished",1 Car Detached,4,13850.38,CL,11/04/2019,4/20/2020,12/03/2019,1/15/2020,29,Att,1,1,3177875
906,,Maplecrest,Drive,N. Bellmore,11710,459000,440000,Ranch,3,1.000,"Full,Finished",,4,9806.71,CL,3/27/2018,9/23/2018,5/07/2018,6/29/2018,41,Det,1,1,3015334
832,,Taft,Street,N. Bellmore,11710,369900,363500,Cape,3,2.000,"Full,Unfinished",,4,11301.28,CL,2/18/2019,5/18/2019,2/25/2019,5/22/2019,7,Det,1,1,3102608
1402,,Liberty,Avenue,N. Bellmore,11710,465000,450000,Split Level,4,2.000,"Partial,Partially Finished",1 Car Attached,4,17997.65,CL,11/11/2018,4/11/2019,2/19/2019,5/29/2019,100,Det,1,1,3080523
304,,Clifford,Street,N. Bellmore,11710,419000,416500,Cape,3,1.000,"Full,Finished",,4,9149.00,CL,1/30/2017,7/31/2017,2/23/2017,6/29/2017,24,Det,1,1,2909960
32,,Nassau,Avenue,Plainview,11803,489000,485000,Exp Cape,4,2.000,"Full,Partially Finished",1 Car Detached,4,10311.35,CL,8/08/2017,11/30/2017,9/13/2017,11/07/2017,36,Det,1,1,2962205
42,,Croydon,Drive,Bellmore,11710,489000,485000,Cape,4,2.000,"Full,Partially Finished",1 Car Attached,4,12294.89,CL,9/13/2019,2/28/2020,11/25/2019,1/07/2020,73,Det,1,1,3164132
25,,Wendell,Street,Plainview,11803,449000,425000,Cape,4,2.000,"None,Unfinished",,4,11007.48,CL,6/08/2017,6/08/2018,8/01/2017,8/24/2017,54,Det,1,1,2945182
11,,Wendell,Street,Plainview,11803,449000,449500,Ranch,2,1.000,"None,Unfinished",1 Car Attached,4,13505.02,CL,9/04/2019,8/17/2020,10/09/2019,1/09/2020,35,Det,1,1,3161360
123,,Manor,Street,Plainview,11803,549000,485000,Split Level,3,2.000,"Partial,Unfinished",2 Car Attached,4,19262.15,CL,1/07/2019,9/01/2019,2/13/2019,3/22/2019,37,Det,1,1,3091476
54,S,Nassau,Avenue,Plainview,11803,445000,440000,Cape,4,2.000,"Partial,Partially Finished",,4,16064.00,CL,6/12/2018,9/07/2018,7/20/2018,10/09/2018,38,Det,1,1,3038672
266,,Central Park,Road,Plainview,11803,429900,425000,Ranch,3,1.000,"Full,Partially Finished",1 Car Attached,4,13597.00,CL,9/26/2018,4/30/2019,11/09/2018,1/22/2019,44,Det,1,1,3068247
895,,Bellmore,Road,N. Bellmore,11710,389999,400000,Ranch,3,1.500,"Full,Partially Finished",1 Car Attached,4,10602.00,CL,7/10/2017,12/31/2017,8/21/2017,10/16/2017,42,Det,1,1,2953648
998,,Bellmore,,N. Bellmore,11710,459000,459000,Ranch,3,3.000,"Full,Finished",,4,13145.51,CL,4/03/2019,11/01/2019,4/11/2019,6/14/2019,8,Det,1,1,3115505
82,,Main,Parkway,Plainview,11803,469000,487000,Split Level,3,1.500,"Partial,Partially Finished",1 Car Attached,4,12378.47,CL,6/15/2018,12/31/2018,6/23/2018,9/10/2018,8,Det,1,1,3040039
44,,Forest,Drive,Plainview,11803,525000,480000,Split Level,3,2.000,"Full,Finished",1 Car Attached,4,10618.99,CL,5/10/2017,5/16/2018,6/12/2017,7/28/2017,33,Det,1,1,2936995
20,,Winifred,Drive,Merrick,11566,439000,432500,Cape,4,2.000,Full,1 Car Attached,4,14534.00,CL,3/08/2018,7/01/2018,3/09/2018,4/13/2018,1,Det,1,1,*1308893
1704,,Roberta,Lane,Merrick,11566,440000,435750,Split Level,5,3.000,Partial,1 Car Attached,4,15728.00,CL,5/29/2019,8/28/2019,7/29/2019,9/30/2019,61,Det,1,1,3133597
734,,Oakfield,Avenue,N. Bellmore,11710,384900,360000,Cape,4,2.000,"Full,Unfinished",1 Car Attached,4,13164.00,CL,11/19/2018,5/30/2019,4/12/2019,4/24/2019,143,Det,1,1,3082307
2615,,Beltagh,Avenue,N. Bellmore,11710,318240,295000,Cape,3,1.000,"Full,Unfinished",,4,11099.00,CL,8/16/2017,11/14/2017,10/24/2017,11/20/2017,69,Det,1,1,2964118
107,,Soifer,Avenue,N. Bellmore,11710,295000,332323,Cape,4,2.000,Full,2 Car Detached,4,12650.00,CL,11/08/2017,2/07/2018,12/04/2017,12/22/2017,26,Det,1,1,2984639
11,,Netto,Lane,Plainview,11803,460900,465000,Split Level,4,3.000,Full,2 Car Attached,4,17890.00,CL,9/11/2018,12/11/2018,10/02/2018,10/29/2018,21,Att,1,1,3064392
2634,,Magnolia,Road,N. Bellmore,11710,324700,325000,Cape,4,1.000,"Full,Unfinished",1 Car Detached,4,14539.00,CL,1/10/2019,7/10/2019,2/14/2019,3/08/2019,35,Det,1,1,3092082
70,,Diamond,Drive,Plainview,11803,415500,460000,Ranch,3,2.000,"Full,Unfinished",1 Car Attached,4,12276.00,CL,2/15/2017,5/15/2017,3/16/2017,4/05/2017,28,Det,1,1,2914220
882,,Grant,Place,N. Bellmore,11710,489900,465000,Colonial,3,2.000,"Full,Finished",2 Car Detached,4,12419.00,CL,3/06/2017,6/01/2017,3/28/2017,4/28/2017,21,Det,1,1,2919344
40,,Westbury,Avenue,Plainview,11803,499000,490000,Ranch,3,1.500,"Full,Finished",1 Car Attached,4,10761.00,CL,4/06/2019,10/06/2019,5/30/2019,7/24/2019,54,Det,1,1,3116605
26,,Sylvia,Lane,Plainview,11803,469000,450000,Split Level,3,1.500,Partial,1 Car Attached,4,11182.43,CL,12/16/2016,6/16/2017,2/28/2017,4/26/2017,74,Det,1,1,2902093
2,,Algiers,Street,Plainview,11803,439999,410000,Split Level,3,2.000,"Partial,Finished",,4,13397.44,CL,6/05/2017,9/05/2017,7/05/2017,7/28/2017,30,Det,1,1,2944268
220,,Oak,Street,Bellmore,11710,489998,480000,Colonial,3,2.000,"Full,Partially Finished",,4,9130.00,CL,10/03/2018,9/16/2019,11/06/2018,2/20/2019,34,Det,1,1,3070503
315,,Lorraine,Street,N. Bellmore,11710,290000,290000,Exp Cape,3,2.000,"Full,Unfinished",1 Car Detached,4,9519.07,CL,11/15/2015,5/15/2017,12/01/2016,5/30/2017,382,Det,1,1,2810938
2599,,Martin,Avenue,N. Bellmore,11710,399900,375000,Cape,4,2.000,"Full,Unfinished",1 Car Detached,4,11853.00,CL,4/12/2018,4/06/2019,11/20/2018,1/16/2019,222,Det,1,1,3020187
2499,,Howard,Road,N. Bellmore,11710,430000,430000,Split Level,3,2.000,"Full,Partially Finished",,4,15805.22,CL,6/12/2018,3/31/2019,2/21/2019,5/01/2019,254,Sd,1,1,3038923
23,,Bentley,Road,Plainview,11803,469000,460000,Ranch,3,1.000,"Full,Partially Finished",1 Car Attached,4,14401.78,CL,1/09/2019,4/09/2019,1/23/2019,2/14/2019,14,Det,1,1,3091887
1018,,Bellmore Ave,,N. Bellmore,11710,375000,365000,Colonial,3,2.000,"Full,Finished",1 Car Detached,4,7404.90,CL,7/22/2016,2/28/2017,12/05/2016,4/10/2017,136,Det,1,1,2877452
115,,Doris,Avenue,N. Bellmore,11710,415000,428000,Cape,3,1.000,"Full,Partially Finished",1 Car Detached,4,9207.69,CL,4/08/2018,10/08/2018,4/25/2018,6/26/2018,17,Det,1,1,3018511
30,,Crest E.,Road,N. Merrick,11566,475000,435000,Colonial,3,1.500,"Full,Partially Finished",,4,8092.00,CL,3/01/2018,3/01/2019,3/28/2018,5/31/2018,26,Det,1,1,3008208
2655,,Cedar,Lane,N. Bellmore,11710,429000,419000,Cape,4,2.000,"Full,Partially Finished",1 Car Attached,4,8145.00,CL,9/04/2017,8/31/2018,10/13/2017,1/12/2018,39,Det,1,1,2968511
28,,Norwood,Road,Port Washington,11050,439000,423000,Ranch,2,1.000,Partial,,4,7843.73,CL,6/02/2017,10/31/2017,8/29/2017,10/30/2017,88,Det,1,1,2943737
1118,,Olympia,Road,N. Bellmore,11710,475000,485000,Cape,4,2.000,Full,,4,13543.00,CL,2/08/2017,1/27/2018,3/06/2017,4/28/2017,26,Det,1,1,2912417
18,,Wilshire,Lane,Plainview,11803,419900,450000,Ranch,3,1.000,"Full,Finished",1 Car Attached,4,12585.36,CL,5/03/2017,11/03/2017,6/06/2017,7/20/2017,34,Det,1,1,2934977
313,,Lorraine,Street,N. Bellmore,11710,449000,460000,Cape,3,1.000,"Full,Partially Finished",,4,12388.46,CL,3/15/2019,10/15/2019,4/16/2019,6/28/2019,32,Det,1,1,3109650
540,,Park,Avenue,N. Merrick,11566,395000,380000,Ranch,2,1.000,"Full,Partially Finished",,4,9228.00,CL,6/02/2018,12/02/2018,8/23/2018,9/28/2018,82,Det,1,1,3035895
16,,Frank,Avenue,Bellmore,11710,299000,325000,Ranch,2,1.000,"Partial,Unfinished",1 Car Detached,4,10349.71,CL,4/05/2018,3/28/2019,4/27/2018,6/06/2018,22,Det,1,1,3017774
22,,Nassau,Avenue,Plainview,11803,429990,320000,Exp Cape,4,2.000,"Full,Partially Finished",,4,14617.28,CL,3/28/2017,7/28/2017,8/02/2017,8/28/2017,127,Det,1,1,2925538
85,,Diamond,Drive,Plainview,11803,449000,412500,Cape,2,1.000,"Full,Unfinished",1 Car Attached,4,9930.00,CL,8/29/2018,3/01/2019,9/21/2018,2/27/2019,23,Det,1,1,*1325319
24,,Matinecock,Avenue,Port Washington,11050,130000,132000,Houseboat,3,1.000,"None,Unfinished",,4,0.00,CL,5/15/2017,7/14/2017,6/20/2017,6/29/2017,36,Det,1,1,2938469
2535,,Norwood,Avenue,N. Bellmore,11710,449000,455000,Ranch,3,1.500,"Full,Finished",1 Car Attached,4,9287.85,CL,3/08/2017,8/30/2017,4/14/2017,6/23/2017,36,Det,1,1,2919503
2199,,Benefit,Street,N. Merrick,11566,409000,380000,Exp Cape,4,2.000,Full,1 Car Detached,4,11089.00,CL,10/11/2016,3/31/2017,11/14/2016,6/20/2017,34,Det,1,1,2889372
2215,,Hallock,Street,N. Bellmore,11710,499999,487500,Colonial,4,2.500,"Full,Finished",2 Car Detached,4,12463.91,CL,3/28/2017,3/30/2018,4/24/2017,6/13/2017,27,Det,1,1,2925359
18,,Sherman,Avenue,Plainview,11803,410000,427000,Split Ranch,3,1.500,"Partial,Finished",1 Car Attached,4,20449.00,CL,7/03/2019,10/02/2019,8/12/2019,10/21/2019,40,Det,1,1,3144279
1,,Lincoln,Gate,Plainview,11803,399900,372000,Exp Ranch,4,2.000,Full,1 Car Attached,4,12630.00,CL,12/28/2018,2/04/2019,2/04/2019,2/27/2019,38,Det,1,1,3089075
715,,Taft,Street,N. Bellmore,11710,430000,410000,Cape,4,2.000,"Full,Partially Finished",1 Car Attached,4,11777.88,CL,8/07/2017,1/10/2018,10/31/2017,4/25/2018,85,Det,1,1,2961290
634/636,,Old Country,Road,Plainview,11803,375000,375000,Colonial,5,4.000,"Full,Unfinished",1 Car Attached,4,24854.00,CL,8/14/2019,2/14/2020,9/19/2019,11/12/2019,36,Det,2,2,3155896
4,,Garnet,Lane,Plainview,11803,499000,475000,Split Level,4,2.500,"Partial,Finished",,4,16235.00,CL,1/14/2018,5/31/2018,2/02/2018,3/02/2018,19,Det,1,1,2996504
518,,Plainview,Road,Plainview,11803,399000,366500,Cape,2,1.500,"Full,Unfinished",2 Car Detached,4,13726.99,CL,11/14/2016,3/14/2017,2/21/2017,4/04/2017,99,Det,1,1,2897006
2395,,Bennett,Avenue,N. Bellmore,11710,489000,480000,Hi Ranch,3,1.500,"None,Unfinished",1 Car Attached,4,7919.00,CL,6/26/2018,12/31/2018,8/27/2018,10/30/2018,62,Det,1,1,3042965
2303,,Lincoln,Street,N. Bellmore,11710,450000,462000,Cape,3,2.000,"Partial,Partially Finished",,4,13502.00,CL,6/19/2017,5/09/2018,8/02/2017,12/01/2017,44,Det,1,1,2948337
1762,,Eyre,Place,N. Bellmore,11710,379000,365000,Bungalow,3,1.000,"Full,Unfinished",1 Car Detached,4,7302.11,CL,9/27/2018,9/01/2019,2/28/2019,5/09/2019,154,Det,1,1,3068570
1032,,Barbara,Court,N. Bellmore,11710,429000,429000,Split Level,3,2.000,"Partial,Finished",,4,7357.59,CL,5/03/2018,11/03/2018,6/14/2018,8/10/2018,42,Det,1,1,3026965
1541,,Bellmore,Road,N. Bellmore,11710,529000,490000,Exp Cape,5,2.000,"Full,Unfinished",1 Car Attached,4,11849.91,CL,9/23/2018,9/01/2019,1/04/2019,5/30/2019,103,Det,1,2,3067496
1802,,Newbridge,Road,N. Bellmore,11710,425000,425000,Cape,4,3.000,"Full,Finished",1 Car Detached,4,12453.17,CL,12/12/2018,3/15/2019,12/13/2018,12/14/2018,1,Det,1,1,3086751
2652,,Sawmill,Road,N. Bellmore,11710,469000,447000,Split Level,3,2.000,"Partial,Partially Finished",1 Car Attached,4,10663.12,CL,7/10/2017,3/10/2018,8/03/2017,9/26/2017,24,Det,1,1,2953529
1123,,Ruth,Place,N. Bellmore,11710,469000,430000,Split Level,3,2.500,"Crawl,Unfinished",,4,12730.62,CL,8/02/2018,8/02/2019,5/03/2019,5/30/2019,274,Det,1,1,*1323074
1939,,Bergen,Street,Bellmore,11710,489900,470000,Colonial,3,2.000,"Full,Finished",1 Car Detached,4,15001.97,CL,8/24/2017,2/25/2018,11/08/2017,1/17/2018,76,Det,1,1,2965944
954,,Leeds,Drive,N. Bellmore,11710,499000,475119,Cape,4,2.000,"Full,Partially Finished",1 Car Detached,4,9344.37,CL,8/21/2018,11/21/2018,9/20/2018,12/07/2018,30,Det,1,1,3058936
1634,,Dewey,Avenue,N. Bellmore,11710,429000,436300,Ranch,3,1.000,"Full,Partially Finished",1 Car Attached,4,10488.39,CL,3/21/2017,9/29/2017,4/11/2017,6/29/2017,21,Det,1,1,2922882
15,,Island,Street,Plainview,11803,345000,300000,Ranch,3,1.000,"None,Unfinished",,4,10732.31,CL,7/14/2017,10/11/2017,8/03/2017,8/24/2017,20,Det,1,1,2955118
16,,Island,Street,Plainview,11803,395000,360000,Ranch,3,2.000,"None,Unfinished",1 Car Detached,4,10003.86,CL,4/18/2017,10/16/2017,6/15/2017,8/11/2017,58,Det,1,1,2930209
3,,Knickerbocker,Road,Plainview,11803,429000,405000,Ranch,3,1.000,"Full,Finished",1 Car Detached,4,12561.50,CL,6/01/2017,11/30/2017,6/20/2017,8/17/2017,19,Det,1,1,*1286313
44,,Helen,Avenue,Plainview,11803,420000,420000,Ranch,3,1.000,"Full,Partially Finished",,4,16080.92,CL,9/01/2018,10/31/2018,9/03/2018,10/03/2018,2,Det,1,1,*1328212
46,,Sunrise,Street,Plainview,11803,430000,430000,Cape,4,2.000,"Full,Unfinished",1 Car Attached,4,8787.00,CL,3/08/2019,5/17/2019,3/08/2019,5/13/2019,0,Det,1,1,*1346694
4,E,Park,Court,Old Bethpage,11804,449900,485000,Hi Ranch,5,2.000,"None,Unfinished",1 Car Attached,4,18584.00,CL,2/19/2018,5/13/2018,3/05/2018,3/28/2018,14,Det,1,1,3005831
2388,,Henry,Street,N. Bellmore,11710,425000,430000,Ranch,3,1.000,"Full,Finished",1 Car Attached,4,12058.07,CL,3/29/2018,9/30/2018,4/13/2018,6/07/2018,15,Det,1,1,3015868
104,,Ampel,Avenue,N. Bellmore,11710,439000,442000,Ranch,2,1.500,"Full,Finished",1 Car Detached,4,10048.38,CL,4/22/2019,10/31/2019,5/15/2019,7/22/2019,23,Det,1,1,3121471
20,,Airway,Drive,Bellmore,11710,465000,460000,Exp Cape,4,3.000,"Full,Finished",,4,10895.96,CL,6/14/2018,10/15/2018,8/30/2018,11/05/2018,77,Det,1,1,3039815
2078,,Monroe,Avenue,N. Bellmore,11710,469000,465000,Split Level,3,1.000,"Full,Unfinished",1 Car Attached,4,9311.00,CL,3/30/2017,10/31/2017,4/19/2017,7/10/2017,20,Det,1,1,2925474
6,,Karen,Avenue,Plainview,11803,469000,475000,Colonial,4,2.000,"Partial,Partially Finished",1 Car Attached,4,12056.03,CL,4/17/2018,9/30/2018,6/01/2018,8/31/2018,45,Det,1,1,3021348
1349,,Whittier,Avenue,N. Merrick,11566,449000,450000,Ranch,3,1.500,"Full,Finished",1 Car Attached,4,11770.81,CL,7/20/2017,2/17/2018,8/18/2017,11/20/2017,29,Det,1,1,2956764
2687,,Martin,Avenue,Bellmore,11710,519000,480000,Split Level,3,1.500,"Full,Unfinished",,4,9990.67,CL,3/30/2019,3/30/2020,4/25/2019,7/11/2019,26,Det,1,1,3114153
2635,,Martin,Avenue,Bellmore,11710,399000,380000,Cape,3,1.000,"Full,Partially Finished",1 Car Detached,4,12621.58,CL,3/27/2019,3/27/2020,4/13/2019,6/20/2019,17,Det,1,1,3113162
211,,Leonard,Street,N. Bellmore,11710,439000,445000,Cape,3,1.000,"Full,Finished",,4,10960.30,CL,2/24/2018,2/24/2019,3/08/2018,6/08/2018,12,Det,1,1,3006980
80,,Main,Parkway,Plainview,11803,699999,400000,Split Level,3,2.500,Partial,1 Car Detached,4,19123.65,CL,11/30/2018,11/29/2019,8/13/2019,8/27/2019,255,Det,1,1,3083997
792,,Sterling,Street,N. Bellmore,11710,469000,469000,Cape,4,2.000,"Full,Finished",,4,10460.14,CL,10/18/2017,2/16/2018,11/29/2017,3/22/2018,42,Det,1,1,2979472
144,,Taft,Avenue,N. Merrick,11566,509999,485000,Ranch,3,2.000,"Full,Finished",1 Car Attached,4,11514.00,CL,5/26/2017,6/30/2018,5/31/2018,12/27/2018,370,Det,1,1,2941802
1630,,Dewey,Avenue,N. Bellmore,11710,419999,430000,Ranch,3,1.000,"Full,Partially Finished",1 Car Attached,4,12839.91,CL,2/04/2019,8/30/2019,3/11/2019,6/11/2019,34,Det,1,1,3098533
103,,Herkimer,Street,N. Bellmore,11710,389983,380000,Bungalow,2,1.500,"Full,Finished",,4,8735.00,CL,1/10/2017,7/10/2017,2/10/2017,5/22/2017,31,Det,1,1,2905959
540,,Old Country,Road,Plainview,11803,399999,375000,Ranch,3,1.000,"None,Unfinished",1 Car Detached,4,10229.00,CL,10/16/2017,3/12/2018,12/26/2017,2/02/2018,71,Det,1,1,2978902
205,,Central Park,Road,Plainview,11803,479000,485000,Ranch,3,2.000,"Full,Finished",1 Car Attached,4,8657.67,CL,4/20/2018,12/31/2018,5/21/2018,8/17/2018,31,Det,1,1,*1312984
78,W,Northern,Parkway,Plainview,11803,490000,485000,Ranch,3,1.000,"Full,Partially Finished",,4,11980.55,CL,11/01/2019,5/01/2020,12/04/2019,2/12/2020,33,Det,1,1,3177385
25,,Valley,Road,Port Washington,11050,419000,450000,Other,3,1.000,"Full,Unfinished",,4,12333.18,CL,3/20/2018,3/14/2019,4/04/2018,6/05/2018,15,Det,1,1,3014154
113,,Mckinley,Avenue,N. Bellmore,11710,459000,459000,Cape,3,2.000,"Full,Finished",,4,14195.08,CL,7/08/2019,12/31/2019,10/21/2019,11/22/2019,105,Det,1,1,3144926
1726,,Bellmore,Avenue,N. Bellmore,11710,399990,390000,Cape,4,2.000,"Full,Unfinished",1 Car Attached,4,12330.29,CL,3/27/2018,9/20/2018,4/27/2018,7/31/2018,31,Det,1,1,3015164
1045,,Olympia,Road,N. Bellmore,11710,390000,350000,Exp Ranch,3,2.000,"Full,Unfinished",,4,6908.00,CL,4/25/2017,12/31/2017,4/27/2017,7/27/2017,2,Det,1,1,2932484
2405,,Oak,Street,Bellmore,11710,419000,455000,Ranch,3,1.000,"Full,Finished",,4,10176.44,CL,5/22/2018,12/15/2018,6/08/2018,7/25/2018,17,Det,1,1,3032733
126,,Taft,Avenue,N. Merrick,11566,449999,440000,Colonial,4,2.000,"Partial,Unfinished",2 Car Attached,4,13196.00,CL,12/19/2017,6/13/2018,1/12/2018,2/14/2018,24,Att,1,1,2992177
60,,Chicago,Avenue,N. Bellmore,11710,374000,357500,Ranch,2,1.000,"Full,Partially Finished",,4,10176.80,CL,2/16/2017,8/31/2017,3/24/2017,6/30/2017,35,Det,1,1,2914243
239,,Stephen,Street,N. Bellmore,11710,439000,465000,Cape,3,1.000,"Full,Partially Finished",,4,9175.69,CL,4/18/2018,7/31/2018,5/15/2018,7/23/2018,27,Det,1,1,*1312771
2571,,Natta,Boulevard,Bellmore,11710,395000,387000,Cape,2,1.500,"Full,Unfinished",,4,8834.01,CL,11/16/2016,4/30/2017,2/13/2017,4/12/2017,89,Det,1,1,2897024
2377,,Elbert,Avenue,N. Bellmore,11710,429000,419500,Cape,3,2.000,"Full,Unfinished",1 Car Detached,4,10280.60,CL,7/11/2018,1/15/2019,8/11/2018,10/19/2018,31,Det,1,1,3047551
2513,,Camp,Avenue,N. Bellmore,11710,499000,483500,Split Level,3,2.000,"Partial,Finished",1 Car Attached,4,12074.75,CL,7/27/2017,10/27/2017,8/23/2017,10/30/2017,27,Det,1,1,2958585
103,,Laux,Place,N. Bellmore,11710,449000,463000,Colonial,3,3.000,"Full,Partially Finished",,4,12414.46,CL,2/03/2017,7/27/2017,4/18/2017,5/17/2017,73,Det,1,1,2911223
1384,,Coolidge,Street,N. Bellmore,11710,449000,440000,Cape,2,2.000,"Full,Finished",1 Car Detached,4,8674.80,CL,5/12/2017,11/15/2017,6/05/2017,7/11/2017,24,Det,1,1,2937745
1458,,Coolidge,Street,N. Bellmore,11710,425000,422000,Exp Cape,4,2.000,"None,Unfinished",1 Car Detached,4,11916.00,CL,1/12/2017,7/15/2017,2/01/2017,4/21/2017,20,Det,1,1,2906500
166,,Floral,Avenue,Plainview,11803,465000,290000,Split Level,4,1.500,"Crawl,Unfinished",,4,9428.00,CL,3/09/2017,11/20/2017,3/09/2017,6/22/2017,0,Det,1,1,2919824
1243,,Peapond,Road,N. Bellmore,11710,449000,156750,Colonial,3,1.000,"Full,Unfinished",,4,11375.00,CL,3/11/2017,3/11/2018,4/24/2017,9/27/2017,43,Det,1,1,2920657
1243,,Peapond,Road,N. Bellmore,11710,389000,355000,Colonial,3,2.000,"Full,Unfinished",,4,11375.00,CL,7/18/2018,7/18/2019,8/14/2018,9/13/2018,27,Det,1,1,3050277
259,,Manetto Hill,Road,Plainview,11803,449000,420000,Colonial,4,2.500,"Full,Partially Finished",2 Car Attached,4,10052.42,CL,11/15/2017,5/15/2018,12/07/2017,3/19/2018,22,Det,1,1,2985316
2012,,Ennabrock,Road,N. Bellmore,11710,479000,465000,Cape,4,1.000,"Full,Unfinished",,4,12483.18,CL,4/19/2018,10/19/2018,7/02/2018,8/16/2018,74,Det,1,1,3021951
2184,,Isabelle,Court,N. Bellmore,11710,399000,375000,Hi Ranch,4,2.000,"None,Unfinished",1 Car Attached,4,15616.00,CL,1/13/2017,1/12/2018,10/23/2017,1/24/2018,282,Det,1,1,2906632
1015,,Newbridge,Road,N. Bellmore,11710,459000,415000,Colonial,4,1.500,"Full,Unfinished",2 Car Detached,4,11870.50,CL,8/05/2017,12/31/2017,9/07/2017,1/22/2018,33,Det,1,1,2961035
2340,,Fowler,Street,N. Bellmore,11710,489000,470000,Hi Ranch,3,2.000,"None,Unfinished",,4,14828.62,CL,2/03/2019,8/03/2019,3/01/2019,4/23/2019,26,Det,1,1,3098265
805,,Oak,Street,Bellmore,11710,450000,450000,Colonial,3,2.000,Full,,4,13532.00,CL,3/04/2019,3/04/2020,3/21/2019,4/23/2019,16,Det,1,1,3105876
47,,Grohmans,Lane,Plainview,11803,499987,490000,Split Level,3,1.500,"Partial,Unfinished",1 Car Attached,4,9493.00,CL,12/18/2018,6/30/2019,1/02/2019,2/22/2019,15,Det,1,1,3087867
162,,Morton,Boulevard,Plainview,11803,490000,480000,Ranch,3,1.000,"Full,Partially Finished",1 Car Attached,4,13104.92,CL,5/03/2018,12/21/2018,6/22/2018,8/30/2018,50,Det,1,1,3026592
2670,,Ray,Place,N. Bellmore,11710,416000,430000,Ranch,3,2.000,Full,1 Car Attached,4,5267.79,CL,6/21/2017,12/31/2017,8/07/2017,8/30/2017,47,Det,1,1,2949057
33,,Steven,Street,Plainview,11803,488888,466000,Ranch,3,2.000,"Full,Finished",1 Car Attached,4,8087.74,CL,10/22/2018,6/01/2019,11/19/2018,2/25/2019,28,Det,1,1,3075228
37,,Surrey,Lane,Plainview,11803,495000,490000,Ranch,4,1.500,"Full,Finished",1 Car Attached,4,13888.00,CL,3/09/2019,9/09/2019,4/10/2019,6/27/2019,31,Det,1,1,3107694
7,,Rose,Street,Plainview,11803,499000,465500,Colonial,4,1.500,"Full,Unfinished",1 Car Detached,4,16338.73,CL,2/05/2019,8/01/2019,6/12/2019,10/01/2019,126,Det,1,1,3098767
1462,,Coolidge,Street,N. Bellmore,11710,479000,479000,Colonial,3,2.000,"None,Unfinished",1 Car Detached,4,10753.88,CL,3/29/2019,12/31/2019,5/20/2019,9/09/2019,52,Det,1,1,3113626
3,,John,Drive,Old Bethpage,11804,475000,490000,Split Level,3,1.500,Partial,1 Car Attached,4,14888.23,CL,10/22/2018,4/22/2019,11/06/2018,12/06/2018,15,Det,1,1,3075381
37,,Melony,Avenue,Plainview,11803,415000,435000,Ranch,3,2.000,"Full,Finished",1 Car Attached,4,12630.40,CL,4/14/2017,1/01/2018,5/02/2017,8/16/2017,18,Det,1,1,2929249
1036,,Old Britton,Road,N. Bellmore,11710,459000,460000,Ranch,2,2.000,Full,,4,11556.00,CL,7/15/2017,4/15/2018,8/18/2017,10/23/2017,34,Det,1,1,2955440
1422,,Coolidge,Street,N. Bellmore,11710,429999,430000,Exp Cape,3,2.000,"None,Unfinished",1 Car Detached,4,11466.78,CL,12/05/2016,11/23/2017,3/08/2017,5/10/2017,93,Det,1,1,2900223
2481,,Natta,Boulevard,Bellmore,11710,464999,464999,Exp Cape,3,1.500,"Full,Finished",1 Car Detached,4,10042.24,CL,5/30/2019,11/17/2019,8/26/2019,10/30/2019,88,Det,1,1,3133324
205,,Oswego,Street,N. Bellmore,11710,449000,463000,Colonial,3,2.000,"Full,Partially Finished",1 Car Detached,4,13947.00,CL,4/25/2017,10/13/2017,6/26/2017,10/02/2017,62,Det,1,1,2939155
1409,,Powell,Avenue,Merrick,11566,499000,489000,Cape,4,2.000,"Full,Finished",1 Car Attached,4,12064.36,CL,4/02/2019,11/30/2019,10/18/2019,11/08/2019,199,Det,1,1,3166019
1800,,Newbridge,Road,N. Bellmore,11710,324900,302500,Colonial,2,2.000,"Partial,Unfinished",,4,7520.00,CL,7/11/2019,1/03/2020,11/19/2019,12/31/2019,131,Det,1,1,3146354
1438,,Harding,Street,N. Bellmore,11710,419900,404500,Colonial,3,2.000,"None,Unfinished",1 Car Detached,4,13150.00,CL,4/04/2017,7/31/2017,5/16/2017,7/14/2017,42,Det,1,1,2926729
1,,Catherine,Place,N. Bellmore,11710,359900,360000,Exp Cape,5,2.000,"Full,Unfinished",,4,8216.00,CL,10/16/2017,1/14/2018,11/06/2017,12/15/2017,21,Det,1,1,2978895
1314,,Bellmore,Avenue,N. Bellmore,11710,449900,435000,Duplex,4,2.000,"Full,Partially Finished",,4,15554.00,CL,12/10/2019,3/09/2020,1/13/2020,2/21/2020,34,Det,2,2,3185639
1668,,Little Neck,Avenue,N. Bellmore,11710,349400,328000,Exp Cape,4,3.000,"Full,Finished",1 Car Detached,4,15279.08,CL,11/20/2019,3/13/2020,1/10/2020,2/24/2020,51,Det,1,1,3182035
35,,Surrey,Lane,Plainview,11803,479000,490000,Ranch,2,1.000,"Full,Finished",1 Car Attached,4,13527.00,CL,5/14/2018,11/14/2018,5/23/2018,8/02/2018,9,Det,1,1,*1315512
31,,Hope,Drive,Plainview,11803,479000,475000,Ranch,3,1.000,"Full,Finished",1 Car Attached,4,9173.00,CL,7/17/2019,1/11/2020,8/06/2019,9/20/2019,20,Det,1,1,3147912
2246,,Van Nostrand,Avenue,N. Merrick,11566,442900,450000,Exp Ranch,3,2.000,"Full,Partially Finished",,4,12695.00,CL,12/24/2018,3/24/2019,1/10/2019,2/20/2019,17,Det,1,1,3088800
2022,,Charles,Street,Bellmore,11710,299500,355000,Exp Cape,4,1.000,"Full,Partially Finished",,4,13126.76,CL,6/21/2017,3/16/2018,7/17/2017,3/08/2018,26,Det,1,1,2949177
11,,Pal,Street,Plainview,11803,459900,436000,Hi Ranch,3,2.000,"None,Unfinished",2 Car Attached,4,18421.00,CL,9/19/2017,1/19/2018,12/19/2017,1/19/2018,91,Det,1,1,2972663
140,,Manor,Street,Plainview,11803,448960,452000,Split Level,3,2.500,"Partial,Unfinished",1 Car Attached,4,19861.30,CL,12/02/2019,3/01/2020,12/30/2019,1/30/2020,28,Det,1,1,3184056
2458,,Martin,Avenue,Bellmore,11710,455000,452000,Cape,4,2.000,"Full,Finished",,4,9724.55,CL,1/11/2018,1/10/2019,2/16/2018,5/18/2018,36,Det,1,1,*1303775
32,,Hope Drive,,Plainview,11803,438999,427000,Ranch,3,2.000,"Full,Finished",,4,15277.00,CL,7/08/2016,1/31/2018,4/14/2017,7/05/2017,280,Det,1,1,2867401
14,,Janet,Drive,Plainview,11803,469999,475000,Ranch,2,2.000,"Full,Finished",1 Car Attached,4,10991.21,CL,2/05/2018,12/31/2018,6/25/2018,9/22/2018,139,Att,1,1,3002037
53,,Audrey,Avenue,Plainview,11803,459000,440000,Cape,4,1.000,"Full,Partially Finished",,4,12771.93,CL,8/24/2017,12/27/2017,12/28/2017,2/27/2018,126,Det,1,1,2965875
30,,Relda,Street,Plainview,11803,438000,420000,Ranch,3,1.500,"Full,Finished",,4,13859.00,CL,1/25/2017,4/25/2017,2/15/2017,5/31/2017,21,Det,1,1,2909130
816,,Willard,Street,N. Bellmore,11710,419000,415000,Exp Cape,5,2.000,"Full,Unfinished",,4,14891.00,CL,1/14/2017,7/15/2017,2/10/2017,5/01/2017,27,Att,1,1,2906974
25,,Vernon,Street,Plainview,11803,405000,392500,Ranch,3,1.000,"None,Unfinished",1 Car Detached,4,10416.27,CL,11/08/2017,5/31/2018,1/12/2018,3/20/2018,65,Det,1,1,2984485
6,,Spector,Lane,Plainview,11803,450000,375000,Split Level,4,2.000,"Full,Finished",,4,16176.68,CL,6/01/2016,6/01/2017,8/28/2016,8/28/2017,88,Att,1,1,2857392
2390,,Elbert,Avenue,N. Bellmore,11710,480000,480000,Cape,3,2.000,"Full,Finished",1 Car Detached,4,11235.61,CL,7/26/2019,7/30/2019,7/26/2019,7/26/2019,0,Det,1,1,*1353527
245,,Haypath,Road,Old Bethpage,11804,429000,382000,Ranch,2,1.000,"Full,Partially Finished",1 Car Attached,4,7825.00,CL,8/22/2019,11/30/2019,9/16/2019,10/08/2019,25,Det,1,1,3158284
6,,Algiers,Street,Plainview,11803,499000,470000,Cape,4,2.000,"Full,Partially Finished",,4,10990.67,CL,2/16/2018,8/17/2018,3/27/2018,6/05/2018,38,Det,1,1,3004846
961,,Rector,Street,N. Bellmore,11710,489000,460000,Cape,4,2.000,"Full,Partially Finished",,4,10475.00,CL,1/10/2018,7/31/2018,3/23/2018,6/18/2018,71,Det,1,1,2995660
1198,,Harrison,Street,N. Bellmore,11710,499000,480000,Split Level,4,2.000,"Full,Finished",1 Car Attached,4,16019.00,CL,7/22/2019,11/30/2019,11/27/2019,1/29/2020,128,Det,1,1,3149309
2408,,Logue,Street,N. Bellmore,11710,424000,410500,Hi Ranch,4,3.000,"None,Unfinished",1 Car Attached,4,14008.00,CL,3/21/2018,3/15/2019,5/10/2018,9/12/2018,50,Det,1,1,3013857
8,,Bernard,Street,Port Washington,11050,469900,446500,Split Level,3,2.000,"None,Unfinished",,4,13330.00,CL,6/14/2019,11/27/2019,9/30/2019,11/07/2019,108,Det,1,1,3140175
982,,Olympia,Road,N. Bellmore,11710,406600,375000,Colonial,4,3.000,Full,1 Car Attached,4,18066.00,CL,8/03/2019,12/31/2019,11/25/2019,1/14/2020,114,Det,1,1,3153030
91,,Westbury,Avenue,Plainview,11803,424000,386840,Split Level,4,2.500,"Partial,Unfinished",1 Car Attached,4,17963.00,CL,12/10/2018,12/05/2019,12/20/2018,2/25/2019,10,Det,1,1,3086149
210,,Haypath,Road,Old Bethpage,11804,450000,432000,2 Story,5,2.500,Full,,4,20500.00,CL,3/20/2019,7/31/2019,4/07/2019,6/06/2019,18,Det,1,1,3110796
24,,Matinecock Avenu,,Port Washington,11050,130000,130000,Houseboat,4,1.000,"Full,Finished",,4,0.00,CL,10/28/2019,12/31/2019,10/28/2019,12/06/2019,0,Det,1,1,*1361074
1,,Sagamore Hill,Drive,Port Washington,11050,159000,150000,Other,3,1.500,"None,Unfinished",,4,0.00,CL,6/01/2019,10/30/2019,10/28/2019,11/10/2019,149,Det,1,1,3134147
696,,Hoover,Street,N. Bellmore,11710,389000,378000,Cape,3,1.000,"Full,Unfinished",,4,8592.02,CL,6/24/2019,11/30/2019,7/17/2019,9/20/2019,23,Det,1,1,3141193
9,,Charles,Avenue,Port Washington,11050,399000,395000,Colonial,4,1.000,"None,Unfinished",,4,12528.83,CL,5/07/2018,12/31/2019,3/23/2019,5/24/2019,320,Det,1,1,3027675
8,,Carey,Place,Port Washington,11050,389000,372500,Colonial,5,2.000,Partial,,4,11200.00,CL,5/24/2018,12/31/2019,5/24/2019,7/22/2019,365,Det,1,1,3033402
845,,Midwood,Drive,N. Bellmore,11710,449000,450000,Ranch,3,2.000,"Full,Finished",1 Car Attached,4,11248.78,CL,1/06/2017,7/06/2017,2/06/2017,4/13/2017,31,Det,1,1,*1272716
860,,Gina,Court,N. Bellmore,11710,419000,450000,Split Level,4,1.500,"Partial,Partially Finished",1 Car Attached,4,8005.65,CL,4/19/2019,11/01/2019,5/06/2019,7/09/2019,17,Det,1,1,3120814
42,,Ashwood,Road,Port Washington,11050,499000,455000,Colonial,4,2.000,"Full,Finished",1 Car Detached,4,9018.93,CL,4/04/2017,4/04/2018,5/08/2017,11/28/2017,34,Det,1,1,2926745
2431,,Cliff,Lane,N. Bellmore,11710,499000,364000,Split Level,3,1.500,"Partial,Partially Finished",,4,14544.00,CL,11/03/2017,12/31/2019,1/09/2019,1/30/2019,432,Det,1,1,2983928
507,,Oak,Street,Bellmore,11710,449000,420000,Cape,4,2.000,"Full,Partially Finished",1 Car Detached,4,12671.00,CL,3/08/2019,3/08/2020,4/19/2019,5/31/2019,41,Det,1,1,3107556
2480,,Hull,Avenue,N. Bellmore,11710,395000,370000,Exp Cape,3,1.000,"None,Unfinished",1 Car Detached,4,10866.00,CL,12/04/2017,12/04/2018,2/15/2018,5/17/2018,73,Det,1,1,2989305
1221,,Park Ave,,Merrick,11566,405000,425000,Ranch,2,1.500,"Full,Partially Finished",,4,9992.35,CL,4/01/2018,10/01/2018,4/26/2018,8/10/2018,25,Det,1,1,3016458
27,,Vernon,Street,Plainview,11803,460000,420000,Ranch,3,1.000,"None,Unfinished",1 Car Detached,4,8319.49,CL,5/24/2018,8/30/2018,6/08/2018,8/16/2018,15,Det,1,1,3033431
105,,Goldie,Avenue,N. Bellmore,11710,398000,418180,Cape,4,1.500,"Full,Unfinished",,4,8116.00,CL,10/11/2017,4/10/2018,10/31/2017,12/28/2017,20,Det,1,1,2977549
39,,Wendell,Street,Plainview,11803,499000,485000,Ranch,3,1.000,"Full,Finished",,4,13126.00,CL,2/16/2017,8/16/2017,3/17/2017,4/12/2017,28,Det,1,1,2914472
205,,Oswego,Street,N. Bellmore,11710,489000,465000,Colonial,3,2.000,"Full,Partially Finished",2 Car Detached,4,11851.92,CL,3/04/2019,3/04/2020,8/14/2019,10/16/2019,162,Det,1,1,3106220
812,,Bellmore,Road,Bellmore,11710,455000,445000,Colonial,3,1.500,"Full,Finished",1 Car Attached,4,12966.19,CL,7/31/2017,6/30/2018,2/22/2018,4/13/2018,206,Det,1,1,2960416
13,,Charlotte,Place,Plainview,11803,425000,470000,Colonial,5,2.000,"Full,Finished",,4,19936.00,CL,4/24/2018,4/30/2019,5/11/2018,11/07/2018,17,Det,1,1,3024074
976,,Newbridge,Road,N. Bellmore,11710,450000,425000,Cape,2,2.000,"Full,Finished",1 Car Attached,4,10499.97,CL,4/12/2018,4/12/2019,4/30/2018,6/11/2018,18,Det,1,1,3019809
2221,,Jeffrey,Drive,N. Bellmore,11710,489999,475000,Ranch,4,2.000,"Full,Finished",Attached,4,15288.21,CL,7/17/2019,12/31/2019,11/12/2019,1/06/2020,118,Det,1,1,3147925
803,,Oak,Street,Bellmore,11710,379000,360000,Exp Cape,3,1.000,"Full,Unfinished",1 Car Detached,4,10621.32,CL,8/22/2018,12/31/2018,10/03/2018,1/04/2019,42,Det,1,1,3059199
14,,Thoreau,Avenue,Bellmore,11710,375000,380000,Cape,2,1.000,"Full,Finished",,4,7623.00,CL,3/31/2018,9/02/2018,5/08/2018,7/03/2018,38,Det,1,1,3016378
2148,,Isabelle Ct,,N. Bellmore,11710,480000,482500,Split Level,3,1.500,"Full,Finished",1 Car Attached,4,10897.90,CL,8/02/2018,10/01/2018,8/24/2018,10/22/2018,22,Det,1,1,3053783
1350,,Bellmore,Avenue,N. Bellmore,11710,431000,380100,2 Story,3,2.500,Full,,4,15933.00,CL,1/27/2019,4/24/2019,2/07/2019,4/12/2019,11,Det,1,1,3096443
22,,Kalda Lane,,Plainview,11803,469000,435000,Ranch,3,2.000,"Full,Finished",1 Car Attached,4,16747.67,CL,10/30/2019,11/30/2020,11/06/2019,1/10/2020,7,Det,1,1,*1361362
1201,,Round Swamp,Road,Old Bethpage,11804,399000,395000,2 Story,4,2.000,"Full,Unfinished",,4,11363.20,CL,9/10/2018,3/31/2020,11/01/2019,2/27/2020,417,Det,1,2,3063814
2727,,Orchard,Street,N. Bellmore,11710,429000,410000,Colonial,3,1.500,"Full,Unfinished",,4,11242.62,CL,11/13/2017,2/13/2018,11/30/2017,1/17/2018,17,Det,1,1,2985518
104,,Laux,Place,N. Bellmore,11710,459000,459000,Cape,4,2.000,"Full,Finished",1 Car Detached,4,12797.63,CL,2/24/2017,8/24/2017,3/17/2017,6/01/2017,20,Det,1,1,*1280023
8,,Vera,Avenue,Plainview,11803,429777,412000,Ranch,3,1.000,"Full,Partially Finished",1 Car Attached,4,15000.00,CL,5/15/2017,11/30/2017,5/22/2017,7/11/2017,7,Det,1,1,*1284800
17,,Elmwood,Court,Plainview,11803,449000,470000,Split Level,4,2.500,"Partial,Unfinished",1 Car Attached,4,16821.26,CL,5/22/2017,10/30/2017,5/27/2017,10/12/2017,5,Det,1,1,*1285332
9,,Forest,Drive,Plainview,11803,449000,436000,Split Level,3,2.000,"Partial,Unfinished",2 Car Attached,4,15781.38,CL,5/31/2017,12/31/2017,6/05/2017,7/13/2017,5,Det,1,1,*1286414
220,,Central Park,Road,Plainview,11803,475000,481000,Exp Ranch,3,2.000,"Full,Finished",,4,12124.42,CL,7/18/2017,7/19/2018,7/27/2017,9/28/2017,9,Det,1,1,*1290805
24,,Edison,Drive,Plainview,11803,429000,460000,Ranch,3,1.000,"Full,Finished",1 Car Attached,4,10188.58,CL,9/24/2017,3/24/2018,11/16/2017,1/24/2018,53,Det,1,1,*1296401
7,,Gunther,Place,Bellmore,11710,399990,402500,Cape,2,2.000,"Full,Finished",1 Car Attached,4,12019.25,CL,3/04/2018,9/04/2018,4/08/2018,7/10/2018,34,Det,1,1,*1308604
1188,,Albert,Road,N. Bellmore,11710,442000,452000,Cape,4,2.000,"Full,Unfinished",1 Car Attached,4,14862.62,CL,3/15/2018,11/16/2018,4/13/2018,6/07/2018,29,Det,1,1,*1309814
171,,Morton,Boulevard,Plainview,11803,469000,460000,Exp Ranch,3,2.000,"Full,Partially Finished",,4,14773.71,CL,4/02/2018,9/30/2018,5/01/2018,7/24/2018,29,Det,1,1,*1311028
2301,,Fowler,Street,N. Bellmore,11710,469999,470000,Ranch,3,2.000,Full,1 Car Attached,4,13483.27,CL,11/02/2018,10/30/2019,12/07/2018,3/21/2019,35,Det,1,1,*1330510
28,,Cedar Drive East,,Plainview,11803,488888,488000,Exp Cape,4,2.000,"Full,Unfinished",1 Car Attached,4,16767.65,CL,11/26/2018,5/26/2019,1/02/2019,2/06/2019,37,Det,1,1,*1331929
2,,Lillian,Lane,Plainview,11803,480000,450000,Ranch,3,1.500,"Full,Finished",,4,11721.42,CL,2/04/2019,6/01/2019,3/08/2019,5/24/2019,32,Det,1,1,*1336430
19,,Lois,Lane,Old Bethpage,11804,479000,455000,Hi Ranch,4,2.000,"None,Unfinished",2 Car Attached,4,16298.00,CL,1/18/2016,2/01/2017,1/13/2017,3/27/2017,361,Det,1,1,2822389
59,,Joyce,Road,Plainview,11803,449000,440000,Split Level,3,2.500,"Partial,Finished",1 Car Attached,4,16954.27,CL,5/02/2016,5/02/2017,9/02/2016,4/11/2017,123,Det,1,1,2849021
16,,Simpson,Drive,Old Bethpage,11804,505000,485000,Split Level,3,1.500,Partial,1 Car Attached,4,15863.64,CL,10/12/2016,4/06/2017,2/16/2017,4/20/2017,127,Det,1,1,2889615
42,,Mahan,Road,Old Bethpage,11804,399990,410000,Exp Cape,5,2.500,"Full,Partially Finished",1 Car Attached,4,14713.02,CL,12/05/2016,6/30/2017,1/04/2017,3/30/2017,30,Det,1,1,2900224
608,,Oak,Street,Bellmore,11710,299000,315000,Cape,3,1.500,Full,,4,10362.00,CL,12/22/2016,9/16/2017,12/30/2016,5/30/2017,8,Det,1,1,2902960
696,,Vernon,Avenue,N. Bellmore,11710,389000,375000,Ranch,3,1.000,"Full,Finished",1 Car Detached,4,11084.00,CL,12/28/2016,6/30/2017,1/18/2017,4/13/2017,21,Det,1,1,2903409
33,,Manetto,Drive,Plainview,11803,489777,480000,Exp Ranch,4,2.000,Full,1 Car Attached,4,9079.00,CL,12/28/2016,12/28/2017,6/06/2017,7/28/2017,159,Det,1,1,2903490
217,E,Camp,Avenue,Merrick,11566,499000,475000,Exp Cape,4,2.000,"Full,Partially Finished",1 Car Attached,4,11144.86,CL,1/11/2017,7/11/2017,1/31/2017,4/14/2017,20,Det,1,1,2906096
6,,Airway,Drive,Bellmore,11710,359000,366000,Cape,3,1.000,"Full,Unfinished",,4,9913.92,CL,1/13/2017,4/30/2017,1/20/2017,5/15/2017,7,Det,1,1,2906608
5,,Miriam,Lane,Plainview,11803,439000,445000,Split Level,4,2.000,"Partial,Partially Finished",,4,17288.00,CL,1/21/2017,7/21/2017,2/08/2017,4/11/2017,18,Det,1,1,2908240
103,,Ampel,Avenue,N. Bellmore,11710,379500,367500,Exp Ranch,3,1.000,"Full,Unfinished",,4,10926.00,CL,2/07/2017,7/31/2017,3/24/2017,5/03/2017,44,Det,1,1,2912166
3,,Sunrise,Street,Plainview,11803,399990,350000,Ranch,3,1.000,"None,Unfinished",,4,13403.23,CL,2/06/2017,8/06/2017,4/03/2017,7/19/2017,55,Det,1,1,2912268
419,,Oak,Street,Bellmore,11710,364000,350000,Colonial,3,1.000,"Full,Finished",2 Car Detached,4,12044.27,CL,2/10/2017,9/15/2017,3/03/2017,4/13/2017,21,Det,1,1,2912841
40,,Sunrise,Street,Plainview,11803,459000,451500,Ranch,4,1.000,"None,Unfinished",,4,12868.00,CL,2/22/2017,8/31/2017,3/06/2017,5/26/2017,12,Det,1,1,2915720
2646,,Magnolia,Road,N. Bellmore,11710,379999,380000,Cape,4,1.000,"Full,Finished",1 Car Detached,4,7946.02,CL,2/28/2017,9/21/2017,3/15/2017,6/20/2017,14,Det,1,1,2917047
2061,,Hendricks,Avenue,Bellmore,11710,445000,422500,Colonial,3,2.000,"None,Unfinished",,4,11922.00,CL,2/28/2017,12/30/2017,4/04/2017,6/05/2017,34,Det,1,1,2917101
287,,Manetto Hill,Road,Plainview,11803,488888,475000,Exp Ranch,3,2.000,"Full,Finished",2 Car Detached,4,9891.00,CL,3/06/2017,11/15/2018,4/28/2017,8/23/2017,52,Det,1,1,2919024
2405,,Elbert,Avenue,N. Bellmore,11710,439000,437000,Ranch,3,2.000,"Full,Finished",1 Car Detached,4,11893.00,CL,3/07/2017,8/26/2017,3/28/2017,7/10/2017,20,Det,1,1,2919214
1871,,New York,Avenue,N. Bellmore,11710,435000,435000,Ranch,3,2.000,"Full,Finished",1 Car Attached,4,9783.37,CL,3/07/2017,9/08/2017,4/11/2017,7/11/2017,34,Det,1,1,2919494
3,,Clearwater,Drive,Plainview,11803,469000,469000,Cape,4,1.000,"Full,Partially Finished",1 Car Attached,4,11683.71,CL,3/16/2017,12/13/2017,3/28/2017,6/26/2017,12,Det,1,1,2921722
2432,,Camp,Avenue,Bellmore,11710,435000,435000,Exp Cape,4,2.000,"Full,Partially Finished",2 Car Detached,4,12730.35,CL,3/17/2017,9/17/2017,5/18/2017,8/18/2017,62,Det,1,1,2921853
12,,Ontario,Avenue,Plainview,11803,499000,485000,Cape,4,2.000,"Full,Unfinished",,4,9798.00,CL,3/27/2017,3/27/2018,7/20/2017,10/04/2017,115,Det,1,1,2924256
965,E,Meadow,Avenue,N. Bellmore,11710,439000,439000,Ranch,3,1.500,"Full,Finished",1 Car Attached,4,9158.43,CL,4/04/2017,10/30/2017,4/14/2017,5/19/2017,10,Det,1,1,2926592
2375,,Wallen,Lane,N. Bellmore,11710,489000,490000,Colonial,3,2.000,"Full,Finished",1 Car Attached,4,11755.00,CL,4/09/2017,10/09/2017,5/03/2017,6/16/2017,24,Det,1,1,2927989
176,,Radcliffe,Road,Plainview,11803,580000,446250,Hi Ranch,3,2.000,Full,,4,14826.00,CL,4/10/2017,7/10/2017,4/27/2017,5/26/2017,17,Det,1,1,2928207
30,,Sheridan,Street,Old Bethpage,11804,459000,463000,Ranch,3,1.000,"Full,Finished",1 Car Attached,4,11088.45,CL,4/24/2017,9/30/2017,5/15/2017,6/16/2017,21,Det,1,1,2931944
2300,,Lafayette,Street,N. Bellmore,11710,379999,379999,Ranch,3,1.000,"Full,Unfinished",1 Car Detached,4,11556.18,CL,4/30/2017,4/08/2018,6/05/2017,8/30/2017,36,Det,1,1,2933701
8,,Chicago,Avenue,N. Bellmore,11710,392000,360000,Cape,4,3.000,"Full,Finished",1 Car Detached,4,11961.00,CL,5/01/2017,8/27/2017,7/07/2017,9/15/2017,67,Det,1,1,2934118
152,,Sutton,Drive,Plainview,11803,459888,473000,Ranch,3,2.000,"Full,Finished",1 Car Attached,4,13597.00,CL,5/07/2017,12/31/2017,6/05/2017,7/26/2017,29,Det,1,1,2935965
1031,,Adrienne,Drive,N. Bellmore,11710,439000,481000,Split Level,4,2.500,"Crawl,Unfinished",1 Car Attached,4,9831.17,CL,5/08/2017,10/17/2017,5/17/2017,7/10/2017,9,Det,1,1,2936307
2725,,Wallace,Avenue,N. Bellmore,11710,465000,465000,Colonial,3,2.000,"Full,Finished",,4,10728.54,CL,5/10/2017,10/01/2017,5/26/2017,8/29/2017,16,Det,1,1,2936980
25,,Stauber,Drive,Plainview,11803,560000,481000,Split Level,4,2.500,"Full,Finished",,4,18745.38,CL,5/10/2017,4/06/2018,10/25/2017,1/25/2018,168,Det,1,1,2937118
776,,Taft,Street,N. Bellmore,11710,419999,425000,Cape,4,2.000,"Full,Finished",2 Car Detached,4,13666.19,CL,5/11/2017,5/10/2018,6/23/2017,8/01/2017,43,Det,1,1,2937430
1164,,Port Washington,Boulevard,Port Washington,11050,519000,490000,Colonial,4,2.000,"Full,Unfinished",,4,8761.00,CL,5/17/2017,5/16/2018,12/06/2017,8/02/2018,203,Sd,1,1,2939455
23,,Cynthia,Lane,Plainview,11803,465000,457500,Ranch,3,3.000,"Full,Partially Finished",1 Car Attached,4,14604.00,CL,5/18/2017,10/18/2017,6/01/2017,7/18/2017,14,Det,1,1,2939639
2522,,Lincoln,Boulevard,N. Bellmore,11710,399000,389500,Ranch,2,2.000,"Full,Finished",1 Car Attached,4,10148.70,CL,5/22/2017,12/31/2017,6/19/2017,9/14/2017,28,Det,1,1,2940662
25,,Linwood South,Road,Port Washington,11050,459000,417500,Ranch,2,2.000,Partial,,4,5335.00,CL,5/23/2017,3/01/2018,12/12/2017,2/15/2018,203,Det,1,1,2940972
6,,Grohmans,Lane,Plainview,11803,468000,465000,Ranch,3,1.500,"Full,Finished",1 Car Attached,4,9226.87,CL,5/30/2017,9/30/2017,8/28/2017,10/03/2017,90,Det,1,1,2942480
3,,Algiers,Street,Plainview,11803,449000,420000,Split Level,4,2.000,"Partial,Finished",1 Car Attached,4,13100.00,CL,6/05/2017,9/22/2018,5/29/2018,7/17/2018,358,Det,1,1,2944557
2836,E,Alder,Road,Bellmore,11710,429000,400000,Colonial,3,1.000,"Crawl,Unfinished",,4,11231.83,CL,6/06/2017,1/06/2018,7/10/2017,9/05/2017,34,Det,1,1,2944719
27,,Kirkwood,Road,Port Washington,11050,199990,300000,Cape,3,1.000,"Partial,Unfinished",1 Car Attached,4,8774.83,CL,6/13/2017,4/30/2018,1/01/2018,7/24/2018,204,Det,1,1,2946446
6,,Bank Street,,Port Washington,11050,429000,330000,Colonial,2,1.000,"Full,Unfinished",,4,10169.88,CL,6/20/2017,12/31/2017,8/14/2017,9/06/2017,55,Det,1,1,2948729
1339,N,Pierce,Avenue,N. Bellmore,11710,479999,470000,Cape,4,2.000,"Full,Partially Finished",,4,7521.18,CL,6/27/2017,9/29/2017,7/19/2017,9/08/2017,22,Det,1,1,2950405
4,,Relda,Street,Plainview,11803,399000,417500,Ranch,2,1.000,"Full,Finished",1 Car Attached,4,13435.00,CL,6/29/2017,12/31/2017,7/18/2017,9/18/2017,19,Det,1,1,2951059
2,S,Knickerbocker,Road,Plainview,11803,489000,489000,Exp Ranch,4,3.000,"Full,Finished",,4,12014.00,CL,7/09/2017,10/31/2017,7/20/2017,8/24/2017,11,Det,1,1,2953443
82,,Victor,Street,Plainview,11803,499900,432000,Ranch,3,2.000,"Full,Finished",1 Car Attached,4,10942.71,CL,7/17/2017,1/30/2018,8/01/2017,10/12/2017,15,Det,1,1,2955745
718,,Willard,Street,N. Bellmore,11710,469000,455000,Cape,4,2.000,"Full,Finished",1 Car Detached,4,9747.00,CL,7/17/2017,1/18/2018,9/22/2017,11/27/2017,67,Det,1,1,2955975
1655,,Park,Avenue,N. Merrick,11566,479000,465000,Colonial,3,2.000,Full,,4,12060.00,CL,7/19/2017,7/18/2018,4/24/2018,7/11/2018,279,Det,1,1,2956973
25,,Sunnyside,Boulevard,Plainview,11803,489000,435000,Ranch,3,2.000,"Full,Finished",,4,10457.00,CL,7/24/2017,1/18/2018,8/23/2017,10/11/2017,30,Det,1,1,2957690
1148,,Bellmore,Road,Bellmore,11710,489999,489999,Exp Cape,4,2.500,"Full,Unfinished",1 Car Attached,4,17253.00,CL,7/25/2017,1/30/2018,9/20/2017,11/07/2017,57,Det,1,1,2958108
4,,Holly,Lane,Plainview,11803,499000,455500,Split Level,3,2.500,"Full,Unfinished",1 Car Attached,4,17142.00,CL,8/03/2017,11/30/2017,11/10/2017,1/05/2018,99,Det,1,1,2960695
7,,David,Place,N. Bellmore,11710,375000,370000,Cape,4,1.000,"Full,Finished",,4,10820.50,CL,8/05/2017,5/05/2018,10/10/2017,12/01/2017,66,Det,1,1,2961135
2467,,Washington,Boulevard,N. Bellmore,11710,394000,390000,Colonial,4,2.000,"Full,Unfinished",1 Car Detached,4,10345.39,CL,8/07/2017,12/31/2017,9/18/2017,11/28/2017,42,Det,1,1,2961508
205,,King,Street,N. Bellmore,11710,399000,390000,Exp Cape,4,2.000,"Full,Unfinished",1 Car Detached,4,14222.99,CL,8/09/2017,6/30/2018,9/24/2017,11/17/2017,46,Det,1,1,2962214
105,,Ralph,Avenue,N. Bellmore,11710,349000,355000,Cape,4,1.000,"Full,Unfinished",,4,11004.43,CL,8/21/2017,2/28/2018,9/08/2017,11/02/2017,18,Det,1,1,2964830
10,,Kroll,Street,Plainview,11803,449777,423000,Ranch,3,2.000,Full,,4,11000.00,CL,8/30/2017,12/30/2017,12/20/2017,2/08/2018,112,Det,1,1,2966994
6,,Miriam,Lane,Plainview,11803,469000,475000,Ranch,3,2.000,"Full,Finished",1 Car Attached,4,15507.00,CL,8/30/2017,3/01/2018,9/15/2017,11/29/2017,16,Det,1,1,2967024
9,,Forest,Drive,Plainview,11803,515000,480000,Split Level,3,2.000,"Full,Unfinished",2 Car Attached,4,15781.38,CL,9/20/2017,9/15/2018,10/11/2017,10/26/2017,21,Det,1,1,2972647
1414,,Liberty,Avenue,N. Bellmore,11710,519000,475000,Split Level,4,1.500,"Full,Finished",1 Car Attached,4,14928.01,CL,10/02/2017,9/30/2018,4/17/2018,6/08/2018,197,Det,1,1,2976038
11,,Jeremy,Avenue,Plainview,11803,499980,475000,Colonial,4,2.500,"Full,Finished",1 Car Attached,4,13725.00,CL,10/04/2017,1/31/2018,11/09/2017,12/15/2017,36,Det,1,1,2976656
54,,Southern,Parkway,Plainview,11803,415000,415000,Split Level,4,2.000,Full,,4,12958.60,CL,10/17/2017,1/17/2018,10/31/2017,12/01/2017,14,Det,1,1,2979636
24,,Edison,Drive,Plainview,11803,429000,460000,Ranch,3,1.000,"Full,Finished",1 Car Attached,4,10188.58,CL,10/19/2017,3/24/2018,11/16/2017,1/25/2018,28,Det,1,1,2979675
1327,,Bellmore,Avenue,Bellmore,11710,485000,470000,Hi Ranch,4,2.000,"None,Unfinished",2 Car Attached,4,9605.00,CL,10/19/2017,4/18/2018,11/09/2017,12/18/2017,21,Det,1,1,2979878
122,,Linwood,Avenue,N. Bellmore,11710,450000,450000,Colonial,3,2.000,Partial,,4,10482.00,CL,10/30/2017,4/26/2018,11/14/2017,1/02/2018,15,Det,1,1,2982080
603,,Clemons,Street,Bellmore,11710,449000,440000,Colonial,3,2.000,"Full,Unfinished",,4,12974.28,CL,11/09/2017,5/15/2018,12/01/2017,3/16/2018,22,Det,1,1,2984575
2737,,Beltagh,Avenue,N. Bellmore,11710,379000,330000,Bungalow,2,1.000,Full,1 Car Detached,4,8000.00,CL,11/12/2017,5/01/2018,12/27/2017,2/27/2018,45,Det,1,1,2985173
120,,Linwood,Avenue,Bellmore,11710,379000,400000,Cape,3,1.000,"Partial,Partially Finished",2 Car Detached,4,10590.61,CL,11/18/2017,5/18/2018,12/18/2017,2/07/2018,30,Det,1,1,2986665
2,,Eldorado,Boulevard,Plainview,11803,419000,360000,Ranch,3,1.000,"None,Unfinished",1 Car Attached,4,15362.00,CL,11/24/2017,5/08/2018,12/06/2017,2/28/2018,12,Det,1,1,2987532
14,,Whitman,Avenue,Bellmore,11710,399000,385000,Cape,3,1.000,Full,1 Car Detached,4,9435.00,CL,11/27/2017,5/18/2018,4/21/2018,6/29/2018,144,Det,1,1,2987928
2615,,Beltagh Avenue,,N. Bellmore,11710,399000,375000,Cape,3,1.000,"Full,Unfinished",,4,11099.00,CL,12/04/2017,12/03/2018,10/15/2018,12/17/2018,314,Det,1,1,2989891
1538,,Walnut,Avenue,N. Merrick,11566,409900,400000,Split Level,4,2.000,"None,Unfinished",1 Car Attached,4,12501.00,CL,12/11/2017,4/11/2018,1/16/2018,3/29/2018,36,Det,1,1,2991226
2391,,Swenson,Place,Bellmore,11710,445000,435000,Colonial,4,2.000,"Partial,Unfinished",,4,11216.90,CL,1/01/2018,12/29/2018,2/02/2018,4/24/2018,32,Det,1,1,2993575
70,,Briarwood,Lane,Plainview,11803,475000,462000,Split Level,3,2.000,"Full,Unfinished",,4,13339.00,CL,1/12/2018,4/12/2018,2/19/2018,3/29/2018,38,Det,1,1,2996316
109,,Roger,Road,N. Bellmore,11710,379000,374000,Ranch,3,1.000,"Full,Unfinished",1 Car Detached,4,10936.00,CL,1/22/2018,7/31/2018,2/12/2018,4/13/2018,21,Det,1,1,2998669
1235,,Powell,Avenue,N. Merrick,11566,479999,485000,Cape,3,2.000,"Full,Partially Finished",1 Car Detached,4,11288.42,CL,1/24/2018,6/15/2018,2/16/2018,6/28/2018,23,Det,1,1,2999070
26,,Island,Street,Plainview,11803,415000,410000,Exp Ranch,3,1.000,"None,Unfinished",1 Car Detached,4,14457.68,CL,2/01/2018,7/01/2018,4/04/2018,5/30/2018,61,Det,1,1,3001597
45,,Northern Pkwy. W,,Plainview,11803,480000,435000,Cape,3,1.500,"Full,Partially Finished",1 Car Attached,4,12156.44,CL,2/08/2018,7/21/2018,4/19/2018,6/14/2018,69,Det,1,1,3003248
108,,Grant,Boulevard,N. Bellmore,11710,469900,450000,Exp Cape,4,1.500,"Full,Finished",1 Car Detached,4,11750.00,CL,2/16/2018,8/16/2018,6/21/2018,9/21/2018,124,Det,1,1,3005083
1426,,Little Neck,Avenue,N. Bellmore,11710,385000,380000,Cape,3,1.000,"None,Unfinished",,4,8849.36,CL,2/20/2018,12/31/2018,5/03/2018,7/31/2018,71,Det,1,1,3006055
39,,Haven Avenue,,Port Washington,11050,499000,450000,Colonial,3,1.000,"Full,Unfinished",,4,7581.43,CL,2/23/2018,8/14/2018,6/01/2018,8/20/2018,97,Det,1,1,3006888
203,,Central Park,Road,Plainview,11803,429888,415000,Exp Ranch,4,1.000,"Full,Partially Finished",,4,14572.00,CL,2/23/2018,10/01/2018,3/15/2018,5/11/2018,19,Det,1,1,3007083
10,,Jamaica,Avenue,Plainview,11803,469000,490000,Ranch,3,1.000,"Full,Finished",1 Car Detached,4,11227.93,CL,2/27/2018,8/31/2018,3/26/2018,6/15/2018,26,Det,1,1,3007511
117,,Soifer,Avenue,N. Bellmore,11710,429000,400000,Cape,4,2.000,"Full,Partially Finished",,4,13835.57,CL,3/09/2018,3/09/2019,3/15/2018,4/27/2018,5,Det,1,1,3010595
1219,,Peapond,Road,N. Bellmore,11710,314900,370000,Colonial,4,2.000,"Partial,Unfinished",2 Car Detached,4,15035.00,CL,3/09/2018,5/22/2018,3/26/2018,4/16/2018,16,Det,1,1,3010839
1684,,Little Neck,Avenue,N. Bellmore,11710,449000,425000,Cape,4,2.000,"Full,Finished",1 Car Attached,4,9803.53,CL,3/17/2018,9/30/2018,5/16/2018,7/25/2018,60,Det,1,1,3012978
699,,Taft,Street,N. Bellmore,11710,479000,480000,Colonial,4,3.000,Full,,4,9462.97,CL,4/04/2018,10/04/2018,4/20/2018,7/20/2018,16,Det,1,1,3017515
24,,Matinecock,Avenue,Port Washington,11050,55000,50000,Houseboat,0,1.000,"None,Unfinished",,4,0.00,CL,5/22/2018,9/30/2018,9/25/2018,9/25/2018,126,Det,1,1,3032474
80,,Westbury,Avenue,Plainview,11803,459000,460000,Exp Ranch,6,2.000,"Full,Finished",1 Car Attached,4,13362.00,CL,5/31/2018,11/30/2018,6/11/2018,8/01/2018,11,Det,1,1,3035295
1467,,Bellmore,Avenue,N. Bellmore,11710,399000,385000,Colonial,3,1.000,"Full,Unfinished",,4,9656.00,CL,6/02/2018,3/31/2019,8/29/2018,10/19/2018,88,Det,1,1,3035873
1,,Virginia,Avenue,Plainview,11803,415000,416000,Cape,4,2.000,"Full,Partially Finished",1 Car Detached,4,11523.00,CL,6/19/2018,3/31/2019,7/13/2018,10/29/2018,24,Det,1,1,3041064
9,,Walter,Lane,Old Bethpage,11804,529000,490000,Split Level,3,1.500,"Partial,Unfinished",1 Car Attached,4,13015.33,CL,6/28/2018,1/01/2019,8/27/2018,11/07/2018,60,Det,1,1,3043945
51,,Crest Rd E,,N. Merrick,11566,425000,425000,Colonial,3,1.500,"Full,Unfinished",1 Car Attached,4,11608.79,CL,6/29/2018,12/31/2018,7/26/2018,10/19/2018,27,Det,1,1,3044142
104,,Winifred,Drive,N. Merrick,11566,529000,485000,Cape,4,2.000,"Full,Finished",1 Car Attached,4,8954.00,CL,7/11/2018,1/31/2019,8/21/2018,12/07/2018,41,Det,1,1,3047668
32,,Jamaica,Avenue,Plainview,11803,460000,445000,Cape,4,1.000,"Full,Finished",,4,11848.00,CL,7/13/2018,11/09/2018,10/26/2018,12/28/2018,105,Det,1,1,3048079
1390,,Bellmore Ave,,N. Bellmore,11710,399000,385000,Ranch,3,1.500,"Full,Unfinished",,4,10649.25,CL,7/17/2018,7/17/2019,11/05/2018,2/06/2019,111,Det,1,1,3049204
122,,Ampel Av,,N. Bellmore,11710,324900,331000,Cape,4,2.000,"Full,Unfinished",,4,11847.00,CL,7/18/2018,10/04/2018,8/14/2018,9/12/2018,27,Det,1,1,3049538
2491,,Coral,Court,N. Bellmore,11710,449000,420000,Hi Ranch,5,3.000,"None,Unfinished",1 Car Attached,4,12121.83,CL,7/20/2018,1/20/2019,8/02/2018,10/31/2018,13,Det,1,1,3050197
2364,,Elk,Court,N. Bellmore,11710,449000,425000,Cape,4,2.000,"Full,Partially Finished",1 Car Attached,4,12687.00,CL,7/25/2018,1/25/2019,10/30/2018,1/22/2019,97,Det,1,1,3051440
2759,,Janet,Avenue,N. Bellmore,11710,439000,430000,Cape,3,1.000,"Full,Finished",1 Car Detached,4,12618.55,CL,8/02/2018,3/31/2019,9/05/2018,11/14/2018,34,Det,1,1,3053668
2592,,Grant,Boulevard,N. Bellmore,11710,420000,399000,Ranch,4,2.000,"Full,Partially Finished",1 Car Attached,4,13620.07,CL,8/03/2018,11/03/2018,10/31/2018,11/13/2018,89,Det,1,1,3054244
1595,,Bellmore,Road,Bellmore,11710,423000,414000,Colonial,3,1.000,"Full,Partially Finished",1 Car Detached,4,8728.20,CL,8/10/2018,11/01/2018,10/15/2018,12/26/2018,66,Det,1,1,3055953
1309,N,Pierce,Avenue,N. Bellmore,11710,505000,480000,Split Level,3,2.000,"Partial,Unfinished",1 Car Attached,4,9150.00,CL,8/09/2018,3/19/2019,12/18/2018,3/08/2019,131,Det,1,1,3058369
1801,,Duke,Street,N. Bellmore,11710,400000,405000,Ranch,3,1.000,"Full,Finished",1 Car Detached,4,7879.00,CL,8/22/2018,2/22/2019,9/14/2018,10/19/2018,23,Det,1,1,3059109
599,,Plainview,Road,Plainview,11803,479000,450000,Split Level,3,1.500,"Partial,Finished",1 Car Attached,4,16064.00,CL,8/29/2018,5/01/2019,11/01/2018,2/01/2019,64,Det,1,1,3061102
14,,Richard,Court,Plainview,11803,465000,466000,Hi Ranch,5,2.000,"None,Unfinished",,4,15602.00,CL,8/30/2018,11/30/2018,10/18/2018,11/15/2018,49,Det,1,1,3061143
1795,,Seaman,Drive,N. Merrick,11566,469999,480000,Exp Ranch,3,1.000,"None,Unfinished",1 Car Attached,4,11180.28,CL,8/31/2018,11/30/2018,9/14/2018,10/23/2018,14,Det,1,1,3061532
61,,Stephen,Drive,Plainview,11803,510000,480000,Ranch,3,2.000,"Full,Finished",1 Car Attached,4,12157.94,CL,9/05/2018,4/20/2019,10/17/2018,12/05/2018,42,Det,1,1,3062614
2764,,Natta,Boulevard,Bellmore,11710,449000,425000,Exp Cape,5,2.000,"Full,Unfinished",1 Car Detached,4,10626.90,CL,9/19/2018,6/21/2019,2/08/2019,5/03/2019,142,Det,1,1,3067027
2503,,Belmond,Avenue,N. Bellmore,11710,489000,489000,Cape,3,2.000,"Full,Finished",1 Car Attached,4,13269.00,CL,9/28/2018,3/31/2019,12/04/2018,3/04/2019,67,Det,1,1,3068890
2,,Katherine,Drive,Plainview,11803,439000,435000,Ranch,3,1.000,"Full,Finished",1 Car Attached,4,11500.00,CL,9/29/2018,12/30/2018,11/16/2018,1/10/2019,48,Det,1,1,3069216
14,,Helen,Avenue,Plainview,11803,489000,470000,Ranch,3,2.000,"Full,Finished",,4,11027.88,CL,10/02/2018,3/06/2019,11/08/2018,12/13/2018,37,Det,1,1,3070157
4,,Prospect,Place,Plainview,11803,499000,478000,Cape,4,2.000,"Full,Unfinished",1 Car Detached,4,15408.55,CL,11/01/2018,10/14/2019,12/28/2018,1/30/2019,57,Det,1,1,3078034
2068,,Hendricks,Avenue,Bellmore,11710,475000,375000,2 Story,5,3.000,"Partial,Unfinished",Attached,4,14651.00,CL,11/14/2018,11/14/2019,1/17/2019,6/05/2019,64,Det,1,1,3081101
2667,,Cedar,Lane,N. Bellmore,11710,429000,416500,Cape,4,1.000,"Full,Unfinished",,4,12054.67,CL,11/15/2018,5/06/2019,12/26/2018,2/22/2019,41,Det,1,1,3081352
80,,Graywood,Road,Port Washington,11050,479000,470000,Cottage,2,1.000,"None,Unfinished",,4,8217.23,CL,11/15/2018,5/15/2019,11/26/2018,2/05/2019,11,Det,1,1,3081677
718,,Hilda,Street,N. Bellmore,11710,425000,425000,Ranch,3,3.000,"Full,Finished",1 Car Attached,4,8916.59,CL,11/19/2018,4/20/2019,12/24/2018,3/25/2019,35,Det,1,1,3082255
1562,,Sycamore,Avenue,Merrick,11566,509999,450000,Split Level,3,1.500,"Crawl,Unfinished",1 Car Attached,4,11241.59,CL,11/28/2018,6/01/2019,1/11/2019,2/11/2019,44,Det,1,1,3083842
12,,Jefferson,Avenue,N. Bellmore,11710,324999,316000,Ranch,2,1.000,"Full,Unfinished",,4,5556.65,CL,12/03/2018,3/03/2019,2/21/2019,6/07/2019,80,Det,1,1,3084704
1295,,Bellmore,Road,N. Bellmore,11710,399999,410000,Ranch,2,2.000,"Full,Partially Finished",2 Car Attached,4,10392.52,CL,12/07/2018,6/25/2019,2/15/2019,4/24/2019,70,Det,1,1,3085707
2449,,Sycamore,Lane,N. Bellmore,11710,439000,470000,Split Level,3,1.500,"Partial,Unfinished",1 Car Detached,4,11447.49,CL,1/04/2019,7/01/2019,1/23/2019,4/23/2019,19,Det,1,1,3090295
58,,Westbury,Avenue,Plainview,11803,425000,425000,Ranch,3,1.000,"Full,Unfinished",1 Car Attached,4,15764.85,CL,1/07/2019,4/30/2019,1/14/2019,6/17/2019,7,Det,1,1,3091215
1102,,Laux,Place,N. Bellmore,11710,425000,383000,Split Level,3,2.500,"Full,Finished",1 Car Attached,4,11172.00,CL,1/11/2019,9/21/2020,2/07/2019,2/27/2019,27,Det,1,1,3092504
38,,Michael,Drive,Old Bethpage,11804,449000,475000,Split Level,3,1.500,"Full,Unfinished",1 Car Attached,4,12527.38,CL,2/01/2019,2/17/2019,2/14/2019,4/02/2019,13,Det,1,1,3097855
40,,Melony,Avenue,Plainview,11803,495000,465000,Ranch,3,2.000,"Full,Finished",,4,8095.26,CL,2/10/2019,6/30/2019,3/09/2019,6/27/2019,27,Det,1,1,3100074
1233,,Powell,Avenue,N. Merrick,11566,457000,444000,Ranch,3,1.000,"Full,Finished",1 Car Attached,4,13412.00,CL,2/13/2019,8/13/2019,3/13/2019,2/12/2020,27,Det,1,1,3100829
2490,,Norwood,Avenue,N. Bellmore,11710,499990,490000,Split Level,3,3.000,Partial,1 Car Attached,4,12134.00,CL,3/04/2019,12/30/2019,6/03/2019,10/01/2019,90,Det,1,2,3105840
97,,Crest,Road,N. Merrick,11566,429000,422000,Colonial,3,1.000,"Full,Unfinished",1 Car Attached,4,12807.98,CL,3/08/2019,9/05/2019,3/19/2019,5/31/2019,10,Det,1,1,3107318
1971,,Bedford,Avenue,N. Bellmore,11710,499990,490000,Exp Cape,5,2.000,"Full,Finished",1 Car Attached,4,14488.13,CL,3/19/2019,9/19/2019,4/19/2019,6/26/2019,31,Det,1,1,3111228
95,,Briarwood,Lane,Plainview,11803,475000,475000,Ranch,3,1.500,"Full,Finished",,4,11351.01,CL,3/26/2019,10/01/2019,5/03/2019,6/28/2019,38,Det,1,1,3112545
2193,,Jacqueline,Avenue,N. Bellmore,11710,499990,485000,Ranch,3,2.000,"Full,Partially Finished",1 Car Attached,4,10105.15,CL,4/08/2019,12/30/2019,7/23/2019,9/12/2019,106,Det,1,1,3116990
717,,Virginia,Avenue,N. Bellmore,11710,399900,380000,Colonial,2,1.500,"Crawl,Unfinished",,4,8186.80,CL,4/10/2019,10/10/2019,5/23/2019,7/24/2019,43,Det,1,1,3118001
1832,,Decatur,Avenue,N. Bellmore,11710,475000,460000,Split Ranch,3,2.500,"Full,Finished",1 Car Attached,4,11307.80,CL,4/26/2019,10/10/2019,5/22/2019,8/20/2019,26,Det,1,1,3122877
5,,Vera,Avenue,Plainview,11803,499888,465000,Exp Ranch,3,1.500,"Full,Partially Finished",1 Car Attached,4,11680.00,CL,4/29/2019,12/31/2019,5/23/2019,8/20/2019,24,Det,1,1,3123372
2494,,Hull,Avenue,N. Bellmore,11710,399900,387000,Cape,3,1.000,"None,Unfinished",,4,10187.00,CL,5/01/2019,7/31/2019,6/12/2019,8/09/2019,42,Det,1,1,3124625
125,,Avenue C,,Port Washington,11050,585000,485000,Ranch,3,1.000,Full,1 Car Attached,4,8341.98,CL,5/16/2019,11/10/2019,9/16/2019,10/30/2019,123,Det,1,1,3129204
2050,,Freeman,Avenue,Bellmore,11710,469000,485000,Cape,3,2.000,"Full,Finished",1 Car Attached,4,7635.00,CL,5/23/2019,12/31/2019,6/04/2019,8/07/2019,12,Det,1,1,3131510
10,,Matinecock,Avenue,Port Washington,11050,135000,80000,Houseboat,1,1.000,"None,Unfinished",,4,0.00,Cl,5/23/2019,5/22/2020,11/07/2019,11/07/2019,168,Det,1,1,3131704
2701,,Jerusalem,Avenue,N. Bellmore,11710,375000,402000,Ranch,3,1.000,"Full,Finished",,4,11304.00,CL,6/03/2019,12/01/2019,6/21/2019,8/28/2019,18,Det,1,1,3134612
1877,,New York,Avenue,N. Bellmore,11710,450000,440000,Cape,5,2.500,"Opt,Finished",,4,15500.00,CL,6/12/2019,6/12/2020,9/20/2019,3/03/2020,100,Det,2,2,3137903
2716,,Janet,Avenue,N. Bellmore,11710,479977,490000,Exp Cape,4,2.000,"Full,Partially Finished",1 Car Attached,4,11825.20,CL,6/27/2019,1/27/2020,7/20/2019,8/29/2019,23,Det,1,1,3142775
65,,Central Park,Road,Plainview,11803,399000,399500,Split Level,4,3.000,"Full,Finished",,4,22364.90,CL,7/03/2019,8/30/2019,7/26/2019,9/16/2019,23,Det,1,1,3144388
801,,Newbridge,Road,N. Bellmore,11710,459888,454000,Ranch,3,2.000,"Full,Finished",1 Car Attached,4,9126.01,CL,7/11/2019,1/31/2020,7/26/2019,9/30/2019,15,Det,1,1,3146181
24,,Matinecock,Avenue,Port Washington,11050,75000,70000,Houseboat,1,1.000,"None,Unfinished",,4,0.00,Cl,7/15/2019,7/14/2020,10/05/2019,10/05/2019,82,Det,1,1,3147190
744,,Virginia,Avenue,N. Bellmore,11710,499990,465000,Colonial,4,2.000,Full,2 Car Detached,4,16817.88,CL,7/29/2019,9/15/2019,8/23/2019,11/22/2019,25,Det,1,2,3151308
1230,,Bellmore,Avenue,N. Bellmore,11710,425000,430000,Ranch,3,2.000,"Full,Finished",1 Car Attached,4,10303.00,CL,8/14/2019,8/11/2020,9/06/2019,12/02/2019,23,Det,1,1,3156036
1181,,Bellmore,Avenue,N. Bellmore,11710,459000,445000,Colonial,4,2.500,"Partial,Unfinished",1 Car Attached,4,18479.14,CL,7/02/2019,4/02/2020,1/04/2020,2/18/2020,186,Det,1,1,3169532
6,,Frank,Avenue,Bellmore,11710,419000,420000,Cape,3,1.000,"Full,Unfinished",1 Car Detached,4,7643.23,CL,10/24/2019,5/15/2020,11/26/2019,1/22/2020,33,Det,1,1,3175258
33,,Cedar Dr East,,Plainview,11803,450000,490000,Ranch,3,1.000,"Full,Finished",1 Car Attached,4,15111.94,CL,12/03/2019,5/18/2020,12/06/2019,2/25/2020,3,Det,1,1,3183850
880,,Linda,Place,N. Bellmore,11710,459000,445000,Ranch,3,1.500,"Full,Partially Finished",2 Car Attached,4,11588.49,CL,12/18/2019,7/15/2020,1/27/2020,3/11/2020,40,Det,1,1,3186821
51,,Sunrise,Street,Plainview,11803,469888,450000,Cape,4,2.000,"Full,Partially Finished",1 Car Attached,4,11810.00,CL,1/15/2020,7/15/2020,1/28/2020,2/26/2020,13,Det,1,1,3192355
19,,Charles,Street,Port Washington,11050,289900,290000,Cape,2,1.000,"Crawl,Unfinished",,4,9138.45,CL,1/17/2020,4/16/2020,2/10/2020,3/05/2020,24,Det,1,1,3192998