St #,Dr,Street Name,Sfx,Town,Zip,ListPrice,SoldPrice,,Br,Bath,,,SD,Tot Tax,LSC,ListDate,ExpDate,ContDate,TitleDate,DOM,Det,#F,K,ML#
17,,Virginia,Avenue,Hempstead,11550,243500,238500,Bungalow,2,1.000,"Full,Finished",,1,12637.00,CL,1/20/2017,1/20/2018,2/07/2017,4/07/2017,18,Det,1,1,2908182
206,,Mulberry,Lane,W. Hempstead,11552,225000,130000,Colonial,2,1.000,"Full,Finished",,1,10913.00,CL,12/29/2016,12/29/2017,7/24/2017,7/24/2017,206,Det,1,1,*1272257
180,,Sunset,Drive,Hempstead,11550,199900,240000,Colonial,3,2.000,"Full,Partially Finished",1 Car Detached,1,14764.50,CL,9/25/2018,9/24/2019,11/06/2018,12/26/2018,42,Det,1,1,3068219
3,,Floral,Lane,Westbury,11590,220000,220000,Cape,4,1.000,"None,Unfinished",,1,9571.66,CL,12/14/2018,3/13/2019,12/19/2018,1/25/2019,5,Det,1,1,3087173
19,,Chamberlain,Street,Hempstead,11550,199000,190000,Ranch,2,1.000,"None,Unfinished",1 Car Detached,1,10880.21,CL,3/27/2016,9/27/2017,7/14/2017,8/25/2017,474,Det,1,1,2946866
19,,Chase,Street,Hempstead,11550,298000,280000,2 Story,4,1.500,"Full,Finished",1 Car Detached,1,13585.00,CL,3/26/2019,3/26/2020,5/01/2019,8/15/2019,36,Det,1,1,3112742
99,,Sunset,Drive,Hempstead,11550,349900,300000,Colonial,4,3.500,"Full,Finished",,1,16449.00,CL,8/30/2017,4/24/2018,10/17/2017,12/15/2017,48,Det,1,1,2967513
4,,Morton,Avenue,Hempstead,11550,180000,151200,Ranch,4,2.000,Full,,1,9644.00,CL,7/05/2017,3/19/2018,12/21/2017,1/19/2018,169,Det,1,1,2952581
22,,Winthrop,Street,Hempstead,11550,279000,280000,Colonial,3,2.000,,,1,11420.00,CL,10/23/2019,12/31/2019,11/12/2019,2/21/2020,20,Det,1,1,3175089
55,W,Graham,Avenue,Hempstead,11550,149000,160000,Colonial,3,2.000,"Full,Finished",3 Car Detached,1,10999.00,CL,4/14/2017,10/14/2017,5/24/2017,8/02/2017,40,Det,1,1,2929281
258,,Fairview,Boulevard,Hempstead,11550,215000,200000,Cape,4,2.000,Full,,1,7779.00,CL,5/24/2016,5/18/2018,10/20/2017,7/24/2018,514,Det,1,1,2855576
103,,Ormond,Street,Hempstead,11550,259000,210000,Colonial,4,1.000,"Full,Unfinished",1 Car Detached,1,12704.91,CL,9/20/2018,3/21/2019,9/29/2018,10/29/2018,9,Det,1,1,*1327090
524,,Irving,Street,Westbury,11590,285000,285000,Cape,4,1.000,"None,Unfinished",,1,10002.00,CL,11/27/2017,11/28/2018,3/20/2018,4/20/2018,112,Det,1,1,2987959
4,,Pilot,Street,Hempstead,11550,285000,290000,Ranch,2,1.000,"None,Unfinished",1 Car Detached,1,9842.55,CL,5/31/2019,8/31/2019,6/11/2019,8/01/2019,11,Det,1,1,3133710
288,,Nassau,Street,Westbury,11590,249000,175000,Ranch,2,1.000,"Full,Finished",,1,8481.53,CL,8/22/2017,12/31/2017,3/23/2018,5/17/2018,213,Det,1,1,2965332
252,,Wilson,Avenue,Westbury,11590,349990,260000,Other,4,1.000,"Full,Unfinished",4+ Car Attached,1,10833.63,CL,12/20/2018,6/30/2019,3/12/2019,5/14/2019,81,Det,1,0,3088149
31,,Green,Avenue,Hempstead,11550,275000,280000,Colonial,3,1.500,"Full,Finished",1 Car Detached,1,13440.00,CL,4/21/2017,4/09/2018,8/09/2017,10/16/2017,110,Det,1,1,2931309
100,,Ingraham,Boulevard,Hempstead,11550,249900,230000,Colonial,3,1.500,"Full,Unfinished",1 Car Attached,1,19835.00,CL,4/12/2018,10/12/2018,5/17/2018,6/21/2018,35,Det,1,1,3020036
34,,Bramble,Lane,Westbury,11590,220000,229950,Cape,4,2.000,"None,Unfinished",1 Car Attached,1,11371.00,CL,1/07/2019,5/21/2019,3/22/2019,4/17/2019,73,Det,1,1,3091051
11,,Garfield,Place,Hempstead,11550,275000,230000,Colonial,3,1.500,"Full,Finished",1 Car Detached,1,12298.00,CL,8/08/2018,1/14/2019,11/05/2018,1/08/2019,89,Det,1,1,3055570
109,,Green,Avenue,Hempstead,11550,160000,162000,Cape,4,2.000,"Full,Unfinished",,1,15236.48,CL,5/23/2017,8/21/2017,6/07/2017,6/26/2017,15,Det,1,1,2941240
80,,Cantiague,Lane,Westbury,11590,370000,290000,Split Level,3,1.500,Full,,1,12800.00,CL,9/10/2019,2/29/2020,10/03/2019,11/26/2019,23,Det,1,1,3163279
61,,Ormond,Street,Hempstead,11550,289000,290000,Colonial,3,1.000,"Full,Finished",1 Car Detached,1,12356.18,CL,6/29/2017,1/24/2018,12/15/2017,3/02/2018,169,Det,1,1,2951152
260,,Lawson,Street,Hempstead,11550,289000,265000,Cape,3,1.000,Full,,1,9110.00,CL,10/06/2016,12/31/2017,7/11/2017,7/11/2017,22,Det,1,1,2948110
215,,Parsons,Drive,Hempstead,11550,289000,270000,Duplex,3,1.500,"None,Unfinished",1 Car Detached,1,8414.00,CL,6/15/2018,11/26/2018,11/16/2018,3/29/2019,154,Det,1,1,3039927
70,,Ormond,Street,Hempstead,11550,239000,220000,Colonial,3,1.000,"Partial,Finished",3 Car Detached,1,12510.00,CL,1/09/2018,7/09/2018,1/18/2018,3/08/2018,9,Det,1,1,2995359
107,,Manor,Avenue,Hempstead,11550,149900,149000,Colonial,3,1.500,"Full,Finished",2 Car Detached,1,7661.00,CL,3/20/2018,3/20/2019,7/27/2018,7/12/2019,129,Det,1,1,3013492
281,,Westbury,Boulevard,Hempstead,11550,219000,212500,Ranch,2,1.000,"None,Unfinished",,1,9648.08,CL,8/22/2017,1/31/2018,11/07/2017,1/08/2018,77,Det,1,1,2965248
20,,Monroe,Place,Hempstead,11550,269999,260000,Colonial,5,3.000,"Full,Finished",,1,10800.00,CL,7/19/2016,1/19/2017,1/16/2017,1/11/2018,181,Det,1,1,2869924
85,,Pennsylvania,Avenue,Hempstead,11550,229000,190000,Colonial,3,1.500,Full,,1,15961.00,CL,1/03/2017,12/03/2017,7/21/2017,9/28/2017,198,Det,1,1,2904242
92,,Maplewood,Drive,Westbury,11590,199000,191000,Cape,4,1.000,"None,Unfinished",,1,10679.79,CL,4/11/2017,7/11/2017,5/19/2017,6/30/2017,38,Det,1,1,2928381
195,,Garden,Street,Westbury,11590,230000,230000,2 Story,6,3.000,"Full,Finished",,1,32472.00,CL,7/13/2018,7/31/2019,8/20/2018,7/22/2019,38,Det,1,1,3048171
11,,Liberty,Court,Hempstead,11550,299999,291000,Bungalow,3,2.000,"Crawl,Unfinished",,1,6664.16,CL,3/13/2019,10/13/2019,4/26/2019,6/28/2019,44,Det,1,1,3108640
227,,Washington,Street,Hempstead,11550,249000,240000,Colonial,3,1.500,Full,1 Car Detached,1,18910.00,CL,4/01/2016,5/31/2017,11/22/2016,7/11/2017,235,Det,1,1,2840562
79,,Kernochan,Avenue,Hempstead,11550,244900,235000,Bungalow,2,1.500,Full,,1,11828.57,CL,7/18/2019,7/18/2020,9/16/2019,10/11/2019,60,Det,1,1,3148304
137,,Lawson,Street,Hempstead,11550,179900,240187,Cape,4,1.000,Full,1 Car Detached,1,12346.53,CL,10/22/2018,1/22/2019,4/13/2019,5/21/2019,173,Det,1,1,3075516
602,,Whittier,Street,Westbury,11590,267900,285000,Exp Cape,5,2.000,"None,Unfinished",,1,11955.05,CL,1/24/2017,4/24/2017,2/24/2017,4/07/2017,31,Det,1,1,2909403
46,,Grove,Street,Hempstead,11550,129900,135000,Colonial,3,1.000,"Crawl,Unfinished",2 Car Detached,1,6584.46,CL,3/13/2017,6/11/2017,4/10/2017,5/05/2017,28,Det,1,1,2921462
213,S,Franklin,Street,Hempstead,11550,175000,189000,Colonial,6,3.000,Full,,1,14625.82,CL,8/11/2017,11/11/2017,8/23/2017,10/10/2017,12,Det,3,3,2963061
342,,Grand St E,,Westbury,11590,179900,194900,Ranch,1,1.000,Full,,1,10081.39,CL,6/26/2019,9/24/2019,8/02/2019,8/29/2019,37,Det,1,1,3142993
43,,Martin,Avenue,Hempstead,11550,330000,300000,Cape,3,1.000,"Full,Finished",1 Car Detached,1,12009.79,CL,3/04/2019,12/31/2019,5/10/2019,5/23/2019,66,Det,1,1,*1339281
8,,Frazier,Street,Hempstead,11550,220000,209000,Colonial,3,1.000,Full,1 Car Detached,1,16406.15,CL,10/01/2018,1/31/2019,1/18/2019,3/25/2019,109,Det,1,1,3093367
252,,Covert,Street,Westbury,11590,269900,250000,Cape,5,2.000,Full,,1,11989.00,CL,2/26/2019,5/24/2019,4/16/2019,6/26/2019,48,Det,1,1,3104540
167,,Elizabeth,Street,Westbury,11590,224900,237500,Ranch,3,1.000,"Full,Unfinished",1 Car Detached,1,10484.00,CL,1/04/2017,4/30/2017,2/23/2017,4/07/2017,50,Det,1,1,2904594
233,,Sherman,Street,Westbury,11590,209000,241500,Ranch,3,1.000,"Full,Unfinished",1 Car Attached,1,10606.00,CL,3/20/2019,5/26/2019,4/08/2019,5/03/2019,19,Det,1,1,3110923
167,,Pearl,Street,Westbury,11590,205500,250000,Cape,5,2.000,"Full,Unfinished",,1,12558.00,CL,7/14/2017,9/30/2017,9/27/2017,12/13/2017,75,Det,1,1,2955202
90,,Pennsylvania,Avenue,Hempstead,11550,260000,260000,Colonial,2,1.500,"Partial,Unfinished",1 Car Detached,1,11352.23,CL,6/05/2019,6/01/2020,7/03/2019,8/29/2019,28,Det,1,1,3135263
22,,Midwood,Street,Hempstead,11550,300000,247000,Colonial,5,2.000,"Full,Finished",,1,16724.89,CL,6/02/2017,4/11/2018,8/17/2017,11/16/2017,76,Det,1,1,2943707
103,,Gladys,Avenue,Hempstead,11550,142000,142000,Colonial,3,2.000,"Full,Finished",,1,10500.00,CL,4/23/2016,10/23/2017,1/27/2017,4/24/2017,279,Det,1,1,2846895
20,,Byrd,Street,Hempstead,11550,199000,187000,Colonial,3,2.000,"None,Unfinished",1 Car Detached,1,4049.00,CL,3/22/2013,4/30/2018,10/11/2016,7/12/2017,1299,Det,1,1,2567586
94,,Macdonald,Street,Hempstead,11550,291000,280000,Ranch,3,1.000,"Full,Partially Finished",1 Car Detached,1,16035.43,CL,7/07/2018,1/31/2019,10/29/2018,12/05/2018,114,Det,1,1,3046095
192,,Wellington,,Hempstead,11550,269000,270000,Ranch,3,1.000,Full,,1,14838.64,CL,6/06/2017,9/06/2017,8/11/2017,11/14/2017,66,Det,1,1,2944331
708,,Broadway,,Westbury,11590,235000,200000,Ranch,3,2.000,"Full,Unfinished",,1,10064.10,CL,6/21/2018,12/31/2018,8/20/2018,9/18/2018,60,Det,1,1,3042459
224,,Monitor,Street,Westbury,11590,259000,250000,Colonial,5,1.000,"Full,Unfinished",,1,11635.00,CL,4/02/2018,7/02/2018,4/23/2018,6/19/2018,21,Det,1,1,3016932
111,,Elizabeth,Avenue,Hempstead,11550,269000,250000,Colonial,4,2.000,"Full,Partially Finished",2 Car Detached,1,16800.00,CL,10/28/2019,10/21/2020,11/05/2019,12/19/2019,8,Det,1,1,3176042
182,W,Graham,Avenue,Hempstead,11550,249000,218000,Colonial,3,1.000,"Full,Unfinished",2 Car Detached,1,12229.00,CL,8/03/2017,8/03/2018,5/07/2018,6/25/2018,277,Det,1,1,2960600
16,,Thorne,Avenue,Hempstead,11550,289900,292000,Colonial,5,2.000,"Full,Partially Finished",2 Car Detached,1,17353.50,CL,1/17/2019,9/29/2019,7/03/2019,8/27/2019,166,Det,1,1,3094518
71,,Lent,Avenue,Hempstead,11550,259900,255000,Colonial,3,2.000,"Full,Unfinished",1 Car Detached,1,17397.03,CL,7/02/2019,12/16/2019,10/15/2019,11/13/2019,105,Det,2,0,3144261
6,,Roosevelt,Street,Hempstead,11550,260000,260500,Ranch,3,1.000,"Full,Finished",,1,15740.82,CL,2/18/2020,5/18/2020,3/03/2020,3/17/2020,14,Det,1,1,3201009
243,E,Columbia,Street,Hempstead,11550,230000,230000,Bungalow,2,1.000,"Full,Finished",,1,7987.04,CL,4/22/2018,11/20/2018,6/15/2018,8/17/2018,54,Det,1,1,3029701
140,,Dartmouth,Street,Hempstead,11550,240000,221806,Ranch,2,1.000,"Full,Partially Finished",,1,10250.64,CL,3/08/2017,9/08/2017,5/04/2017,6/29/2017,56,Det,1,1,2919654
178,,Rhodes,Avenue,Hempstead,11550,263000,275000,Cape,3,2.000,"Full,Finished",2 Car Detached,1,10893.12,CL,6/23/2017,7/30/2018,7/15/2017,8/31/2017,22,Det,1,1,2949517
281,,Grand,Street,Westbury,11590,299990,280000,Colonial,3,2.000,Full,,1,0.00,CL,8/27/2018,3/27/2019,4/16/2019,7/01/2019,232,Det,1,1,3060643
69,,Glenmore,Avenue,Hempstead,11550,250000,255000,Cape,4,2.000,"Full,Unfinished",,1,9438.78,CL,5/31/2017,10/21/2017,6/21/2017,8/31/2017,21,Det,1,1,2942801
240,,Sheridan,Street,Westbury,11590,100000,72500,Colonial,4,2.000,Full,1 Car Detached,1,5254.00,CL,4/11/2017,4/11/2019,7/03/2017,7/28/2017,83,Det,1,1,2928364
25,,Dakota,Place,Hempstead,11550,329000,280000,Colonial,3,1.500,Full,,1,10897.50,CL,4/21/2017,10/19/2017,5/11/2017,8/08/2017,20,Det,1,1,2931405
50,,Linden,Avenue,Hempstead,11550,145000,210000,Colonial,3,1.000,"Full,Unfinished",1 Car Detached,1,16470.60,CL,10/25/2019,1/19/2020,11/20/2019,12/18/2019,26,Det,1,1,3175659
63,,Meade,Street,Hempstead,11550,222750,235000,Colonial,3,1.500,"Full,Unfinished",2 Car Detached,1,18579.59,CL,3/21/2017,6/21/2017,5/04/2017,6/23/2017,44,Det,1,1,2923189
178,,Center,Street,Westbury,11590,249000,243000,Exp Cape,4,1.500,"Full,Finished",1 Car Detached,1,10312.00,CL,8/29/2017,3/17/2018,11/28/2017,1/05/2018,91,Det,1,1,2967156
560,,Front,Street,Hempstead,11550,299900,290000,Colonial,5,3.000,"Full,Unfinished",2 Car Detached,1,16118.00,CL,11/09/2017,2/09/2018,12/11/2017,1/02/2018,32,Det,1,1,2984996
109,,Windsor,Parkway,Hempstead,11550,295000,260000,Cape,3,1.500,"Full,Finished",1 Car Detached,1,17909.32,CL,3/01/2019,9/01/2019,7/25/2019,9/25/2019,145,Det,1,1,3105363
100,E,Graham,Avenue,Hempstead,11550,229900,235000,Colonial,3,1.500,Full,,1,16106.55,CL,11/08/2018,1/31/2019,12/04/2018,1/07/2019,26,Det,1,1,3080143
2-4,,Webb,Avenue,Hempstead,11550,275000,217000,Colonial,4,3.000,"Full,Finished",,1,16500.00,CL,8/03/2016,8/03/2017,3/22/2017,4/12/2017,231,Det,2,2,2873854
323,,Yale,Street,Hempstead,11550,220000,121500,Ranch,3,2.000,"None,Unfinished",,1,12075.95,CL,7/18/2017,7/18/2018,3/20/2018,3/20/2018,245,Det,1,1,2956280
100,,Phoenix,Street,Hempstead,11550,245000,245000,Colonial,4,2.000,"Full,Unfinished",2 Car Detached,1,10613.00,CL,7/22/2017,12/22/2017,8/01/2017,9/29/2017,10,Det,1,1,2957378
100,,Vermont,Avenue,Hempstead,11550,194900,191000,Colonial,4,1.000,"Full,Unfinished",2 Car Detached,1,10084.00,CL,9/01/2017,3/01/2018,9/13/2017,10/04/2017,12,Det,1,1,2967935
48,,Covert,Street,Hempstead,11550,219000,200000,Colonial,2,1.500,"Full,Finished",,1,10369.52,CL,9/03/2016,7/01/2017,2/01/2017,4/11/2017,151,Det,1,1,2880741
71,,California,Avenue,Hempstead,11550,297000,300000,Colonial,3,0.500,Full,1 Car Detached,1,12158.00,CL,7/08/2019,7/07/2020,7/26/2019,9/11/2019,18,Det,1,1,3144710
56,,Harvard,Street,Hempstead,11550,289900,300000,Colonial,3,1.500,"Full,Finished",1 Car Detached,1,13700.00,CL,11/15/2018,11/15/2019,1/31/2019,3/28/2019,77,Det,1,1,3081579
513,,Rutland,Street,Westbury,11590,350000,213750,Cape,4,2.000,"Full,Finished",,1,13139.18,CL,3/01/2018,3/30/2020,7/14/2018,9/26/2018,134,Det,1,1,*1308127
50,,Thorne,Avenue,Hempstead,11550,165000,135000,Colonial,5,2.000,"Full,Unfinished",1 Car Detached,1,13900.00,CL,2/22/2018,8/30/2018,3/01/2018,7/06/2018,7,Det,1,1,3005630
1050,,Prospect,Avenue,Westbury,11590,149999,209700,Split Level,3,2.000,"Full,Unfinished",1 Car Attached,1,10663.00,CL,1/05/2015,11/30/2018,2/23/2018,5/21/2018,1145,Det,1,1,2729592
148,,Garden,Street,Westbury,11590,245000,245000,Colonial,3,1.500,"None,Unfinished",,1,9099.33,CL,2/17/2017,2/17/2018,4/27/2017,6/09/2017,68,Det,1,1,2914599
72,,Marvin,Avenue,Hempstead,11550,315000,300000,Colonial,4,1.550,"Full,Finished",2 Car Detached,1,10614.00,CL,10/25/2016,10/25/2017,12/12/2016,3/24/2017,48,Det,1,1,2892410
23,,Albemarle,Avenue,Hempstead,11550,255000,200000,Colonial,3,3.000,"Full,Finished",2 Car Detached,1,13508.18,CL,7/17/2016,7/29/2017,10/04/2016,5/09/2017,79,Det,2,2,2869625
29,,Mellow,Lane,Westbury,11590,325000,238000,Cape,4,1.500,"None,Unfinished",,1,7917.00,CL,5/28/2018,5/27/2019,5/09/2019,5/09/2019,346,Det,1,1,3036419
311,E,Columbia,Street,Hempstead,11550,199000,190000,Colonial,4,1.500,"Full,Unfinished",,1,8436.82,CL,7/24/2017,7/19/2018,10/03/2017,11/20/2017,71,Det,1,1,2957688
39,,Louis,Avenue,Elmont,11003,250000,220000,Colonial,2,1.000,"None,Unfinished",,1,8572.00,CL,2/26/2018,2/25/2019,4/06/2018,4/30/2018,38,Det,1,1,3007191
635,,Irving,Street,Westbury,11590,299900,280000,Cape,4,1.000,"None,Unfinished",1 Car Detached,1,11352.20,CL,8/03/2018,2/28/2019,8/17/2018,10/10/2018,14,Det,1,1,*1323241
284,,Magnolia,Avenue,Westbury,11590,308750,300000,Split Level,4,2.000,"Full,Finished",,1,12535.81,CL,2/07/2019,5/08/2019,4/03/2019,4/29/2019,54,Det,1,1,3099333
26,,Carleton,Street,Westbury,11590,260000,263000,Cape,3,1.000,"None,Unfinished",,1,7639.00,CL,3/21/2017,3/21/2018,3/02/2018,6/08/2018,346,Det,1,1,2923214
220,,Wellesley,Street,Hempstead,11550,160000,175000,Duplex,4,2.000,Full,,1,10040.00,CL,7/05/2016,5/30/2017,12/15/2016,4/27/2017,163,Det,2,2,2866411
11,,Miller,Place,Hempstead,11550,199000,220000,2 Story,5,2.500,Full,,1,8782.00,CL,1/31/2018,3/31/2018,2/12/2018,3/18/2018,12,Det,1,1,3000825
261,,Amherst,Street,Hempstead,11550,285000,283000,Bungalow,3,1.000,"Full,Unfinished",,1,9726.00,CL,7/13/2018,1/13/2019,9/24/2018,2/05/2019,73,Det,1,1,3048232
199,,Princeton,Street,Hempstead,11550,299000,290000,Hi Ranch,6,2.000,"None,Unfinished",1 Car Attached,1,14335.00,CL,11/09/2016,11/08/2017,5/23/2017,9/11/2017,194,Det,1,2,2895539
73,,Weir,Street,Hempstead,11550,325000,275000,Ranch,3,1.500,"Full,Finished",1 Car Detached,1,8880.99,CL,9/18/2017,3/18/2018,10/27/2017,2/05/2018,39,Det,1,1,2971836
173,,Pearl,Street,Westbury,11590,289900,284432,Ranch,3,1.000,Full,,1,10949.00,CL,6/13/2018,9/13/2018,8/28/2018,9/25/2018,76,Det,1,1,3039347
16,,Pilot,Street,Hempstead,11550,74900,117600,Ranch,2,2.000,"Full,Unfinished",,1,11880.07,CL,10/22/2018,5/22/2019,4/11/2019,4/30/2019,171,Det,1,1,3075679
59,,Lincoln,Boulevard,Hempstead,11550,275000,267750,Colonial,4,2.000,Full,1 Car Detached,1,16073.51,CL,11/05/2018,2/05/2019,1/10/2019,1/14/2019,66,Det,2,2,3078822
98,,Wellington,Street,Hempstead,11550,174900,195300,Cape,4,2.000,"Full,Unfinished",1 Car Detached,1,15219.90,CL,11/07/2017,7/22/2018,5/07/2018,7/18/2018,180,Det,1,1,2984440
82,,Van Cott,Avenue,Hempstead,11550,155000,136500,Ranch,3,1.000,Full,,1,11162.09,CL,4/15/2019,8/30/2019,7/18/2019,8/05/2019,94,Det,1,1,3119548
34,,Booth,Street,Hempstead,11550,135000,147000,Colonial,3,1.000,"Full,Unfinished",,1,13064.88,CL,5/03/2017,8/31/2017,8/01/2017,8/15/2017,90,Det,1,1,2934722
263,,Sheridan,Street,Westbury,11590,249900,245000,Colonial,4,2.000,Full,,1,11468.00,CL,8/10/2018,4/03/2019,2/06/2019,2/28/2019,180,Det,1,1,3056347
710,,Roman,Avenue,Westbury,11590,200000,238875,Colonial,5,2.000,"Full,Unfinished",1 Car Detached,1,10964.00,CL,6/08/2017,9/07/2017,8/09/2017,8/18/2017,62,Det,1,1,2945406
17,,Milburn,Avenue,Hempstead,11550,210000,223650,Cape,2,1.000,Full,,1,8955.00,CL,8/23/2019,11/23/2019,10/11/2019,11/08/2019,49,Det,1,1,3158610
21,,Pennsylvania,Avenue,Hempstead,11550,169900,185000,Colonial,3,1.500,Full,1 Car Detached,1,16589.81,CL,12/28/2017,8/23/2018,9/05/2018,10/01/2018,250,Det,1,1,3036183
83,,Vermont,Avenue,Hempstead,11550,249500,253000,Duplex,3,2.000,Full,,1,15690.92,CL,12/12/2018,3/12/2019,2/07/2019,2/26/2019,57,Det,2,2,3087096
19,,Hudson,Place,Hempstead,11550,141900,155000,Cape,4,1.000,"Full,Unfinished",,1,17330.42,CL,5/15/2017,12/28/2017,1/26/2018,3/14/2018,256,Det,1,1,2938494
5,,Margaret,Court,Hempstead,11550,144900,152000,Colonial,3,1.000,"Full,Unfinished",,1,11792.20,CL,7/12/2017,10/10/2017,8/14/2017,9/15/2017,33,Det,1,1,2954507
162,,Rhodes,Avenue,Hempstead,11550,300000,300000,Hi Ranch,4,2.000,"None,Unfinished",1 Car Attached,1,13334.41,CL,11/01/2017,3/31/2018,2/28/2018,3/16/2018,119,Det,1,1,2982795
39,,Totten,Street,Hempstead,11550,149900,185000,Colonial,3,2.000,"Full,Unfinished",,1,15281.00,CL,11/16/2017,2/14/2018,12/07/2017,1/26/2018,21,Det,1,1,2986461
144,,Wellesley,Street,Hempstead,11550,259900,242500,Colonial,5,3.000,"Full,Unfinished",1 Car Attached,1,15429.83,CL,8/03/2017,5/07/2018,4/13/2018,5/09/2018,253,Det,1,1,2988300
38,,Maryland,Avenue,Hempstead,11550,275000,287500,Colonial,4,2.000,"Full,Unfinished",2 Car Detached,1,20658.33,CL,4/18/2018,7/17/2018,6/08/2018,6/29/2018,51,Det,2,2,3022439
113,,Windsor,Parkway,Hempstead,11550,249260,255000,Cape,4,2.000,Full,1 Car Detached,1,15771.68,CL,6/29/2018,9/25/2018,8/09/2018,10/08/2018,41,Det,1,1,3044462
114,,Botsford,Street,Hempstead,11550,245000,260000,Colonial,3,1.000,Full,1 Car Detached,1,14051.53,CL,8/12/2018,11/08/2018,9/13/2018,9/25/2018,32,Det,1,1,3056668
204,,Brook,Street,Westbury,11590,213200,240000,Cape,4,2.000,Full,,1,10777.00,CL,9/04/2018,10/01/2018,9/28/2018,10/22/2018,24,Det,1,1,3062131
83,,Windsor,Parkway,Hempstead,11550,258500,260000,Colonial,4,1.500,"Full,Partially Finished",2 Car Detached,1,16107.86,CL,3/06/2019,6/04/2019,4/04/2019,5/10/2019,28,Det,1,1,3106562
8,,Bedell,Street,Hempstead,11550,299900,300000,2 Story,7,4.000,Full,,1,30485.09,CL,5/16/2019,8/31/2019,6/18/2019,7/12/2019,33,Det,4,4,3129951
66,,Grove,Street,Hempstead,11550,202500,195000,Colonial,4,2.000,Partial,,1,15538.78,CL,6/23/2019,12/04/2019,12/02/2019,12/23/2019,162,Det,1,1,3141214
11,,Nostrand,Place,Hempstead,11550,249000,255000,Colonial,3,1.000,Full,2 Car Detached,1,11733.27,CL,5/09/2019,8/16/2019,5/28/2019,8/13/2019,19,Det,1,1,3128187
167,,Bond,Street,Westbury,11590,219900,237500,Cape,4,2.000,"Full,Unfinished",,1,9063.00,CL,3/01/2017,5/29/2017,4/25/2017,5/12/2017,54,Det,1,1,2917784
223,,Westbury,Boulevard,Hempstead,11550,174900,175000,Colonial,3,2.000,"None,Unfinished",1 Car Detached,1,13610.14,CL,12/07/2017,3/06/2018,12/26/2017,1/16/2018,19,Det,1,1,2990315
59,,Chase,Street,Hempstead,11550,179900,265000,Cape,4,2.000,Full,1 Car Attached,1,12842.00,CL,1/05/2018,7/03/2018,5/18/2018,6/06/2018,132,Det,1,1,2994787
77,,Surrey,Lane,Hempstead,11550,259900,270000,Colonial,3,1.500,"Full,Unfinished",1 Car Attached,1,17446.59,CL,3/28/2018,8/27/2018,5/21/2018,8/21/2018,54,Det,1,1,3015658
135,,Asbury,Avenue,Westbury,11590,299900,283500,Colonial,3,1.500,Full,2 Car Detached,1,10287.51,CL,7/04/2018,6/25/2019,4/18/2019,6/26/2019,288,Det,1,1,3045538
7,,Jackson,Street,Hempstead,11550,285000,276000,Colonial,4,3.000,Full,,1,23749.42,CL,8/22/2018,5/15/2019,2/21/2019,4/18/2019,183,Det,1,1,3059465
222,,Stewart,Avenue,Hempstead,11550,224500,210000,Ranch,3,1.000,Full,1 Car Attached,1,14650.34,CL,12/28/2017,5/27/2018,4/19/2018,8/01/2018,111,Det,1,1,2993282
184,,Alabama,Avenue,Hempstead,11550,179900,160000,Cape,3,1.000,"Full,Unfinished",1 Car Detached,1,16366.17,CL,10/03/2018,4/01/2019,1/09/2019,1/23/2019,98,Det,1,1,3089534
125,E,Graham,Avenue,Hempstead,11550,239900,162225,Colonial,4,2.000,"Full,Unfinished",1 Car Detached,1,14982.27,CL,4/16/2017,1/05/2018,1/05/2018,1/26/2018,264,Det,1,1,2929733
52,W,Orchard,Street,Hempstead,11550,229900,265000,Colonial,3,1.000,Full,,1,13964.00,CL,11/03/2019,2/28/2020,1/16/2020,2/14/2020,74,Det,1,1,3177980
175,,Kinkel,Street,Westbury,11590,230000,233625,Cape,5,2.000,Full,1 Car Detached,1,14890.00,CL,10/04/2019,1/03/2020,10/21/2019,1/28/2020,17,Det,1,1,3170512
89,,Rhodes,Avenue,Hempstead,11550,245000,245000,Split Level,3,2.000,Full,,1,10493.00,CL,1/01/2018,4/01/2018,1/26/2018,2/07/2018,25,Det,1,1,2993660
351,,Sheridan,Street,Westbury,11590,325000,255000,Colonial,4,3.000,Full,,1,11364.00,CL,8/22/2019,8/30/2019,8/22/2019,8/22/2019,0,Det,1,2,3158157
75,,Long Beach,Road,Hempstead,11550,299000,285000,Colonial,3,1.500,"Full,Finished",2 Car Detached,1,14980.00,CL,1/05/2017,12/29/2017,2/03/2017,4/17/2017,29,Det,1,1,2904707
69,,Harriet,Avenue,Hempstead,11550,179900,181000,Cape,3,1.000,"None,Unfinished",,1,16789.00,CL,1/31/2019,2/26/2020,1/31/2020,2/28/2020,365,Det,1,1,3097575
166,,Booth,Street,Hempstead,11550,289000,290000,Cape,4,2.000,"Full,Finished",1 Car Attached,1,15567.73,CL,6/22/2018,2/28/2019,2/12/2019,8/06/2019,235,Det,1,1,3042299
247,E,Columbia,Street,Hempstead,11550,163000,163000,Cape,4,2.000,"Full,Finished",,1,15216.97,CL,12/12/2016,12/12/2017,9/19/2017,9/19/2017,280,Det,1,1,2901423
70,,Van Cott,Avenue,Hempstead,11550,299000,286000,Cape,4,3.000,"Full,Finished",,1,13013.73,CL,1/24/2017,1/24/2018,5/23/2017,6/30/2017,118,Det,1,1,2908814
11,,Monroe,Place,Hempstead,11550,219999,220000,Colonial,4,2.000,"Full,Unfinished",1 Car Detached,1,13380.00,CL,1/21/2016,7/21/2017,7/18/2017,10/06/2017,543,Det,1,1,2823321
11,,Liberty,Court,Hempstead,11550,109900,125000,Bungalow,2,1.000,"None,Unfinished",,1,6088.00,CL,7/30/2018,1/30/2019,8/09/2018,9/17/2018,10,Det,1,1,3052904
26,,Burnett,Street,Hempstead,11550,229900,225000,Colonial,4,2.500,"Full,Partially Finished",2 Car Detached,1,13855.39,CL,9/08/2018,3/08/2019,9/28/2018,10/10/2018,20,Det,1,2,3063574
20,,Hamilton,Place,Hempstead,11550,149900,202000,Exp Cape,4,3.000,"Full,Partially Finished",2 Car Detached,1,13062.00,CL,4/09/2019,10/09/2019,4/24/2019,5/15/2019,15,Det,1,1,3117478
21,,Ingraham,Lane,Hempstead,11550,239900,225000,Colonial,4,4.000,"Full,Partially Finished",2 Car Detached,1,9777.00,CL,5/29/2018,11/29/2018,7/13/2018,7/30/2018,45,Det,1,1,3034664
15,,Chase,Street,Hempstead,11550,363000,297000,Colonial,3,1.000,Full,,1,14589.38,CL,8/21/2018,8/21/2019,9/27/2018,11/07/2018,37,Det,1,1,3058855
198,,Milburn,Avenue,Hempstead,11550,155000,140000,Ranch,3,1.500,"Full,Partially Finished",,1,5689.00,CL,3/28/2017,12/31/2017,3/28/2017,12/12/2017,0,Det,1,1,2925012
76,,Linden,Avenue,Hempstead,11550,269990,235000,Bungalow,3,1.000,"Full,Finished",,1,10216.70,CL,1/19/2018,1/19/2019,1/31/2019,2/01/2019,377,Det,1,1,2998331
10,,Covert,Street,Hempstead,11550,269000,269000,Colonial,3,1.000,"Full,Unfinished",,1,12564.69,CL,2/21/2017,8/31/2017,4/14/2017,6/06/2017,51,Det,1,1,2915378
12,,Holly,Lane,Westbury,11590,194900,192500,Cape,4,1.000,"None,Unfinished",,1,9020.00,CL,2/09/2017,6/08/2017,4/18/2017,6/02/2017,67,Det,1,1,2912900
50,,Dorlon,Street,Hempstead,11550,254900,265000,Ranch,3,1.500,"Partial,Unfinished",,1,13800.00,CL,12/06/2018,5/27/2019,4/15/2019,4/30/2019,129,Det,1,1,3086056
9,,Seabury,Street,Hempstead,11550,170000,196250,Colonial,2,1.000,"Partial,Unfinished",,1,13000.00,CL,3/27/2019,6/23/2019,4/15/2019,5/02/2019,19,Det,1,1,3113976
34,,Jerusalem,Avenue,Hempstead,11550,149900,147000,Colonial,4,2.000,"Full,Finished",2 Car Detached,1,15000.00,CL,8/26/2019,11/22/2019,9/17/2019,11/05/2019,22,Det,1,1,3159506
594,,Dryden,Street,Westbury,11590,280000,282000,Exp Cape,4,2.000,"None,Unfinished",,1,8521.67,CL,8/30/2016,7/06/2017,10/01/2016,5/21/2017,32,Det,1,1,2879848
76,,Brown,Avenue,Hempstead,11550,279999,235000,Ranch,3,2.000,"Full,Finished",2 Car Detached,1,17907.00,CL,9/21/2018,9/20/2019,1/12/2019,3/04/2019,113,Det,1,1,3067368
54,,Parsons,Drive,Hempstead,11550,299999,285000,Colonial,3,2.500,Full,,1,14143.00,CL,3/31/2017,12/31/2017,7/05/2017,9/29/2017,96,Det,1,1,2925614
175,,Drexel,Avenue,Westbury,11590,279900,267500,Colonial,2,1.000,"Partial,Unfinished",Private Parking,1,11189.08,CL,3/20/2017,6/30/2017,5/25/2017,7/21/2017,66,Det,1,1,2922391
26,,Midwood,Street,Hempstead,11550,319000,292500,Duplex,4,2.000,Full,,1,19189.00,CL,10/31/2018,12/31/2018,11/14/2018,11/15/2018,14,Det,2,2,3077564
497,,Fulton,Avenue,Hempstead,11550,299000,225000,Other,7,3.000,Full,,1,21906.00,CL,8/07/2018,11/30/2018,9/14/2018,10/15/2018,38,Det,3,3,3055274
501,,Fulton,Avenue,Hempstead,11550,199000,130000,Ranch,3,1.000,"Full,Unfinished",,1,13075.00,CL,8/13/2018,11/30/2018,9/14/2018,10/15/2018,32,Det,1,1,3056667
503-505,,Fulton,Avenue,Hempstead,11550,249000,170000,Duplex,5,2.000,"Full,Unfinished",,1,23805.00,CL,8/13/2018,10/31/2018,9/14/2018,10/15/2018,32,Det,2,2,3056681
97,,Baldwin,Road,Hempstead,11550,325000,225000,2 Story,5,3.000,"Full,Unfinished",,1,22536.00,CL,8/13/2018,10/31/2018,9/14/2018,10/15/2018,32,Det,3,3,3056733
11,,Tennessee,Avenue,Hempstead,11550,249000,225000,Colonial,4,2.000,"Full,Unfinished",,1,11735.00,CL,8/16/2018,11/30/2018,9/14/2018,10/15/2018,29,Det,1,1,3057661
24,,Byrd,Street,Hempstead,11550,192000,190000,Ranch,2,1.000,"None,Unfinished",,1,9571.00,CL,7/14/2016,6/15/2017,3/20/2017,5/24/2017,249,Det,1,1,2868719
33,,Covert,Street,Hempstead,11550,219000,230000,Colonial,3,1.500,Partial,,1,7733.76,CL,7/27/2017,12/26/2017,8/29/2017,12/20/2017,33,Det,1,1,2958689
22,,Holly,Lane,Westbury,11590,289999,290000,Cape,3,2.000,"None,Unfinished",,1,10400.00,CL,8/23/2016,2/28/2017,2/22/2017,5/08/2017,183,Det,1,1,2878269
36,,Miller,Place,Hempstead,11550,204900,215565,Colonial,5,2.000,"Full,Finished",,1,12178.63,CL,12/26/2017,6/22/2018,4/06/2018,5/11/2018,100,Det,1,1,2992846
83,,James L L Burrel,Avenue,Hempstead,11550,299000,294000,2 Story,4,1.000,Full,,1,12022.00,CL,1/25/2018,1/24/2019,3/26/2018,6/27/2018,59,Det,1,1,2999334
104,,Cruikshank,Avenue,Hempstead,11550,298999,295008,Colonial,4,1.000,"Full,Partially Finished",1 Car Detached,1,16412.40,CL,5/22/2018,8/31/2018,8/27/2018,11/29/2018,97,Det,1,1,3032427
209,,Costar,Street,Westbury,11590,249000,235000,Colonial,3,1.000,"Full,Unfinished",,1,8529.00,CL,12/12/2018,6/30/2019,5/16/2019,6/27/2019,154,Det,1,1,3086721
16,,Stowe,Place,Hempstead,11550,325000,280000,Colonial,4,3.000,"Full,Unfinished",2 Car Detached,1,11974.00,CL,12/01/2016,5/31/2017,2/13/2017,3/29/2017,74,Det,1,1,2899511
82,,Glenmore,Avenue,Hempstead,11550,299900,295000,Cape,5,2.000,"Full,Partially Finished",,1,15395.00,Cl,7/07/2017,11/07/2017,10/30/2017,10/30/2017,115,Det,1,1,2953264
98,,Altamont,Avenue,Sea Cliff,11579,350000,235000,Colonial,2,1.500,"None,Unfinished",,1,9387.00,CL,8/16/2016,12/31/2017,8/21/2017,8/25/2017,370,Det,1,1,2876966
145,,Windsor,Parkway,Hempstead,11550,265000,265000,Cape,4,2.000,"Full,Finished",,1,14066.00,CL,7/17/2018,7/16/2019,8/02/2018,9/27/2018,16,Det,1,1,3049251
247,,Grand E.,Street,Westbury,11590,205000,265000,Colonial,2,1.000,"Full,Partially Finished",,1,7940.42,CL,9/16/2018,9/16/2020,11/28/2018,12/27/2018,73,Det,1,1,3065605
73,,Parsons,Drive,Hempstead,11550,300000,260000,Colonial,6,2.500,"Full,Partially Finished",,1,15703.00,CL,1/23/2018,11/29/2019,8/22/2018,1/04/2019,210,Det,1,1,2998835
357,,Sheridan,Street,Westbury,11590,293000,235000,Cape,4,2.000,"Full,Finished",1 Car Detached,1,9507.00,CL,8/15/2017,2/01/2018,9/21/2017,11/08/2017,37,Det,1,1,2963626
361,,Sheridan,Street,Westbury,11590,249000,185000,Bungalow,3,1.000,"None,Unfinished",1 Car Detached,1,8883.20,CL,9/29/2016,9/29/2017,5/08/2017,8/14/2017,221,Det,1,1,2887019
52,,Devon,Road,Hempstead,11550,329000,300000,Tudor,6,2.000,Full,,1,11448.00,CL,8/15/2016,2/15/2017,12/12/2016,5/15/2017,119,Det,1,1,2876628
2,,Morrell,Street,Hempstead,11550,275000,275000,Bungalow,3,1.000,"Full,Partially Finished",,1,7966.00,CL,12/19/2019,6/30/2020,1/30/2020,3/03/2020,42,Det,1,1,3187119
60,,Macdonald,Street,Hempstead,11550,279990,260000,Exp Cape,5,2.000,"Full,Partially Finished",,1,13232.82,CL,1/04/2016,6/01/2017,12/09/2016,9/05/2017,340,Det,1,1,2819087
8,,Roosevelt,Street,Hempstead,11550,239000,240000,Ranch,3,1.000,"Full,Finished",,1,12417.00,CL,12/07/2016,12/05/2017,4/04/2017,6/07/2017,117,Det,1,1,2900744
1,,Floral,Lane,Westbury,11590,325000,300000,Hi Ranch,4,1.500,"None,Unfinished",,1,15026.51,CL,2/06/2020,8/05/2020,3/02/2020,3/22/2020,25,Det,1,1,3198053
25,,Crowell,Street,Hempstead,11550,299000,233000,Cape,3,1.500,"Full,Unfinished",1 Car Attached,1,13027.00,CL,7/25/2018,7/25/2019,11/08/2018,12/19/2018,106,Det,1,1,3051494
5,,Winthrop,Street,Hempstead,11550,335000,280000,Cape,4,3.000,"Full,Finished",1 Car Attached,1,18170.74,CL,4/01/2019,9/30/2019,4/19/2019,8/22/2019,18,Det,1,1,3114606
6,,Angevine,Avenue,Hempstead,11550,279900,265000,Colonial,3,3.000,Full,,1,20582.46,CL,2/11/2019,12/31/2019,4/18/2019,5/21/2019,65,Det,1,1,3100384
109,,Stewart,Avenue,Hempstead,11550,299000,240000,Cape,3,1.500,"Full,Partially Finished",1 Car Detached,1,14022.33,CL,10/25/2018,10/25/2019,9/09/2019,11/19/2019,319,Det,1,1,3076252
11,,Stowe,Place,Hempstead,11550,219000,200000,Colonial,4,2.000,Full,,1,13507.00,CL,11/12/2018,2/12/2019,12/07/2018,1/04/2019,25,Det,1,1,3080636
170,,Grant,Street,Westbury,11590,255000,250000,Colonial,3,1.000,"Crawl,Unfinished",,1,7855.02,CL,7/05/2017,2/01/2018,1/25/2018,7/10/2018,204,Det,1,1,2952320
28,,Commander,Avenue,Hempstead,11550,268888,255000,Cape,4,2.000,"None,Unfinished",,1,10265.00,CL,10/06/2017,1/31/2018,11/27/2017,1/19/2018,52,Det,1,1,2976853
245,,Yale,Street,Hempstead,11550,279900,279900,Colonial,3,1.000,"Full,Partially Finished",,1,13478.59,CL,8/17/2016,4/15/2017,12/20/2016,3/29/2017,125,Det,1,1,2877436
85,,Pennsylvania,Avenue,Hempstead,11550,300000,300000,Colonial,3,1.500,"Full,Unfinished",1 Car Detached,1,12800.00,CL,3/20/2018,6/20/2018,3/20/2018,3/23/2018,0,Det,1,1,*1309933
111,,Peters,Avenue,Hempstead,11550,269000,270000,Colonial,4,2.000,"Full,Finished",1 Car Detached,1,12907.00,CL,11/26/2019,8/08/2020,12/13/2019,3/17/2020,17,Det,1,1,3182914
10,,Wellington,Place,Hempstead,11550,279000,270000,Cape,3,2.000,"Full,Unfinished",1 Car Detached,1,12540.00,CL,3/29/2017,12/29/2017,12/05/2017,2/09/2018,251,Det,1,1,2925078
4,,Juniper,Lane,Westbury,11590,265000,265000,Cape,4,1.000,"None,Unfinished",,1,7764.21,CL,3/05/2016,6/30/2017,6/02/2016,3/31/2017,88,Det,1,1,2833483
62,,Warner,Avenue,Hempstead,11550,148000,143000,Cape,4,2.000,"Full,Finished",,1,14263.00,CL,3/01/2016,8/31/2017,6/15/2017,6/15/2017,470,Det,1,1,2831894
44,,Remsen,Avenue,Hempstead,11550,208888,300000,2 Story,3,1.500,"Full,Finished",,1,13896.00,CL,6/23/2017,6/23/2018,7/24/2017,11/03/2017,31,Det,1,1,2949701
18,,Evans,Avenue,Hempstead,11550,275000,290000,Ranch,6,2.000,"Full,Unfinished",1 Car Attached,1,10222.01,CL,1/27/2017,7/31/2017,3/17/2017,7/13/2017,48,Det,2,2,*1274419
124,,Cruikshank,Avenue,Hempstead,11550,299000,295000,Colonial,4,2.000,"Full,Unfinished",,1,11166.42,CL,2/21/2017,1/15/2018,3/23/2017,5/26/2017,29,Det,1,1,*1276255
242,,Kinkel,Street,Westbury,11590,289000,230000,Split Level,3,2.000,"Partial,Unfinished",Attached,1,10037.00,CL,8/17/2017,8/17/2019,10/06/2017,11/17/2017,50,Det,1,1,*1293366
166,,Lanier,Place,Westbury,11590,349000,285000,Colonial,3,1.000,"Partial,Unfinished",1 Car Detached,1,10271.83,CL,8/30/2017,11/30/2018,7/16/2018,10/04/2018,320,Det,1,1,*1294305
61,,Willow,Avenue,Hempstead,11550,120000,120000,Townhouse,4,1.500,"None,Unfinished",,1,10436.00,CL,9/26/2018,9/26/2019,11/26/2018,12/17/2018,61,Det,1,1,*1327582
161,,New York,Avenue,Westbury,11590,249990,240000,Split Level,4,2.000,"Partial,Unfinished",,1,11500.00,CL,1/07/2019,12/31/2019,4/23/2019,4/25/2019,105,Det,1,1,*1334434
24,,Cross,Street,Sea Cliff,11579,225000,195000,Bungalow,2,1.000,"Full,Unfinished",,1,8047.14,CL,2/04/2019,2/28/2019,2/04/2019,2/04/2019,0,Det,1,1,*1336401
133,,Elmwood,Street,Westbury,11590,279999,260000,Colonial,3,1.500,Full,2 Car Detached,1,8369.92,CL,3/19/2019,9/30/2019,4/04/2019,8/09/2019,16,Det,1,1,*1340619
79,,Burnett,Street,Hempstead,11550,299000,279500,Cape,4,1.000,"Full,Unfinished",,1,15405.81,CL,4/29/2019,10/28/2019,5/18/2019,7/05/2019,19,Det,1,1,*1344848
12,,Willow,Avenue,Hempstead,11550,250000,240000,Colonial,4,2.000,Full,,1,16964.00,CL,10/10/2019,10/01/2020,10/28/2019,12/27/2019,18,Det,1,1,*1359835
71,,Lincoln,Boulevard,Hempstead,11550,149900,170000,Colonial,3,1.000,"Partial,Unfinished",1 Car Detached,1,15500.00,CL,10/22/2019,1/31/2020,12/14/2019,1/09/2020,53,Det,1,1,*1360641
143,,Carolina,Avenue,Hempstead,11550,279000,272500,Colonial,3,1.500,"Partial,Unfinished",1 Car Attached,1,12500.00,CL,6/29/2015,12/31/2015,6/28/2017,9/27/2017,730,Det,1,1,2776558
39,,Maryland,Avenue,Hempstead,11550,236500,125000,Colonial,6,2.000,"Full,Unfinished",,1,14105.03,CL,7/14/2015,7/31/2017,12/13/2016,10/25/2017,518,Det,1,1,2780596
224,,Costar,Street,Westbury,11590,249000,240000,Cape,4,2.000,"Full,Finished",,1,11118.42,CL,10/10/2015,9/01/2016,9/18/2016,8/23/2017,344,Det,1,1,2802785
24,,Willow,Avenue,Hempstead,11550,285000,273000,Colonial,4,1.500,"Full,Finished",2 Car Detached,1,15351.99,CL,12/30/2015,4/30/2017,11/22/2016,5/17/2017,328,Det,1,1,2818286
36,,Harvard,Street,Hempstead,11550,249000,235000,Ranch,5,2.000,"Full,Finished",,1,10700.00,CL,1/06/2016,12/31/2017,9/29/2017,1/05/2018,631,Det,1,1,2819934
240,S,Franklin,Street,Hempstead,11550,169000,150000,Colonial,2,1.000,"Full,Unfinished",,1,9861.14,CL,3/09/2016,3/31/2017,3/21/2017,7/13/2017,376,Det,1,1,2834471
84-86,S,Franklin,Street,Hempstead,11550,305000,280000,Colonial,4,4.000,"Full,Unfinished",,1,23577.33,CL,3/22/2016,12/31/2016,2/24/2017,3/30/2017,339,Att,4,4,2837908
9,,Weekes,Avenue,Hempstead,11550,199000,197000,Colonial,2,1.000,"Full,Unfinished",,1,11096.56,CL,4/26/2016,8/10/2018,2/13/2018,4/11/2018,658,Det,1,1,2847685
116,,Linden,Avenue,Hempstead,11550,239990,225000,Colonial,4,2.000,"Full,Unfinished",,1,14308.94,CL,5/04/2016,9/28/2016,11/04/2016,11/03/2017,184,Det,2,2,2850395
15,,Madison,Avenue,Hempstead,11550,319000,295000,Cape,3,1.000,"Full,Finished",1 Car Detached,1,12582.00,CL,6/17/2016,12/17/2017,4/22/2017,6/27/2017,309,Det,1,1,2862222
43,,Gladys,Avenue,Hempstead,11550,229000,263304,Other,3,2.500,"Full,Partially Finished",1 Car Detached,1,14000.00,CL,6/21/2016,12/31/2016,6/19/2017,10/19/2017,363,Det,1,1,2863202
76,,Fairview,Boulevard,Hempstead,11550,185250,160000,Colonial,5,2.000,"Full,Finished",,1,30543.00,CL,7/05/2016,12/15/2016,10/24/2016,5/03/2017,111,Det,1,2,2866464
195,,Kinkel,Street,Westbury,11590,219000,225000,Ranch,3,1.000,Full,,1,9864.48,CL,7/14/2016,6/30/2017,8/24/2016,5/11/2017,41,Det,1,1,2868873
28,,Crowell,,Hempstead,11550,239990,216000,Colonial,3,1.000,Full,,1,13493.64,CL,8/01/2016,8/31/2018,10/18/2017,1/23/2018,443,Det,1,1,2873883
38,,William,Street,Hempstead,11550,185000,185000,Colonial,3,2.000,Full,,1,10800.00,CL,9/28/2016,9/28/2017,1/28/2017,10/19/2017,122,Det,1,1,2886715
250,,Stewart,Avenue,Hempstead,11550,299000,299999,Raised Ranch,4,2.000,Full,,1,13600.00,CL,11/01/2016,11/01/2017,3/01/2017,4/06/2017,120,Det,1,1,2893772
180,,Mason,Street,Hempstead,11550,245000,240000,Cape,3,2.000,"Full,Finished",,1,12000.00,CL,11/07/2016,11/06/2017,2/22/2017,6/05/2017,107,Det,1,1,2894946
2,,Wellington,Place,Hempstead,11550,196500,196000,Colonial,3,1.500,"Full,Unfinished",,1,10445.00,CL,11/18/2016,11/18/2017,1/12/2017,6/07/2017,55,Det,1,1,2897386
17,,Dogwood,Lane,Westbury,11590,245900,256420,Cape,3,1.000,"None,Unfinished",1 Car Detached,1,6834.00,CL,11/21/2016,12/21/2017,3/02/2017,5/24/2017,101,Det,1,1,2897905
106,,Manor,Avenue,Hempstead,11550,265000,245000,Colonial,4,1.500,Full,1 Car Attached,1,15286.50,CL,12/27/2016,4/27/2017,3/03/2017,3/31/2017,66,Det,1,1,2903473
252,,Fairview,Boulevard,Hempstead,11550,230000,212500,Cape,4,2.000,"Full,Finished",1 Car Attached,1,13399.12,CL,1/20/2017,12/31/2017,2/15/2017,8/14/2017,26,Det,1,1,2908167
90,,Glenmore,Avenue,Hempstead,11550,214900,226000,Exp Cape,3,1.000,Full,,1,15964.19,CL,1/24/2017,5/17/2017,4/03/2017,4/21/2017,68,Det,1,1,2908830
217,,Rushmore,Street,Westbury,11590,299900,300000,Hi Ranch,6,1.550,"None,Unfinished",1 Car Attached,1,8500.00,CL,2/02/2017,12/31/2017,3/07/2017,6/28/2017,33,Det,1,1,2911119
52,,Oakland,Street,Hempstead,11550,289900,282250,Exp Cape,4,2.000,"Full,Finished",,1,15333.75,CL,2/01/2017,8/01/2017,7/15/2017,9/29/2017,163,Det,1,1,2912317
11,,Martin,Avenue,Hempstead,11550,285000,285000,Colonial,4,2.000,"Full,Partially Finished",1 Car Attached,1,13764.90,CL,2/09/2017,5/31/2018,2/24/2017,7/19/2017,15,Det,1,1,2912710
76,,Burr,Avenue,Hempstead,11550,182000,180000,Colonial,3,2.000,"Full,Unfinished",1 Car Detached,1,14863.38,CL,2/14/2017,6/01/2017,3/13/2017,5/30/2017,26,Det,1,1,2913652
21,,Green,Avenue,Hempstead,11550,164900,180000,Colonial,3,2.000,Full,,1,8307.99,CL,2/15/2017,6/15/2017,3/28/2017,6/13/2017,40,Det,1,1,2914396
869,,Oliver,Avenue,Westbury,11590,258700,254234,Colonial,5,3.000,"Full,Unfinished",,1,2558.00,CL,2/22/2017,12/19/2017,2/28/2017,4/12/2017,6,Det,1,1,2915578
203,,Washington,Street,Hempstead,11550,235300,215123,Colonial,4,2.000,"None,Unfinished",,1,11199.00,CL,2/22/2017,4/03/2019,4/13/2018,11/29/2018,415,Det,1,1,2915681
24,,Hudson,Place,Hempstead,11550,175000,175000,Ranch,3,1.000,"Full,Unfinished",1 Car Detached,1,12604.32,CL,2/24/2017,2/21/2018,7/26/2017,2/01/2018,151,Det,1,1,2916211
728,,Broadway,,Westbury,11590,260000,258000,Cape,4,1.000,Full,,1,10943.00,CL,3/05/2017,6/03/2017,3/29/2017,5/02/2017,23,Det,1,1,2918654
244,E,Columbia,Street,Hempstead,11550,299999,170000,Colonial,3,1.500,Full,,1,8628.00,CL,3/14/2017,3/15/2018,5/30/2017,9/13/2017,77,Det,1,1,2921043
303,E,Columbia,Street,Hempstead,11550,299000,299000,Colonial,3,1.000,"Full,Finished",,1,12036.85,CL,3/20/2017,9/16/2017,5/15/2017,8/09/2017,56,Det,1,1,2922472
10,,Kendig,Place,Hempstead,11550,133000,140000,Colonial,3,2.000,"Full,Unfinished",1 Car Detached,1,15284.77,CL,3/19/2017,6/26/2017,4/21/2017,6/19/2017,33,Det,1,1,2922673
40,,Wellington,Street,Hempstead,11550,240000,240000,Ranch,3,1.000,Full,,1,13152.67,CL,3/21/2017,1/31/2018,8/13/2017,2/23/2018,145,Det,1,1,2922955
1228,,Grand,Street,Westbury,11590,229000,213000,Colonial,3,1.500,"Full,Unfinished",,1,9792.07,CL,3/25/2017,7/24/2017,6/06/2017,7/03/2017,73,Det,1,1,2924019
24,,Morton,Avenue,Hempstead,11550,249900,250000,Colonial,3,1.000,"Full,Partially Finished",2 Car Detached,1,10455.20,CL,4/01/2017,1/01/2018,8/07/2017,2/16/2018,128,Det,1,1,2925832
612,,Lowell,Street,Westbury,11590,275000,295000,2 Story,3,2.000,"Full,Unfinished",1 Car Detached,1,12075.00,CL,4/03/2017,4/03/2018,5/17/2017,6/30/2017,44,Det,1,1,2926522
408,,Greenwich,Street,Hempstead,11550,240000,270000,Cape,3,1.000,"Full,Finished",,1,11061.58,CL,4/05/2017,9/18/2017,4/28/2017,7/06/2017,23,Det,1,1,2926954
31,,Moore,Avenue,Hempstead,11550,219000,205000,Hi Ranch,3,1.000,Full,,1,9025.34,CL,4/11/2017,4/11/2018,5/18/2017,8/18/2017,37,Det,1,1,2928430
217,,Cornell,Street,Hempstead,11550,275000,240000,2 Story,4,2.000,"None,Unfinished",,1,13950.00,CL,4/12/2017,8/01/2017,7/28/2017,10/20/2017,107,Det,2,2,2928763
54,,Burr,Avenue,Hempstead,11550,247500,247500,Tudor,3,1.000,"Full,Finished",1 Car Detached,1,16106.90,CL,4/13/2017,7/13/2017,6/16/2017,8/28/2017,64,Det,1,1,2929318
1003,,Railroad,Avenue,Westbury,11590,224900,214000,Ranch,3,1.500,"None,Unfinished",,1,8687.46,CL,4/17/2017,6/07/2017,5/29/2017,5/30/2017,42,Det,1,1,2929686
137,,Botsford,Street,Hempstead,11550,139000,125000,Colonial,2,1.000,"Full,Unfinished",1 Car Detached,1,13534.12,CL,4/17/2017,7/14/2017,5/04/2017,6/02/2017,17,Det,1,1,2929705
159,,Rhodes,Avenue,Hempstead,11550,299000,285000,Colonial,2,1.500,"Full,Finished",,1,13001.94,CL,4/17/2017,12/31/2017,5/18/2017,8/29/2017,31,Det,1,1,2929762
78,,Laurel,Avenue,Hempstead,11550,285000,265000,Duplex,6,2.000,"Full,Unfinished",,1,15022.00,CL,5/09/2017,8/09/2017,5/10/2017,9/11/2017,1,Det,2,2,2936755
29,,Angevine,Avenue,Hempstead,11550,249000,235000,Exp Cape,4,1.500,"Full,Finished",1 Car Attached,1,17002.51,CL,5/18/2017,5/03/2018,6/07/2017,8/03/2017,20,Det,1,1,2939601
48,,Thorne,Avenue,Hempstead,11550,299000,292000,Other,5,2.500,"Full,Unfinished",1 Car Detached,1,17997.66,CL,5/19/2017,7/31/2018,2/13/2018,5/29/2018,270,Det,2,2,2939998
26,,Phoenix,Street,Hempstead,11550,439000,270000,Colonial,6,2.500,"Full,Finished",1 Car Detached,1,10169.00,CL,5/22/2017,5/22/2018,9/08/2017,12/28/2017,109,Det,1,2,2940454
147,,Amherst,Street,Hempstead,11550,285000,265000,Hi Ranch,4,2.000,"Full,Finished",,1,8845.00,CL,5/23/2017,6/23/2018,6/23/2017,7/26/2017,31,Det,1,1,2940935
226,,Siegel,Street,Westbury,11590,239000,226000,Cape,4,1.500,"Full,Unfinished",,1,12889.55,CL,6/05/2017,10/05/2017,6/26/2017,6/27/2017,21,Det,1,1,2944675
26,,Miller,Place,Hempstead,11550,130000,207000,Colonial,3,2.000,Partial,,1,8163.00,CL,6/13/2017,6/13/2018,1/23/2018,1/23/2018,224,Det,1,1,2946732
10,,Rose,Avenue,Hempstead,11550,99400,101100,Cape,4,2.000,"Full,Unfinished",1 Car Detached,1,14217.54,CL,6/14/2017,9/12/2017,6/21/2017,7/28/2017,7,Det,1,1,2947226
731,,Franklin,Street,Westbury,11590,259900,225000,Splanch,3,2.500,"Partial,Unfinished",2 Car Attached,1,15209.00,CL,6/15/2017,6/15/2018,7/05/2017,9/15/2017,20,Det,1,1,2947778
145,,W Marshall,Street,Hempstead,11550,214000,182000,Cape,3,2.000,"Full,Unfinished",1 Car Detached,1,7558.00,CL,6/22/2017,10/22/2017,9/26/2017,10/26/2017,96,Det,1,1,2949527
76,E,Marshall,Street,Hempstead,11550,213200,213300,Cape,4,1.500,Full,,1,8083.00,CL,6/29/2017,12/27/2017,12/05/2017,1/12/2018,159,Det,1,1,2951804
240,,Wilson,Avenue,Westbury,11590,264900,285000,Colonial,4,2.500,"Full,Finished",2 Car Detached,1,12339.64,CL,7/26/2017,10/26/2017,9/21/2017,9/28/2017,57,Det,1,1,2958444
78,,Tennessee,Avenue,Hempstead,11550,170000,186500,Colonial,3,1.500,"Full,Unfinished",1 Car Detached,1,8355.38,CL,7/26/2017,11/26/2017,8/22/2017,9/15/2017,27,Det,1,1,2958529
106,,Henry,Street,Hempstead,11550,109900,128000,Colonial,4,2.000,"Full,Partially Finished",,1,11622.00,CL,7/28/2017,1/27/2018,8/31/2017,11/02/2017,34,Det,1,1,2959028
87,,Peters,Avenue,Hempstead,11550,199000,200000,Ranch,3,1.500,"Full,Finished",,1,12770.00,CL,8/13/2017,1/15/2018,12/04/2017,6/06/2018,113,Det,1,1,2963020
274,,Rhodes,Avenue,Hempstead,11550,269000,240000,Cape,4,1.000,"Full,Unfinished",,1,13691.11,CL,8/25/2017,2/18/2018,10/20/2017,1/05/2018,56,Det,1,1,2966023
115,W,Marshall,Street,Hempstead,11550,199900,190000,Colonial,4,1.500,"Partial,Unfinished",,1,16272.09,CL,9/07/2017,1/07/2018,12/22/2017,2/08/2018,106,Det,1,1,2969177
33,,Dorlon,Street,Hempstead,11550,229400,200000,Cape,5,2.500,"Full,Partially Finished",,1,15547.21,CL,9/18/2017,2/08/2018,12/26/2017,1/12/2018,99,Det,1,1,2971810
12,E,Marshall,Street,Hempstead,11550,287000,239000,Colonial,6,3.000,"Full,Unfinished",,1,16368.00,CL,10/03/2017,10/03/2018,5/05/2018,6/13/2018,214,Det,2,2,2975956
17,,Hedgeway,Court,Hempstead,11550,289000,250000,Colonial,3,1.500,"Full,Partially Finished",2 Car Detached,1,18510.00,CL,10/12/2017,11/30/2018,12/29/2017,6/22/2018,78,Det,1,1,2978016
239,,Bennett,Avenue,Hempstead,11550,154900,180000,Colonial,3,1.000,"Full,Partially Finished",1 Car Detached,1,8600.00,CL,11/07/2017,3/07/2018,1/09/2018,2/23/2018,63,Det,1,1,2984302
314,,Washington,Street,Hempstead,11550,199900,215000,Colonial,6,2.000,"Full,Unfinished",1 Car Detached,1,17469.85,CL,11/14/2017,4/13/2018,12/08/2017,1/02/2018,24,Att,1,1,2985830
98,,Altamont,Avenue,Sea Cliff,11579,399000,260000,Colonial,2,1.500,"Full,Finished",,1,9381.83,CL,11/15/2017,11/30/2018,12/04/2017,2/08/2018,19,Det,1,1,2986028
63,,California,Avenue,Hempstead,11550,120000,90000,Cape,4,2.000,"None,Unfinished",1 Car Detached,1,7690.00,CL,11/15/2017,11/15/2019,12/04/2017,5/07/2018,19,Det,1,1,2986044
99,,12th,Avenue,Sea Cliff,11579,300000,300000,Cottage,1,1.000,"Full,Unfinished",,1,9784.00,CL,11/18/2017,5/11/2018,12/14/2017,1/19/2018,26,Det,1,1,2986631
1011,,Broadway,,Westbury,11590,190000,195000,Ranch,3,1.000,Full,,1,11263.00,CL,11/30/2017,4/27/2018,2/08/2018,3/26/2018,70,Det,1,1,2989009
73,,Harriet,Avenue,Hempstead,11550,194900,197000,Cape,4,1.000,"Full,Unfinished",,1,8166.00,CL,12/07/2017,3/07/2018,1/08/2018,1/30/2018,32,Det,1,1,2990326
47,,Gladys,Avenue,Hempstead,11550,209900,209900,Colonial,4,1.000,"Full,Unfinished",2 Car Attached,1,14856.07,CL,1/02/2018,8/08/2018,6/20/2018,7/13/2018,168,Det,1,1,2994207
102,,Linden,Avenue,Hempstead,11550,189950,185000,Duplex,4,2.000,"Full,Unfinished",2 Car Detached,1,29226.56,CL,1/02/2018,6/30/2019,5/14/2019,6/11/2019,496,Det,2,2,2994294
25,,Eldridge,Avenue,Hempstead,11550,180000,220000,Colonial,3,1.500,Full,,1,10554.00,CL,1/25/2018,1/25/2019,2/22/2018,7/30/2018,28,Det,1,1,2999273
56,,Stewart,Avenue,Hempstead,11550,199900,193000,Colonial,3,2.550,"Full,Partially Finished",,1,9481.00,CL,1/24/2018,4/24/2018,2/09/2018,3/26/2018,16,Det,1,1,2999458
26,W,Marshall,Street,Hempstead,11550,309999,296000,Split Level,4,2.000,"Full,Unfinished",,1,16855.73,CL,1/31/2018,8/31/2018,3/30/2018,5/25/2018,57,Det,1,1,3000632
147,,Elizabeth,Avenue,Hempstead,11550,174900,176400,Colonial,3,1.500,"Full,Unfinished",1 Car Detached,1,9214.00,CL,2/26/2018,2/23/2019,3/09/2018,5/31/2018,11,Det,1,1,3007280
135,,Allen,Street,Hempstead,11550,245000,250000,Cape,4,2.000,"Full,Unfinished",,1,14382.16,CL,3/02/2018,3/02/2019,5/17/2018,10/30/2018,75,Det,1,1,3009071
129,,Allen,Street,Hempstead,11550,220000,215000,Ranch,3,1.000,"Full,Unfinished",,1,13687.12,CL,3/02/2018,3/02/2019,5/17/2018,1/22/2019,75,Det,1,1,3009072
4,,Saratoga,Circle,Hempstead,11550,350000,280000,Ranch,3,2.000,"None,Unfinished",,1,13200.27,CL,3/08/2018,7/31/2019,3/25/2019,4/09/2019,381,Det,1,1,3010362
159,,Elizabeth,Street,Westbury,11590,449000,298750,Hi Ranch,4,2.000,"None,Unfinished",1 Car Attached,1,10928.00,CL,3/26/2018,4/17/2018,4/13/2018,12/17/2018,18,Det,1,1,3014865
35,,Crowell,Street,Hempstead,11550,299000,299000,Cape,3,2.000,Full,,1,13052.00,CL,4/06/2018,10/06/2018,5/01/2018,7/30/2018,25,Det,1,1,3018092
96,,Willow,Avenue,Hempstead,11550,288888,270000,Colonial,4,1.000,"Full,Finished",,1,11606.94,CL,4/10/2018,4/10/2019,6/15/2018,7/25/2018,66,Det,1,1,3019301
30,,Sutton,Street,Hempstead,11550,249900,288750,Hi Ranch,4,2.000,"None,Unfinished",1 Car Attached,1,15918.29,CL,4/12/2018,7/12/2018,5/22/2018,7/17/2018,40,Det,1,1,3020414
84,,Dartmouth,Street,Hempstead,11550,278000,285000,Ranch,3,1.000,"Full,Finished",1 Car Attached,1,14323.00,CL,4/17/2018,10/16/2018,8/30/2018,10/25/2018,135,Det,1,1,3021368
311,,Yale,Street,Hempstead,11550,259000,220000,Colonial,3,2.000,"Full,Partially Finished",1 Car Detached,1,13583.00,CL,4/18/2018,2/23/2019,6/25/2018,8/20/2018,68,Det,1,1,3021770
6,,Peters,Avenue,Hempstead,11550,159900,150000,Cape,5,3.000,"Full,Finished",,1,12500.00,CL,4/18/2018,4/18/2019,5/02/2018,12/06/2018,14,Det,1,1,3022197
97,,Albemarle,Avenue,Hempstead,11550,169900,161500,Colonial,4,2.000,Full,2 Car Detached,1,12647.16,CL,4/27/2018,7/26/2018,5/29/2018,8/06/2018,32,Det,1,1,3024637
11,,Stanley,Place,Hempstead,11550,269900,255000,Colonial,3,1.500,Full,,1,15996.00,CL,4/30/2018,9/28/2018,7/13/2018,8/20/2018,74,Det,1,1,3025352
96,,Westbury,Boulevard,Hempstead,11550,215000,150000,Ranch,2,1.000,"Full,Unfinished",,1,11068.31,CL,5/10/2018,12/31/2018,6/05/2018,7/10/2018,26,Det,1,1,3029075
521,,Lowell,Street,Westbury,11590,211200,215080,Cape,4,2.000,"Full,Finished",1 Car Detached,1,9668.00,CL,5/14/2018,5/09/2019,8/31/2018,5/29/2019,109,Det,1,1,3029776
91,W,Marshal,Avenue,Hempstead,11550,139000,130000,Cape,4,2.000,"Full,Finished",,1,9852.00,CL,5/15/2018,12/22/2019,5/20/2018,7/20/2018,5,Det,1,2,3030267
19,,Circle,Drive,Hempstead,11550,215000,220000,Cape,4,1.000,"Full,Partially Finished",,1,7425.00,CL,5/29/2018,5/06/2019,12/07/2018,12/14/2018,192,Det,1,1,3034181
57,,Vermont,Avenue,Hempstead,11550,189900,180000,Colonial,3,1.000,"Full,Unfinished",,1,13830.32,CL,6/01/2018,1/16/2019,10/18/2018,11/27/2018,139,Det,1,1,3035684
437,,Baldwin,Road,Hempstead,11550,190000,200000,Cape,4,2.000,"None,Unfinished",1 Car Attached,1,12939.98,CL,6/18/2018,10/15/2018,6/27/2018,7/27/2018,9,Det,1,1,3040430
30,,Barrington,Street,Westbury,11590,278000,288000,Ranch,4,2.000,"None,Unfinished",,1,13700.00,CL,6/26/2018,5/06/2019,4/19/2019,4/30/2019,297,Det,1,1,3043342
2,,Wellington,Place,Hempstead,11550,290000,290000,Cape,3,1.500,"Full,Finished",,1,11500.00,CL,6/30/2018,9/29/2018,8/03/2018,10/25/2018,34,Det,1,1,3044463
28,,Moore,,Hempstead,11550,142500,136000,Colonial,3,1.500,"Full,Unfinished",1 Car Detached,1,16760.00,CL,7/17/2018,7/17/2019,8/15/2018,9/25/2018,29,Det,1,1,3049165
20,,Bernhard,Street,Hempstead,11550,280250,235000,Colonial,3,1.500,"Full,Partially Finished",None,1,13553.23,CL,7/23/2018,5/31/2019,10/31/2018,2/19/2019,100,Det,1,1,3050992
96,,Westbury,Boulevard,Hempstead,11550,289000,289000,Ranch,2,2.000,"Full,Finished",,1,10945.38,Cl,7/30/2018,7/31/2019,11/14/2018,2/13/2019,107,Det,1,1,3053213
22,,Catherine,Street,Hempstead,11550,299000,270000,Colonial,3,2.000,"Full,Partially Finished",,1,15135.02,CL,8/07/2018,11/05/2018,9/22/2018,10/18/2018,46,Det,1,1,3055915
12,,Liberty,Court,Hempstead,11550,249000,235000,Ranch,2,1.000,"Full,Finished",2 Car Detached,1,8673.00,CL,8/12/2018,12/31/2018,8/24/2018,10/19/2018,12,Det,1,1,3056627
25,,Booth,Street,Hempstead,11550,249900,235000,Other,5,3.000,"Full,Finished",,1,13850.82,CL,9/05/2018,12/05/2018,10/12/2018,11/27/2018,37,Det,1,1,3062618
24,,Byrd,Street,Hempstead,11550,269900,250000,Ranch,2,1.000,"None,Unfinished",,1,9958.78,CL,9/06/2018,9/07/2019,9/28/2018,12/11/2018,22,Det,1,1,3063321
215,,Swalm,Street,Westbury,11590,279900,260000,Colonial,3,1.500,"Full,Partially Finished",,1,9040.28,CL,9/11/2018,3/11/2019,12/27/2018,2/08/2019,107,Att,1,1,3064347
20,,Barrington,Street,Westbury,11590,299000,295000,Cape,4,1.000,"None,Unfinished",1 Car Attached,1,11926.36,CL,9/12/2018,12/12/2018,11/17/2018,1/15/2019,66,Det,1,1,3064485
29,,Elm,Avenue,Hempstead,11550,199000,210000,Colonial,5,2.000,"Full,Unfinished",,1,14978.69,CL,9/12/2018,3/12/2019,3/06/2019,3/29/2019,175,Det,1,1,3065231
64,,Parsons,Drive,Hempstead,11550,229900,241000,Colonial,3,3.000,"Partial,Unfinished",,1,14024.00,CL,9/18/2018,12/17/2018,10/11/2018,10/31/2018,23,Det,1,1,3066417
693,,Midwood,Street,Uniondale,11553,299000,250000,Cape,3,1.000,"Full,Unfinished",1 Car Detached,1,3422.00,CL,10/01/2018,10/01/2019,10/16/2018,10/30/2018,15,Det,1,1,3069538
29,,Sammis,Place,Hempstead,11550,290975,290000,Colonial,2,1.500,"Full,Unfinished",,1,10588.54,CL,10/03/2018,5/03/2019,11/27/2018,12/21/2018,55,Det,1,1,3070580
71,,Burr,Avenue,Hempstead,11550,199000,175000,Colonial,3,1.000,"Full,Unfinished",,1,14935.45,CL,10/24/2018,10/31/2019,10/26/2018,2/07/2019,2,Det,1,1,3076089
71,,Eldridge,Avenue,Hempstead,11550,199000,150000,Townhouse,4,2.500,"Full,Unfinished",,1,11792.00,CL,10/01/2018,9/30/2019,11/08/2018,7/11/2019,38,Det,1,1,3076184
113,,Pennsylvania,Avenue,Hempstead,11550,287000,280000,Ranch,3,2.000,"None,Unfinished",,1,12711.00,CL,11/06/2018,10/06/2019,12/03/2018,1/24/2019,27,Det,1,1,3079250
133,,Baldwin,Road,Hempstead,11550,215000,222500,Colonial,4,2.500,"Full,Finished",,1,16604.36,CL,11/14/2018,10/01/2019,7/26/2019,9/09/2019,253,Det,1,1,3081342
19,,Brown,Avenue,Hempstead,11550,239900,230304,Cape,4,1.500,Full,,1,16214.75,CL,11/14/2018,3/16/2019,2/11/2019,3/01/2019,89,Det,1,1,3081865
88,,Laurel,Avenue,Hempstead,11550,225000,215000,Colonial,4,2.500,"Full,Partially Finished",,1,14000.00,CL,11/23/2018,12/23/2018,11/28/2018,2/07/2019,5,Det,1,1,3082875
9,,Thorne,Avenue,Hempstead,11550,258965,252500,Colonial,3,2.000,"None,Unfinished",1 Car Detached,1,10014.00,Cl,11/29/2018,11/29/2019,2/15/2019,2/27/2019,78,Det,1,1,3084336
54,,Botsford,Street,Hempstead,11550,250000,300000,Colonial,8,3.500,"Full,Partially Finished",2 Car Detached,1,27949.23,CL,12/11/2018,12/11/2019,3/12/2019,8/15/2019,90,Det,3,3,3086432
190,,Cornell,Street,Hempstead,11550,169950,167000,Ranch,3,1.000,Full,,1,6900.00,CL,1/15/2019,2/28/2019,2/22/2019,4/02/2019,38,Det,1,1,3093509
199,,State,Street,Westbury,11590,249990,266000,Split Level,3,2.000,"Full,Partially Finished",,1,13150.00,CL,2/02/2019,7/31/2019,3/13/2019,5/14/2019,38,Det,1,1,3098113
106,W,Marshall,Street,Hempstead,11550,219900,225000,Cape,3,2.000,"Full,Partially Finished",1 Car Detached,1,11996.78,CL,2/06/2019,5/07/2019,2/19/2019,3/08/2019,13,Det,1,1,3099458
32,,Carolina,Avenue,Hempstead,11550,370000,268055,Colonial,3,1.500,Full,1 Car Attached,1,12052.00,CL,2/08/2019,5/08/2019,4/22/2019,5/15/2019,72,Det,1,1,3099802
49,,Marvin,Avenue,Hempstead,11550,274900,241007,Colonial,4,1.000,"Full,Unfinished",2 Car Detached,1,19518.04,CL,2/20/2019,5/21/2019,3/20/2019,4/17/2019,27,Det,1,1,3102891
126,,Terrace,Avenue,Hempstead,11550,194900,189000,Colonial,3,2.000,"Full,Unfinished",1 Car Detached,1,15592.00,CL,2/22/2019,8/22/2019,5/31/2019,6/03/2019,97,Det,1,1,3103522
4,,Bramble,Lane,Westbury,11590,294900,276000,Cape,4,1.000,"None,Unfinished",1 Car Attached,1,10324.44,CL,3/06/2019,7/15/2019,6/07/2019,6/28/2019,92,Det,1,1,3107514
51,,Willow,Avenue,Hempstead,11550,189900,190000,Cape,4,2.000,"Full,Unfinished",2 Car Detached,1,29452.68,CL,3/11/2019,10/14/2019,8/28/2019,9/16/2019,170,Det,1,1,3108747
179,,Grant,Street,Westbury,11590,179500,125755,Ranch,3,1.000,"Partial,Partially Finished",,1,7431.00,CL,3/14/2019,3/12/2020,3/25/2019,7/10/2019,11,Det,1,1,3109214
233,,Sylvester,Street,Westbury,11590,269000,257000,Ranch,3,2.000,"Full,Finished",,1,12635.60,CL,3/14/2019,6/05/2019,4/02/2019,4/18/2019,19,Det,1,1,3109248
227,,Brook,Street,Westbury,11590,339000,265000,Other,5,2.000,"Partial,Unfinished",,1,11900.00,CL,3/28/2019,3/01/2020,4/10/2019,6/20/2019,13,Det,2,2,3113364
209,,Washington,Street,Hempstead,11550,230000,284500,Duplex,6,3.000,"Full,Finished",1 Car Detached,1,19589.96,CL,3/29/2019,3/27/2020,5/14/2019,10/24/2019,46,Det,2,2,3113651
240,,Bennett,Avenue,Hempstead,11550,156550,179501,Ranch,4,2.000,"Crawl,Unfinished",,1,9761.15,CL,4/03/2019,4/03/2020,5/23/2019,7/15/2019,50,Det,1,1,3115586
344,,Rose,Place,Westbury,11590,284900,295000,Cape,5,2.000,Full,2 Car Detached,1,12434.20,CL,4/03/2019,7/05/2019,4/12/2019,5/14/2019,9,Det,1,1,3115679
250,,Yale,Street,Hempstead,11550,249000,260000,Colonial,3,2.500,Full,1 Car Detached,1,15669.95,CL,4/04/2019,9/24/2019,5/28/2019,10/17/2019,54,Det,1,1,3115729
33,,Roosevelt,Street,Hempstead,11550,212212,195000,Ranch,3,1.000,"None,Unfinished",,1,13330.00,CL,4/10/2019,4/30/2020,5/22/2019,11/06/2019,42,Det,1,1,3118144
59,,Virginia,Avenue,Hempstead,11550,244900,247000,Cape,4,2.000,"Full,Partially Finished",,1,5784.00,CL,4/16/2019,7/16/2019,5/28/2019,2/24/2020,42,Det,1,1,3119757
130,,Terrace,Avenue,Hempstead,11550,100900,131000,Colonial,0,0.000,Full,,1,13850.15,CL,4/17/2019,6/01/2019,5/06/2019,6/28/2019,19,Det,1,0,3120185
11,,Fairview,Boulevard,Hempstead,11550,269000,197500,Cape,3,2.000,Full,,1,10312.00,CL,4/23/2019,1/04/2020,10/22/2019,11/27/2019,182,Det,2,2,3121720
48,,Covert,Street,Hempstead,11550,298888,285000,Colonial,3,1.500,"Full,Partially Finished",,1,10300.00,CL,5/06/2019,5/06/2020,11/18/2019,1/28/2020,196,Det,1,1,3126010
6,,Peters,Avenue,Hempstead,11550,249900,255000,Cape,8,4.000,"Full,Finished",,1,7870.00,CL,5/06/2019,6/30/2019,5/23/2019,6/13/2019,17,Det,1,2,3126149
25,,Moore,Avenue,Hempstead,11550,220000,246750,Colonial,4,2.000,"Full,Unfinished",1 Car Detached,1,19439.62,CL,5/21/2019,7/31/2019,5/31/2019,6/28/2019,10,Det,1,1,3130881
4,,Windsor,Parkway,Hempstead,11550,285000,285000,Cape,2,2.000,"Full,Partially Finished",,1,17228.46,CL,6/05/2019,11/28/2019,9/18/2019,1/17/2020,105,Det,1,1,3135666
221,,Brooklyn,Avenue,Westbury,11590,239000,225000,Hi Ranch,3,1.000,"Full,Unfinished",,1,10417.00,CL,7/03/2019,12/31/2019,8/30/2019,10/02/2019,58,Det,1,1,3144358
210,W,Marshall,Street,Hempstead,11550,280000,250000,Cape,4,2.000,Partial,,1,15441.78,CL,7/08/2019,7/08/2021,10/14/2019,11/22/2019,98,Det,1,1,3145290
64,,Myrtle,Avenue,Hempstead,11550,274900,289900,Cape,5,2.000,"None,Unfinished",,1,10766.45,CL,7/18/2019,1/16/2020,11/21/2019,12/31/2019,126,Det,1,1,3148512
102,,Powell,Place,Hempstead,11550,319400,286266,Other,3,1.500,Partial,,1,10718.00,CL,7/24/2019,4/05/2020,10/16/2019,11/26/2019,84,Det,1,1,3149902
48,,Willow,Avenue,Hempstead,11550,249999,260000,Colonial,5,1.500,"Full,Unfinished",1 Car Detached,1,17505.87,CL,7/25/2019,7/25/2020,8/13/2019,9/25/2019,19,Det,1,1,3150414
59,,Downs,Road,Hempstead,11550,349000,300000,Cape,4,1.000,"None,Unfinished",1 Car Detached,1,15000.00,CL,7/30/2019,1/30/2020,8/14/2019,10/07/2019,15,Det,1,1,3151875
99,,Harvard,Street,Hempstead,11550,169500,166000,Colonial,4,1.000,"Partial,Unfinished",,1,9648.00,CL,8/06/2019,11/02/2019,10/06/2019,11/18/2019,61,Det,1,1,3153686
40,,Byrd,Street,Hempstead,11550,229900,231500,Ranch,3,1.000,"None,Unfinished",,1,11313.42,CL,8/12/2019,2/27/2020,1/03/2020,1/24/2020,144,Det,1,1,3155233
670,,Dryden,Street,Westbury,11590,234900,251000,Cape,4,1.500,"None,Unfinished",,1,12749.25,CL,8/23/2019,12/05/2019,10/28/2019,11/12/2019,66,Det,1,1,3158683
15,,Chamberlain,Street,Hempstead,11550,196500,175885,Ranch,2,1.000,"None,Unfinished",,1,4902.00,CL,8/27/2019,11/13/2020,1/06/2020,2/19/2020,132,Det,1,1,3159232
243,,Washington,Street,Hempstead,11550,299999,275000,Ranch,4,2.000,Full,,1,15942.78,CL,9/17/2019,9/17/2020,10/09/2019,1/07/2020,22,Det,1,1,3166165
91,,Harriman,Avenue,Hempstead,11550,270000,280000,Ranch,3,1.000,"Full,Partially Finished",1 Car Detached,1,15734.54,CL,9/19/2019,12/19/2019,11/20/2019,12/30/2019,62,Det,1,1,3166367
222,,Bennett,Avenue,Hempstead,11550,190000,187000,Bungalow,3,1.000,"Full,Unfinished",1 Car Detached,1,12953.90,CL,10/10/2019,3/28/2020,1/24/2020,2/27/2020,106,Det,1,1,3171823
223,,Brook,Street,Westbury,11590,280800,273000,Ranch,4,2.000,Full,,1,11896.78,CL,10/16/2019,11/06/2019,11/06/2019,11/29/2019,21,Det,1,1,3173198
84,,Homan,Boulevard,Hempstead,11550,250000,255000,Cape,3,2.000,Full,,1,11841.18,CL,10/31/2019,10/31/2021,1/02/2020,2/07/2020,63,Det,1,1,3177146
53,,President,Street,Hempstead,11550,274500,300000,Colonial,3,1.500,"Full,Unfinished",2 Car Detached,1,14681.80,CL,11/06/2019,2/04/2020,11/21/2019,1/22/2020,15,Det,1,1,3178642
57,,Grant,Street,Hempstead,11550,180200,254000,Cape,2,2.000,Full,,1,9421.00,CL,11/06/2019,2/03/2020,11/18/2019,12/31/2019,12,Det,1,1,3178723
16,,Mead,Street,Hempstead,11550,300000,290000,Colonial,3,2.000,"Full,Unfinished",2 Car Detached,1,22451.04,CL,11/18/2019,2/18/2020,2/04/2020,3/04/2020,78,Det,1,1,3181677
248,,Amherst,Street,Hempstead,11550,299000,285000,Colonial,5,2.000,Full,,1,14491.00,CL,12/16/2019,3/15/2020,2/04/2020,2/21/2020,50,Det,1,1,3186452
67,,Green,Avenue,Hempstead,11550,295000,295250,Colonial,5,2.000,"Full,Unfinished",,1,18235.88,CL,12/31/2019,3/29/2020,2/19/2020,2/26/2020,50,Det,1,1,3188275
129,,Windsor,Parkway,Hempstead,11550,250000,246500,Cape,4,1.000,"Full,Unfinished",,1,9534.00,CL,1/02/2020,4/02/2020,2/10/2020,3/04/2020,39,Det,1,1,3188819
32,,Remsen,Avenue,Hempstead,11550,299999,300000,Exp Cape,4,1.000,"Full,Unfinished",,1,14255.39,CL,1/12/2020,6/01/2020,1/27/2020,3/03/2020,15,Det,1,1,3191168