St #,Dr,Street Name,Sfx,Town,Zip,ListPrice,SoldPrice,,Br,Bath,,,SD,Tot Tax,LSC,ListDate,ExpDate,ContDate,TitleDate,DOM,Det,#F,K,ML#
198,,Saint Marks,Avenue,Freeport,11520,349900,349990,Split Level,3,2.000,"Crawl,Unfinished",1 Car Attached,9,12070.72,CL,3/01/2017,9/01/2017,3/18/2017,4/26/2017,16,Det,1,1,2917419
33,W,1st,Street,Freeport,11520,299999,275000,Cape,3,2.000,"Full,Unfinished",,9,11078.23,CL,4/15/2019,12/30/2019,7/29/2019,9/09/2019,105,Det,1,1,3119649
261,,Rutland,Road,Freeport,11520,289000,260000,Colonial,3,2.000,"Full,Unfinished",,9,8511.00,Cl,1/12/2016,1/12/2018,9/22/2017,10/04/2017,618,Det,2,2,2821421
7,,Shonnard,Avenue,Freeport,11520,199000,158000,Bungalow,3,1.000,"Full,Finished",1 Car Detached,9,11440.00,CL,1/04/2016,7/04/2017,11/14/2016,4/07/2017,315,Det,1,1,2819116
93,,Harrison,Avenue,Freeport,11520,329000,329000,Ranch,2,1.000,"Full,Finished",1 Car Detached,9,13244.00,CL,5/22/2019,11/30/2019,6/13/2019,9/18/2019,22,Det,1,1,3131475
293,N,Long Beach,Avenue,Freeport,11520,259000,273000,Ranch,3,1.000,"Full,Partially Finished",,9,12988.72,CL,12/20/2016,7/24/2018,9/13/2017,10/19/2017,266,Det,1,1,2957982
13,,Sagamore,Street,Freeport,11520,185000,210000,Ranch,3,1.000,"Full,Unfinished",1 Car Detached,9,9966.69,CL,4/26/2017,1/31/2018,12/19/2017,12/19/2017,237,Det,1,1,2933102
92,S,Ann,Drive,Freeport,11520,229900,252100,Ranch,3,2.000,"Full,Unfinished",1 Car Attached,9,9772.52,CL,2/10/2017,6/19/2017,5/31/2017,6/08/2017,109,Det,1,1,2915249
122,,Harris,Avenue,Freeport,11520,159000,159000,Bungalow,2,1.000,"Full,Unfinished",1 Car Detached,9,11461.40,CL,1/25/2017,10/03/2017,9/12/2017,9/18/2017,229,Det,1,1,2915252
871,,Guy Lombardo,Avenue,Freeport,11520,318000,318000,Ranch,3,1.000,"Crawl,Unfinished",1 Car Detached,9,8805.41,CL,1/23/2018,5/23/2018,2/23/2018,4/13/2018,31,Det,1,1,2998689
64,,Robert,Street,Freeport,11520,239000,220000,Colonial,5,2.000,"Crawl,Unfinished",1 Car Detached,9,12402.29,CL,1/12/2018,1/12/2020,4/05/2018,6/14/2018,82,Det,1,1,2996682
242,S,Brookside,Avenue,Freeport,11520,274999,255500,Ranch,2,1.000,Full,1 Car Detached,9,8764.32,CL,1/22/2018,7/27/2018,5/07/2018,7/25/2018,104,Det,1,1,2998338
18,,Overton,Street,Freeport,11520,319000,315000,Ranch,2,1.000,"Crawl,Unfinished",1 Car Detached,9,7349.54,CL,4/10/2019,7/15/2019,7/03/2019,8/15/2019,84,Det,1,1,3117729
504,,S. Main Street,,Freeport,11520,359000,350000,Hi Ranch,4,1.500,"None,Unfinished",1 Car Attached,9,12870.00,CL,3/20/2017,1/20/2018,5/01/2017,8/04/2017,42,Det,1,1,2922385
34,,Polk,Street,Freeport,11520,349000,340000,Ranch,2,1.000,"None,Unfinished",1 Car Detached,9,9183.20,CL,2/28/2019,11/01/2019,9/13/2019,12/09/2019,196,Det,1,1,3104654
278,,Park,Avenue,Freeport,11520,249000,190000,Cape,4,1.000,"Full,Unfinished",Detached,9,12025.53,CL,5/23/2017,11/23/2017,11/23/2017,2/02/2018,184,Det,1,1,2940991
93,,Saint Marks,Avenue,Freeport,11520,349900,336000,Hi Ranch,4,2.000,"None,Unfinished",1 Car Attached,9,14592.01,CL,6/01/2017,12/01/2017,8/11/2017,11/02/2017,71,Det,1,1,2943223
3,,JEFFREY,Court,Freeport,11520,339500,324000,Split Level,2,3.500,"Full,Partially Finished",1 Car Detached,9,23489.78,CL,4/29/2019,6/28/2019,6/10/2019,6/27/2019,42,Det,1,1,3123303
144,E,Seaman,Avenue,Freeport,11520,260000,260000,Cape,3,2.000,"Full,Finished",1 Car Detached,9,14148.73,CL,11/01/2016,7/31/2017,1/03/2017,6/22/2017,63,Det,1,1,2894178
85,,Delaware,Avenue,Freeport,11520,319900,320450,Colonial,3,1.500,"Full,Unfinished",,9,14594.71,CL,8/31/2018,8/31/2019,9/18/2018,11/09/2018,18,Det,1,1,3061563
29,,Stillwell,Place,Freeport,11520,259900,240000,Colonial,3,1.000,"Full,Unfinished",,9,11213.95,CL,4/12/2018,12/31/2018,5/11/2018,11/29/2018,29,Det,1,1,3020098
200,,Branch,Avenue,Freeport,11520,259900,235000,Ranch,3,1.000,"Crawl,Unfinished",1 Car Attached,9,13659.00,CL,2/26/2018,12/31/2018,9/13/2018,12/28/2018,198,Det,1,1,3007251
334,,Southside,Avenue,Freeport,11520,299900,299000,Colonial,4,3.000,Full,,9,17286.10,CL,6/19/2018,6/19/2019,6/27/2018,8/10/2018,8,Det,2,2,3040779
77,,Madison,Avenue,Freeport,11520,334900,315000,Colonial,3,1.500,"Full,Unfinished",1 Car Detached,9,12055.41,CL,8/28/2018,8/28/2019,11/13/2018,3/21/2019,77,Det,1,1,3060704
791,S,Long Beach,Avenue,Freeport,11520,427000,273000,Hi Ranch,5,3.000,"None,Unfinished",1 Car Attached,9,14997.17,CL,9/19/2017,12/19/2017,12/07/2017,2/07/2018,79,Det,1,1,2972998
556,,Southside,Avenue,Freeport,11520,372000,295575,Hi Ranch,4,2.000,"None,Unfinished",2 Car Attached,9,11953.00,CL,5/03/2018,8/03/2018,6/14/2018,7/11/2018,42,Det,1,1,3027434
91,,Martha,Street,Freeport,11520,235000,265000,Split Level,4,2.000,"Crawl,Unfinished",,9,13380.82,CL,2/27/2018,11/24/2018,10/22/2018,11/21/2018,236,Det,1,1,3059800
185,,Sportsmans,Avenue,Freeport,11520,149900,135000,Cape,4,2.000,"None,Unfinished",,9,9632.77,CL,5/16/2018,11/16/2018,9/05/2018,9/18/2018,112,Det,1,1,3030819
84,,Willow,Avenue,Freeport,11520,280000,270000,Colonial,3,2.000,"Full,Partially Finished",,9,10110.41,CL,11/08/2016,6/08/2017,12/19/2016,4/12/2017,41,Det,1,1,2895305
31,,Harding,Place,Freeport,11520,299000,280000,Colonial,6,3.000,"Full,Finished",,9,0.00,CL,7/27/2017,7/26/2019,6/18/2018,6/27/2018,326,Det,1,1,2958820
43,,Craig,Avenue,Freeport,11520,329000,320000,Colonial,3,1.000,"Full,Unfinished",1 Car Detached,9,11413.82,CL,5/18/2017,5/18/2018,7/01/2017,9/19/2017,44,Det,1,1,2939516
363,,Saint Marks,Avenue,Freeport,11520,342000,323000,Hi Ranch,5,2.000,"None,Unfinished",,9,12604.00,CL,6/02/2017,4/30/2019,3/11/2019,6/14/2019,647,Det,1,1,2943638
5,,Elm,Street,Freeport,11520,299900,290000,Hi Ranch,7,2.000,Full,,9,8914.00,CL,3/03/2018,3/03/2019,1/28/2019,1/30/2019,331,Det,1,1,3029911
68,,Norton,Street,Freeport,11520,359000,345000,Split Level,3,2.000,"Crawl,Unfinished",1 Car Attached,9,12599.62,CL,10/16/2018,4/28/2019,4/01/2019,6/13/2019,167,Det,1,1,3073968
160,,Hudson,Avenue,Freeport,11520,279000,275000,Ranch,2,1.000,"Crawl,Unfinished",,9,8785.00,CL,2/20/2017,8/30/2017,4/06/2017,5/31/2017,44,Det,1,1,*1276219
241,,Church,Street,Freeport,11520,249000,225000,Colonial,3,2.000,"Full,Unfinished",1 Car Detached,9,11391.10,CL,3/06/2019,12/31/2019,4/11/2019,5/30/2019,35,Det,1,1,3106823
24,,Tyler,Street,Freeport,11520,267000,270000,Ranch,2,1.000,"Crawl,Unfinished",1 Car Detached,9,9635.16,CL,6/01/2017,9/30/2017,7/17/2017,11/30/2017,46,Det,1,1,2943185
26,,Union,Street,Freeport,11520,269990,305000,Cape,4,3.000,Full,,9,8906.26,CL,10/11/2017,10/11/2019,4/09/2018,4/09/2018,180,Det,1,1,2977684
82,,Stirling,Avenue,Freeport,11520,380000,350000,Hi Ranch,4,2.000,"None,Unfinished",1 Car Attached,9,10837.00,CL,4/04/2019,4/04/2020,6/03/2019,7/17/2019,60,Det,1,1,3115971
175,,Park,Avenue,Freeport,11520,389000,330000,Colonial,4,1.500,"Full,Finished",2 Car Detached,9,13854.72,CL,10/19/2016,10/28/2017,3/05/2017,8/16/2017,137,Det,1,1,2891232
238,,Arthur,Street,Freeport,11520,259900,260000,Colonial,3,2.000,"Crawl,Unfinished",1 Car Attached,9,15729.50,CL,7/29/2016,9/14/2017,7/21/2017,8/25/2017,357,Det,1,1,2872864
9,,Ray,Street,Freeport,11520,280000,295000,Colonial,3,1.000,"Full,Unfinished",,9,10001.73,CL,6/13/2019,10/26/2019,7/18/2019,10/11/2019,35,Det,1,1,3138407
97,,Norton,Street,Freeport,11520,249900,260000,Split Level,3,1.500,"None,Unfinished",,9,12487.52,CL,11/21/2017,8/01/2018,6/13/2018,7/13/2018,203,Det,1,1,2987081
26,,Wilshire,Court,Freeport,11520,364000,340000,Split Level,4,2.000,"None,Unfinished",,9,15014.21,CL,2/18/2017,9/17/2017,6/03/2017,8/23/2017,104,Det,1,1,2914786
422,,Sigmond,Street,Freeport,11520,329999,329999,Exp Cape,4,2.000,"Crawl,Unfinished",1 Car Detached,9,11692.84,CL,10/12/2016,9/04/2017,4/10/2017,6/07/2017,180,Det,1,1,2889612
24,,Polk,Street,Freeport,11520,350000,342500,Ranch,2,1.000,"Full,Unfinished",1 Car Detached,9,8185.52,CL,5/08/2018,5/08/2019,8/29/2018,11/21/2018,113,Det,1,1,3028282
60,,Grand,Avenue,Freeport,11520,279900,245000,Colonial,3,2.000,"Full,Unfinished",,9,11885.93,CL,10/03/2018,10/03/2019,11/14/2018,1/14/2019,42,Det,1,1,3070333
14,,Tyler,Street,Freeport,11520,359000,350000,Ranch,3,1.000,"None,Unfinished",1 Car Detached,9,9899.66,CL,11/22/2019,11/22/2020,2/18/2020,3/19/2020,88,Det,1,1,3182308
70,,Wilson,Place,Freeport,11520,225000,179000,Colonial,4,1.500,"Full,Unfinished",,9,15969.00,CL,3/11/2017,3/11/2018,4/11/2017,6/22/2017,30,Det,1,1,2920695
29,,Sportsmans,Avenue,Freeport,11520,299000,312000,Colonial,3,1.500,"Crawl,Unfinished",1 Car Attached,9,12059.43,CL,11/12/2017,5/06/2018,1/02/2018,6/14/2018,51,Det,1,1,2985455
695,S,Long Beach,Avenue,Freeport,11520,199900,201000,Hi Ranch,3,1.000,"None,Unfinished",1 Car Attached,9,10237.27,CL,2/26/2019,2/26/2020,4/16/2019,6/28/2019,48,Det,1,1,3104377
672,S,Long Beach,Avenue,Freeport,11520,319999,281500,Colonial,4,2.500,"Crawl,Unfinished",,9,19372.00,CL,11/21/2016,12/31/2017,10/16/2017,10/27/2017,328,Det,1,1,2897966
521,S,Bayview,Avenue,Freeport,11520,299000,305000,Exp Ranch,3,2.000,Partial,,9,9527.54,CL,11/14/2016,9/09/2017,1/02/2017,4/08/2017,49,Det,1,1,2896420
43,,Van Buren,Street,Freeport,11520,339000,339000,Ranch,3,2.000,,,9,8108.00,CL,4/30/2017,4/30/2018,5/13/2017,10/03/2017,13,Det,1,1,2933709
82,,Stirling,Avenue,Freeport,11520,395000,350000,Hi Ranch,4,2.000,"None,Unfinished",1 Car Attached,9,10837.00,CL,6/03/2019,6/03/2020,6/03/2019,7/17/2019,0,Det,1,1,3134616
121,,Lillian,Avenue,Freeport,11520,250000,275000,Colonial,3,1.000,"Full,Unfinished",,9,10970.90,CL,1/15/2019,7/14/2019,4/30/2019,6/20/2019,104,Det,1,1,3093721
178,,Sweezy,Avenue,Freeport,11520,319000,310000,Raised Ranch,3,1.000,"Full,Unfinished",1 Car Attached,9,11182.26,CL,5/05/2017,5/05/2018,6/20/2017,10/06/2017,46,Det,1,1,2935622
26,N,Ann,Drive,Freeport,11520,219000,180000,Ranch,4,2.000,"Full,Unfinished",1 Car Attached,9,12045.60,CL,5/13/2016,4/30/2018,9/26/2017,3/23/2018,501,Att,1,1,*1261337
829,,Guy Lombardo,Avenue,Freeport,11520,300000,300000,Cape,3,2.550,"None,Unfinished",1 Car Detached,9,11586.86,CL,9/28/2016,9/30/2017,6/15/2017,9/14/2017,260,Det,1,1,2886601
11,,Morris,Street,Freeport,11520,329000,345000,Raised Ranch,3,1.000,Full,1 Car Detached,9,10673.30,CL,9/02/2017,3/31/2018,9/28/2017,11/30/2017,26,Det,1,1,2967760
180,,Sweezy,Avenue,Freeport,11520,339000,310000,Colonial,4,1.000,"Partial,Unfinished",,9,9970.29,CL,2/03/2018,1/08/2019,5/18/2018,7/06/2018,103,Det,1,1,3001717
14,,Hubbard,Avenue,Freeport,11520,369900,345000,Ranch,3,1.000,"None,Unfinished",,9,7940.62,CL,8/23/2019,2/29/2020,10/25/2019,1/10/2020,63,Det,1,1,3158606
175,N,Columbus,Avenue,Freeport,11520,249999,226500,Ranch,3,1.000,"Full,Unfinished",1 Car Detached,9,10420.99,CL,4/04/2018,9/19/2018,4/20/2018,6/04/2018,16,Det,1,1,3017469
113,,Stevens,Street,Freeport,11520,156000,201600,Cape,3,1.500,"Full,Unfinished",,9,9122.00,CL,10/02/2019,12/02/2019,11/07/2019,12/05/2019,36,Det,1,1,3169559
7,,Lafayette,Place,Freeport,11520,357000,273000,Cape,3,2.000,"Full,Finished",1 Car Detached,9,12125.30,CL,10/05/2017,10/05/2018,10/20/2018,1/18/2019,380,Det,1,1,2976412
149,,Sportsmans,Avenue,Freeport,11520,349000,340000,Hi Ranch,4,2.000,"None,Unfinished",1 Car Attached,9,14624.74,CL,1/04/2017,7/04/2017,5/22/2017,8/03/2017,137,Det,1,1,2904471
121,,Front,Street,Freeport,11520,319000,306500,Ranch,2,1.000,"Crawl,Unfinished",1 Car Attached,9,13104.39,CL,9/28/2016,9/08/2017,2/17/2017,3/31/2017,142,Det,1,1,2886571
60,,Westside,Avenue,Freeport,11520,239000,230000,Victorian,4,1.000,"Full,Finished",1 Car Detached,9,12997.29,CL,8/21/2017,3/01/2018,9/21/2017,12/22/2017,31,Det,1,1,*1293599
434,,Ray,Street,Freeport,11520,309000,310000,Cape,3,1.000,"Full,Unfinished",,9,11523.41,CL,9/06/2017,2/28/2018,10/05/2017,12/14/2017,29,Det,1,1,*1294837
83,,Van Buren,Street,Freeport,11520,199000,215000,Ranch,3,2.000,"None,Unfinished",,9,11267.00,CL,9/12/2017,12/12/2017,9/27/2017,11/13/2017,15,Det,1,1,2970549
129,,Church,Street,Freeport,11520,270000,265000,Duplex,4,2.000,"Partial,Unfinished",2 Car Detached,9,14357.34,CL,7/22/2017,1/31/2018,10/02/2017,2/15/2018,72,Det,2,2,2957544
87,,Hillside,Avenue,Freeport,11520,289000,310000,Duplex,4,2.000,"Full,Unfinished",2 Car Detached,9,16223.70,CL,7/22/2017,1/31/2018,10/02/2017,3/05/2018,72,Det,2,2,2957398
135,,Frederick,Avenue,Freeport,11520,319000,338140,Cape,4,2.000,"Full,Finished",1 Car Detached,9,13132.00,CL,4/21/2016,4/20/2017,4/04/2017,6/16/2017,348,Det,1,1,2846244
57,,Elinor,Place,Freeport,11520,325000,325000,Ranch,2,1.000,"Full,Unfinished",1 Car Detached,9,10313.07,CL,4/22/2018,4/22/2019,11/30/2018,3/01/2019,222,Det,1,1,3022922
621,S,Bayview,Avenue,Freeport,11520,270300,302400,Split Level,4,1.500,"None,Unfinished",Attached,9,10567.00,CL,8/06/2019,10/01/2019,10/27/2019,11/27/2019,82,Det,1,1,3153818
337,,Miller,Avenue,Freeport,11520,349995,340000,Exp Ranch,3,0.500,Full,2 Car Detached,9,11305.00,CL,12/04/2018,7/04/2019,1/17/2019,4/01/2019,44,Det,1,1,3085193
200,,Independence,Avenue,Freeport,11520,350000,350000,Colonial,4,1.000,"None,Unfinished",,9,8833.00,CL,6/11/2018,12/31/2018,7/30/2018,2/25/2019,49,Det,1,1,3038407
47,,Gordon,Place,Freeport,11520,238000,221000,Bungalow,3,2.000,Full,1 Car Detached,9,6846.00,Cl,2/27/2017,9/27/2017,5/18/2017,5/19/2017,79,Det,1,1,2916648
43,,Hubbard,Avenue,Freeport,11520,325000,325000,Colonial,5,2.000,"Crawl,Unfinished",1 Car Detached,9,13077.00,CL,10/02/2017,5/30/2018,12/04/2017,1/11/2018,63,Det,1,1,2975305
314,S,Long Beach,Avenue,Freeport,11520,359000,335000,Colonial,2,2.000,"Full,Unfinished",2 Car Detached,9,11707.00,CL,11/20/2016,6/01/2017,2/16/2017,4/10/2017,88,Det,1,1,2897929
5,,Branch,Avenue,Freeport,11520,359000,350000,Hi Ranch,5,2.000,"None,Unfinished",,9,15107.00,CL,10/02/2017,4/15/2018,1/09/2018,4/17/2018,99,Det,1,1,2975935
451,S,Bayview,Avenue,Freeport,11520,315000,310000,Colonial,3,1.500,"None,Unfinished",,9,12093.00,CL,10/07/2016,7/30/2017,5/12/2017,8/02/2017,217,Det,1,1,2888884
299,,Nassau,Avenue,Freeport,11520,329000,330000,Exp Ranch,3,1.500,Full,,9,9790.00,CL,4/06/2017,10/05/2017,4/25/2017,7/10/2017,19,Det,1,1,2927302
10,,Norton,Street,Freeport,11520,295000,305000,Split Level,3,1.500,"Crawl,Unfinished",,9,8827.00,CL,9/08/2016,6/30/2017,2/14/2017,4/25/2017,159,Det,1,1,2881886
6,W,2nd,Street,Freeport,11520,349000,341000,Hi Ranch,4,1.500,"None,Unfinished",,9,15174.00,CL,10/10/2017,4/30/2018,2/26/2018,6/22/2018,139,Det,1,1,2977832
5,,Brunella,Street,Freeport,11520,339000,320000,Hi Ranch,3,2.000,"None,Unfinished",1 Car Attached,9,10025.00,CL,1/20/2017,10/30/2017,7/29/2017,10/25/2017,189,Det,1,1,2908279
16,,Sportsman,Avenue,Freeport,11520,269000,254400,Exp Ranch,4,2.000,"Full,Unfinished",,9,11263.87,CL,8/22/2018,3/31/2019,10/18/2018,2/26/2019,57,Det,1,1,3059211
47,,Polk,Street,Freeport,11520,359000,340000,Ranch,3,1.000,"Crawl,Unfinished",1 Car Detached,9,11134.00,CL,10/10/2018,7/01/2019,3/22/2019,5/16/2019,163,Det,1,1,3072278
132,,Washburn,Avenue,Freeport,11520,299000,290000,Colonial,5,2.000,Full,2 Car Detached,9,12609.99,CL,7/05/2016,4/01/2017,11/14/2016,6/07/2017,132,Det,2,2,2866466
84,,South Bay,,Freeport,11520,329000,329000,Ranch,3,2.000,"Full,Finished",1 Car Attached,9,11358.55,CL,7/15/2017,1/14/2018,8/02/2017,10/16/2017,18,Det,1,1,2955428
71,,Bedford,Avenue,Freeport,11520,350000,340000,Cape,4,2.000,"Full,Finished",,9,10695.00,CL,4/24/2018,12/14/2018,6/08/2018,8/10/2018,45,Det,1,1,3023597
156,,Westside,Avenue,Freeport,11520,325000,325000,Split Level,4,2.000,"None,Unfinished",,9,14225.77,CL,4/27/2017,10/01/2017,9/27/2017,10/23/2017,153,Det,1,1,2933011
260,,Westend,Avenue,Freeport,11520,349000,347000,Ranch,3,2.000,"Full,Finished",2 Car Attached,9,15706.77,CL,5/02/2018,2/02/2019,5/22/2018,7/31/2018,20,Det,1,1,3026533
920,S,Long Beach,Avenue,Freeport,11520,359900,340000,Cape,2,1.000,"None,Unfinished",1 Car Attached,9,12942.28,CL,2/03/2017,2/03/2018,3/11/2017,5/03/2017,36,Det,1,1,2911461
119,,Westend,Avenue,Freeport,11520,319999,345000,Exp Ranch,4,2.000,"Full,Finished",1 Car Detached,9,10226.00,CL,6/04/2018,8/31/2018,6/15/2018,9/24/2018,11,Det,1,1,3036389
37,,Weberfield,Avenue,Freeport,11520,189000,250000,Cape,4,2.000,"Full,Partially Finished",,9,12323.00,CL,1/17/2017,10/01/2018,2/02/2017,3/30/2017,16,Det,1,1,2907218
227,,Independence,Avenue,Freeport,11520,305000,305000,Hi Ranch,3,2.000,"None,Unfinished",,9,13837.64,CL,11/15/2016,9/08/2017,3/28/2017,6/13/2017,132,Det,1,1,2912902
47,,East,Avenue,Freeport,11520,280000,255000,Colonial,5,2.000,"Full,Unfinished",,9,15626.29,CL,6/10/2019,12/31/2019,8/30/2019,9/25/2019,81,Det,1,1,3137026
14,,Hansome,Place,Freeport,11520,254800,255000,Colonial,5,2.000,"Full,Unfinished",1 Car Detached,9,15844.53,CL,2/23/2017,4/24/2017,3/20/2017,4/26/2017,24,Det,1,1,2916185
105,,Archer,Street,Freeport,11520,349000,339000,Colonial,4,2.000,"Partial,Unfinished",,9,13430.00,CL,2/27/2018,2/27/2019,11/28/2018,4/26/2019,274,Det,1,1,3007588
13,,Lenox,Place,Freeport,11520,260000,260000,Cape,3,2.000,Full,,9,9938.00,CL,2/19/2018,6/19/2018,4/03/2018,4/03/2018,42,Det,1,1,3005632
39,,Suffolk,Street,Freeport,11520,339000,335000,Split Level,3,2.000,"Crawl,Unfinished",1 Car Attached,9,13298.53,CL,3/22/2017,3/01/2018,9/22/2017,12/18/2017,184,Det,1,1,2923190
33,,Suffolk,Street,Freeport,11520,359000,350000,Split Level,3,2.000,"Crawl,Unfinished",1 Car Attached,9,12610.43,CL,7/05/2017,12/27/2017,11/24/2017,1/19/2018,142,Det,1,1,2952416
149,N,Bayview,Avenue,Freeport,11520,339000,315000,Ranch,3,1.500,"None,Unfinished",1 Car Attached,9,11529.69,CL,8/31/2018,3/01/2019,10/09/2018,12/14/2018,39,Det,1,1,3061484
126,,Saint Marks,Avenue,Freeport,11520,339000,340000,Cape,4,1.000,"Partial,Unfinished",1 Car Attached,9,9640.05,CL,9/07/2018,3/07/2019,10/05/2018,11/28/2018,28,Det,1,1,3063393
85,,Frederick,Avenue,Freeport,11520,348888,343000,Colonial,3,2.000,"Full,Finished",,9,12371.76,CL,9/21/2017,9/20/2018,10/11/2017,12/07/2017,20,Det,1,1,2972859
292,,Locust,Avenue,Freeport,11520,390000,337469,Colonial,4,2.000,Full,,9,16236.40,CL,6/15/2017,9/14/2017,7/26/2017,8/21/2017,41,Det,1,1,2947566
25,,Coolidge,Place,Freeport,11520,237900,239000,Bungalow,2,1.000,Full,1 Car Detached,9,10826.25,CL,5/25/2018,1/18/2019,10/11/2018,12/27/2018,139,Det,1,1,3033705
862,S,Long Beach,Avenue,Freeport,11520,318250,307500,Ranch,2,2.000,"None,Unfinished",1 Car Attached,9,15943.57,CL,6/29/2018,3/26/2019,12/19/2018,2/01/2019,173,Det,1,1,3044361
152,,Washburn,Avenue,Freeport,11520,255000,272405,Colonial,3,1.500,Full,2 Car Detached,9,11937.58,CL,1/28/2018,3/12/2018,2/16/2018,2/28/2018,19,Det,1,1,3000060
34,,Claurome,Place,Freeport,11520,175000,220000,Colonial,2,2.000,"Full,Unfinished",1 Car Detached,9,11047.60,CL,11/29/2018,2/27/2019,2/06/2019,2/26/2019,69,Det,1,1,3084317
81,,Independence,Avenue,Freeport,11520,364900,242550,Colonial,4,2.000,Full,2 Car Detached,9,12777.06,CL,5/08/2018,8/08/2018,7/16/2018,8/16/2018,69,Det,1,1,3028543
58,,Pearsall,Avenue,Freeport,11520,286000,280000,Colonial,4,2.000,"Full,Partially Finished",2 Car Detached,9,16635.00,CL,1/09/2017,4/06/2017,3/07/2017,3/27/2017,57,Det,1,1,2905489
73,,Smith,Street,Freeport,11520,285000,261450,Colonial,4,2.500,Full,2 Car Detached,9,11910.27,CL,4/10/2017,8/02/2017,4/28/2017,6/15/2017,18,Det,2,2,2928285
74,,Southside,Avenue,Freeport,11520,299900,299900,Colonial,4,2.000,"Full,Partially Finished",,9,15791.61,CL,10/15/2018,6/03/2019,5/01/2019,5/30/2019,198,Det,1,1,3073749
98,,Oak,Street,Freeport,11520,185000,195000,Colonial,3,1.000,"Full,Unfinished",,9,10039.00,CL,9/28/2017,4/02/2018,3/15/2018,3/23/2018,168,Det,1,1,2974787
408,W,Merrick,Road,Freeport,11520,360000,269848,Ranch,3,2.000,Full,1 Car Attached,9,13943.00,CL,3/02/2018,5/03/2018,10/05/2018,11/01/2018,216,Det,1,1,3008873
118,,Washburn,Avenue,Freeport,11520,299000,200500,Cape,2,1.000,Full,1 Car Detached,9,11937.36,CL,7/12/2018,8/31/2018,7/25/2018,8/30/2018,13,Det,1,1,3047774
22,,Gill,Avenue,Freeport,11520,163000,218000,Colonial,4,1.000,"Full,Unfinished",1 Car Detached,9,12011.84,CL,2/09/2017,5/08/2017,3/06/2017,3/27/2017,25,Det,1,1,2912953
17,,Harrison,Avenue,Freeport,11520,189900,180000,Ranch,3,1.000,"Full,Unfinished",1 Car Detached,9,11260.02,CL,7/05/2017,11/08/2017,8/22/2017,9/19/2017,48,Det,1,1,2952231
14,E,Seaman,Avenue,Freeport,11520,161900,235000,Colonial,4,2.000,"Full,Unfinished",,9,13050.47,CL,8/16/2017,11/16/2017,9/01/2017,11/28/2017,16,Det,1,1,2963933
82,,Branch,Avenue,Freeport,11520,220900,260000,Cape,3,1.000,"Full,Unfinished",,9,10668.76,CL,3/22/2018,6/21/2018,4/16/2018,6/12/2018,25,Det,1,1,3014497
454,W,Merrick,Road,Freeport,11520,286000,340000,Colonial,4,2.000,"Full,Unfinished",1 Car Detached,9,14303.31,CL,11/13/2018,2/11/2019,12/18/2018,1/16/2019,35,Det,2,2,3081201
482,S,Long Beach,Avenue,Freeport,11520,279900,287000,Split Level,3,2.000,"Crawl,Unfinished",1 Car Attached,9,13395.54,CL,4/26/2017,9/23/2017,5/30/2017,9/05/2017,34,Det,1,1,2932626
47,,Grant,Street,Freeport,11520,294900,290000,Ranch,2,1.000,"Crawl,Unfinished",1 Car Detached,9,8155.73,CL,1/17/2019,4/16/2019,4/08/2019,5/21/2019,80,Det,1,1,3094358
8,,Coolidge,Place,Freeport,11520,319900,319900,Colonial,4,2.000,"Full,Unfinished",1 Car Detached,9,14575.76,CL,4/10/2018,8/10/2018,6/11/2018,6/27/2018,62,Det,1,1,3019584
26,,Rosedale,Avenue,Freeport,11520,235000,220500,Colonial,4,2.000,Full,2 Car Detached,9,13722.98,CL,11/30/2017,1/31/2018,12/05/2017,1/18/2018,5,Det,1,1,2988591
255,,Roosevelt,Avenue,Freeport,11520,254900,250000,Cape,3,1.000,"Crawl,Unfinished",1 Car Detached,9,10153.88,CL,9/05/2018,11/29/2019,5/07/2019,8/28/2019,244,Det,1,1,3086755
204,,Church,Street,Freeport,11520,324900,336000,Colonial,6,2.000,"Full,Unfinished",2 Car Detached,9,16878.72,CL,1/02/2019,3/31/2019,2/01/2019,3/15/2019,30,Det,2,2,3090016
252,,Arthur,Street,Freeport,11520,139900,138500,Ranch,2,1.000,"None,Unfinished",,9,8813.83,CL,1/31/2017,9/14/2017,8/15/2017,9/06/2017,195,Det,1,1,2910619
161,,Sportsmans,Avenue,Freeport,11520,184900,184900,Colonial,3,2.000,"Full,Unfinished",,9,18666.01,CL,5/02/2017,9/30/2017,7/21/2017,9/29/2017,80,Det,1,1,2934746
57,,Sportsmans,Avenue,Freeport,11520,188900,211000,Colonial,4,1.500,Partial,1 Car Detached,9,12143.68,CL,12/12/2017,1/20/2018,1/11/2018,2/14/2018,30,Det,1,1,2992395
33,,Smith,Street,Freeport,11520,286500,260000,Colonial,6,2.000,Full,Detached,9,13519.76,CL,3/20/2019,12/18/2019,9/25/2019,10/14/2019,189,Det,2,2,3112310
571,S,Ocean,Avenue,Freeport,11520,275900,281000,Split Level,3,1.500,"Partial,Unfinished",1 Car Attached,9,15357.65,CL,2/02/2017,11/30/2017,10/16/2017,11/21/2017,255,Det,1,1,2944183
84,,Washburn,Avenue,Freeport,11520,225000,191000,Cape,3,1.000,"Full,Unfinished",1 Car Detached,9,12478.61,CL,1/04/2017,4/04/2017,1/24/2017,3/30/2017,20,Det,1,1,2904864
90,,Westside,Avenue,Freeport,11520,260000,260000,Cape,3,2.000,Full,,9,12820.47,CL,6/29/2018,9/26/2018,8/15/2018,8/29/2018,47,Det,1,1,3044454
24,,Lenox,Place,Freeport,11520,214500,210000,Bungalow,3,1.000,"Full,Unfinished",,9,10811.88,CL,5/22/2018,1/22/2019,12/12/2018,12/13/2018,204,Det,1,1,3083988
284,,Miller,Avenue,Freeport,11520,279900,274900,2 Story,3,2.000,Full,1 Car Detached,9,12575.40,CL,9/05/2019,2/28/2020,10/17/2019,1/31/2020,42,Det,1,1,3162215
93,N,Bergen,Place,Freeport,11520,289000,290117,Colonial,5,2.000,Full,3 Car Detached,9,13121.00,CL,12/08/2019,3/05/2020,2/05/2020,2/28/2020,59,Det,1,1,3185054
741,,Guy Lombardo,Avenue,Freeport,11520,239900,255000,Colonial,4,2.000,"Crawl,Unfinished",1 Car Detached,9,13554.28,CL,8/13/2018,11/11/2018,9/06/2018,9/26/2018,24,Det,1,1,3057086
152,E,Dean,Street,Freeport,11520,269900,268000,Tudor,3,1.500,"Full,Unfinished",1 Car Detached,9,13540.69,CL,1/24/2019,5/31/2019,3/19/2019,4/30/2019,53,Det,1,1,3095808
689,S,Bayview,Avenue,Freeport,11520,299900,295000,Raised Ranch,2,1.000,"Full,Unfinished",,9,10096.00,CL,2/16/2018,8/15/2018,5/03/2018,7/02/2018,75,Det,1,1,3005269
75,N,Bergen,Place,Freeport,11520,450000,325000,Colonial,3,2.500,"Full,Finished",2 Car Detached,9,14320.00,CL,11/01/2017,11/01/2018,4/16/2018,3/25/2019,166,Det,1,1,2982635
303,,Nassau,Avenue,Freeport,11520,284000,299000,Split Level,4,2.000,Full,,9,11500.00,CL,8/12/2019,11/04/2019,9/06/2019,10/21/2019,25,Det,1,2,3155475
73,,Connecticut,Avenue,Freeport,11520,310000,320000,Tudor,3,1.500,"Full,Unfinished",2 Car Detached,9,12951.32,CL,1/24/2017,1/24/2018,2/24/2017,5/12/2017,31,Det,1,1,2909093
229,,Commercial,Street,Freeport,11520,215000,150000,2 Story,2,2.000,"Full,Unfinished",,9,12371.00,CL,2/19/2019,2/19/2020,5/20/2019,8/29/2019,89,Det,2,2,3102519
55,N,Columbus,Avenue,Freeport,11520,165000,300000,Colonial,4,2.000,"Partial,Unfinished",,9,13053.00,CL,4/12/2017,4/12/2019,8/03/2018,8/06/2018,478,Det,2,2,2928918
178,,saint Marks,Avenue,Freeport,11520,312000,312000,Split Level,3,1.000,"Crawl,Unfinished",1 Car Attached,9,12469.98,CL,4/08/2019,9/30/2019,6/19/2019,9/18/2019,72,Det,1,1,3116972
72,,Jefferson,Street,Freeport,11520,240350,216612,Split Level,3,2.000,"Full,Finished",1 Car Attached,9,8452.00,CL,11/19/2016,5/31/2018,8/09/2017,10/17/2017,262,Det,1,1,2897642
692,,Miller,Avenue,Freeport,11520,299900,305000,Cape,3,2.000,"None,Unfinished",1 Car Attached,9,15333.89,CL,7/10/2019,1/01/2020,11/22/2019,1/13/2020,135,Det,1,1,3146415
38,,Hampton,Place,Freeport,11520,349900,336000,Cape,3,2.000,"Full,Finished",1 Car Detached,9,13469.00,CL,6/08/2016,6/08/2017,4/06/2017,5/31/2017,302,Det,1,1,2859660
111,,Graffing,Place,Freeport,11520,265000,275200,Hi Ranch,3,1.500,"None,Unfinished",2 Car Attached,9,7965.87,CL,12/13/2018,6/30/2019,12/27/2018,2/01/2019,14,Det,1,1,3087006
111,,Westend,Avenue,Freeport,11520,355000,340000,Ranch,3,2.500,"Full,Finished",1 Car Detached,9,9622.46,CL,7/24/2017,1/20/2018,11/06/2017,2/01/2018,105,Det,1,1,2957728
77,,Smith,Street,Freeport,11520,259000,245000,Colonial,4,1.500,"Full,Unfinished",,9,12175.00,CL,11/29/2017,11/29/2018,7/16/2018,7/19/2018,228,Det,1,1,2988387
236,,Soma,Place,Freeport,11520,250000,242000,Exp Cape,4,1.000,"Full,Unfinished",,9,11134.00,CL,11/09/2018,11/09/2019,11/28/2018,1/04/2019,19,Det,1,1,3080065
29,,Oak,Street,Freeport,11520,359000,350000,Cape,4,3.000,"Full,Finished",2 Car Detached,9,11056.00,CL,3/01/2017,9/30/2017,4/11/2017,6/21/2017,40,Det,1,1,2917462
299,N,Long Beach,Avenue,Freeport,11520,299000,290000,Ranch,3,1.000,"Full,Unfinished",1 Car Detached,9,9509.06,CL,8/27/2016,3/01/2017,2/28/2017,6/16/2017,185,Det,1,1,2879257
184,,Saint Marks,Avenue,Freeport,11520,325000,325000,Cape,2,1.000,"Crawl,Unfinished",1 Car Attached,9,7318.59,CL,12/14/2017,6/30/2018,2/01/2018,3/29/2018,49,Det,1,1,2991413
142,,Glenada,Court,Freeport,11520,299000,295000,Colonial,3,2.000,"Full,Unfinished",1 Car Detached,9,8970.00,CL,9/04/2016,6/04/2017,5/11/2017,8/22/2017,249,Det,2,2,2880751
576,,Miller,Avenue,Freeport,11520,300000,300000,Hi Ranch,4,3.000,"None,Unfinished",1 Car Attached,9,11500.00,CL,5/13/2019,5/09/2020,7/22/2019,2/28/2020,70,Det,1,1,3128046
305,,Roosevelt,Avenue,Freeport,11520,419000,310000,2 Story,5,2.000,"None,Unfinished",,9,9010.00,Cl,3/27/2018,3/27/2019,9/01/2018,10/09/2018,158,Det,2,1,3015251
31,,Laurette,Lane,Freeport,11520,299900,290000,Split Level,3,2.000,"None,Unfinished",,9,13800.00,CL,3/23/2018,12/10/2018,10/10/2018,11/14/2018,201,Det,1,1,3014825
411,S,Ocean,Avenue,Freeport,11520,259900,255000,Ranch,3,2.000,"Full,Unfinished",2 Car Attached,9,15855.50,CL,1/06/2019,5/21/2019,3/02/2019,4/30/2019,55,Att,1,1,3091577
183,,Rutland,Road,Freeport,11520,275000,275000,Colonial,3,1.500,"Full,Unfinished",1 Car Detached,9,13400.00,CL,8/04/2019,10/30/2019,9/06/2019,9/20/2019,33,Det,1,1,3153557
63,,Hubbard,Avenue,Freeport,11520,249900,242500,Ranch,2,1.000,"None,Unfinished",,9,11600.00,CL,8/29/2019,11/11/2019,10/01/2019,11/05/2019,33,Det,1,1,3159938
263,,Lena,Avenue,Freeport,11520,299000,290000,Colonial,4,1.500,Full,1 Car Detached,9,13400.00,CL,7/29/2018,3/18/2019,1/31/2019,2/26/2019,186,Det,1,1,3052912
40,W,4th,Street,Freeport,11520,179900,176000,Ranch,2,1.000,"None,Unfinished",,9,13800.00,CL,6/09/2017,9/05/2017,7/10/2017,8/03/2017,31,Det,1,1,2946048
72,,Craig,Avenue,Freeport,11520,274900,267500,2 Story,3,1.000,"Partial,Partially Finished",,9,12200.00,CL,5/23/2018,10/18/2018,7/17/2018,10/08/2018,55,Det,1,1,3033738
18,,Southside,Avenue,Freeport,11520,204900,215000,Colonial,2,1.000,"Full,Unfinished",,9,8200.00,CL,10/26/2017,5/29/2018,3/29/2018,6/28/2018,154,Det,1,1,2981554
56,,Mount,Avenue,Freeport,11520,330750,235277,2 Story,4,2.000,Full,,9,5200.00,CL,6/07/2017,9/05/2017,6/16/2017,7/28/2017,9,Det,2,1,2945759
120,,Branch,Avenue,Freeport,11520,354900,350000,Split Ranch,3,2.000,"Crawl,Unfinished",1 Car Attached,9,12800.00,CL,4/06/2018,10/20/2018,8/29/2018,10/10/2018,145,Det,1,1,3018561
13,,Noon,Place,Freeport,11520,289900,286000,Split Level,4,2.000,"None,Unfinished",,9,11238.00,CL,3/02/2017,6/28/2017,5/05/2017,5/26/2017,63,Det,1,1,2918277
127,,Lillian,Avenue,Freeport,11520,254900,260000,Colonial,3,1.500,Full,1 Car Detached,9,15200.00,CL,12/29/2017,6/22/2018,3/27/2018,6/20/2018,87,Det,1,1,2993516
446,,Ray,Street,Freeport,11520,330000,325000,Cape,4,2.000,"Full,Unfinished",1 Car Detached,9,13994.72,CL,11/16/2016,5/14/2017,4/21/2017,9/01/2017,155,Det,1,1,2896971
54,,Polk,Street,Freeport,11520,359000,347500,Ranch,3,1.000,"Crawl,Unfinished",1 Car Detached,9,11519.24,CL,6/02/2019,10/02/2019,8/09/2019,10/04/2019,68,Det,1,1,3134411
157,,Gordon,Place,Freeport,11520,389000,345000,Cape,4,1.000,"Full,Unfinished",2 Car Detached,9,16354.75,CL,1/03/2018,11/30/2019,7/24/2019,11/15/2019,566,Det,1,1,2994064
272,,Lena,Avenue,Freeport,11520,383900,335000,Cape,4,2.000,,,9,11880.00,CL,11/06/2019,2/06/2020,11/20/2019,1/08/2020,14,Det,1,1,3178700
53,,Robert,Street,Freeport,11520,299995,299995,Ranch,2,1.000,"Crawl,Unfinished",1 Car Detached,9,9851.70,CL,11/15/2017,11/02/2018,1/23/2018,4/12/2018,69,Det,1,1,2985876
78,,Rutland,Road,Freeport,11520,329000,332000,Hi Ranch,4,2.000,"Full,Finished",,9,12918.68,CL,1/16/2017,1/16/2018,2/13/2017,5/12/2017,28,Det,1,1,2907014
114,N,Bayview,Avenue,Freeport,11520,334500,334500,Colonial,3,1.500,"Full,Partially Finished",1 Car Attached,9,11174.31,CL,8/09/2017,2/03/2018,10/16/2017,12/20/2017,68,Det,1,1,2961945
68,,Tyler,Street,Freeport,11520,279999,280000,Ranch,2,1.000,"Crawl,Unfinished",,9,9799.00,CL,3/15/2018,3/15/2019,4/16/2018,7/23/2018,32,Det,1,1,3012858
195,,Park,Avenue,Freeport,11520,319000,319000,Ranch,2,1.000,"Full,Unfinished",1 Car Detached,9,8854.13,CL,4/30/2018,12/31/2019,10/31/2018,10/29/2019,184,Det,1,1,3025476
6,,Union,Street,Freeport,11520,315999,295000,Colonial,3,1.000,"Full,Partially Finished",,9,12003.42,CL,4/11/2017,12/31/2017,6/13/2017,7/31/2017,63,Det,1,1,2928491
375,,Guy Lombardo,Avenue,Freeport,11520,369000,343000,Colonial,3,1.500,"Full,Unfinished",,9,12549.00,CL,6/06/2017,12/31/2017,7/10/2017,9/11/2017,34,Det,1,1,2944657
138,S,Cedar,Street,Freeport,11520,249000,261000,Cape,3,1.000,"None,Unfinished",1 Car Detached,9,9309.00,CL,3/09/2017,5/28/2017,5/17/2017,7/28/2017,68,Det,1,1,2919794
28,,Lenox,Place,Freeport,11520,259900,259000,Cape,4,2.000,"Full,Unfinished",2 Car Detached,9,10652.29,CL,1/30/2018,7/24/2018,2/22/2018,4/03/2018,23,Det,1,1,3000483
49,,Nassau,Avenue,Freeport,11520,230000,245000,Colonial,4,3.000,"Crawl,Unfinished",2 Car Detached,9,17229.64,CL,1/07/2019,4/30/2019,1/22/2019,4/10/2019,15,Det,2,1,3090919
90,,Sagamore,Street,Freeport,11520,174900,232110,Cape,4,2.000,Full,1 Car Detached,9,14830.00,CL,9/26/2019,1/31/2020,10/18/2019,1/09/2020,22,Det,1,1,3167944
109,,Ray,Street,Freeport,11520,359990,348000,Exp Cape,3,2.000,"Full,Unfinished",,9,12863.69,CL,10/13/2016,5/13/2017,2/23/2017,5/26/2017,133,Det,1,1,2889979
72,,Harris,Avenue,Freeport,11520,299000,309500,Exp Cape,4,1.000,"Partial,Unfinished",,9,10778.26,CL,6/28/2017,12/22/2017,8/23/2017,10/27/2017,56,Det,1,1,2950635
267,S,Brookside,Avenue,Freeport,11520,315000,299325,Ranch,3,2.000,"Full,Finished",,9,9811.00,CL,5/18/2019,4/30/2020,1/13/2020,1/16/2020,240,Det,1,1,3130091
64,,Saint Marks,Avenue,Freeport,11520,249000,210000,Cape,3,2.000,"None,Unfinished",1 Car Detached,9,11458.21,CL,11/26/2018,5/01/2019,2/11/2019,5/14/2019,77,Det,1,1,3083055
75,,Commercial,Street,Freeport,11520,349000,345000,Exp Cape,5,2.000,"Full,Finished",2 Car Attached,9,12595.00,CL,5/05/2017,5/05/2018,6/12/2017,9/01/2017,38,Det,1,1,2935460
20,,Gerald,Avenue,Freeport,11520,349000,340000,Split Level,3,2.000,"Crawl,Unfinished",,9,12145.00,CL,8/25/2017,2/24/2018,10/20/2017,12/13/2017,56,Det,1,1,2965978
72,,Centre St,,Freeport,11520,369000,340000,Cape,3,1.000,"Full,Unfinished",,9,10574.32,CL,12/19/2018,6/19/2019,3/12/2019,6/28/2019,82,Det,1,1,3088014
10,,Brooklyn,Avenue,Freeport,11520,395000,350000,2 Story,3,1.500,"Full,Finished",,9,32668.00,Cl,9/08/2017,9/08/2019,8/24/2018,8/30/2018,350,Att,2,1,2969468
194,,Westside,Avenue,Freeport,11520,349000,349000,Colonial,4,2.000,"Crawl,Unfinished",,9,14192.70,CL,11/07/2016,11/07/2017,5/26/2017,10/17/2017,199,Det,1,1,2894901
141,,Meister,Boulevard,Freeport,11520,338000,350000,Hi Ranch,5,2.000,"None,Unfinished",2 Car Attached,9,11101.47,CL,10/10/2019,10/10/2020,12/17/2019,2/28/2020,68,Det,1,1,3171841
150,,Saint Marks,,Freeport,11520,249000,225000,Cape,4,2.000,"None,Unfinished",,9,19041.07,CL,8/23/2018,4/30/2019,12/14/2018,3/20/2019,113,Det,1,1,3059676
29,,Bedford,Avenue,Freeport,11520,225000,229000,Cape,3,1.000,"Full,Finished",2 Car Detached,9,11205.35,CL,12/29/2016,6/29/2017,2/15/2017,12/06/2017,48,Det,1,1,2903711
762,,Miller,Avenue,Freeport,11520,298800,295000,Colonial,4,2.000,"Crawl,Unfinished",,9,14580.00,CL,1/14/2017,4/17/2017,3/02/2017,6/14/2017,47,Det,1,1,2906747
111,,Ray,Street,Freeport,11520,198800,196000,Bungalow,1,1.000,Full,2 Car Detached,9,11450.02,CL,7/14/2017,7/13/2018,11/08/2017,12/20/2017,117,Det,1,1,2955132
83,,Willow,Avenue,Freeport,11520,288888,275000,Split Level,4,2.000,"Partial,Unfinished",1 Car Attached,9,15201.90,CL,1/23/2019,2/23/2019,1/31/2019,2/28/2019,8,Det,1,1,3095468
120,,Commercial,Street,Freeport,11520,269000,245000,Colonial,3,1.000,"Full,Unfinished",,9,9058.34,CL,4/12/2019,4/12/2020,4/23/2019,7/30/2019,109,Sd,1,1,3118742
27,,Grant,Street,Freeport,11520,339000,327500,Ranch,4,2.000,"Crawl,Unfinished",1 Car Detached,9,11858.11,CL,11/27/2017,5/27/2018,1/16/2018,3/20/2018,50,Det,1,1,2987756
138,,East,Avenue,Freeport,11520,259000,265000,Bungalow,3,1.000,"Full,Unfinished",1 Car Detached,9,10275.23,CL,11/08/2017,4/25/2018,12/21/2017,4/10/2018,43,Det,1,1,2984197
110,,Bedford,Avenue,Freeport,11520,330000,252500,Cape,3,1.000,"Full,Unfinished",2 Car Attached,9,14191.92,CL,6/17/2019,1/15/2020,7/10/2019,9/25/2019,23,Det,1,1,3138971
149,,Westend,Avenue,Freeport,11520,359000,295000,Cape,2,1.000,"Crawl,Unfinished",1 Car Attached,9,10044.17,CL,7/11/2017,7/31/2018,8/10/2017,10/05/2017,30,Det,1,1,2953988
619,,Miller,Avenue,Freeport,11520,245000,235000,Raised Ranch,2,1.000,"Crawl,Unfinished",1 Car Detached,9,8918.29,CL,3/14/2018,10/31/2018,4/23/2018,8/03/2018,40,Det,1,1,3011799
49,,Layton,Street,Freeport,11520,325000,315000,Split Level,3,1.500,"Partial,Unfinished",1 Car Attached,9,5826.00,CL,11/12/2017,6/01/2018,12/07/2017,2/02/2018,25,Det,1,1,2985168
43,,Elinor,Place,Freeport,11520,290000,288500,Bungalow,2,1.000,Full,,9,7697.00,CL,5/24/2019,5/15/2020,9/06/2019,1/14/2020,105,Det,1,1,3131969
203,,Westend,Avenue,Freeport,11520,300000,300000,Split Level,3,2.000,"None,Unfinished",1 Car Attached,9,13471.63,CL,8/05/2019,12/31/2019,8/28/2019,10/08/2019,23,Det,1,1,*1358641
21,,Jesse Street,,Freeport,11520,319000,325000,Hi Ranch,3,2.000,"Full,Finished",,9,14636.00,CL,5/30/2018,10/31/2018,7/03/2018,1/30/2019,34,Det,1,1,3034791
45,,Dehnhoft,Avenue,Freeport,11520,360000,290000,Colonial,2,1.000,"Full,Unfinished",,9,8270.00,CL,7/27/2017,7/27/2019,8/01/2017,9/29/2017,5,Det,1,1,2958884
2,,Oak,Street,Freeport,11520,299000,290000,Exp Cape,4,3.000,"Full,Finished",,9,12889.00,CL,6/26/2019,12/31/2019,10/16/2019,12/31/2019,112,Det,1,1,3142085
51,,Overton,Street,Freeport,11520,336000,325000,Exp Ranch,3,1.000,"None,Unfinished",,9,11100.00,CL,5/01/2019,12/01/2019,6/13/2019,8/02/2019,43,Det,1,1,3124401
46,,Holloway,Street,Freeport,11520,199000,235000,Cape,3,2.000,"Full,Finished",,9,9700.00,CL,9/25/2019,10/25/2019,9/30/2019,12/31/2019,5,Det,1,1,3167454
35,,Moody,Avenue,Freeport,11520,299000,306000,Cape,4,2.000,"Full,Finished",1 Car Detached,9,9800.00,CL,9/26/2019,12/31/2019,11/05/2019,11/19/2019,40,Det,1,1,3167790
143,,Casino,Street,Freeport,11520,345000,340000,Split Level,3,2.500,"Partial,Unfinished",1 Car Attached,9,14997.10,CL,5/29/2019,10/31/2019,7/20/2019,8/30/2019,52,Det,1,1,3133389
7,,Coolidge,Place,Freeport,11520,249000,250000,Ranch,2,1.000,"Full,Unfinished",,9,7157.46,CL,3/27/2017,9/10/2017,4/13/2017,6/14/2017,17,Det,1,1,2924226
77,,Overton,Street,Freeport,11520,289900,267000,Ranch,2,1.000,"Crawl,Unfinished",1 Car Detached,9,9835.40,CL,9/12/2017,9/15/2018,10/28/2017,12/15/2017,46,Det,1,1,2970134
64,,Harding,Place,Freeport,11520,329000,350000,Ranch,3,1.000,"Full,Finished",,9,12981.50,CL,9/27/2017,10/27/2018,10/31/2017,12/21/2017,34,Det,1,1,2974237
170,,Jay,Street,Freeport,11520,360000,270000,Colonial,4,2.000,"Partial,Unfinished",,9,11215.87,CL,6/25/2018,6/25/2019,2/11/2019,3/27/2019,231,Det,1,1,3042704
588,S,Long Beach,Avenue,Freeport,11520,274900,290000,Ranch,3,1.000,"Partial,Unfinished",2 Car Detached,9,13902.96,CL,5/14/2018,9/07/2018,7/02/2018,8/24/2018,49,Det,1,1,3030449
58,E,Bedell,Street,Freeport,11520,94900,88000,Exp Ranch,2,2.000,"Crawl,Unfinished",,9,11470.41,CL,4/19/2017,9/11/2017,7/21/2017,8/25/2017,93,Det,1,1,2930961
15,,Pierrepont,Street,Freeport,11520,314900,290000,Ranch,3,1.000,"Full,Partially Finished",1 Car Detached,9,12541.17,CL,11/20/2018,2/18/2019,1/31/2019,2/12/2019,72,Det,1,1,3082747
131,,Dehnhoff,Avenue,Freeport,11520,295000,285000,Colonial,3,1.500,Full,,9,12525.30,CL,7/08/2016,12/31/2016,8/17/2017,9/15/2017,405,Det,1,1,2867476
57,,Polk,Street,Freeport,11520,300000,330000,Ranch,3,1.000,"None,Unfinished",1 Car Detached,9,9187.18,CL,5/19/2017,11/19/2017,7/05/2017,8/18/2017,47,Det,1,1,*1285182
82,N,Columbus,Avenue,Freeport,11520,399990,350000,Colonial,6,2.000,"Partial,Unfinished",,9,13794.00,CL,1/25/2018,6/30/2018,6/13/2018,8/07/2018,138,Det,2,2,2999419
401,,Guy Lombardo,Avenue,Freeport,11520,299999,285000,Colonial,4,2.000,"Partial,Unfinished",1 Car Attached,9,16011.87,CL,8/12/2017,2/18/2018,1/14/2018,4/27/2018,155,Det,1,1,2962877
221,,Garfeild,Street,Freeport,11520,249000,247000,Ranch,1,1.000,"Crawl,Unfinished",,9,9800.00,CL,12/09/2016,4/30/2017,4/30/2017,7/07/2017,141,Det,1,1,2901264
94,,Sagamore,Street,Freeport,11520,190000,145000,Ranch,2,2.000,"Full,Finished",1 Car Attached,9,10079.00,CL,6/21/2018,12/19/2020,9/12/2018,12/28/2018,83,Det,1,1,*1319461
12,,Charlick,Place,Freeport,11520,223700,215569,Colonial,3,2.000,"Full,Unfinished",,9,4927.00,CL,2/22/2017,8/15/2017,4/13/2017,5/30/2017,50,Det,1,1,2915618
77,,Smith,Street,Freeport,11520,224400,213479,Colonial,3,1.500,"Full,Unfinished",,9,5665.00,CL,2/22/2017,9/30/2017,6/15/2017,6/23/2017,113,Det,1,1,2915631
74,,Westend,Avenue,Freeport,11520,259800,238500,Colonial,4,1.500,"Full,Unfinished",1 Car Detached,9,6618.00,CL,4/24/2018,1/23/2019,1/30/2019,3/28/2019,281,Det,1,1,3023485
75,,Mount,Avenue,Freeport,11520,291900,278996,Cape,5,2.000,"None,Unfinished",,9,8906.00,CL,2/20/2018,2/13/2019,5/26/2018,7/31/2018,95,Det,1,1,3005851
85,,Ann,Drive,Freeport,11520,293700,296000,Colonial,4,1.500,"Partial,Unfinished",,9,7747.00,CL,7/19/2019,10/07/2020,1/22/2020,2/28/2020,187,Det,1,1,3148790
68,,East,Avenue,Freeport,11520,380000,350000,Colonial,5,2.000,"Full,Unfinished",,9,15313.39,CL,4/11/2019,5/11/2019,8/26/2019,8/26/2019,137,Det,1,1,3118445
88,,Norton,Street,Freeport,11520,349000,345000,Split Level,3,1.500,"Crawl,Unfinished",,9,9654.00,CL,4/07/2017,4/07/2018,7/20/2017,9/05/2017,104,Det,1,1,2927748
71,,Grant,Street,Freeport,11520,338000,345000,Ranch,3,1.000,"Crawl,Unfinished",1 Car Detached,9,8383.50,CL,8/16/2018,2/16/2019,10/31/2018,2/01/2019,76,Det,1,1,3058197
32,,Moody,Avenue,Freeport,11520,339000,333500,Colonial,3,1.500,"Full,Unfinished",2 Car Detached,9,11361.00,CL,5/23/2017,11/23/2017,7/28/2017,10/10/2017,66,Det,1,1,2940536
23,,Hubbard,Avenue,Freeport,11520,249999,245000,Ranch,2,1.000,"Crawl,Unfinished",,9,8357.00,CL,7/14/2017,1/14/2018,8/18/2017,10/05/2017,35,Att,1,1,2955028
22,,Lenox,Place,Freeport,11520,349000,307000,Bungalow,3,1.000,Full,,9,8215.00,CL,9/23/2019,3/31/2020,11/12/2019,2/19/2020,50,Det,1,1,3166909
163,,Jay,Street,Freeport,11520,255000,198500,Colonial,4,2.000,Partial,,9,9337.00,CL,8/01/2016,8/10/2017,4/21/2017,6/27/2017,263,Det,1,1,2875513
101,,Archer,Street,Freeport,11520,369000,335000,Colonial,4,2.000,"Full,Partially Finished",,9,11500.00,CL,12/05/2016,6/21/2017,5/18/2017,8/16/2017,163,Det,1,1,2900361
195,,Cedar,Street,Freeport,11520,149000,175000,Ranch,3,2.000,Full,1 Car Attached,9,12134.31,CL,10/10/2016,10/01/2017,4/08/2017,12/08/2017,180,Det,1,1,2889683
137,,Church,Street,Freeport,11520,329000,300000,Victorian,6,2.000,"Full,Unfinished",,9,13730.86,CL,6/09/2017,6/15/2018,8/04/2017,11/22/2017,56,Det,2,1,2945576
14,,E Woodbine,Drive,Freeport,11520,340000,340000,Cape,3,2.000,"Full,Finished",,9,10466.14,CL,11/24/2019,5/21/2020,12/24/2019,3/13/2020,30,Det,1,1,3182544
118,,Archer,Street,Freeport,11520,329000,325000,Ranch,3,2.000,"Full,Finished",,9,12764.00,CL,7/10/2019,12/31/2019,10/28/2019,2/07/2020,110,Det,1,1,3145730
251,,Branch,Avenue,Freeport,11520,329000,299730,Split Level,3,2.000,"Partial,Partially Finished",1 Car Attached,9,12853.30,CL,2/08/2016,1/21/2018,4/12/2017,8/15/2017,428,Det,1,1,2826995
175,,Pennsylvania,Avenue,Freeport,11520,349000,318000,Colonial,3,2.500,Partial,2 Car Detached,9,14033.63,CL,11/06/2017,11/01/2018,11/30/2017,2/13/2018,24,Det,1,1,2983782
35,,Harding,Place,Freeport,11520,279900,251500,Cape,6,2.000,"Full,Finished",2 Car Detached,9,15549.11,CL,10/11/2018,10/11/2019,12/19/2018,1/16/2019,69,Det,1,1,3072712
318,,Smith,Street,Freeport,11520,295000,295000,Colonial,3,2.000,"Full,Unfinished",2 Car Detached,9,14804.93,CL,3/20/2016,6/30/2018,3/16/2017,2/09/2018,361,Det,1,1,2838045
86,,St Marks,Avenue,Freeport,11520,299999,290000,Cape,4,1.500,"Full,Unfinished",1 Car Attached,9,13353.34,CL,8/08/2019,8/31/2020,9/05/2019,10/18/2019,28,Det,1,1,3154622
299,,Rutland,Road,Freeport,11520,155000,166000,Cape,3,1.000,Full,,9,10000.00,CL,3/05/2019,7/17/2019,4/17/2019,5/31/2019,42,Det,1,1,3106369
627,S,Bayview,Avenue,Freeport,11520,362000,312000,Split Ranch,3,2.000,Partial,,9,8500.00,CL,5/28/2019,8/28/2019,6/19/2019,8/16/2019,22,Det,1,1,3132931
87,S,Ann,Drive,Freeport,11520,250000,255000,Post Modern,3,1.500,Partial,,9,13099.00,CL,9/17/2018,12/31/2018,10/01/2018,11/08/2018,14,Det,1,1,3065865
53,E,Hubbard,Avenue,Freeport,11520,339999,338000,Ranch,3,1.000,"Crawl,Unfinished",,9,9905.00,CL,6/29/2018,9/29/2018,8/08/2018,10/17/2018,40,Det,1,1,3044157
38,,Delisle,Avenue,Roosevelt,11575,235000,240000,Cape,5,2.000,"Full,Unfinished",1 Car Detached,9,12265.00,CL,5/19/2017,5/19/2018,9/19/2017,10/31/2017,123,Det,1,1,2939933
40,,Branch,Avenue,Freeport,11520,279999,220000,Cape,4,2.000,"Full,Unfinished",,9,12619.83,CL,3/18/2019,3/18/2021,6/03/2019,2/06/2020,77,Det,1,1,3110329
28,,Coolidge,Place,Freeport,11520,249000,245000,Cape,2,1.000,"Full,Unfinished",,9,11269.03,CL,11/08/2018,2/28/2019,1/03/2019,2/26/2019,56,Det,1,1,3079938
271,N,Long Beach,Avenue,Freeport,11520,345000,325000,Colonial,3,1.000,Full,1 Car Detached,9,11225.00,CL,6/26/2017,6/26/2018,11/10/2017,12/20/2017,137,Det,1,1,2950140
12,,May,Court,Freeport,11520,275000,260000,Cape,1,1.000,"Full,Partially Finished",,9,7978.41,CL,3/22/2019,9/19/2019,6/03/2019,10/30/2019,73,Det,1,1,3111710
59,,Nassau,Avenue,Freeport,11520,349999,345000,Ranch,2,1.000,"Full,Unfinished",1 Car Detached,9,8267.92,CL,11/11/2019,5/11/2020,12/09/2019,2/03/2020,28,Det,1,1,3179602
100,,Independence,Avenue,Freeport,11520,319999,310000,Cape,2,1.500,"Full,Finished",1 Car Detached,9,10299.47,CL,4/11/2017,12/31/2017,11/02/2017,12/08/2017,205,Det,1,1,2928611
571,S,Ocean,Avenue,Freeport,11520,379000,350000,Split Level,4,1.500,"Partial,Unfinished",1 Car Attached,9,15357.65,CL,5/15/2018,3/15/2019,12/12/2018,12/28/2018,211,Det,1,1,3030262
5,,Locust,Court,Freeport,11520,185000,197100,Colonial,4,1.000,Full,,9,14883.00,CL,9/28/2017,3/27/2018,1/19/2018,3/08/2018,113,Det,1,1,2974679
135,E,Dean,Street,Freeport,11520,299900,290000,Colonial,4,2.000,Full,,9,14408.29,CL,3/27/2019,8/31/2019,6/24/2019,7/26/2019,89,Det,1,1,3113391
129,,Westend,Avenue,Freeport,11520,259900,275000,Cape,3,2.000,"Full,Unfinished",1 Car Detached,9,10081.34,CL,7/06/2019,10/31/2019,7/19/2019,10/07/2019,13,Det,1,1,3144936
4,,Prospect,Court,Freeport,11520,274900,319000,Cape,4,2.000,Full,1 Car Attached,9,14646.32,CL,2/20/2019,5/20/2019,3/05/2019,4/05/2019,13,Det,1,1,3102697
32,,Shelley Street,,Freeport,11520,271000,265000,Cape,4,2.000,"Partial,Unfinished",1 Car Detached,9,11314.27,CL,6/19/2018,2/28/2019,12/21/2018,1/31/2019,185,Det,1,1,3041026
1,,Harrison,Avenue,Freeport,11520,299900,305000,Cape,3,1.000,"Full,Finished",,9,9646.00,CL,5/07/2018,9/30/2018,6/05/2018,8/30/2018,29,Det,1,1,3028305
310,,Miller,Avenue,Freeport,11520,225000,207900,Cape,4,2.000,"None,Unfinished",,9,7750.00,CL,11/16/2017,2/15/2018,1/10/2018,2/12/2018,55,Det,1,0,2988234
106,N,Grove,Street,Freeport,11520,350000,340000,Colonial,6,2.500,"Full,Finished",,9,16088.91,CL,1/31/2019,5/01/2019,4/25/2019,7/11/2019,83,Det,1,1,3097850
42,,Raynor,Street,Freeport,11520,229900,231043,Colonial,3,1.500,Partial,,9,11927.88,CL,2/07/2019,6/30/2019,5/29/2019,6/18/2019,110,Det,1,1,3099679
136,E,Dean,Street,Freeport,11520,270000,272000,Colonial,3,1.000,"None,Unfinished",,9,14048.14,CL,11/14/2019,4/15/2020,1/15/2020,2/04/2020,62,Det,1,1,3180491
18,,Elm,Street,Freeport,11520,174900,168000,Colonial,1,1.500,Full,,9,10858.00,CL,4/20/2017,7/20/2017,6/13/2017,3/09/2018,54,Det,1,1,2931302
54,,Overton,Street,Freeport,11520,299000,265000,Ranch,2,1.000,"Crawl,Unfinished",1 Car Detached,9,8398.17,CL,1/14/2017,8/31/2017,2/24/2017,5/26/2017,41,Det,1,1,*1273353
57,,Frederick,Avenue,Freeport,11520,210000,210000,Colonial,4,1.500,"Full,Unfinished",1 Car Detached,9,13864.54,CL,9/25/2019,12/31/2019,10/08/2019,11/05/2019,13,Det,1,1,*1358580
16,,Laurette,Lane,Freeport,11520,260000,260000,Ranch,3,2.000,"Full,Unfinished",1 Car Attached,9,15652.51,CL,9/23/2015,3/31/2018,10/04/2017,1/17/2018,742,Det,1,1,2798709
58,,Branch,Avenue,Freeport,11520,279000,212000,Cape,4,2.000,"Full,Partially Finished",2 Car Detached,9,10874.17,CL,2/09/2016,12/31/2016,1/20/2017,3/29/2017,346,Det,1,1,2827200
169,,Independence,Avenue,Freeport,11520,349000,349000,Split Level,4,2.500,"Full,Partially Finished",,9,15729.08,CL,4/25/2016,8/25/2017,9/04/2017,9/04/2018,497,Det,1,2,2847894
64,,Adams Street,,Freeport,11520,304000,285000,Split Level,3,2.000,"Crawl,Unfinished",1 Car Attached,9,13630.26,CL,5/23/2016,5/23/2017,2/02/2017,6/09/2017,255,Att,1,1,2855312
48,,Overton,Street,Freeport,11520,345000,345000,Colonial,4,2.000,"None,Unfinished",,9,12979.00,CL,7/15/2016,7/15/2017,2/01/2017,5/16/2017,201,Det,1,1,2869164
121,,Glenada,Court,Freeport,11520,340000,330000,Colonial,5,2.000,"Full,Unfinished",,9,11832.00,CL,9/01/2016,7/29/2017,3/24/2017,12/04/2017,204,Det,1,1,2880236
313,,Rutland,Road,Freeport,11520,325000,325000,Ranch,3,1.000,"Full,Finished",1 Car Detached,9,9620.05,CL,9/26/2016,9/30/2017,4/12/2017,6/23/2017,198,Det,1,1,2886427
6,,Wilshire,Court,Freeport,11520,269000,269000,Split Level,3,1.500,"None,Unfinished",1 Car Attached,9,10146.00,CL,10/27/2016,2/12/2018,5/15/2017,7/13/2017,200,Det,1,1,2892880
73,,Tyler,Street,Freeport,11520,269000,250000,Ranch,3,1.000,"None,Unfinished",,9,8000.00,CL,11/03/2016,11/03/2017,3/22/2017,5/08/2017,139,Det,1,1,2894401
675,S,Bayview,Avenue,Freeport,11520,250000,250000,Colonial,5,2.000,"Full,Unfinished",,9,11407.00,CL,11/18/2016,11/17/2017,12/28/2016,5/25/2017,40,Det,2,2,2897365
233,,Guy Lombardo,Avenue,Freeport,11520,365000,350000,Hi Ranch,4,2.500,"None,Unfinished",,9,13474.77,CL,12/14/2016,6/12/2017,2/21/2017,5/24/2017,69,Det,1,1,2901836
14,,Harrison,Avenue,Freeport,11520,359000,350000,Colonial,4,3.000,"Full,Finished",1 Car Detached,9,11869.43,CL,12/27/2016,12/27/2017,3/17/2017,5/31/2017,79,Det,1,1,2903415
113,E,Dean,Street,Freeport,11520,349000,335000,Colonial,3,3.000,"Full,Finished",1 Car Detached,9,12280.60,CL,12/23/2016,9/23/2017,4/28/2017,6/20/2017,125,Det,1,1,2903502
187,,Moody,Avenue,Freeport,11520,310000,300000,Ranch,2,1.000,"Full,Unfinished",1 Car Detached,9,8713.00,CL,1/17/2017,7/16/2017,2/25/2017,6/02/2017,39,Det,1,1,2907190
330,,Wallace,Street,Freeport,11520,330000,325000,Colonial,2,1.500,"Full,Unfinished",1 Car Attached,9,10923.76,CL,2/01/2017,2/15/2018,2/13/2017,5/18/2017,12,Det,1,1,2910876
32,,Delisle,Avenue,Roosevelt,11575,139900,139900,Bungalow,2,1.000,"Partial,Partially Finished",,9,9111.87,CL,2/07/2017,8/04/2017,6/01/2017,6/23/2017,113,Det,1,1,2912553
285,,Pine,Street,Freeport,11520,379990,326800,Colonial,3,1.500,"Full,Partially Finished",2 Car Detached,9,9095.88,CL,2/25/2017,7/31/2017,6/07/2017,8/16/2017,101,Det,1,1,2916416
346,S,Bayview,Avenue,Freeport,11520,210000,195000,Ranch,3,2.000,"None,Unfinished",,9,8138.00,CL,3/06/2017,9/06/2018,4/20/2018,6/19/2018,409,Det,1,1,2919422
22,,Pierrepont,Street,Freeport,11520,309000,309000,Colonial,3,1.500,"Full,Unfinished",2 Car Detached,9,11463.84,CL,3/10/2017,10/31/2017,6/29/2017,9/01/2017,110,Det,1,1,2920334
16,,Mount,Avenue,Freeport,11520,179900,196000,Colonial,3,2.000,"Full,Unfinished",,9,11938.23,CL,3/15/2017,6/10/2017,4/14/2017,5/08/2017,30,Det,1,1,2922677
65,,Harris,Avenue,Freeport,11520,210000,181778,Colonial,4,1.000,"Full,Unfinished",,9,13013.77,CL,3/30/2017,5/31/2018,4/05/2017,6/23/2017,6,Det,1,1,2925484
11,,Hubbard,Avenue,Freeport,11520,315000,300000,Ranch,3,1.000,"Crawl,Unfinished",1 Car Detached,9,8228.78,CL,4/04/2017,6/15/2017,5/15/2017,7/13/2017,41,Det,1,1,2927073
151,,Fairview,Place,Freeport,11520,279000,220000,Hi Ranch,4,2.000,"None,Unfinished",,9,15072.66,CL,4/11/2017,12/31/2017,5/23/2017,5/14/2018,42,Det,1,1,2928385
40,,Hillside,Avenue,Freeport,11520,199000,211000,Colonial,3,1.500,"Full,Unfinished",,9,10010.00,CL,4/13/2017,3/22/2018,7/17/2017,12/19/2017,95,Det,1,1,2929064
28,,Claurome,Place,Freeport,11520,339000,340000,Colonial,3,2.000,"Full,Unfinished",1 Car Detached,9,12614.00,CL,4/17/2017,10/17/2017,5/31/2017,8/11/2017,44,Det,2,2,2930280
26,,Gill,Avenue,Freeport,11520,315000,315000,Cape,3,1.500,"Full,Partially Finished",,9,9078.33,CL,5/01/2017,5/02/2018,9/29/2017,1/02/2018,151,Det,1,1,2933962
24,,Franklin Square,Road,Freeport,11520,174900,174900,Colonial,4,1.000,"Partial,Unfinished",,9,8703.31,CL,5/01/2017,12/26/2017,5/24/2017,9/29/2017,23,Det,1,1,2934671
2,,Forbes,Place,Freeport,11520,286000,280000,Cape,3,1.000,"Full,Unfinished",2 Car Detached,9,12054.08,CL,5/16/2017,8/14/2017,7/11/2017,7/20/2017,56,Det,1,1,2939651
356,,Arthur,Street,Freeport,11520,135000,145000,Ranch,2,1.000,"None,Unfinished",,9,11600.00,CL,5/31/2017,9/01/2017,7/17/2017,3/08/2018,47,Det,1,1,2942918
29,,President,Street,Freeport,11520,240000,243000,Exp Ranch,5,2.000,"None,Unfinished",1 Car Attached,9,13352.49,CL,6/06/2017,8/07/2017,6/29/2017,8/10/2017,23,Det,1,1,2945379
717,,Stanton,Avenue,N. Baldwin,11510,299000,310000,Colonial,4,1.500,"Full,Unfinished",1 Car Detached,9,11445.59,CL,6/13/2017,6/13/2018,7/12/2017,1/25/2018,29,Det,1,1,2946808
24,,Van Buren,Street,Freeport,11520,349990,346000,Exp Cape,4,2.000,"None,Unfinished",,9,11377.19,CL,6/29/2017,12/31/2017,7/30/2017,10/18/2017,31,Det,1,1,2951031
329,N,Columbus,Avenue,Freeport,11520,299000,260000,Split Level,3,2.000,"Full,Finished",1 Car Attached,9,14335.98,CL,7/17/2017,6/15/2018,8/24/2017,11/02/2017,38,Det,1,1,2955701
143,,Fairview,Place,Freeport,11520,229000,229000,Hi Ranch,3,2.000,"None,Unfinished",1 Car Attached,9,8811.41,CL,7/18/2017,12/27/2017,8/01/2017,8/14/2017,14,Det,1,1,2956413
7,,Tyler,Street,Freeport,11520,339000,350000,Raised Ranch,3,1.000,"None,Unfinished",1 Car Detached,9,8437.00,CL,7/26/2017,7/05/2018,6/13/2018,9/06/2018,322,Det,1,1,2958473
275,,Wallace,Street,Freeport,11520,349000,349000,Cape,3,2.000,"Full,Unfinished",2 Car Detached,9,10413.86,CL,8/03/2017,1/16/2018,10/30/2017,1/18/2018,88,Det,1,1,2960572
25,,Cottage,Court,Freeport,11520,185000,160000,Colonial,3,1.000,Full,,9,7250.00,CL,8/17/2017,11/30/2017,10/02/2017,11/20/2017,46,Det,1,1,2964624
755,S,Long Beach,Avenue,Freeport,11520,315000,305000,Hi Ranch,4,2.000,"None,Unfinished",1 Car Attached,9,11349.57,CL,8/29/2017,1/31/2018,9/15/2017,12/11/2017,17,Det,1,1,2966752
229,,Church,Street,Freeport,11520,350000,350000,Colonial,3,2.000,"Full,Unfinished",2 Car Detached,9,10735.00,CL,8/29/2017,8/29/2018,10/20/2017,11/27/2017,52,Det,1,1,2966921
86,,Oak,Street,Freeport,11520,165000,165000,Cottage,2,1.000,"Partial,Unfinished",,9,12434.81,CL,8/30/2017,4/07/2018,1/05/2018,2/07/2018,128,Det,1,1,2967530
20,,Lenox,Place,Freeport,11520,329000,320000,Ranch,3,1.000,"Full,Unfinished",,9,11063.70,CL,9/14/2017,6/30/2018,11/22/2017,2/09/2018,69,Det,1,1,2970946
77,,Grant,Street,Freeport,11520,319999,319999,Ranch,3,1.000,"Crawl,Unfinished",,9,10480.70,CL,9/27/2017,3/26/2018,10/23/2017,1/31/2018,26,Det,1,1,2974209
322,,Saint Marks,Avenue,Freeport,11520,335000,328000,Hi Ranch,4,1.500,"None,Unfinished",1 Car Attached,9,14709.28,CL,10/05/2017,2/28/2018,11/29/2017,2/26/2018,55,Det,1,1,2976292
51,E,Woodbine,Drive,Freeport,11520,350000,340000,Cape,4,2.000,"Full,Partially Finished",2 Car Detached,9,13512.00,CL,10/08/2017,10/08/2018,4/23/2018,6/01/2018,197,Det,1,1,2977058
48,,Howard,Avenue,Freeport,11520,220000,205000,Split Level,3,1.500,"Partial,Finished",,9,8434.52,CL,11/13/2017,5/31/2018,12/05/2017,1/09/2018,22,Det,1,1,2985523
43,E,Bedell,Street,Freeport,11520,339000,315000,Ranch,3,1.500,"None,Unfinished",1 Car Attached,9,13165.60,CL,12/02/2017,5/01/2018,12/07/2017,3/12/2018,5,Det,1,1,2989026
170,,Harris,Avenue,Freeport,11520,234900,235000,Cape,4,1.000,"Full,Unfinished",,9,12081.00,CL,12/09/2017,3/08/2018,2/13/2018,3/02/2018,66,Det,1,1,2990750
11,,Hubbard,Avenue,Freeport,11520,329990,320000,Ranch,3,1.000,"Crawl,Unfinished",1 Car Detached,9,8228.79,CL,12/10/2017,10/01/2018,1/22/2018,3/12/2018,43,Det,1,1,2990916
356,,Arthur,Street,Freeport,11520,215000,230000,Ranch,3,2.000,"Crawl,Unfinished",,9,12101.00,CL,12/14/2017,12/14/2018,2/21/2018,3/23/2018,69,Det,1,1,2991478
28,,Jefferson,Street,Freeport,11520,314999,290000,Cape,4,1.000,"Crawl,Unfinished",,9,10582.08,CL,1/15/2018,8/15/2018,4/02/2018,5/04/2018,76,Det,1,1,2996708
23,,Morris,Street,Freeport,11520,250000,227500,Cape,4,1.000,"None,Unfinished",1 Car Detached,9,11779.86,CL,2/08/2018,9/30/2018,4/19/2018,5/11/2018,69,Det,1,1,3003275
427,S,Bayview,Avenue,Freeport,11520,349000,349000,Cape,4,2.000,"Full,Unfinished",1 Car Detached,9,9223.33,CL,2/27/2018,2/15/2019,3/13/2018,4/27/2018,13,Det,1,1,3007502
61,,Grand,Avenue,Freeport,11520,299900,270000,Colonial,3,3.000,"Full,Finished",2 Car Detached,9,11573.41,CL,3/02/2018,6/04/2018,5/04/2018,6/08/2018,62,Det,1,1,3008891
60,,Atlantic,Avenue,Freeport,11520,348500,335000,Colonial,3,1.500,"Partial,Unfinished",2 Car Detached,9,13554.91,CL,3/12/2018,6/29/2018,4/19/2018,6/28/2018,38,Det,1,1,3011469
533,,Archer,Street,Freeport,11520,261000,281000,Bungalow,3,1.000,"Full,Unfinished",1 Car Detached,9,15587.75,CL,4/02/2018,7/01/2018,5/17/2018,6/14/2018,45,Det,1,1,3016845
31,,Dock,Drive,Freeport,11520,269000,255000,Bungalow,1,1.000,"None,Unfinished",1 Car Detached,9,9207.31,CL,4/02/2018,12/31/2018,7/14/2018,10/04/2018,103,Det,1,1,3016981
32,,Westend,Avenue,Freeport,11520,329000,320000,Colonial,3,1.000,"Full,Unfinished",2 Car Detached,9,10664.89,CL,4/19/2018,12/31/2018,5/21/2018,6/26/2018,32,Det,1,1,3022249
5,,Nassau,Avenue,Freeport,11520,349000,330000,Colonial,3,1.000,"Full,Unfinished",2 Car Detached,9,12748.56,CL,5/08/2018,5/05/2019,12/31/2018,3/05/2019,237,Det,1,1,3028173
52,,Martha,Street,Freeport,11520,286000,286000,Split Level,3,2.000,"Partial,Finished",1 Car Detached,9,12245.72,CL,5/12/2018,8/09/2018,6/29/2018,8/09/2018,48,Det,1,1,3030006
258,,Arthur,Street,Freeport,11520,339000,345000,Colonial,2,2.000,"Crawl,Unfinished",1 Car Detached,9,8229.21,CL,5/17/2018,11/17/2018,6/08/2018,8/17/2018,22,Det,1,1,3031140
260,,Roosevelt,Avenue,Freeport,11520,189000,165000,Cape,3,1.000,"None,Unfinished",,9,11700.00,CL,6/07/2018,6/07/2019,5/17/2019,5/17/2019,344,Det,1,1,3037650
309,S,Main,Street,Freeport,11520,110000,85000,Houseboat,2,1.000,"None,Unfinished",,9,0.00,CL,6/10/2018,12/10/2018,10/11/2018,10/11/2018,123,Det,1,1,3038188
296,,Nassau,Avenue,Freeport,11520,299900,230000,Split Level,4,2.000,"None,Unfinished",1 Car Attached,9,11975.88,CL,6/18/2018,10/31/2018,8/20/2018,9/14/2018,63,Det,1,1,3040619
315,N,Long Beach,Avenue,Freeport,11520,250000,267800,Bungalow,3,1.000,"Full,Finished",,9,10875.71,CL,7/12/2018,7/12/2019,5/09/2019,8/07/2019,301,Det,1,1,3048111
21,,Frederick,,Freeport,11520,314990,322000,Exp Ranch,2,1.500,"Full,Finished",1 Car Detached,9,10200.00,CL,7/26/2018,12/30/2018,8/16/2018,11/19/2018,21,Det,1,1,3052028
106,E,Dean,Street,Freeport,11520,264900,261916,Cape,3,1.000,"Full,Unfinished",,9,12128.44,CL,8/07/2018,11/07/2018,9/13/2018,10/05/2018,37,Det,1,1,3055478
212,,Lena,Avenue,Freeport,11520,324900,330000,Colonial,5,2.500,Full,,9,15052.61,CL,8/10/2018,11/09/2018,9/25/2018,1/28/2019,46,Det,1,1,3056441
252,,Arthur,Street,Freeport,11520,244000,240000,Ranch,2,1.000,"None,Unfinished",,9,8558.00,CL,9/27/2018,9/27/2019,1/15/2019,3/05/2019,110,Att,1,1,3068665
2,,Harrison,Avenue,Freeport,11520,254999,255000,Ranch,2,1.000,"Full,Unfinished",,9,12497.00,CL,9/28/2018,9/28/2019,3/28/2019,7/12/2019,181,Det,1,1,3069091
5,,Shonnard,Avenue,Freeport,11520,269000,284000,Ranch,2,1.000,"Crawl,Unfinished",,9,9376.51,CL,8/06/2018,1/05/2020,7/18/2019,11/08/2019,346,Det,1,1,3071265
17,,Grant,Street,Freeport,11520,380000,350000,Colonial,5,2.000,"None,Unfinished",1 Car Detached,9,15297.00,CL,5/27/2018,2/27/2019,2/14/2019,6/20/2019,263,Det,1,1,3075801
67,,Lillian,Avenue,Freeport,11520,149900,152000,Colonial,2,1.000,"Full,Unfinished",,9,9253.00,CL,10/26/2018,2/15/2019,1/16/2019,2/04/2019,82,Det,1,1,3076694
38,,Howard,Avenue,Freeport,11520,309000,305000,Split Level,3,1.000,"Full,Finished",,9,12278.44,CL,11/09/2018,5/08/2019,2/07/2019,4/05/2019,90,Det,1,1,3080110
90,,Rutland,Road,Freeport,11520,299900,280000,Colonial,3,2.000,Full,,9,13236.00,CL,12/12/2018,3/22/2019,2/21/2019,3/28/2019,71,Det,1,1,3086902
75,,Harrison,Avenue,Freeport,11520,309000,327000,Ranch,3,1.000,"Crawl,Unfinished",,9,9618.00,CL,1/23/2019,1/22/2020,2/27/2019,4/16/2019,35,Det,1,1,3095449
16,,Elinor,Place,Freeport,11520,349000,329000,Cape,3,1.000,"Partial,Partially Finished",1 Car Detached,9,9443.00,CL,1/23/2019,12/31/2019,6/17/2019,8/28/2019,144,Det,1,1,3096208
171,,Saint Marks,Avenue,Freeport,11520,359900,350000,Colonial,4,2.000,"Crawl,Unfinished",1 Car Detached,9,11201.33,CL,2/07/2019,8/06/2019,6/24/2019,8/29/2019,136,Det,1,1,3099415
90,S,Ann,Drive,Freeport,11520,269900,268000,Split Level,4,1.500,"Partial,Unfinished",1 Car Attached,9,14464.35,CL,2/07/2019,6/19/2019,4/22/2019,4/30/2019,73,Det,1,1,3099860
76,,Van Buren,Street,Freeport,11520,325000,325000,Ranch,2,1.000,"Crawl,Unfinished",1 Car Detached,9,9883.56,CL,2/13/2019,6/30/2019,4/22/2019,6/05/2019,67,Det,1,1,3100960
644,S,Long Beach,Avenue,Freeport,11520,249900,248000,Cape,5,2.000,"Full,Unfinished",1 Car Attached,9,15919.01,Cl,2/27/2019,5/30/2019,3/27/2019,4/15/2019,27,Det,1,1,3104592
66,,Stirling,Avenue,Freeport,11520,357000,335000,Split Level,5,3.000,"None,Unfinished",,9,17246.00,CL,4/12/2019,7/11/2019,4/26/2019,7/09/2019,14,Det,1,1,3118964
4,,Layton,Street,Freeport,11520,265000,226000,Split Level,3,1.000,"Crawl,Unfinished",,9,9180.00,CL,4/16/2019,7/16/2019,6/14/2019,7/12/2019,59,Det,1,1,3119734
33,,Lester,Avenue,Freeport,11520,250000,210000,Colonial,4,2.000,"None,Unfinished",1 Car Attached,9,16000.00,CL,4/23/2019,10/19/2019,7/10/2019,8/14/2019,78,Det,1,1,3122057
260,,Roosevelt,Avenue,Freeport,11520,239000,225000,Cape,3,1.000,"None,Unfinished",,9,9000.00,CL,5/28/2019,5/28/2020,6/17/2019,7/31/2019,20,Det,1,1,3132616
153,,Sportsmans,Avenue,Freeport,11520,339900,335000,Hi Ranch,5,3.000,"None,Unfinished",2 Car Attached,9,12524.42,CL,5/28/2019,9/27/2019,8/01/2019,8/26/2019,65,Det,1,1,3132774
13,E,Dean,Street,Freeport,11520,245000,245500,Colonial,3,2.000,"Full,Unfinished",,9,10035.00,CL,5/30/2019,9/30/2019,8/13/2019,11/08/2019,75,Det,1,1,3133601
20,,Sportsmans,Avenue,Freeport,11520,249600,257000,Bungalow,3,1.000,"Full,Unfinished",,9,12440.00,CL,9/18/2019,9/28/2019,9/23/2019,9/24/2019,5,Det,1,1,3165884
175,S,Brookside,Avenue,Freeport,11520,299000,299000,Cape,3,1.000,"Full,Unfinished",1 Car Detached,9,12193.55,CL,12/11/2019,3/10/2020,2/19/2020,2/27/2020,70,Det,1,1,3185910
100,S,Bayview,Avenue,Freeport,11520,320000,267750,Colonial,3,2.000,"Full,Finished",,9,10800.00,CL,1/03/2020,4/03/2020,1/16/2020,2/21/2020,13,Det,1,1,3188993