St #,Dr,Street Name,Sfx,Town,Zip,ListPrice,SoldPrice,,Br,Bath,,,SD,Tot Tax,LSC,ListDate,ExpDate,ContDate,TitleDate,DOM,Det,#F,K,ML#
2870,,Terra Park,Lane,Wantagh,11793,549000,549000,Ranch,2,1.500,"Full,Finished",,4,10163.86,CL,11/29/2018,6/27/2019,12/28/2018,3/27/2019,29,Det,1,1,3084029
53,,Marino,Avenue,Port Washington,11050,529000,540000,Cape,3,1.500,"Full,Unfinished",1 Car Detached,4,11829.00,CL,7/13/2017,1/31/2018,7/28/2017,10/10/2017,15,Det,1,1,2954774
41,,Earl,Drive,Merrick,11566,569990,560000,Exp Cape,4,2.000,"Full,Finished",1 Car Attached,4,14258.94,CL,3/10/2018,9/10/2018,5/10/2018,7/02/2018,60,Det,1,1,3011062
1525,,Peapond,Road,N. Bellmore,11710,529777,550000,Split Level,3,1.500,"Full,Finished",1 Car Attached,4,11279.00,CL,6/15/2017,1/30/2018,6/30/2017,1/31/2018,15,Det,1,1,2947141
30,,Shelter Hill,Road,Plainview,11803,550000,530000,Split Level,3,1.500,"Full,Unfinished",,4,9961.34,CL,4/10/2019,10/31/2019,5/07/2019,6/07/2019,27,Det,1,1,3117757
79,,Avenue C,,Port Washington,11050,598000,569000,Colonial,3,2.000,"None,Unfinished",,4,12764.53,CL,7/24/2017,6/30/2018,3/09/2018,5/11/2018,228,Det,1,1,2958428
20,,Grohmans,Lane,Plainview,11803,549999,551000,Split Level,3,1.500,"Full,Unfinished",1 Car Attached,4,14083.11,CL,3/16/2017,8/31/2017,4/04/2017,6/16/2017,19,Det,1,1,2921738
2535,,Locust,Avenue,N. Bellmore,11710,549000,549000,Split Level,3,1.500,"Full,Unfinished",1 Car Attached,4,12042.06,CL,2/22/2018,8/31/2018,3/22/2018,7/09/2018,27,Det,1,1,3006411
964,,Madison,Place,N. Merrick,11566,549000,535000,Split Level,5,2.000,"Full,Unfinished",1 Car Attached,4,11422.24,CL,4/14/2018,10/31/2018,6/21/2018,8/28/2018,68,Det,1,1,3020567
47,,Sagamore Hill,Drive,Port Washington,11050,569000,540000,Ranch,2,1.000,"Full,Unfinished",1 Car Attached,4,10441.42,CL,12/13/2016,6/13/2017,2/17/2017,3/31/2017,66,Det,1,1,2901620
47,,Sunrise,Street,Plainview,11803,579000,568500,Exp Cape,4,2.500,"Full,Finished",1 Car Attached,4,14679.34,CL,6/29/2017,12/31/2017,8/02/2017,9/29/2017,34,Det,1,1,2951119
63,,Virginia,Avenue,Plainview,11803,549000,550000,Exp Cape,3,2.000,"Full,Finished",1 Car Detached,4,15819.46,CL,4/24/2019,12/31/2019,5/06/2019,6/25/2019,12,Det,1,1,3122089
118,,Cherry,Drive,Plainview,11803,569000,535000,Splanch,4,2.500,"Partial,Unfinished",2 Car Attached,4,15576.00,CL,8/16/2019,8/30/2020,11/06/2019,2/03/2020,82,Det,1,1,3156655
9,,Abbey,Court,Bellmore,11710,509000,510000,Exp Cape,3,2.000,"Full,Finished",1 Car Detached,4,10610.00,CL,7/13/2019,1/31/2020,8/17/2019,11/20/2019,35,Det,1,1,3146948
888,,Oakfield,Avenue,Wantagh,11793,569990,550000,Colonial,4,3.000,"Full,Partially Finished",2 Car Detached,4,10966.21,CL,1/01/2017,7/01/2017,1/30/2017,3/28/2017,29,Det,1,1,2903846
4,,Harriet,Lane,Plainview,11803,599000,520500,Split Level,3,2.500,"Full,Finished",,4,11621.00,CL,5/01/2017,10/30/2017,7/10/2017,8/29/2017,70,Det,1,1,2934041
593,,Old Bethpage,Road,Old Bethpage,11804,559000,539000,Hi Ranch,4,2.000,"None,Unfinished",1 Car Attached,4,16428.41,CL,2/11/2019,5/11/2019,3/21/2019,6/06/2019,37,Det,1,1,3100497
6,,Vera,Avenue,Plainview,11803,569000,535000,Exp Ranch,4,3.000,"Full,Partially Finished",,4,17059.58,CL,6/26/2019,10/26/2019,8/13/2019,10/17/2019,48,Det,1,1,3141981
64,,Virginia,Avenue,Plainview,11803,549000,530000,Exp Cape,4,3.000,"Full,Partially Finished",1 Car Detached,4,16994.09,CL,10/04/2018,4/01/2019,2/06/2019,3/14/2019,125,Det,1,1,3070629
39,,Clearwater,Drive,Plainview,11803,549000,537500,Ranch,3,2.000,"Full,Finished",1 Car Attached,4,11550.11,CL,6/26/2019,9/26/2019,7/26/2019,9/05/2019,30,Det,1,1,3142223
102,,Radcliffe,Road,Plainview,11803,563000,545000,Split Level,3,1.500,"Full,Finished",,4,16740.46,CL,8/01/2019,1/01/2020,10/01/2019,11/06/2019,61,Det,1,1,3152529
144,,Radcliffe,Road,Plainview,11803,567888,557000,Split Level,4,2.000,"Partial,Finished",,4,15502.00,CL,4/25/2018,1/18/2019,8/23/2018,11/02/2018,120,Det,1,1,3023831
766,,Virginia,Avenue,N. Bellmore,11710,549000,561000,Exp Cape,5,2.000,"Full,Finished",1 Car Attached,4,9660.20,CL,11/20/2017,5/17/2018,1/05/2018,3/05/2018,46,Det,1,1,2986912
24,,Lane,Avenue,Plainview,11803,529000,510000,Split Level,3,2.000,"Partial,Finished",,4,14388.36,CL,7/26/2017,1/25/2018,9/28/2017,11/02/2017,64,Det,1,1,2958399
28,,Melony,Avenue,Plainview,11803,529000,508000,Ranch,3,2.000,"Full,Finished",,4,9162.13,CL,9/06/2017,3/05/2018,9/27/2017,12/18/2017,21,Det,1,1,2968617
735,,Old Bethpage,Road,Old Bethpage,11804,529000,493000,Hi Ranch,5,3.000,"None,Unfinished",,4,15941.00,CL,11/21/2016,8/21/2017,7/31/2017,10/20/2017,251,Det,1,1,2897861
24,,Forest,Drive,Plainview,11803,589000,570000,Split Level,3,2.000,"Partial,Finished",2 Car Attached,4,12938.00,CL,11/09/2018,5/30/2019,1/29/2019,3/07/2019,81,Det,1,1,3079960
19,S,Oaks,Boulevard,Plainview,11803,545000,560000,Split Level,4,2.500,"Partial,Partially Finished",,4,20257.64,CL,4/08/2018,4/09/2019,4/23/2018,6/18/2018,15,Det,1,1,3018657
95,,Crest,Road,N. Merrick,11566,499000,495000,Colonial,4,2.000,"Full,Unfinished",1 Car Attached,4,11500.00,CL,10/03/2017,12/30/2017,10/09/2017,10/19/2017,6,Det,1,1,*1297227
15,,Shelart,Street,Plainview,11803,559999,545000,Hi Ranch,4,2.500,"None,Unfinished",2 Car Attached,4,11056.06,CL,7/25/2017,2/25/2018,1/30/2018,6/27/2018,189,Det,1,1,2958134
68,,Barry,Lane,Old Bethpage,11804,579000,555000,Hi Ranch,4,1.500,"None,Unfinished",2 Car Attached,4,13480.53,CL,7/14/2017,1/14/2018,10/08/2017,12/22/2017,86,Det,1,1,2955350
16,,Lincoln N.,Road,Plainview,11803,529000,515000,Split Level,3,1.500,"Partial,Unfinished",1 Car Attached,4,10151.20,CL,5/03/2019,11/03/2019,8/20/2019,10/15/2019,109,Det,1,1,3125061
2367,,Warren,Avenue,N. Bellmore,11710,499000,499000,Exp Cape,3,2.000,"Full,Finished",1 Car Detached,4,13885.36,CL,5/29/2019,12/22/2019,7/18/2019,10/11/2019,50,Det,1,1,3132921
2431,,Hamilton,Avenue,Bellmore,11710,549000,550000,Exp Cape,4,2.000,"Full,Finished",1 Car Attached,4,10120.00,CL,4/10/2018,12/10/2018,5/07/2018,7/30/2018,27,Det,1,1,3019946
57,,Marilyn,Boulevard,Plainview,11803,574999,540000,Split Level,3,2.000,"Partial,Unfinished",2 Car Attached,4,11202.81,CL,7/31/2017,1/15/2018,10/26/2017,1/26/2018,87,Det,1,1,2959469
14,,Debora,Drive,Plainview,11803,549000,530000,Split Level,3,1.500,"Partial,Partially Finished",1 Car Attached,4,10027.92,CL,6/04/2018,11/15/2018,6/25/2018,8/10/2018,21,Det,1,1,3036231
76,,Inwood,Road,Port Washington,11050,549000,525000,Cape,4,2.000,Full,,4,9000.15,CL,2/10/2017,8/10/2017,5/17/2017,7/20/2017,95,Det,1,1,2912868
2352,,Hamilton,Avenue,N. Bellmore,11710,560000,570000,Exp Cape,4,2.500,Full,2 Car Detached,4,11388.46,CL,9/20/2019,9/20/2020,10/03/2019,12/19/2019,13,Det,1,1,3166211
19,,Wilshire,Lane,Plainview,11803,525000,505000,Split Level,3,1.500,Partial,1 Car Attached,4,12487.00,CL,10/02/2017,3/01/2018,11/15/2017,1/19/2018,44,Det,1,1,2975376
19,,Algiers,Street,Plainview,11803,549900,558000,Split Level,3,2.000,"Partial,Partially Finished",1 Car Attached,4,14649.69,CL,10/03/2017,4/30/2018,10/17/2017,12/05/2017,14,Det,1,1,*1297156
1530,,Dewey,Avenue,N. Bellmore,11710,525000,527500,Colonial,4,3.000,"Full,Unfinished",1 Car Attached,4,13899.00,CL,9/25/2018,3/31/2019,10/19/2018,11/20/2018,24,Det,1,1,3068158
2686,,Sylvia,Drive,N. Bellmore,11710,575000,550000,Exp Ranch,3,2.000,"Full,Partially Finished",,4,9896.27,CL,5/22/2018,11/22/2018,6/18/2018,9/14/2018,27,Det,1,1,3033056
1271,,Little Neck,Avenue,N. Bellmore,11710,499000,499000,Hi Ranch,6,2.550,"Full,Partially Finished",1 Car Attached,4,16333.65,CL,4/07/2018,11/04/2018,4/26/2018,5/25/2018,19,Det,1,2,3022164
41,,Kalda,Lane,Plainview,11803,569000,560000,Ranch,3,1.000,"Full,Finished",1 Car Attached,4,14288.55,CL,8/02/2018,12/31/2018,8/21/2018,10/02/2018,19,Det,1,1,3054201
1055,,Ruth,Place,N. Bellmore,11710,519990,530000,Split Level,4,3.000,"Crawl,Unfinished",1 Car Attached,4,11709.45,CL,10/20/2017,8/30/2018,11/15/2017,2/22/2018,26,Det,1,1,2980039
227,,Haypath,Road,Old Bethpage,11804,528888,515000,Exp Cape,5,3.500,"Full,Finished",,4,14892.49,CL,7/07/2017,11/14/2017,11/13/2017,12/19/2017,129,Det,1,1,2953280
164,,Radcliffe,Road,Plainview,11803,575000,550000,Split Level,4,2.500,"Full,Finished",,4,13200.00,CL,4/11/2019,12/30/2019,5/15/2019,10/10/2019,34,Det,1,1,3118548
32,,Peter,Lane,Plainview,11803,559000,550000,Ranch,4,2.000,"Partial,Partially Finished",,4,11407.00,CL,6/22/2018,11/01/2018,10/12/2018,11/30/2018,112,Det,1,1,3042304
926,,Grant,Place,N. Bellmore,11710,519000,535000,Exp Cape,3,1.500,"Full,Finished",,4,11715.30,CL,1/24/2018,7/15/2018,2/07/2018,3/27/2018,14,Det,1,1,2999090
1219,,Peapond,Road,N. Bellmore,11710,599000,555000,Colonial,4,2.000,"Full,Unfinished",2 Car Detached,4,15709.14,CL,8/23/2018,2/15/2019,10/10/2018,11/28/2018,48,Det,1,1,3059495
9,,Beaumont,Drive,Plainview,11803,490000,495000,Ranch,3,1.000,Full,1 Car Attached,4,14525.29,CL,6/29/2018,12/28/2018,10/25/2018,11/20/2018,118,Det,1,1,3044133
1,,Pleasant,Avenue,Plainview,11803,588000,510000,Split Level,4,2.500,"Partial,Partially Finished",1 Car Attached,4,19674.65,CL,7/18/2019,12/31/2019,9/25/2019,10/30/2019,69,Det,1,1,3148392
17,,Sheridan,Street,Old Bethpage,11804,569900,560000,Ranch,3,1.000,"Full,Finished",1 Car Attached,4,15962.62,CL,2/05/2018,4/04/2018,3/16/2018,5/17/2018,38,Det,1,1,*1305863
20,,Mahan,Road,Old Bethpage,11804,549000,555000,Cape,5,2.500,"Full,Unfinished",1 Car Attached,4,12398.00,CL,6/11/2019,1/15/2020,6/12/2019,7/24/2019,1,Det,1,1,*1349359
911,,Harlane,Circle,N. Bellmore,11710,510000,510000,Split Level,3,2.500,"Full,Finished",,4,12687.00,CL,10/01/2016,10/01/2017,2/14/2017,6/15/2017,136,Det,1,1,2888091
920,,Madison,Place,Merrick,11566,529000,515000,Colonial,4,3.500,"Full,Finished",2 Car Attached,4,17153.00,CL,10/20/2016,7/20/2017,3/15/2017,7/28/2017,146,Det,1,1,2891401
2200,,Cameron,Avenue,N. Merrick,11566,529000,505000,Hi Ranch,5,2.000,"None,Unfinished",1 Car Attached,4,11864.00,CL,12/01/2016,11/09/2017,8/21/2017,9/14/2017,262,Det,1,1,2899285
7,,Steven,Street,Plainview,11803,539000,525000,Ranch,4,3.000,"Full,Finished",,4,14700.00,CL,1/10/2017,11/14/2017,4/26/2017,7/06/2017,105,Det,1,1,2905839
1314,,Powell,Avenue,N. Merrick,11566,539000,541500,Exp Cape,4,2.000,"Full,Partially Finished",1 Car Attached,4,11878.09,CL,1/30/2017,1/30/2018,2/28/2017,4/25/2017,29,Det,1,1,2910205
4,,Canton,Drive,Merrick,11566,499000,499000,Colonial,3,1.500,"Full,Finished",1 Car Attached,4,13369.18,CL,2/03/2017,8/03/2017,3/15/2017,9/15/2017,39,Det,1,1,2911499
7,,Donald,Drive,Old Bethpage,11804,519999,519999,Split Level,4,2.000,Full,1 Car Attached,4,18036.00,CL,2/15/2017,1/29/2018,7/21/2017,9/29/2017,155,Det,1,1,2913937
1101,,Huckleberry,Road,N. Bellmore,11710,565000,545000,Ranch,3,1.500,"Full,Finished",1 Car Attached,4,11755.00,CL,3/01/2017,9/01/2017,4/06/2017,5/22/2017,35,Det,1,1,2917449
54A,,Barnum,Avenue,Plainview,11803,524999,510000,Hi Ranch,4,2.000,"None,Unfinished",2 Car Attached,4,14244.00,CL,3/01/2017,9/01/2017,3/24/2017,6/25/2017,22,Det,1,1,2917619
10,,Pleasant,Avenue,Plainview,11803,569000,555000,Split Level,3,1.500,"Partial,Partially Finished",1 Car Attached,4,17660.00,CL,3/08/2017,9/08/2017,6/16/2017,9/05/2017,99,Det,1,1,2919452
22,S,Marwood,Road,Port Washington,11050,539000,541000,Colonial,4,2.000,"Full,Unfinished",,4,11714.31,CL,3/09/2017,3/07/2018,7/13/2017,8/08/2017,125,Det,1,1,2919878
47,,Mitchell,Avenue,Plainview,11803,525000,550000,Exp Ranch,3,1.500,"Full,Partially Finished",1 Car Attached,4,14598.40,CL,3/24/2017,9/24/2017,5/04/2017,6/20/2017,41,Det,1,1,2923938
2810,,Robert,Lane,N. Bellmore,11710,569000,550000,Split Level,4,2.000,"Partial,Finished",1 Car Attached,4,11115.97,CL,5/02/2017,5/02/2018,6/08/2017,10/13/2017,37,Det,1,1,2934466
46,,Southern,Parkway,Plainview,11803,499999,510000,Split Level,1,2.000,Partial,1 Car Attached,4,12746.69,CL,5/04/2017,10/31/2017,7/14/2017,9/07/2017,71,Det,1,1,2935106
31,,Audrey,Avenue,Plainview,11803,549000,540000,Exp Cape,4,2.000,"Full,Partially Finished",,4,15045.00,CL,5/19/2017,1/15/2018,6/06/2017,7/28/2017,18,Det,1,1,2940077
73,W,Crest,Road,N. Merrick,11566,515000,510000,Colonial,4,2.000,"Full,Finished",,4,12841.87,CL,6/02/2017,12/02/2017,9/05/2017,11/02/2017,95,Det,1,1,2943429
176,,Central Park,Road,Plainview,11803,499000,505000,Cape,3,2.000,"Full,Finished",1 Car Detached,4,11833.06,CL,6/02/2017,12/05/2017,6/23/2017,8/16/2017,21,Det,1,1,2943442
1016,,Oakfield,Avenue,N. Bellmore,11710,549000,534000,Hi Ranch,4,3.000,"None,Unfinished",2 Car Attached,4,12399.12,CL,6/02/2017,8/28/2018,7/13/2017,10/02/2017,41,Det,1,1,2943467
2479,,Locust,Avenue,Bellmore,11710,549000,549000,Split Level,3,2.000,"Partial,Finished",1 Car Attached,4,13793.85,CL,6/12/2017,5/17/2018,7/26/2017,8/07/2017,44,Det,1,1,2946248
33,,Frederick,Drive,Plainview,11803,550000,565000,Split Level,3,2.000,"Partial,Partially Finished",1 Car Attached,4,13678.42,CL,6/12/2017,12/12/2017,7/21/2017,9/20/2017,39,Det,1,1,2946380
2700,,Ray,Place,N. Bellmore,11710,559000,569000,Colonial,4,3.000,"Full,Finished",1 Car Attached,4,13134.82,CL,6/19/2017,12/31/2017,7/11/2017,9/21/2017,22,Det,1,1,2948139
87,,Stephen,Drive,Plainview,11803,549999,547500,Split Level,3,2.000,"Full,Unfinished",1 Car Attached,4,16549.90,CL,6/27/2017,1/17/2018,10/09/2017,12/04/2017,104,Det,1,1,2950508
16,,Phipps,Lane,Plainview,11803,530000,505000,Split Level,3,2.000,"Full,Finished",1 Car Attached,4,17058.00,CL,7/12/2017,12/31/2017,8/21/2017,10/13/2017,40,Det,1,1,2954670
12,,Newcastle,Avenue,Plainview,11803,569000,550000,Split Level,3,1.500,"Full,Finished",1 Car Attached,4,14600.00,CL,7/18/2017,1/30/2018,8/28/2017,4/02/2018,41,Det,1,1,2956257
7,,Joyce,Road,Plainview,11803,549777,549000,Exp Ranch,3,3.000,"Full,Finished",,4,14209.87,CL,7/25/2017,1/31/2018,8/11/2017,11/21/2017,17,Det,1,1,2958117
17A,,Irma,Avenue,Port Washington,11050,535000,528000,Colonial,3,1.500,Full,,4,11492.40,CL,7/29/2017,7/29/2018,9/01/2017,11/10/2017,34,Det,1,1,2959322
7,,Irene,Lane,Plainview,11803,499000,510000,Split Level,5,2.500,"Partial,Finished",2 Car Attached,4,18518.62,CL,8/02/2017,12/01/2017,8/15/2017,11/02/2017,13,Det,1,1,2960227
4,,Preston,Street,Port Washington,11050,599000,565000,Colonial,4,1.500,"Partial,Unfinished",1 Car Detached,4,10929.34,CL,8/11/2017,2/09/2018,10/19/2017,12/14/2017,69,Det,1,1,2962595
3,,Stewart,Street,Plainview,11803,575000,563500,Split Level,4,2.000,"Full,Partially Finished",,4,13922.00,CL,8/11/2017,2/07/2018,11/09/2017,1/04/2018,90,Det,1,1,2962622
2458,,Coolidge,Avenue,N. Bellmore,11710,565000,560000,Colonial,4,3.000,"Full,Finished",,4,12629.03,CL,8/11/2017,8/11/2018,10/26/2017,11/20/2017,76,Det,1,1,2962633
59,,Hickory,Road,Port Washington,11050,499000,552000,Colonial,3,3.000,"Full,Finished",,4,9902.95,CL,8/28/2017,12/28/2017,11/28/2017,3/08/2018,92,Det,1,1,2966683
1473,,Park,Avenue,N. Merrick,11566,539000,517000,Exp Cape,4,2.000,"Full,Partially Finished",1 Car Attached,4,12547.81,CL,9/05/2017,2/28/2018,10/18/2017,12/12/2017,43,Det,1,1,2968053
1237,,Julia,Lane,N. Bellmore,11710,539999,550000,Split Level,4,2.000,"Full,Partially Finished",1 Car Attached,4,15157.87,CL,9/07/2017,8/22/2018,9/26/2017,12/27/2017,19,Det,1,1,2968855
2336,,Hamilton,Road,N. Bellmore,11710,539000,525000,Exp Ranch,4,2.000,"Full,Partially Finished",1 Car Attached,4,0.00,CL,9/22/2017,3/20/2018,12/02/2017,4/03/2018,71,Det,1,1,2973187
42,,Manetto,Drive,Plainview,11803,529000,509000,Ranch,3,2.500,"Full,Finished",1 Car Attached,4,10003.87,CL,9/25/2017,3/12/2018,10/10/2017,12/05/2017,15,Det,1,1,2973651
2460,,Cliff,Lane,N. Bellmore,11710,519000,525000,Split Level,4,2.500,"Full,Partially Finished",1 Car Attached,4,10008.22,CL,10/03/2017,4/03/2018,10/18/2017,12/06/2017,15,Det,1,1,2975944
1346,,Taft,Avenue,N. Merrick,11566,589000,570000,Hi Ranch,4,2.000,"None,Unfinished",Attached,4,10788.00,CL,10/06/2017,4/02/2018,2/16/2018,6/22/2018,133,Det,1,1,2976686
2526,,Locust,Avenue,N. Bellmore,11710,574999,560000,Split Level,4,2.000,"Crawl,Unfinished",1 Car Attached,4,10690.78,CL,11/09/2017,5/01/2018,11/22/2017,2/23/2018,13,Det,1,1,2984520
135,,Bayview,,Port Washington,11050,529000,495000,Colonial,3,1.000,Full,,4,12838.00,CL,11/19/2017,5/18/2018,12/12/2017,1/31/2018,23,Det,1,1,2986893
2520,,Jody,Court,N. Bellmore,11710,519000,510000,Hi Ranch,4,3.000,"None,Unfinished",2 Car Attached,4,12769.59,CL,11/30/2017,7/30/2018,1/10/2018,3/27/2018,41,Det,1,1,2988531
2400,N,Jerusalem,Road,N. Bellmore,11710,499999,495000,Exp Cape,4,2.000,"Full,Finished",,4,10267.00,CL,1/03/2018,12/31/2018,2/03/2018,3/20/2018,31,Det,1,1,2994307
38,S,Washington,Street,Port Washington,11050,529000,550000,Cottage,2,1.000,"Partial,Unfinished",,4,7841.05,CL,1/04/2018,6/04/2018,1/26/2018,3/19/2018,22,Att,1,1,2994345
52,,Blanche,Street,Plainview,11803,539000,569000,Split Level,3,3.000,"Full,Partially Finished",1 Car Attached,4,12725.84,CL,2/05/2018,8/05/2018,3/05/2018,5/11/2018,28,Det,1,1,3002136
4,,Milben,Court,Plainview,11803,569000,544500,Hi Ranch,4,2.000,"None,Unfinished",,4,17856.00,CL,2/06/2018,8/06/2018,3/15/2018,5/25/2018,36,Det,1,1,3002527
22,,Adrienne,Drive,Old Bethpage,11804,549000,550000,Ranch,3,1.500,"Full,Unfinished",2 Car Attached,4,17011.31,CL,2/20/2018,8/10/2018,2/28/2018,4/24/2018,8,Det,1,1,3005845
1093,,Round Swamp,Road,Old Bethpage,11804,519000,492500,Hi Ranch,5,2.000,"None,Unfinished",1 Car Attached,4,14924.00,CL,10/02/2017,10/02/2018,3/20/2018,5/29/2018,169,Det,1,1,3008251
54,,Eldorado,Boulevard,Plainview,11803,559000,552500,Cape,4,2.000,"Full,Finished",1 Car Attached,4,17676.95,CL,3/09/2018,9/30/2018,8/27/2018,12/07/2018,170,Det,1,1,3010850
54,,Ontario,Avenue,Plainview,11803,529000,532000,Cape,4,2.000,"Full,Partially Finished",,4,15291.20,CL,4/13/2018,11/16/2018,6/08/2018,7/18/2018,56,Det,1,1,3020387
46,,Jamaica,Avenue,Plainview,11803,559888,540000,Cape,4,2.000,"Full,Finished",,4,15761.65,CL,4/17/2018,4/08/2019,8/17/2018,11/06/2018,122,Det,1,1,3021488
28,,Edi,Court,Plainview,11803,569000,540000,Ranch,4,3.000,"Full,Unfinished",,4,11926.48,Cl,4/17/2018,10/17/2018,7/13/2018,8/27/2018,87,Det,1,2,3021550
26,,Kenneth Ave,,N. Bellmore,11710,519000,533000,Colonial,4,2.000,"Full,Finished",1 Car Detached,4,10825.03,CL,4/26/2018,8/31/2018,5/15/2018,8/21/2018,19,Det,1,1,3024411
55,,Audrey,Avenue,Plainview,11803,539000,525000,Exp Cape,4,2.000,"Full,Finished",,4,9790.00,CL,5/03/2018,5/03/2019,5/22/2018,7/23/2018,19,Det,1,1,3026807
12,,Knowles,Street,Plainview,11803,519000,520000,Ranch,3,2.000,"Full,Finished",,4,13916.57,CL,5/07/2018,11/07/2018,6/26/2018,8/30/2018,50,Det,1,1,3027764
35,,Main,Parkway,Plainview,11803,549000,549000,Ranch,3,1.000,"Full,Unfinished",1 Car Attached,4,11075.00,CL,5/11/2018,12/30/2018,6/15/2018,7/31/2018,35,Det,1,1,3029443
47,,Pasadena,Drive,Plainview,11803,599999,570000,Split Level,3,2.500,"Partial,Unfinished",2 Car Attached,4,12852.98,CL,5/16/2018,11/16/2018,6/18/2018,7/31/2018,33,Det,1,1,3030665
69,,Graywood,Road,Port Washington,11050,589000,550000,Ranch,3,1.000,"Full,Finished",,4,9029.00,CL,6/11/2018,6/11/2019,7/27/2018,9/17/2018,46,Det,1,1,3038488
146,,Orchard,Street,Plainview,11803,549000,533750,Split Level,3,2.000,"Full,Unfinished",1 Car Attached,4,12676.37,CL,7/03/2018,6/25/2019,12/19/2018,1/29/2019,169,Det,1,1,3045069
4,,Cynthia,Drive,Plainview,11803,560000,550000,Split Level,3,1.500,"Partial,Partially Finished",1 Car Attached,4,11867.19,CL,7/10/2018,1/08/2019,11/11/2018,12/17/2018,124,Det,1,1,3046974
1324,,Bellmore,Road,N. Bellmore,11710,499000,500000,Exp Cape,4,2.000,"Full,Finished",,4,9848.23,CL,7/23/2018,1/31/2019,8/03/2018,10/31/2018,11,Det,1,1,3050968
2458,,Rutler,Street,N. Bellmore,11710,539000,560000,Ranch,3,2.000,"Full,Finished",1 Car Attached,4,11618.07,CL,7/26/2018,1/26/2019,8/13/2018,9/07/2018,18,Det,1,1,3051709
16,,Opal,Drive,Plainview,11803,565777,520000,Split Level,4,2.000,"Full,Finished",,4,13156.00,CL,8/03/2018,2/03/2019,10/19/2018,2/21/2019,77,Det,1,1,3054126
19,,Pickwick,Drive,Old Bethpage,11804,539888,535000,Ranch,3,1.500,"Full,Finished",1 Car Attached,4,10375.00,CL,8/06/2018,1/06/2019,9/18/2018,11/20/2018,43,Det,1,1,3054753
9,,Toni,Place,Plainview,11803,480000,500000,Ranch,3,2.000,"Full,Partially Finished",1 Car Attached,4,13396.00,CL,8/10/2018,4/30/2019,8/30/2018,9/26/2018,20,Det,1,1,3056040
105,,Southern,Parkway,Plainview,11803,599888,570000,Hi Ranch,4,3.000,"None,Unfinished",Attached,4,15600.00,CL,6/06/2018,5/30/2019,12/03/2018,2/22/2019,180,Det,1,1,3056140
491,S,Oyster Bay,Road,Plainview,11803,539900,530000,Exp Cape,4,1.550,"Full,Finished",,4,13937.00,CL,8/12/2018,3/31/2019,10/23/2018,1/25/2019,72,Det,1,1,3056476
2004,,Bellmore,Avenue,Merrick,11566,529000,540000,Colonial,4,3.000,"Full,Unfinished",,4,11475.56,CL,8/17/2018,11/06/2018,9/05/2018,10/18/2018,19,Det,1,1,3057933
8,,Cedar Dr South,,Old Bethpage,11804,529000,515000,Exp Ranch,3,1.500,"Full,Unfinished",1 Car Attached,4,11904.31,CL,8/29/2018,2/15/2019,9/20/2018,11/16/2018,22,Det,1,1,3061011
3,,Algiers,Street,Plainview,11803,559888,540000,Split Level,3,2.000,"Full,Finished",1 Car Attached,4,13100.00,CL,9/18/2018,8/27/2019,10/10/2018,11/29/2018,22,Det,1,1,3066141
11,,Helen,Avenue,Plainview,11803,549999,552000,Exp Ranch,3,2.000,"Full,Finished",,4,9012.80,CL,10/08/2018,10/01/2019,10/22/2018,1/24/2019,14,Det,1,1,3071504
74,,Juniper,Road,Port Washington,11050,569000,540000,Split Level,3,1.000,"Full,Finished",,4,9800.00,CL,10/12/2018,2/28/2019,1/24/2019,3/28/2019,104,Det,1,1,3073068
4,,Gainsville,Drive,Plainview,11803,565000,570000,Ranch,3,1.500,"Full,Unfinished",1 Car Attached,4,11714.38,CL,11/07/2018,5/06/2019,12/18/2018,3/15/2019,41,Det,1,1,3079387
2064,,Hendricks,Avenue,Bellmore,11710,574500,555500,Colonial,4,2.500,"None,Unfinished",1 Car Attached,4,16255.66,CL,12/14/2018,5/31/2019,1/28/2019,3/28/2019,45,Det,1,1,3087278
11,,Jefferson,,Port Washington,11050,549000,546000,Colonial,2,1.500,"Full,Unfinished",1 Car Detached,4,10974.00,CL,1/09/2019,7/10/2019,2/15/2019,5/08/2019,37,Det,1,1,3091747
21,,Birch,Lane,Plainview,11803,569000,550000,Exp Cape,4,3.000,"Full,Finished",1 Car Attached,4,14455.55,CL,1/12/2019,7/12/2019,3/06/2019,5/24/2019,53,Det,1,1,3092714
11,,Audrey,Avenue,Plainview,11803,574999,560000,Colonial,4,2.000,"Full,Finished",,4,13835.00,CL,1/15/2019,12/31/2019,4/09/2019,6/13/2019,83,Det,1,1,3093260
1441,,Carroll,Street,Wantagh,11793,499000,505000,Split Level,3,1.500,Full,2 Car Attached,4,10500.00,CL,1/22/2019,7/21/2019,2/11/2019,3/28/2019,20,Det,1,1,3095125
2327,,Lincoln,Street,N. Bellmore,11710,494888,522000,Ranch,3,1.500,"Full,Finished",1 Car Attached,4,7382.00,CL,2/06/2019,8/06/2019,2/22/2019,5/03/2019,16,Det,1,1,3099310
8,,Rice,Street,Plainview,11803,569000,550000,Cape,4,2.000,"Full,Finished",,4,9771.70,CL,2/18/2019,8/19/2019,3/02/2019,5/17/2019,12,Det,1,1,3102027
19,,Linwood Rd S.,,Port Washington,11050,549000,545000,Hi Ranch,3,1.000,"Full,Finished",1 Car Attached,4,10116.23,CL,2/22/2019,9/01/2019,6/05/2019,7/26/2019,102,Det,1,1,3103240
3,,Hollyberry,Road,Plainview,11803,575000,550000,2 Story,5,2.000,"Full,Unfinished",1 Car Attached,4,13271.88,CL,3/04/2019,9/03/2019,4/15/2019,6/17/2019,41,Det,1,1,3106046
1063,,Adrienne,Drive,N. Bellmore,11710,579000,552000,Split Level,4,2.000,"Crawl,Unfinished",2 Car Detached,4,13839.58,CL,3/28/2019,7/29/2019,6/12/2019,8/01/2019,76,Det,1,1,3113488
174,,Roxton,Road,Plainview,11803,499000,520000,Hi Ranch,3,2.000,"None,Unfinished",2 Car Attached,4,14136.38,CL,3/27/2019,9/27/2019,5/07/2019,9/19/2019,41,Det,1,1,3113608
2619,,Phyllis,Drive,N. Bellmore,11710,496997,505000,Colonial,3,1.500,"Full,Partially Finished",1 Car Attached,4,12665.00,CL,4/01/2019,10/31/2019,4/24/2019,6/18/2019,23,Det,1,1,3114439
1,E,Crest,Road,N. Merrick,11566,550000,550000,Colonial,3,1.500,"Full,Partially Finished",1 Car Attached,4,11864.92,CL,4/15/2019,8/31/2019,5/02/2019,8/02/2019,17,Det,1,1,3119256
2544,,Townhouse,Circle,Bellmore,11710,579000,558000,Splanch,4,2.500,"Partial,Finished",1 Car Attached,4,10994.73,CL,4/15/2019,12/12/2019,5/13/2019,6/28/2019,28,Det,1,1,3119385
1905,,Allison,Drive,N. Bellmore,11710,529000,520000,Hi Ranch,4,2.000,"None,Unfinished",2 Car Attached,4,15459.00,CL,4/15/2019,10/15/2019,9/22/2019,2/11/2020,160,Det,1,1,3119658
29,,Barry,Lane,Old Bethpage,11804,499999,510000,Hi Ranch,4,1.500,"None,Unfinished",,4,14634.19,CL,4/17/2019,4/12/2020,5/09/2019,7/25/2019,22,Det,1,1,3120097
35,,Sagamore Hill,Drive,Port Washington,11050,550000,550000,Ranch,3,1.000,"Crawl,Unfinished",,4,7154.00,CL,4/17/2019,4/17/2020,4/27/2019,6/24/2019,10,Det,1,1,3120657
17,,Mahan,Road,Old Bethpage,11804,549000,549000,Ranch,3,2.000,"Full,Unfinished",1 Car Attached,4,9962.56,CL,5/20/2019,9/20/2019,6/10/2019,8/19/2019,21,Det,1,1,3130480
2154,,Isabelle,Court,N. Bellmore,11710,539000,553000,Split Level,4,2.000,"Full,Finished",1 Car Attached,4,12178.87,CL,6/16/2019,12/31/2019,7/09/2019,9/19/2019,23,Det,1,1,3138850
2,,Jane,Drive,Old Bethpage,11804,599000,525000,Split Level,3,2.500,Full,1 Car Detached,4,12256.00,CL,6/22/2019,6/06/2020,8/09/2019,8/27/2019,48,Det,1,1,3140985
12,,Flower Hill,Place,Port Washington,11050,554000,505000,Cape,3,2.000,Full,1 Car Attached,4,12615.11,CL,6/25/2019,12/25/2019,9/30/2019,11/21/2019,97,Det,1,1,3141556
48,,Virginia,Avenue,Plainview,11803,549000,570000,Exp Cape,4,2.000,"Full,Finished",1 Car Detached,4,11908.50,CL,6/27/2019,12/29/2019,7/12/2019,9/20/2019,15,Det,1,1,3142554
59,,Virginia,Avenue,Plainview,11803,489000,520000,Cape,4,2.000,"Full,Finished",,4,10976.21,CL,7/04/2019,12/28/2019,7/11/2019,8/15/2019,7,Det,1,1,3144342
1431,,Peapond,Road,N. Bellmore,11710,549000,569000,Split Level,3,2.500,"Full,Finished",1 Car Attached,4,11915.47,CL,7/18/2019,1/18/2020,8/20/2019,10/18/2019,33,Det,1,1,3148311
17,,Simpson,Drive,Old Bethpage,11804,599000,540000,Split Level,3,2.500,"Partial,Partially Finished",1 Car Attached,4,11639.79,CL,7/23/2019,1/15/2020,8/15/2019,10/08/2019,23,Det,1,1,3149532
831,,Midwood,Drive,N. Bellmore,11710,525000,507000,Cape,4,2.000,"Full,Unfinished",,4,11287.24,CL,8/08/2019,8/08/2020,8/23/2019,9/30/2019,15,Det,1,1,3154303
2162,,Jackson,Place,N. Bellmore,11710,579000,560000,Split Level,3,2.500,"Full,Finished",,4,9569.00,CL,8/27/2019,2/27/2020,10/22/2019,12/26/2019,56,Det,1,1,3159366
2906,,Montgomery,Street,Wantagh,11793,529777,527500,Ranch,3,1.000,Full,2 Car Attached,4,11769.04,CL,9/13/2019,3/13/2020,10/08/2019,2/03/2020,25,Det,1,1,3164327
35,,Audrey,Avenue,Plainview,11803,549000,540000,Cape,4,2.000,Full,,4,14975.70,CL,9/16/2019,9/16/2020,10/07/2019,1/14/2020,21,Det,1,1,3164980
2932,,Lindale,Street,Wantagh,11793,519990,510000,Exp Ranch,3,1.000,Full,3 Car Detached,4,10559.36,CL,11/05/2019,6/05/2020,12/19/2019,3/12/2020,44,Det,1,1,3178074
2510,,Jody,Court,N. Bellmore,11710,539000,517500,Hi Ranch,4,2.000,"None,Unfinished",,4,12956.24,CL,11/15/2019,2/29/2020,12/02/2019,2/24/2020,17,Det,1,1,3180863
782,,Greta,Place,N. Bellmore,11710,510000,510000,Exp Ranch,3,2.000,"Full,Finished",,4,0.00,CL,2/13/2017,8/14/2017,2/13/2017,4/13/2017,0,Att,1,1,*1281435
17,W,Park,Drive,Old Bethpage,11804,545000,540000,Split Level,3,2.000,"Full,Finished",1 Car Attached,4,13729.28,CL,5/03/2017,11/10/2017,5/23/2017,8/14/2017,20,Det,1,1,*1283367
11,,Bart,Court,Plainview,11803,529000,529000,Ranch,3,2.000,"Full,Finished",1 Car Attached,4,15798.00,CL,5/10/2017,11/10/2017,5/23/2017,7/14/2017,13,Det,1,1,*1284102
18,,Grohmans,Lane,Plainview,11803,539000,505000,Split Level,5,2.000,"Full,Finished",,4,10388.00,CL,5/18/2017,5/18/2018,7/10/2017,9/07/2017,53,Det,1,1,*1285144
20,,Gordon,Avenue,Plainview,11803,499000,499000,Exp Ranch,3,2.000,"Full,Finished",,4,11153.00,CL,5/30/2017,12/01/2017,6/16/2017,8/29/2017,17,Det,1,1,*1286130
2405,,Swenson,Place,Bellmore,11710,519000,519000,Split Level,3,2.000,"Crawl,Unfinished",1 Car Detached,4,11232.94,CL,2/09/2018,10/09/2018,3/19/2018,6/28/2018,37,Det,1,1,*1306354
109,,Lincoln,Road,Plainview,11803,549000,563500,Split Level,3,1.500,"Partial,Finished",,4,10723.00,CL,2/12/2018,9/12/2018,3/03/2018,7/13/2018,19,Det,1,1,*1306491
30,,Nassau,Avenue,Plainview,11803,499000,505000,Cape,3,2.000,"Full,Finished",1 Car Detached,4,11701.38,CL,2/24/2018,8/31/2018,3/30/2018,7/13/2018,33,Det,1,1,*1307693
2885,,Gerald,Court,Bellmore,11710,499999,491000,Split Level,4,1.500,"Partial,Unfinished",1 Car Attached,4,8961.20,CL,2/25/2018,8/24/2018,3/26/2018,5/04/2018,28,Det,1,1,*1307737
20,,Serpentine,Lane,Old Bethpage,11804,515000,510000,Ranch,3,2.000,"Full,Finished",,4,17011.00,CL,4/09/2018,10/30/2018,5/03/2018,6/27/2018,24,Det,1,1,*1311747
2409,,Swenson,Place,Bellmore,11710,519000,519000,Split Level,3,1.500,"Crawl,Unfinished",1 Car Detached,4,8504.95,CL,5/20/2018,11/21/2018,6/18/2018,8/02/2018,29,Det,1,1,*1316378
33,,Wensley,Road,Plainview,11803,578000,545000,2 Story,4,3.000,"Full,Partially Finished",1 Car Attached,4,16497.00,CL,7/18/2016,7/16/2017,1/24/2017,3/28/2017,190,Det,1,1,2869714
57,,Crescent,Drive,Old Bethpage,11804,549000,509000,Split Level,4,1.500,"Full,Partially Finished",1 Car Attached,4,14516.00,CL,7/21/2016,6/30/2017,4/12/2017,6/05/2017,265,Det,1,1,2871185
57,,Beaumont,Drive,Plainview,11803,560000,542500,Hi Ranch,4,2.000,"None,Unfinished",2 Car Attached,4,14095.81,CL,9/12/2016,3/02/2017,12/23/2016,4/27/2017,102,Det,1,1,2882660
2729,,Wallace,Avenue,N. Bellmore,11710,549000,521000,Colonial,4,2.000,"Full,Unfinished",,4,14000.62,CL,9/29/2016,3/20/2017,11/25/2016,5/10/2017,57,Det,1,1,2887096
3,E,Park,Court,Old Bethpage,11804,539900,505000,Hi Ranch,4,2.000,"None,Unfinished",2 Car Attached,4,14021.00,CL,1/02/2017,6/30/2017,2/17/2017,3/31/2017,46,Det,1,1,2903970
610,,Old Country,Road,Plainview,11803,599888,560000,Hi Ranch,6,3.000,"Full,Finished",,4,14636.67,CL,1/03/2017,9/30/2017,3/03/2017,5/03/2017,59,Det,1,1,2904287
1016,,Old Britton,Road,Bellmore,11710,499000,525000,Split Level,4,2.500,"Partial,Unfinished",1 Car Attached,4,11555.00,CL,1/05/2017,7/01/2017,1/30/2017,4/12/2017,25,Det,1,1,2904715
41,,Mildred,Court,Plainview,11803,629990,552500,Split Level,4,2.500,"Partial,Unfinished",2 Car Attached,4,19748.74,CL,1/07/2017,7/07/2017,5/22/2017,7/21/2017,134,Det,1,1,2905673
27,,Manetto,Drive,Plainview,11803,538900,524000,Ranch,3,2.000,"Full,Finished",,4,15109.41,CL,1/10/2017,7/05/2017,4/07/2017,6/16/2017,86,Det,1,1,2905838
2734,,Carley,Court,N. Bellmore,11710,549000,535000,Split Level,4,2.500,"Full,Finished",2 Car Attached,4,15021.50,CL,1/11/2017,7/01/2017,2/10/2017,5/25/2017,30,Det,1,1,2906114
79,,Victor,Street,Plainview,11803,579000,559500,Exp Ranch,3,2.000,"Full,Unfinished",1 Car Attached,4,12561.15,CL,1/12/2017,8/31/2017,2/02/2017,3/31/2017,21,Det,1,1,2906296
18,,Prescott,Place,Old Bethpage,11804,599000,550000,Ranch,3,2.000,"Partial,Partially Finished",,4,16996.59,CL,12/13/2016,12/07/2017,4/04/2017,5/31/2017,111,Att,1,1,2906592
211,,Herkimer,Street,N. Bellmore,11710,536000,536000,Colonial,6,3.000,"Full,Finished",,4,9858.76,CL,1/11/2017,1/11/2018,2/08/2017,6/14/2017,28,Det,1,1,2906705
2763,,Wallace,Avenue,N. Bellmore,11710,489000,497500,Ranch,3,2.000,"Full,Finished",1 Car Attached,4,12506.41,CL,1/17/2017,7/17/2017,2/07/2017,4/07/2017,21,Det,1,1,2907230
2682,,Arthur,Lane,Bellmore,11710,500000,500000,Hi Ranch,4,3.000,"None,Unfinished",,4,15261.14,CL,1/18/2017,9/17/2017,7/11/2017,8/29/2017,173,Det,1,1,2907654
79,,Crest,Road,N. Merrick,11566,519000,506000,Colonial,3,1.500,Full,,4,15013.20,CL,1/26/2017,7/26/2017,3/11/2017,6/19/2017,44,Det,1,1,2909422
136,,Manor,Street,Plainview,11803,599000,570000,Split Level,3,2.500,"Full,Finished",2 Car Attached,4,14471.61,CL,1/29/2017,7/16/2017,4/13/2017,6/05/2017,73,Det,1,1,2909850
2134,,Jackson,Place,N. Bellmore,11710,539000,537000,Split Level,3,2.500,Full,2 Car Attached,4,11312.44,CL,1/30/2017,12/31/2017,2/14/2017,4/05/2017,,Det,1,1,2909982
39,,Manetto,Drive,Plainview,11803,538000,510000,Exp Ranch,3,2.000,"Full,Finished",1 Car Attached,4,10376.00,CL,2/14/2017,8/14/2017,3/16/2017,5/01/2017,29,Det,1,1,2913725
77,,Morton,Boulevard,Plainview,11803,519888,506000,Ranch,3,2.000,"Full,Finished",,4,12148.16,CL,2/15/2017,8/15/2017,3/28/2017,5/23/2017,40,Det,1,1,2914003
66,,Crest,Road,N. Merrick,11566,489000,494000,Colonial,3,1.500,Full,1 Car Attached,4,14176.00,CL,2/15/2017,8/15/2017,3/01/2017,6/13/2017,14,Det,1,1,2914069
30,,Stratford,Road,Plainview,11803,539000,535000,Split Level,3,1.550,"Full,Unfinished",1 Car Attached,4,16268.00,CL,3/01/2017,8/30/2017,3/21/2017,7/12/2017,19,Det,1,1,2917339
713,,Evelyn,Avenue,N. Bellmore,11710,519990,503500,Colonial,3,2.000,"Full,Finished",,4,13822.85,CL,3/02/2017,11/30/2017,4/13/2017,6/16/2017,41,Det,1,1,2918029
89,,Lincoln,Road,Plainview,11803,549999,546500,Split Level,3,1.500,Full,1 Car Attached,4,13079.00,CL,3/07/2017,12/31/2017,4/10/2017,8/14/2017,33,Det,1,1,2919224
1324,,Powell,Avenue,N. Merrick,11566,509000,492000,Exp Cape,4,2.000,"Full,Finished",1 Car Attached,4,13357.91,CL,3/10/2017,9/10/2017,4/11/2017,6/09/2017,31,Det,1,2,2920492
56,,Beaumont,Drive,Plainview,11803,529000,518000,Hi Ranch,4,2.000,"None,Unfinished",2 Car Attached,4,15472.53,CL,3/13/2017,3/13/2018,3/30/2017,7/06/2017,17,Det,1,1,2920900
18,,Jo Ann,Drive,Old Bethpage,11804,579000,567000,Ranch,3,2.000,"Full,Unfinished",1 Car Attached,4,11752.14,CL,3/13/2017,12/31/2017,4/06/2017,7/20/2017,24,Det,1,1,2920975
2414,,Oak,Street,Bellmore,11710,499000,495000,Hi Ranch,4,2.000,"None,Unfinished",,4,10778.87,CL,3/25/2017,9/17/2017,4/28/2017,7/03/2017,34,Det,1,1,2924032
5,,Nassau,Avenue,Plainview,11803,518000,515000,Exp Cape,4,2.000,"Full,Finished",,4,13905.00,CL,3/29/2017,9/25/2017,4/11/2017,6/07/2017,13,Det,1,1,2924837
1359,,Taft,Avenue,N. Merrick,11566,519900,526000,Cape,4,2.000,"Full,Partially Finished",1 Car Detached,4,10767.00,CL,3/28/2017,6/25/2017,4/12/2017,6/26/2017,15,Det,1,1,2925126
271,,Manetto Hill,Road,Plainview,11803,568888,550000,Hi Ranch,4,2.500,"None,Unfinished",2 Car Attached,4,15718.05,CL,3/31/2017,10/02/2017,7/10/2017,9/27/2017,101,Det,1,1,2925743
250,,Washington,Avenue,Plainview,11803,599000,525000,Cape,3,3.000,"Full,Finished",,4,20185.81,CL,4/05/2017,10/04/2017,6/19/2017,7/24/2017,75,Det,1,1,2927011
3,,Wendell,Street,Plainview,11803,599000,544000,Colonial,6,2.500,"None,Unfinished",,4,14827.73,CL,4/06/2017,10/30/2017,7/10/2017,8/25/2017,95,Det,1,1,2927301
4,,Charlotte,Place,Bellmore,11710,479000,501000,Cape,4,2.000,"Full,Finished",1 Car Detached,4,9147.53,CL,4/07/2017,4/06/2018,5/01/2017,9/26/2017,24,Det,1,1,2927509
863,,Leeds,Drive,N. Bellmore,11710,489990,510000,Ranch,3,2.000,"Full,Finished",1 Car Attached,4,9158.43,CL,4/07/2017,11/30/2017,4/26/2017,6/26/2017,19,Det,1,1,2927546
11,,Cynthia,Lane,Plainview,11803,499000,515000,Exp Ranch,3,2.000,"Full,Finished",1 Car Attached,4,10281.00,CL,4/15/2017,10/15/2017,5/04/2017,6/15/2017,19,Det,1,1,2929505
931,,Melvin,Drive,N. Bellmore,11710,549000,525000,Ranch,4,2.500,"Full,Unfinished",,4,11827.28,CL,4/17/2017,9/17/2017,6/02/2017,7/10/2017,46,Det,1,1,2930017
1122,,Oakfield,Avenue,Wantagh,11793,569000,560000,Colonial,4,2.000,"Full,Finished",1 Car Attached,4,14682.00,CL,4/18/2017,10/18/2017,5/10/2017,8/11/2017,22,Att,1,1,2930354
2427,,Kayron,Lane,N. Bellmore,11710,559000,561000,Split Level,4,3.000,"Partial,Finished",2 Car Attached,4,13380.04,CL,4/21/2017,10/31/2017,5/12/2017,7/12/2017,21,Det,1,1,2931334
46,W,Lincoln,Road,Plainview,11803,499990,495000,Exp Cape,4,2.000,"Full,Partially Finished",1 Car Attached,4,11400.00,CL,4/22/2017,9/30/2017,6/29/2017,9/14/2017,68,Det,1,1,2931742
2,,Atwood,Road,Plainview,11803,558888,526500,Split Level,3,2.000,"Full,Finished",2 Car Attached,4,13176.63,CL,4/21/2017,10/21/2017,6/21/2017,9/13/2017,61,Det,1,1,2931773
33,,Vera,Avenue,Plainview,11803,539000,542000,Ranch,3,2.000,"Full,Partially Finished",1 Car Attached,4,15831.00,CL,4/24/2017,10/24/2017,5/15/2017,7/24/2017,21,Det,1,1,2931850
27,,Ruby,Lane,Plainview,11803,580000,570000,Split Level,4,2.000,"Full,Finished",1 Car Attached,4,9841.00,CL,4/24/2017,10/17/2017,5/26/2017,8/04/2017,32,Det,1,1,2931854
1966,,Waltoffer,Avenue,N. Bellmore,11710,518500,510000,Colonial,3,2.000,Full,2 Car Detached,4,10894.70,CL,4/28/2017,1/02/2018,8/01/2017,9/29/2017,95,Det,1,1,2933411
35,,Jamaica,Avenue,Plainview,11803,549999,520000,Cape,4,2.000,"Full,Partially Finished",1 Car Detached,4,14503.00,CL,5/01/2017,8/31/2017,6/01/2017,8/15/2017,31,Det,1,1,2933923
34,,Lombardi,Place,Plainview,11803,549000,535000,Ranch,3,2.000,"Full,Finished",1 Car Attached,4,10538.05,CL,5/02/2017,10/30/2017,5/18/2017,7/27/2017,16,Det,1,1,2934529
26,,Lombardi,Place,Plainview,11803,539000,539000,Ranch,3,2.000,"Full,Partially Finished",1 Car Attached,4,10861.79,CL,5/03/2017,10/27/2017,6/29/2017,8/23/2017,57,Det,1,1,2934795
2571,,Locust,Avenue,N. Bellmore,11710,529000,530000,Split Level,4,2.500,"Partial,Finished",2 Car Attached,4,12047.00,CL,5/04/2017,11/04/2017,5/23/2017,7/17/2017,19,Det,1,1,2935095
28,,Peter,Lane,Plainview,11803,569000,564000,2 Story,5,3.000,"Full,Finished",1 Car Attached,4,13629.88,CL,5/05/2017,10/31/2017,5/31/2017,7/13/2017,26,Det,1,1,2935781
27,,Beaumont,Drive,Plainview,11803,519000,541000,Exp Ranch,4,2.000,"Full,Partially Finished",1 Car Attached,4,12316.00,CL,5/13/2017,12/31/2017,6/06/2017,8/15/2017,24,Det,1,1,2937971
14,,Irene Ln N,,Plainview,11803,599999,570000,Split Level,4,2.500,"Full,Unfinished",1 Car Attached,4,19780.00,CL,5/13/2017,12/31/2017,11/16/2017,12/15/2017,187,Det,1,1,2937983
67,,Briarwood,Lane,Plainview,11803,539000,539000,Split Level,3,2.000,"Partial,Unfinished",1 Car Attached,4,12669.96,CL,5/15/2017,11/10/2017,6/06/2017,8/21/2017,22,Det,1,1,2938310
47,,Winifred,Drive,N. Merrick,11566,549000,548026,Exp Cape,4,2.000,"Full,Unfinished",1 Car Attached,4,9848.00,CL,5/16/2017,10/21/2017,6/07/2017,7/28/2017,22,Det,1,1,2938938
5,,Brook Path,,Plainview,11803,529000,505000,Split Level,4,1.500,"Partial,Partially Finished",1 Car Attached,4,13128.05,CL,5/18/2017,11/30/2017,6/19/2017,8/02/2017,32,Det,1,1,2939711
1669,,Bellmore,Avenue,Bellmore,11710,569000,535000,Exp Ranch,5,3.000,"Full,Finished",,4,12016.00,CL,5/07/2017,11/06/2017,7/21/2017,10/16/2017,75,Det,1,1,2939857
1372,,Anchor,Court,Wantagh,11793,569000,540000,Split Level,4,2.500,"Partial,Finished",2 Car Attached,4,16951.09,CL,5/19/2017,11/17/2017,10/06/2017,11/17/2017,140,Det,1,1,2939869
23,,Gainsville,Drive,Plainview,11803,529000,502500,Split Level,3,1.500,"Full,Finished",1 Car Attached,4,11428.37,CL,5/19/2017,12/15/2017,9/13/2017,10/20/2017,117,Det,1,1,2940088
7,,Patricia,Street,Plainview,11803,569000,555000,Split Level,5,2.000,Partial,1 Car Detached,4,17450.11,CL,5/21/2017,1/25/2018,8/18/2017,11/27/2017,89,Det,1,1,2940321
2367,,Fish,Avenue,N. Bellmore,11710,549000,530000,Colonial,3,2.000,"Full,Finished",1 Car Attached,4,13885.80,CL,5/23/2017,12/31/2017,7/12/2017,8/31/2017,50,Det,1,1,2941071
2956,,Montgomery,Street,Wantagh,11793,535000,525000,Ranch,3,1.000,"Full,Finished",,4,13054.00,CL,5/27/2017,11/24/2017,6/23/2017,8/23/2017,27,Det,1,1,2942000
35,,Briarwood,Lane,Plainview,11803,549888,550000,Split Level,3,2.000,"Partial,Finished",,4,13775.54,CL,5/31/2017,12/31/2017,6/30/2017,8/28/2017,30,Det,1,1,2942702
24,,Woodwaye,Road,Plainview,11803,569000,545000,Colonial,4,2.000,"Full,Finished",1 Car Attached,4,18372.81,CL,5/31/2017,11/30/2017,8/03/2017,9/29/2017,64,Det,1,1,2942721
7,,Lester,Place,Plainview,11803,509999,515000,Ranch,3,2.000,"Full,Finished",,4,16058.00,CL,6/02/2017,12/31/2017,11/21/2017,1/29/2018,172,Det,1,1,2943434
67,,Jamaica,Avenue,Plainview,11803,559000,540000,Split Level,3,2.000,"Partial,Unfinished",1 Car Attached,4,17968.00,CL,6/03/2017,12/31/2017,6/13/2017,7/24/2017,10,Det,1,1,2943813
34,,Knowles,Street,Plainview,11803,549888,540000,Ranch,4,3.000,"Full,Unfinished",1 Car Detached,4,18329.00,CL,6/03/2017,12/31/2017,8/30/2017,12/05/2017,88,Det,1,1,2943876
127,,Knickerbocker,Road,Plainview,11803,519000,529000,Ranch,3,2.000,"Full,Finished",1 Car Attached,4,11412.18,CL,6/05/2017,12/31/2017,6/27/2017,8/08/2017,22,Det,1,1,2944312
2037,,Hancock,Avenue,N. Bellmore,11710,575000,540000,Hi Ranch,4,3.000,"None,Unfinished",,4,13698.90,CL,6/06/2017,6/05/2018,9/06/2017,11/30/2017,92,Det,2,2,2945140
588,,Plainview,Road,Plainview,11803,509000,495000,Exp Cape,3,2.500,"Full,Partially Finished",2 Car Detached,4,14342.12,CL,6/06/2017,6/05/2018,12/19/2017,3/14/2018,196,Det,1,1,2945169
12,,Beth,Lane,Plainview,11803,559000,556000,Split Level,3,2.500,"Partial,Unfinished",1 Car Attached,4,15912.31,CL,6/07/2017,12/07/2017,9/07/2017,11/16/2017,92,Det,1,1,2945238
2173,,Sanders,Place,N. Bellmore,11710,499990,499990,Victorian,3,2.000,Full,,4,13729.00,CL,6/08/2017,11/30/2017,8/02/2017,10/19/2017,55,Det,1,1,2945463
18,,Grohmans,Lane,Plainview,11803,539000,505000,Split Level,5,2.000,"Full,Finished",,4,10388.00,CL,6/12/2017,5/18/2018,7/10/2017,9/07/2017,28,Det,1,1,2946068
3,,Bernice,Place,Plainview,11803,530000,515000,Exp Ranch,3,2.000,"Full,Finished",1 Car Attached,4,12012.00,CL,6/12/2017,5/17/2018,9/05/2017,10/06/2017,85,Det,1,1,2946179
937,,Madison,Place,Merrick,11566,569000,565000,Split Level,5,2.000,"Full,Finished",1 Car Attached,4,13198.58,CL,4/15/2017,10/15/2017,7/29/2017,9/24/2017,105,Det,1,1,2948840
11,,Rosewood,Place,Plainview,11803,559000,550000,Exp Ranch,3,3.000,"Full,Partially Finished",1 Car Attached,4,15847.00,CL,6/28/2017,12/31/2017,8/01/2017,10/03/2017,34,Det,1,1,2950815
2025,,Oak,Court,Bellmore,11710,569999,560000,Colonial,4,2.000,"None,Unfinished",,4,17807.22,CL,6/30/2017,12/31/2017,10/05/2017,12/08/2017,97,Det,1,1,2951399
19,,Stewart,Street,Plainview,11803,539000,548245,Ranch,3,2.500,"Full,Finished",1 Car Attached,4,9871.63,CL,7/04/2017,12/04/2017,7/26/2017,9/18/2017,22,Det,1,1,2952089
18,,Joyce,Road,Plainview,11803,548888,515000,Ranch,3,2.000,"Full,Unfinished",1 Car Attached,4,11428.37,CL,7/05/2017,10/05/2017,8/16/2017,9/28/2017,42,Det,1,1,2952601
85,,Haven,Avenue,Port Washington,11050,610000,570000,Colonial,3,1.000,"Full,Finished",1 Car Detached,4,10113.00,CL,7/06/2017,2/01/2018,11/03/2017,12/20/2017,120,Det,1,1,2952891
2714,,Wallace,Avenue,N. Bellmore,11710,575000,560000,Colonial,4,2.000,Partial,,4,13840.04,CL,7/14/2017,1/05/2018,8/25/2017,10/25/2017,42,Det,2,2,2955250
66,,Harbor Hills,Drive,Port Washington,11050,569000,535000,Ranch,3,2.000,"Full,Unfinished",1 Car Attached,4,12918.07,CL,7/14/2017,1/15/2018,10/20/2017,2/09/2018,98,Det,1,1,2955310
5,,Camp,Place,Merrick,11566,555000,560000,Farm Ranch,3,1.500,"Crawl,Unfinished",1 Car Attached,4,9940.06,CL,7/17/2017,1/17/2018,10/04/2017,12/01/2017,79,Det,1,1,2955833
792,,Virginia,Avenue,N. Bellmore,11710,519000,515000,Exp Ranch,5,2.000,"Full,Partially Finished",2 Car Detached,4,16116.35,CL,7/17/2017,4/27/2018,1/15/2018,4/10/2018,182,Det,1,2,2955841
24,,Mohegan,Avenue,Port Washington,11050,540000,530000,2 Story,3,1.500,"Full,Unfinished",1 Car Detached,4,9775.96,CL,7/17/2017,7/17/2018,12/14/2017,4/16/2018,150,Det,1,1,2955862
90,,Stephen,Drive,Plainview,11803,569000,560000,Split Level,3,2.000,"Full,Finished",1 Car Attached,4,11331.24,CL,7/18/2017,3/01/2018,8/01/2017,10/03/2017,14,Det,1,1,2956160
2133,,Jacqueline,Avenue,N. Bellmore,11710,499000,510000,Ranch,3,2.000,"Full,Partially Finished",Attached,4,9755.00,CL,7/20/2017,1/01/2018,8/07/2017,9/28/2017,18,Det,1,1,2956925
10,,Alan,Court,Plainview,11803,545000,537500,Split Level,3,1.500,"Partial,Finished",1 Car Attached,4,12552.47,CL,7/20/2017,1/20/2018,12/13/2017,4/26/2018,146,Det,1,1,2956987
6,,Shatel,Road,Plainview,11803,530000,530000,Split Level,3,2.000,"Partial,Unfinished",2 Car Attached,4,18964.00,CL,7/21/2017,10/12/2017,7/26/2017,10/03/2017,5,Det,1,1,2957131
1246,,Oakfield,Avenue,Wantagh,11793,550000,530000,Colonial,3,2.500,"Full,Unfinished",,4,15003.00,CL,11/15/2016,11/15/2017,9/29/2017,2/06/2018,317,Det,1,1,2957303
16,,Alan,Court,Plainview,11803,575000,557000,Split Level,3,1.500,"Full,Finished",1 Car Attached,4,10052.42,CL,7/24/2017,10/21/2017,8/09/2017,10/23/2017,16,Att,1,1,2957722
31,,Forest,Drive,Plainview,11803,519000,503700,Split Level,4,2.000,"Full,Unfinished",1 Car Detached,4,13988.00,CL,7/26/2017,3/31/2018,9/11/2017,10/31/2017,47,Det,1,1,2958434
1341,,Cayuga,Avenue,N. Bellmore,11710,499999,499000,Hi Ranch,4,2.000,"None,Unfinished",,4,11878.00,CL,8/01/2017,8/01/2018,10/25/2017,12/20/2017,85,Det,1,1,2959749
78,,Winthrop,Road,Plainview,11803,539000,530000,Split Level,3,2.500,Partial,2 Car Attached,4,18758.00,CL,8/03/2017,12/31/2017,10/01/2017,1/12/2018,59,Det,1,1,2960568
27,,Bradford,Road,Plainview,11803,549000,540000,Colonial,3,1.500,"Full,Partially Finished",1 Car Attached,4,13856.52,CL,8/05/2017,12/31/2017,10/03/2017,2/09/2018,59,Det,1,1,2961028
20,,Warren,Place,Plainview,11803,496000,496000,Ranch,3,1.000,"Full,Finished",1 Car Attached,4,14859.00,CL,8/07/2017,2/07/2018,8/29/2017,12/11/2017,22,Det,1,1,2961476
1110,,Oakfield,Avenue,Wantagh,11793,479000,495000,Exp Cape,4,2.000,"Full,Unfinished",1 Car Attached,4,12261.17,CL,8/14/2017,12/31/2017,11/21/2017,12/28/2017,99,Det,1,1,2963241
17,,Pleasant,Avenue,Plainview,11803,460000,506000,Ranch,3,1.500,"Full,Finished",,4,16543.60,CL,8/14/2017,7/31/2018,9/06/2017,11/13/2017,23,Det,1,1,2963257
2400,,Logue,Street,N. Bellmore,11710,549000,551000,Hi Ranch,4,3.000,"None,Unfinished",1 Car Attached,4,10996.00,CL,8/15/2017,2/28/2018,9/15/2017,12/05/2017,31,Att,1,1,2963729
26,,Guild,Court,Plainview,11803,559000,550000,Colonial,4,2.500,"Full,Unfinished",1 Car Attached,4,11638.94,CL,8/16/2017,1/30/2018,12/04/2017,1/22/2018,110,Det,1,1,2963912
56,,Blanche,Street,Plainview,11803,518000,510000,Split Ranch,3,3.000,Full,,4,14614.57,CL,8/18/2017,2/15/2018,10/27/2017,12/13/2017,70,Det,1,1,2964560
2651,,Elm,Drive,N. Bellmore,11710,469000,500000,Split Level,4,2.000,"Partial,Finished",1 Car Attached,4,9212.18,CL,8/23/2017,2/27/2018,9/12/2017,11/17/2017,20,Det,1,1,2965403
11,,Maggio,Lane,Old Bethpage,11804,556000,550000,Ranch,3,2.000,"Full,Finished",,4,15620.95,CL,8/23/2017,12/18/2017,9/18/2017,10/03/2017,26,Det,1,1,2965502
38,,Briarwood,Lane,Plainview,11803,549888,544000,Split Level,3,2.000,"Full,Unfinished",1 Car Attached,4,14795.00,CL,9/05/2017,2/28/2018,10/20/2017,12/05/2017,45,Det,1,1,2968063
44,,Graywood,Road,Port Washington,11050,575000,552000,2 Story,5,2.000,"None,Unfinished",,4,9288.88,CL,9/06/2017,3/04/2018,11/16/2017,2/22/2018,71,Det,2,2,2968741
48,,Nassau,Avenue,Plainview,11803,539000,505000,Exp Cape,4,2.000,"Full,Finished",1 Car Detached,4,12607.02,CL,9/11/2017,3/10/2018,1/30/2018,4/25/2018,141,Det,1,1,2970096
90,,Park,Avenue,Port Washington,11050,599900,552000,Cape,3,2.500,"Full,Unfinished",1 Car Detached,4,10953.67,CL,9/13/2017,3/12/2018,10/05/2017,11/30/2017,22,Det,1,1,2970529
1263,N,Pierce,Avenue,N. Bellmore,11710,549000,555000,Splanch,4,2.500,"Partial,Unfinished",1 Car Attached,4,10123.49,CL,9/15/2017,3/31/2018,10/14/2017,12/13/2017,29,Det,1,1,2971226
52,,Sherman,Avenue,Plainview,11803,579000,562500,Split Level,3,2.000,"Full,Finished",1 Car Detached,4,10392.37,CL,9/20/2017,3/31/2018,10/12/2017,11/29/2017,22,Det,1,1,2972662
69,,Briarwood,Lane,Plainview,11803,529000,525000,Split Level,3,1.500,Full,1 Car Attached,4,11071.39,CL,9/28/2017,4/01/2018,10/10/2017,12/01/2017,12,Det,1,1,2974525
40,,Debora,Drive,Plainview,11803,499999,495000,Split Level,3,1.500,"Partial,Unfinished",1 Car Attached,4,14877.00,CL,10/04/2017,3/26/2018,10/23/2017,1/10/2018,19,Det,1,1,2976029
38,,Laurel,Court,Plainview,11803,539000,525000,Ranch,4,2.500,"Full,Finished",,4,12411.00,CL,10/04/2017,9/27/2018,3/27/2018,4/24/2018,174,Det,1,1,2976112
14,,Nora,Lane,Plainview,11803,585000,567500,Split Level,3,2.500,"Partial,Partially Finished",1 Car Attached,4,13144.00,CL,10/04/2017,12/18/2017,10/20/2017,1/16/2018,16,Det,1,1,2976182
55,,Country,Drive,Plainview,11803,498888,500000,Split Level,6,3.500,Partial,,4,17644.35,CL,10/06/2017,9/21/2018,11/22/2017,1/31/2018,47,Det,1,1,2976819
7,,Woodwaye,Road,Plainview,11803,545000,550000,Exp Ranch,3,2.000,"Full,Finished",1 Car Attached,4,12059.68,CL,10/15/2017,10/09/2018,11/03/2017,12/26/2017,19,Det,1,1,2978623
2688,,Natta,Boulevard,N. Bellmore,11710,519900,526000,Hi Ranch,6,3.000,"Full,Finished",1 Car Attached,4,15139.21,CL,10/19/2017,6/30/2018,11/01/2017,12/19/2017,13,Det,1,1,2979610
2386,,Simms,Avenue,Bellmore,11710,575000,535000,Colonial,5,2.000,"Full,Finished",,4,16123.00,CL,10/30/2017,10/25/2018,1/19/2018,4/06/2018,81,Det,1,1,2981821
3,,Netto,Lane,Plainview,11803,549000,545000,Split Level,4,1.500,"Partial,Finished",,4,13922.00,CL,11/28/2017,2/27/2018,1/11/2018,5/01/2018,44,Det,1,1,2988037
18,,Ruby,Lane,Plainview,11803,540000,538000,Split Level,5,3.000,Partial,1 Car Attached,4,10927.62,CL,12/04/2017,5/04/2018,12/14/2017,2/23/2018,10,Det,1,1,2989427
2292,,Redmond,Road,N. Bellmore,11710,484000,522000,Split Level,3,2.000,"None,Unfinished",,4,11994.03,CL,1/10/2018,1/08/2019,2/02/2018,3/16/2018,23,Det,1,1,2995762
2377,,Swenson,Place,Bellmore,11710,534990,505000,Hi Ranch,4,3.000,"None,Unfinished",1 Car Attached,4,13004.00,CL,1/15/2018,6/30/2018,5/18/2018,8/03/2018,122,Det,1,1,2996765
141,,Manor,Street,Plainview,11803,569000,560000,Split Level,3,2.500,"Full,Finished",1 Car Attached,4,16427.58,Cl,2/07/2018,9/30/2018,3/07/2018,4/16/2018,28,Det,1,1,3002643
1116,,Oakfield,Avenue,N. Bellmore,11710,549000,520000,Duplex,4,2.000,"Full,Finished",1 Car Attached,4,14908.46,CL,2/22/2018,7/30/2018,7/27/2018,10/22/2018,154,Att,1,2,3006729
2077,,Bedford,Avenue,N. Bellmore,11710,539000,530000,Exp Cape,4,2.000,"Full,Partially Finished",,4,9155.11,CL,3/19/2018,11/19/2018,4/10/2018,6/26/2018,22,Det,1,1,3013397
2726,,Wallace,Avenue,N. Bellmore,11710,529999,525000,2 Story,4,2.000,"Full,Partially Finished",,4,12741.00,CL,3/20/2018,3/07/2019,4/12/2018,5/30/2018,23,Det,1,1,3013440
1258,,George,Road,N. Bellmore,11710,549999,530000,Exp Cape,4,2.000,"Full,Finished",,4,13475.02,CL,3/26/2018,9/15/2018,4/24/2018,8/30/2018,29,Det,1,1,3014982
2472,,Coolidge,Avenue,N. Bellmore,11710,524999,510000,Colonial,4,2.000,"Full,Unfinished",1 Car Detached,4,13531.29,CL,3/30/2018,9/30/2018,8/27/2018,10/16/2018,150,Det,1,1,3016267
34,,Vera,Avenue,Plainview,11803,528000,505000,Exp Ranch,3,1.000,"Full,Finished",,4,10381.00,CL,4/02/2018,9/25/2018,5/04/2018,7/10/2018,32,Det,1,1,3016529
2957,,Montgomery,Street,Wantagh,11793,599000,570000,Ranch,3,1.500,"Full,Finished",1 Car Attached,4,12506.00,CL,4/03/2018,10/02/2018,5/01/2018,6/28/2018,28,Det,1,1,3016986
5,,Beth,Lane,Plainview,11803,575000,535000,Split Level,3,2.000,"Partial,Finished",,4,16903.00,CL,4/06/2018,7/06/2018,4/25/2018,7/03/2018,19,Det,1,1,3018245
243,,Stephen,Street,N. Bellmore,11710,499000,515000,Exp Cape,4,1.500,"Full,Partially Finished",,4,10648.89,CL,4/06/2018,9/30/2018,5/07/2018,7/24/2018,31,Det,1,1,3018271
1379,,Odell,Street,Wantagh,11793,529000,520000,Split Level,3,2.000,"Partial,Finished",1 Car Attached,4,12698.61,CL,4/18/2018,10/11/2018,6/07/2018,8/27/2018,50,Det,1,1,3021596
58,W,Lincoln,Road,Plainview,11803,569000,560000,Cape,3,2.000,"Full,Finished",1 Car Attached,4,12259.41,CL,5/11/2018,11/10/2018,5/18/2018,7/24/2018,7,Det,1,1,3029516
17,,Sunnyside,Boulevard,Plainview,11803,549000,525000,Colonial,4,2.000,"Full,Finished",,4,14430.60,CL,5/21/2018,12/30/2018,6/08/2018,7/26/2018,18,Det,1,1,3031988
70,E,Main,Parkway,Plainview,11803,575000,550000,Split Level,3,2.000,"Full,Finished",,4,16193.00,CL,3/08/2018,12/01/2018,7/06/2018,8/31/2018,119,Det,1,1,3033108
3,,Motor,Lane,Old Bethpage,11804,499000,499999,Ranch,3,2.000,"Full,Finished",2 Car Attached,4,14136.38,CL,6/07/2018,10/19/2018,8/15/2018,12/31/2018,69,Det,1,1,3037495
25,,Devonshire,Court,Plainview,11803,588888,560000,Split Level,3,2.500,"Partial,Unfinished",1 Car Attached,4,14817.00,CL,6/10/2018,6/10/2019,1/21/2019,4/09/2019,225,Det,1,1,3038599
1334,,Little Neck,Avenue,Bellmore,11710,569990,560000,Hi Ranch,5,2.000,"None,Unfinished",1 Car Attached,4,15709.00,CL,6/15/2018,12/15/2018,7/12/2018,9/19/2018,27,Det,1,1,3039994
798,,Sterling,Street,N. Bellmore,11710,499999,528000,Exp Cape,4,3.000,"Full,Finished",1 Car Attached,4,16160.81,CL,6/21/2018,12/12/2018,7/27/2018,9/07/2018,36,Det,1,1,3041894
31,,Lombardi,Place,Plainview,11803,549000,549000,Ranch,3,2.000,"Full,Partially Finished",1 Car Attached,4,14037.59,CL,6/25/2018,12/26/2018,7/23/2018,9/11/2018,28,Det,1,1,3042680
98,,Virginia,Avenue,Plainview,11803,559000,548000,Split Level,3,2.000,"Full,Unfinished",1 Car Attached,4,10770.00,CL,6/26/2018,12/26/2018,7/18/2018,9/25/2018,22,Det,1,1,3043069
37,,Island,Street,Plainview,11803,599995,560000,Colonial,4,2.000,"None,Unfinished",1 Car Detached,4,14209.00,CL,7/09/2018,10/01/2018,8/07/2018,11/14/2018,29,Det,1,1,3046651
46,,Stephen,Drive,Plainview,11803,532000,525000,Ranch,3,1.000,"Full,Partially Finished",1 Car Attached,4,9858.26,CL,7/15/2018,12/02/2018,8/09/2018,10/17/2018,25,Det,1,1,3048453
76,,Victor,Street,Plainview,11803,549999,520000,Ranch,3,3.000,"Full,Finished",1 Car Attached,4,12189.00,CL,7/25/2018,12/29/2018,8/16/2018,9/27/2018,22,Det,1,1,3051417
763,,Norman,Drive,N. Bellmore,11710,525000,525000,Ranch,3,2.000,"Full,Finished",1 Car Attached,4,9223.72,CL,8/11/2018,12/31/2018,9/20/2018,10/25/2018,40,Det,1,1,3056282
29,,Robin,Lane,Plainview,11803,579000,549000,Split Level,3,2.500,"Partial,Finished",1 Car Attached,4,10952.00,CL,8/12/2018,12/31/2019,2/26/2019,5/23/2019,198,Det,1,1,3056412
81,,Elmwood,Street,Plainview,11803,558000,558000,Cape,4,2.000,"Full,Finished",1 Car Attached,4,14575.00,CL,9/21/2018,3/21/2019,10/11/2018,12/05/2018,20,Det,1,1,3067215
44,,Garnet,Lane,Plainview,11803,518000,520000,Split Level,3,2.500,"Full,Finished",1 Car Attached,4,14436.00,CL,9/26/2018,3/18/2019,10/23/2018,1/11/2019,27,Det,1,1,3068271
28,,Linwood Road S,,Port Washington,11050,549000,544000,Cape,4,2.000,"Full,Finished",,4,9452.00,CL,9/28/2018,3/31/2019,10/25/2018,12/20/2018,27,Det,1,1,3069124
18,,Vista,Road,Plainview,11803,489000,495000,Split Level,3,2.500,"Full,Finished",2 Car Attached,4,23289.19,CL,10/09/2018,1/13/2019,10/25/2018,11/08/2018,16,Det,1,1,3071944
1291,,Peapond,Road,N. Bellmore,11710,535000,535000,Colonial,5,3.000,"Full,Finished",,4,16650.00,CL,10/11/2018,2/28/2019,11/16/2018,2/07/2019,36,Det,1,1,3072687
6,,Rice,Street,Plainview,11803,548000,513000,Ranch,3,1.500,"Full,Unfinished",,4,14561.37,CL,10/17/2018,3/30/2019,1/18/2019,4/11/2019,93,Det,1,1,3074134
2393,,Wallen,Lane,N. Bellmore,11710,579000,570000,Colonial,3,2.500,"Full,Finished",1 Car Attached,4,14419.00,CL,10/25/2018,4/25/2019,12/06/2018,1/28/2019,42,Det,1,1,3076111
9,,Vera,Avenue,Plainview,11803,579888,550000,Ranch,3,2.000,"Full,Finished",,4,12396.86,CL,11/05/2018,10/22/2019,12/26/2018,2/12/2019,51,Det,1,1,3078917
1532,,Peapond,Road,Bellmore,11710,575000,560000,Split Level,3,1.500,"Partial,Partially Finished",,4,13211.00,CL,11/08/2018,11/08/2019,3/18/2019,4/19/2019,129,Att,1,1,3079867
32,,Beaumont,Drive,Plainview,11803,509000,506000,Ranch,3,1.500,"Partial,Finished",1 Car Attached,4,12778.70,CL,11/09/2018,5/09/2019,11/21/2018,1/23/2019,12,Det,1,1,3080079
21,,Eton,Place,Plainview,11803,599999,570000,Exp Ranch,4,2.000,"Crawl,Unfinished",,4,15800.69,CL,11/12/2018,11/01/2019,7/03/2019,8/30/2019,232,Det,1,1,3080597
1648,,Dewey,Avenue,N. Bellmore,11710,519000,510000,Ranch,3,2.000,"Full,Partially Finished",1 Car Attached,4,10524.00,CL,11/14/2018,5/14/2019,12/14/2018,1/28/2019,30,Det,1,1,3081302
2612,,Saw Mill,Road,N. Bellmore,11710,529000,520000,Split Level,3,2.000,"Partial,Finished",1 Car Attached,4,11656.44,CL,11/26/2018,5/26/2019,12/22/2018,2/15/2019,26,Det,1,1,3083125
70,,Joyce,Road,Plainview,11803,525000,526000,Contemporary,5,3.000,"Full,Unfinished",None,4,26594.06,CL,11/27/2018,2/28/2019,12/20/2018,2/08/2019,23,Det,1,1,3083634
1500,,Crown,Street,Wantagh,11793,539000,508000,Ranch,3,2.000,"Full,Finished",1 Car Attached,4,13234.22,CL,11/30/2018,4/17/2019,2/13/2019,4/05/2019,75,Det,1,1,3084326
45,S,Bayles,Avenue,Port Washington,11050,555000,540000,Colonial,3,2.000,"Full,Finished",,4,10903.84,CL,12/03/2018,9/03/2019,5/17/2019,7/16/2019,164,Det,1,1,3084694
72,,Jamaica,Avenue,Plainview,11803,545900,535900,Split Level,3,1.500,"Full,Finished",1 Car Attached,4,13579.00,CL,1/08/2019,7/04/2019,2/13/2019,4/17/2019,36,Det,1,1,3091250
26,,Kalda,Lane,Plainview,11803,539000,539000,Ranch,3,1.500,"Full,Finished",1 Car Attached,4,12339.25,CL,1/23/2019,6/30/2019,2/14/2019,4/05/2019,22,Det,1,1,3095511
3,,Gloria,Place,Plainview,11803,519888,503500,Ranch,3,2.000,"Full,Finished",1 Car Attached,4,12949.04,CL,1/28/2019,1/04/2020,3/04/2019,5/23/2019,35,Det,1,1,3096513
31,,Edgewood,Road,Port Washington,11050,585000,570000,Exp Cape,4,2.000,Full,,4,10697.37,CL,2/09/2019,8/09/2019,4/09/2019,5/10/2019,58,Det,1,1,3100045
3,,Pickwick,Drive,Old Bethpage,11804,425000,570000,Ranch,3,1.000,"Full,Finished",1 Car Attached,4,22974.73,CL,3/01/2019,9/01/2019,3/15/2019,5/28/2019,13,Det,1,1,3105455
51,,Surrey,Lane,Plainview,11803,529900,525000,Ranch,3,2.000,"Full,Finished",,4,11808.00,CL,3/06/2019,9/06/2019,3/29/2019,7/19/2019,22,Det,1,1,3106423
1430,,Odell,Street,Wantagh,11793,529000,520000,Split Level,3,1.500,"Full,Partially Finished",1 Car Attached,4,16621.14,CL,3/12/2019,2/26/2020,3/21/2019,6/27/2019,9,Det,1,1,3108417
25,,Crest,Road,N. Merrick,11566,529000,515000,Colonial,3,2.000,Full,1 Car Attached,4,9816.40,CL,4/11/2019,10/11/2019,6/18/2019,8/16/2019,68,Det,1,1,3118472
48,,Kirkwood,Road,Port Washington,11050,575000,525000,Ranch,4,2.000,"None,Unfinished",,4,10737.93,CL,4/23/2019,10/10/2019,7/02/2019,7/30/2019,70,Det,1,1,3121553
5,,Cottonwood,Road,Port Washington,11050,508000,495000,Exp Cape,3,1.000,"Full,Unfinished",1 Car Detached,4,9196.00,CL,4/22/2019,10/22/2019,10/14/2019,11/14/2019,175,Det,1,1,3122165
1934,,Waltoffer,Avenue,N. Bellmore,11710,529900,562000,Ranch,3,2.000,"Full,Finished",2 Car Attached,4,11185.00,CL,4/25/2019,10/25/2019,5/17/2019,8/05/2019,22,Det,1,1,3122387
7,,Abbey,Court,Plainview,11803,559000,560000,Ranch,3,1.000,"Full,Finished",1 Car Attached,4,11603.93,CL,4/25/2019,4/30/2020,5/13/2019,7/25/2019,18,Det,1,1,3122508
78,,Orchard,Street,Plainview,11803,499888,495000,Cape,4,2.000,"Full,Partially Finished",,4,13347.00,CL,4/28/2019,12/31/2019,6/03/2019,7/24/2019,36,Det,1,1,3123168
9,,Sydney,Street,Plainview,11803,519000,510000,Ranch,3,2.000,"Full,Finished",1 Car Attached,4,17186.97,CL,5/06/2019,5/06/2020,8/02/2019,3/12/2020,88,Det,1,1,3125861
2731,,Orchard,Street,N. Bellmore,11710,539000,540000,Colonial,4,2.000,"Full,Partially Finished",,4,12302.00,CL,5/10/2019,11/30/2019,5/29/2019,8/14/2019,19,Det,1,1,3127653
54,,Marilyn,Boulevard,Plainview,11803,549000,510000,Split Level,3,2.500,"Partial,Unfinished",2 Car Attached,4,20966.00,CL,5/13/2019,12/13/2019,8/01/2019,9/04/2019,80,Det,1,1,3128093
1604,,Little Neck,Avenue,N. Bellmore,11710,499000,505000,Exp Cape,4,2.000,"Full,Finished",1 Car Attached,4,9033.25,CL,5/17/2019,11/30/2019,5/31/2019,7/15/2019,14,Det,1,1,3129694
24,,Redwood,Drive,Plainview,11803,569888,557000,Split Level,3,2.000,"Partial,Finished",1 Car Detached,4,14062.00,CL,6/21/2019,12/31/2019,12/18/2019,2/20/2020,180,Det,1,1,3140720
28,,Fresno,Drive,Plainview,11803,542000,500000,Split Level,3,1.500,Partial,1 Car Attached,4,13982.00,CL,6/25/2019,12/31/2019,9/06/2019,10/15/2019,73,Det,1,1,3141672
1102,,Round Swamp,Road,Old Bethpage,11804,529888,515000,Split Level,3,2.500,"Full,Finished",,4,17935.26,CL,6/26/2019,12/12/2019,8/16/2019,11/08/2019,51,Det,1,1,3141943
1355,,Park,Avenue,Merrick,11566,569000,551500,Split Level,3,2.000,"Partial,Finished",1 Car Attached,4,13472.43,CL,7/08/2019,1/08/2020,8/15/2019,10/22/2019,38,Det,1,1,3145685
20,,Bradford,Road,Plainview,11803,499999,507275,Colonial,3,2.000,"Full,Finished",1 Car Attached,4,18913.00,CL,7/15/2019,4/15/2020,1/13/2020,3/18/2020,182,Det,1,1,3148214
3,,Ives,Lane,Plainview,11803,578988,560000,Split Level,3,2.500,"Partial,Finished",2 Car Attached,4,13775.00,CL,7/28/2019,2/28/2020,8/23/2019,10/31/2019,26,Det,1,1,3151118
1526,,Carroll,Street,Wantagh,11793,529990,535000,Ranch,3,1.000,"Full,Finished",1 Car Attached,4,12715.59,CL,8/01/2019,12/31/2019,10/04/2019,11/22/2019,64,Det,1,1,3152265
1248,,Powell,Avenue,Merrick,11566,524000,500000,Exp Cape,5,2.000,Full,1 Car Detached,4,12702.91,CL,8/01/2019,1/13/2020,8/28/2019,10/11/2019,27,Det,1,1,3152423
71,,Barry,Lane,Old Bethpage,11804,499999,520000,Raised Ranch,3,2.000,"None,Unfinished",2 Car Attached,4,18777.00,CL,8/07/2019,12/04/2019,8/30/2019,11/04/2019,23,Det,1,1,3154565
302,,Sycamore,Avenue,Merrick,11566,549000,530000,Colonial,3,1.500,"Full,Finished",,4,12423.69,CL,8/19/2019,2/19/2020,10/16/2019,1/17/2020,58,Det,1,1,3157133
66,,Ruby,Lane,Plainview,11803,549000,500000,Hi Ranch,4,2.000,"None,Unfinished",2 Car Attached,4,13678.61,CL,8/22/2019,2/28/2020,9/26/2019,1/15/2020,35,Det,1,1,3158229
1368,,Bellmore,Road,N. Bellmore,11710,519000,495000,Colonial,3,1.500,"Full,Finished",1 Car Attached,4,8101.02,CL,9/02/2019,9/02/2020,10/05/2019,12/19/2019,33,Det,1,1,3160590
1250,,Oakfield,Avenue,Wantagh,11793,550000,545000,Colonial,4,4.000,"Full,Unfinished",,4,14608.00,Cl,9/24/2019,3/20/2020,10/18/2019,12/19/2019,24,Det,1,1,3167371
7,,Warren,Place,Plainview,11803,575000,550000,Split Level,3,2.500,"Partial,Unfinished",1 Car Attached,4,11752.75,CL,9/25/2019,2/28/2020,11/15/2019,1/14/2020,51,Att,1,1,3167745
11,,Brook,Path,Plainview,11803,559900,550000,Split Level,3,1.500,"Full,Finished",,4,13107.00,CL,5/24/2019,11/25/2019,10/11/2019,12/26/2019,140,Det,1,1,3167767
53,,Briarwood,Lane,Plainview,11803,545000,528000,Split Level,3,1.500,"Full,Unfinished",1 Car Attached,4,11858.00,CL,9/27/2019,4/30/2020,11/25/2019,2/07/2020,59,Det,1,1,3168336
26,,Stratford,Road,Plainview,11803,499000,500000,Split Level,3,1.500,"Full,Finished",1 Car Attached,4,9540.18,CL,10/08/2019,3/15/2020,10/28/2019,12/05/2019,20,Det,1,1,3171069
2,,Maggio,Lane,Old Bethpage,11804,539000,515000,Ranch,3,1.500,Full,,4,9885.68,CL,10/08/2019,4/05/2020,2/25/2020,3/20/2020,140,Det,1,1,3171275
20,,Circle,Drive,N. Bellmore,11710,499000,515000,Cape,3,2.000,"Full,Finished",1 Car Detached,4,10580.93,CL,10/17/2019,4/17/2020,10/29/2019,1/09/2020,12,Det,1,1,3173428
716,,Hoover,Street,N. Bellmore,11710,519000,505000,Colonial,3,2.000,"Full,Finished",,4,10583.89,CL,11/05/2019,11/05/2020,11/25/2019,1/14/2020,20,Det,1,1,3178253
6,,Barbara Lynn,Court,Plainview,11803,625000,550000,Colonial,4,2.500,"Full,Finished",2 Car Attached,4,25842.00,CL,10/20/2017,12/30/2018,11/01/2017,6/21/2018,12,Det,1,1,2979904
13,S,Linwood,Road,Port Washington,11050,550000,510000,Cottage,2,1.000,"Partial,Unfinished",,4,6400.00,CL,10/31/2017,1/30/2018,1/15/2018,3/15/2018,76,Det,1,1,2982324
23,,Stewart,Street,Plainview,11803,549888,530000,Cape,4,2.000,"Partial,Partially Finished",1 Car Attached,4,10117.00,CL,11/14/2017,7/01/2018,12/05/2017,3/15/2018,21,Det,1,1,2985538
75-31,,West Shore,Road,Port Washington,11050,579000,522000,Cottage,2,1.000,"None,Unfinished",,4,4304.00,CL,11/16/2017,11/14/2018,2/09/2018,3/30/2018,85,Det,1,1,2986317
10,,Relda,Street,Plainview,11803,509900,509000,Ranch,3,2.000,"Full,Partially Finished",1 Car Attached,4,10667.55,CL,12/01/2017,6/30/2018,12/15/2017,3/29/2018,14,Det,1,1,2988885
18,,Forest,Drive,Plainview,11803,525000,495000,Split Level,3,2.000,"Partial,Unfinished",1 Car Attached,4,17401.00,CL,1/01/2018,7/01/2018,2/07/2018,4/13/2018,37,Det,1,1,2993529
51,,Grohmans,Lane,Plainview,11803,535000,527500,Split Level,3,2.000,"Full,Partially Finished",1 Car Attached,4,17873.39,CL,1/05/2018,5/28/2018,1/16/2018,3/27/2018,11,Det,1,1,2994566
44,,Briarwood,Lane,Plainview,11803,545000,524000,Split Level,3,1.500,"Full,Partially Finished",1 Car Attached,4,11583.00,CL,1/29/2018,7/22/2018,3/29/2018,5/31/2018,58,Det,1,1,3000050
2341,,Lafayette,Street,N. Bellmore,11710,549000,549000,Cape,4,2.000,Full,1 Car Attached,4,9447.90,CL,2/08/2018,7/30/2018,2/27/2018,4/24/2018,19,Det,1,1,3002917
16,,Park,Court,Plainview,11803,549000,548000,Ranch,3,3.000,Full,1 Car Attached,4,13848.00,CL,2/27/2018,8/10/2018,4/07/2018,6/14/2018,38,Det,1,1,3007598
1895,,Bedford,Avenue,N. Bellmore,11710,569900,520000,2 Story,5,3.000,"Full,Partially Finished",2 Car Detached,4,12387.16,CL,3/13/2018,12/31/2018,6/20/2018,9/28/2018,99,Det,1,1,3011745
26,,Summit,Court,Plainview,11803,529888,515000,Ranch,3,2.000,"Full,Finished",1 Car Attached,4,9013.76,CL,3/14/2018,10/06/2018,4/23/2018,7/23/2018,40,Det,1,1,3011965
14,,Ontario,Avenue,Plainview,11803,529000,530000,Exp Cape,4,2.000,Full,1 Car Attached,4,16013.35,CL,3/16/2018,8/31/2018,5/03/2018,7/06/2018,48,Det,1,1,3012461
176,,Main,Parkway,Plainview,11803,549000,549000,Ranch,3,2.000,"Partial,Finished",1 Car Attached,4,12800.51,CL,3/24/2018,12/31/2018,4/12/2018,6/25/2018,19,Det,1,1,3014608
20,,Jerold,Street,Plainview,11803,525000,510000,Split Level,3,2.000,"Full,Unfinished",1 Car Attached,4,17720.00,CL,4/05/2018,11/05/2018,8/24/2018,10/22/2018,141,Det,1,1,3017668
1902,N,Jerusalem,Road,N. Bellmore,11710,524000,506500,Split Level,3,1.500,Partial,1 Car Attached,4,13756.00,CL,4/07/2018,8/15/2018,6/08/2018,8/29/2018,62,Det,1,1,3018349
935,,East Meadow,Avenue,N. Bellmore,11710,489000,510000,Exp Cape,4,2.000,"Full,Unfinished",2 Car Attached,4,10532.41,CL,4/09/2018,10/09/2018,4/25/2018,7/31/2018,16,Det,1,1,3019064
1128,,Aron,Place,N. Bellmore,11710,549000,540000,Split Level,4,2.500,"Full,Unfinished",1 Car Attached,4,12698.60,CL,4/10/2018,10/31/2018,5/23/2018,7/31/2018,43,Det,1,1,3019355
584,,Plainview,Road,Plainview,11803,499000,505000,Ranch,3,1.500,"Full,Partially Finished",1 Car Detached,4,14660.58,CL,4/13/2018,10/13/2018,5/03/2018,8/22/2018,20,Det,1,1,3020515
776,,Greta,Place,N. Bellmore,11710,539000,522000,Ranch,3,2.000,Full,1 Car Attached,4,13691.44,CL,4/19/2018,10/24/2018,5/04/2018,7/12/2018,15,Det,1,1,3022012
4,,Monroe,Avenue,N. Merrick,11566,489000,516000,Colonial,4,2.000,"Full,Partially Finished",1 Car Attached,4,12256.38,CL,4/19/2018,4/30/2019,5/07/2018,7/10/2018,18,Det,1,1,3022288
1,,Colonial,Road,Old Bethpage,11804,499900,495000,Ranch,3,2.000,"Full,Partially Finished",1 Car Attached,4,15283.42,CL,4/21/2018,10/21/2018,8/13/2018,10/26/2018,114,Det,1,1,3022829
17,,Edgewood Gate,,Plainview,11803,479888,505500,Split Level,4,1.000,"Partial,Unfinished",1 Car Attached,4,12701.00,CL,4/23/2018,12/31/2018,5/08/2018,8/14/2018,15,Det,1,1,3022967
2466,,Hart,Avenue,N. Bellmore,11710,515000,505000,Ranch,3,2.000,Full,1 Car Attached,4,13237.00,CL,4/24/2018,10/24/2018,5/23/2018,8/07/2018,29,Det,1,1,3023660
19,,Dartmouth,Drive,Plainview,11803,499888,500000,Split Level,3,3.000,"Partial,Finished",1 Car Attached,4,17634.00,CL,5/06/2018,12/31/2018,6/17/2018,9/14/2018,42,Det,1,1,3027624
1281,,Little Neck,Avenue,Bellmore,11710,539000,535000,Ranch,3,1.500,"Full,Partially Finished",,4,10681.15,CL,5/09/2018,11/02/2018,5/19/2018,8/01/2018,10,Att,1,1,3028572
2,,Riviera,Place,Plainview,11803,569000,556000,Split Level,3,2.000,"Full,Unfinished",1 Car Attached,4,14445.00,CL,5/16/2018,11/03/2018,7/20/2018,1/31/2019,65,Det,1,1,3030727
285,,Manetto Hill,Road,Plainview,11803,579000,560000,Colonial,4,3.500,"Full,Finished",1 Car Attached,4,12580.00,CL,5/28/2018,12/31/2018,7/26/2018,9/13/2018,59,Det,1,1,3033933
39,,Amby,Avenue,Plainview,11803,578990,550000,Exp Cape,4,2.000,"Full,Partially Finished",1 Car Attached,4,13092.00,CL,5/29/2018,11/29/2018,7/20/2018,10/12/2018,52,Det,1,1,3034381
5,,Lakeville,Lane,Plainview,11803,529000,505000,Split Level,3,1.500,"Full,Partially Finished",1 Car Attached,4,14131.00,CL,5/30/2018,11/23/2018,7/05/2018,10/11/2018,36,Det,1,1,3034431
4,,Melissa,Lane,Old Bethpage,11804,599000,550000,Ranch,3,2.000,"Full,Finished",1 Car Attached,4,17974.83,CL,6/01/2018,11/29/2018,7/03/2018,8/20/2018,32,Det,1,1,3035504
43,S,Bayles,Avenue,Port Washington,11050,599900,545000,Colonial,3,2.000,"Full,Unfinished",1 Car Detached,4,13808.74,CL,6/04/2018,12/31/2018,7/26/2018,10/05/2018,52,Det,1,1,3036163
192,,Carriage,Lane,Plainview,11803,499000,510000,Other,2,2.000,"None,Unfinished",1 Car Attached,4,14432.00,CL,6/21/2018,12/31/2018,7/27/2018,8/16/2018,36,Att,1,1,3041887
2364,,Cleveland,Street,Bellmore,11710,539000,525000,Ranch,4,3.000,"Full,Finished",2 Car Detached,4,14240.00,CL,6/26/2018,12/31/2018,8/13/2018,10/05/2018,48,Det,1,1,3042859
2548,,Iris,Lane,N. Bellmore,11710,539999,541000,Split Level,4,2.500,"Full,Finished",1 Car Attached,4,12078.99,CL,6/30/2018,12/29/2018,7/31/2018,11/28/2018,31,Det,1,1,3044508
2353,,Hamilton,Avenue,N. Bellmore,11710,499000,503000,Split Level,4,2.000,"Partial,Unfinished",,4,12410.40,CL,7/02/2018,9/02/2018,7/24/2018,9/06/2018,22,Det,1,1,3044877
2281,,Van Nostrand,Avenue,Merrick,11566,549999,545000,Exp Cape,4,2.000,"Full,Partially Finished",1 Car Attached,4,11594.00,CL,8/09/2018,2/09/2019,9/04/2018,12/28/2018,26,Det,1,1,3055812
526 A,,Plainview,Road,Plainview,11803,540000,500000,Splanch,4,2.500,"Partial,Unfinished",2 Car Attached,4,11481.57,CL,8/11/2018,6/30/2019,11/02/2018,1/24/2019,83,Det,1,1,3056324
7,,Lucille,Lane,Old Bethpage,11804,499000,505000,Hi Ranch,4,1.500,"None,Unfinished",2 Car Attached,4,14504.00,CL,9/15/2018,10/10/2018,10/05/2018,12/07/2018,20,Det,1,1,3065498
22,,Oakwood,Lane,Plainview,11803,575000,555000,Split Level,3,1.500,"Full,Unfinished",1 Car Attached,4,12976.28,CL,9/20/2018,3/28/2019,10/28/2018,12/21/2018,38,Det,1,1,3066825
5,,Sherwood,Drive,Plainview,11803,579000,565000,Split Level,3,2.500,"Full,Unfinished",1 Car Attached,4,11833.01,CL,9/20/2018,3/15/2019,10/15/2018,11/26/2018,25,Det,1,1,3066828
41,S,Bayles,Avenue,Port Washington,11050,340000,555000,Colonial,3,1.500,"Full,Finished",1 Car Detached,4,12670.00,CL,9/20/2018,8/31/2019,2/11/2019,2/11/2019,144,Det,1,1,3067089
409,,Clifford,Street,N. Bellmore,11710,539000,535000,Colonial,4,2.000,"Full,Unfinished",1 Car Detached,4,15377.00,CL,10/02/2018,3/31/2019,11/07/2018,1/10/2019,36,Det,1,2,3070054
16,,Sagamore,Street,Plainview,11803,499888,500000,Hi Ranch,4,1.500,"None,Unfinished",1 Car Attached,4,10435.00,CL,10/06/2018,5/01/2019,10/24/2018,12/17/2018,18,Det,1,1,3071430
1460,,Bellmore,Avenue,N. Bellmore,11710,499999,492000,Hi Ranch,3,2.500,"None,Unfinished",2 Car Detached,4,13682.13,CL,10/18/2018,12/31/2018,11/01/2018,1/14/2019,14,Det,1,1,3074568
58,,Belmont,Avenue,Plainview,11803,485000,510000,Ranch,3,1.500,"Full,Partially Finished",1 Car Attached,4,14209.00,CL,11/01/2018,5/25/2019,11/12/2018,7/25/2019,11,Det,1,1,3077839
75,,Fairfield,Avenue,Port Washington,11050,575000,545000,Cape,4,1.000,"None,Unfinished",,4,11294.00,CL,11/05/2018,11/02/2019,2/27/2019,4/02/2019,114,Det,1,1,3078944
104,,Elmwood,Street,Plainview,11803,599988,562000,Colonial,5,2.000,"Partial,Partially Finished",,4,16643.62,CL,11/09/2018,5/07/2019,2/16/2019,3/29/2019,99,Det,1,1,3080025
92,,Shadyside,Avenue,Port Washington,11050,499000,565000,Cape,4,2.000,,,4,12348.00,CL,12/04/2018,7/04/2019,12/07/2018,6/03/2019,3,Det,1,1,3085150
82,,Parkview,Street,Plainview,11803,569000,537000,Cape,4,2.000,"Full,Finished",1 Car Detached,4,12055.02,CL,12/11/2018,7/02/2019,1/29/2019,3/29/2019,49,Det,1,1,3086585
9,,Sherman,Avenue,Plainview,11803,499000,500000,Split Level,3,1.500,"Full,Unfinished",1 Car Attached,4,12500.64,CL,1/09/2019,11/07/2019,1/15/2019,4/10/2019,6,Det,1,1,3091607
2587,,Iris,Lane,N. Bellmore,11710,579000,560000,Split Level,4,2.500,"Full,Unfinished",1 Car Attached,4,17959.17,CL,1/09/2019,9/01/2019,2/21/2019,4/29/2019,43,Det,1,1,3091871
1430,,Bellmore,Road,N. Bellmore,11710,529990,500000,Colonial,5,3.500,"Full,Finished",1 Car Detached,4,15416.73,CL,1/17/2019,7/17/2019,2/18/2019,3/29/2019,32,Det,1,1,3094028
221,,Floral,Avenue,Plainview,11803,599888,570000,Exp Cape,4,2.000,"Full,Finished",1 Car Attached,4,8716.00,CL,1/28/2019,9/01/2019,4/25/2019,8/30/2019,86,Det,1,1,3096460
2786,,Ravine,Place,Bellmore,11710,550000,540000,Split Level,3,1.500,"Full,Finished",,4,14023.02,CL,2/06/2019,1/15/2020,8/14/2019,9/23/2019,188,Det,1,1,3098929
2557,,Martin,Avenue,Bellmore,11710,499900,499900,Cape,4,2.000,"Partial,Unfinished",1 Car Detached,4,13137.47,CL,2/14/2019,8/14/2019,2/22/2019,3/29/2019,8,Det,1,1,3101256
23,,Sherman,Road,Old Bethpage,11804,549000,549000,Ranch,3,2.000,"Full,Finished",1 Car Attached,4,9721.00,CL,2/21/2019,8/31/2019,3/13/2019,6/14/2019,19,Det,1,1,3102874
35,,Laurel,Court,Plainview,11803,549000,535000,Exp Ranch,3,2.500,Full,,4,12966.98,CL,3/05/2019,8/31/2019,7/10/2019,8/28/2019,126,Det,1,1,3106069
2449,,Cliff,Lane,N. Bellmore,11710,549999,555000,Split Level,4,1.500,"Full,Unfinished",1 Car Attached,4,9841.93,CL,3/05/2019,3/01/2020,3/18/2019,6/25/2019,12,Det,1,1,3106167
33,,Charlotte,Place,Plainview,11803,509100,518500,Ranch,3,3.000,"Full,Finished",,4,16823.00,CL,3/12/2019,6/12/2019,4/03/2019,5/24/2019,22,Det,1,1,3108370
110,,Ampel,Avenue,N. Bellmore,11710,579000,560000,Cape,4,2.000,"Full,Finished",1 Car Detached,4,10892.00,CL,3/13/2019,8/31/2019,3/28/2019,5/30/2019,15,Det,1,1,3108760
16,,Gilbert,Lane,Plainview,11803,599990,545000,Split Level,4,2.500,"Partial,Finished",1 Car Attached,4,11603.92,CL,3/25/2019,9/25/2019,5/10/2019,6/20/2019,46,Det,1,1,3112131
14,,Juniper,Road,Port Washington,11050,549888,502000,Other,3,2.000,Full,1 Car Detached,4,10251.00,CL,4/02/2019,8/30/2019,8/21/2019,9/09/2019,141,Att,2,2,3114937
6,,Abbey,Lane,Plainview,11803,459000,505000,Ranch,3,2.000,"Full,Finished",,4,11194.00,CL,4/02/2019,10/02/2019,4/08/2019,6/18/2019,6,Det,1,1,3115214
31,,Pine,Street,Plainview,11803,485000,510000,Split Level,3,1.500,"Full,Unfinished",1 Car Attached,4,17145.00,CL,4/03/2019,12/31/2019,4/11/2019,7/11/2019,8,Det,1,1,3115772
35,,Park,Drive,Old Bethpage,11804,543000,542000,Ranch,3,2.000,"Full,Finished",1 Car Attached,4,11209.37,CL,4/11/2019,10/08/2019,4/22/2019,7/25/2019,11,Det,1,1,3118588
485,S,Oyster Bay,Road,Plainview,11803,525000,525000,Cape,4,2.000,"Full,Unfinished",,4,9201.00,CL,4/17/2019,9/30/2019,5/17/2019,7/17/2019,30,Det,1,1,3120238
58,,Joyce,Road,Plainview,11803,599000,568000,Split Level,3,2.500,"Partial,Finished",1 Car Attached,4,10940.00,CL,4/22/2019,12/31/2019,9/09/2019,11/27/2019,140,Det,1,1,3121308
74,,Ruby,Lane,Plainview,11803,575000,565000,Hi Ranch,4,2.000,"None,Unfinished",2 Car Attached,4,13451.24,CL,4/26/2019,10/31/2019,6/10/2019,7/22/2019,45,Det,1,1,3122796
2211,,Custom Village,Court,N. Bellmore,11710,470000,500000,Splanch,4,3.000,"Full,Finished",2 Car Attached,4,11538.00,CL,5/07/2019,10/31/2019,9/20/2019,10/18/2019,136,Det,1,1,3126389
45,,Maplewood,Drive,Plainview,11803,565000,550000,Split Level,3,2.000,"Partial,Finished",2 Car Attached,4,14742.00,CL,5/15/2019,11/15/2019,9/28/2019,11/08/2019,136,Det,1,1,3128908
1636,,Park,Avenue,Merrick,11566,545888,550000,Cape,4,3.000,"Full,Finished",2 Car Detached,4,11054.00,CL,5/15/2019,12/30/2019,6/04/2019,8/20/2019,20,Det,1,1,3129140
60,,Dunwood,Road,Port Washington,11050,536000,525000,Ranch,2,1.000,"Full,Unfinished",,4,8428.00,CL,5/16/2019,5/14/2020,5/29/2019,6/27/2019,13,Det,1,1,3129169
12,,Winifred,Drive,Merrick,11566,549999,565500,Exp Cape,4,2.000,"Full,Partially Finished",1 Car Attached,4,15567.00,CL,6/06/2019,12/31/2019,7/01/2019,8/23/2019,25,Det,1,1,3135698
982,,Little Neck,Avenue,N. Bellmore,11710,579999,500000,Colonial,6,2.000,"Full,Unfinished",1 Car Attached,4,18255.74,CL,6/10/2019,11/16/2019,7/30/2019,9/18/2019,50,Det,1,1,3136767
5,,Stewart,Street,Plainview,11803,565000,565000,Split Level,3,2.500,"Partial,Unfinished",,4,11966.08,CL,6/10/2019,9/03/2019,7/17/2019,9/11/2019,37,Det,1,1,3136920
22,,Lois,Lane,Old Bethpage,11804,539900,525000,Hi Ranch,3,1.500,"None,Unfinished",2 Car Attached,4,15375.43,CL,6/10/2019,12/10/2019,10/24/2019,11/15/2019,136,Det,1,1,3137093
26,,Pasadena,Drive,Plainview,11803,579000,500000,Split Level,3,2.500,"Full,Finished",2 Car Attached,4,19750.15,CL,6/11/2019,9/30/2019,7/24/2019,9/12/2019,43,Det,1,1,3137192
54,,Randy,Lane,Plainview,11803,575000,560000,Exp Ranch,3,2.000,"Full,Partially Finished",1 Car Attached,4,13343.62,CL,6/13/2019,12/11/2019,8/09/2019,9/16/2019,57,Det,1,1,3138254
27,,Margaret,Drive,Plainview,11803,549000,540000,Split Level,3,1.500,"Partial,Finished",1 Car Attached,4,13289.82,CL,6/15/2019,12/15/2019,7/08/2019,8/30/2019,23,Det,1,1,3138710
146,,Grace,Street,Plainview,11803,569900,546500,Split Level,3,2.500,"Full,Finished",2 Car Attached,4,20894.00,CL,6/22/2019,11/06/2019,8/12/2019,10/16/2019,51,Det,1,1,3140956
1725,,Sycamore,Avenue,N. Merrick,11566,584999,558000,Exp Ranch,3,1.500,"Full,Finished",1 Car Attached,4,10483.02,CL,6/26/2019,12/19/2019,8/12/2019,10/16/2019,47,Det,1,1,3142149
75-08,,West Shore,Road,Port Washington,11050,549000,534100,Cottage,2,1.000,Partial,,4,4200.00,CL,6/27/2019,6/20/2020,9/03/2019,11/01/2019,68,Sd,1,1,3142572
1113,,Huckleberry,Road,N. Bellmore,11710,499990,510000,Cape,4,2.000,"Full,Partially Finished",1 Car Detached,4,11931.00,CL,7/11/2019,1/08/2020,8/08/2019,10/25/2019,28,Det,1,1,3146192
35,,Steven,Street,Plainview,11803,569000,545000,Exp Ranch,3,2.000,Full,,4,11989.00,CL,7/13/2019,12/14/2019,8/26/2019,11/18/2019,44,Det,1,1,3147152
2034,,Decatur,Avenue,N. Bellmore,11710,544990,527500,Hi Ranch,4,1.500,"None,Unfinished",2 Car Attached,4,13757.00,CL,7/30/2019,7/18/2020,10/09/2019,12/24/2019,71,Det,1,1,3151709
11,,Lane,Avenue,Plainview,11803,519000,505000,Split Level,3,1.500,"Full,Unfinished",1 Car Attached,4,16222.13,CL,7/29/2019,12/30/2019,10/08/2019,12/19/2019,71,Det,1,1,3152598
9,,Willowdale,Avenue,Port Washington,11050,575000,540000,Colonial,4,3.000,"Full,Finished",,4,14719.08,CL,8/09/2019,8/09/2020,8/17/2019,12/02/2019,8,Det,1,1,3154730
15,W,Park,Drive,Old Bethpage,11804,599900,565100,Split Level,5,3.000,"Partial,Unfinished",,4,23832.26,CL,8/12/2019,12/13/2019,11/19/2019,12/09/2019,99,Det,1,1,3155784
2744,,Saw Mill,Road,N. Bellmore,11710,529999,505000,Exp Cape,4,3.000,"Full,Finished",,4,10202.00,CL,8/14/2019,2/13/2020,9/09/2019,11/13/2019,26,Det,1,1,3156004
2359,,Fish,Avenue,Bellmore,11710,589990,555000,Exp Cape,4,2.000,"Full,Unfinished",2 Car Attached,4,11259.00,CL,8/13/2019,8/13/2020,9/17/2019,12/23/2019,35,Det,1,1,3156016
911,,Grant,Place,N. Bellmore,11710,579990,567500,Ranch,4,2.000,"Full,Finished",,4,11774.89,CL,8/27/2019,8/01/2020,10/18/2019,12/06/2019,52,Det,1,1,3159517
1814,,Madison,Avenue,N. Bellmore,11710,529000,530000,Ranch,3,1.500,"Full,Finished",1 Car Attached,4,9687.07,CL,9/05/2019,3/05/2020,10/03/2019,12/13/2019,28,Det,1,1,3161786
24,,Stratford,Road,Plainview,11803,499000,499000,Ranch,3,1.500,"Full,Finished",,4,12159.00,CL,9/05/2019,3/05/2020,9/19/2019,11/01/2019,14,Det,1,1,3161885
45,,Avenue B,,Port Washington,11050,525000,525000,Colonial,3,2.000,Full,1 Car Detached,4,12404.00,CL,9/07/2019,3/01/2020,9/26/2019,11/06/2019,19,Det,1,1,3162367
1049,,Ruth,Place,N. Bellmore,11710,529900,520000,Split Level,3,2.500,"Crawl,Unfinished",1 Car Attached,4,12472.72,CL,9/09/2019,8/31/2020,12/09/2019,3/05/2020,91,Det,1,1,3162622
67,,Stratford,Road,Plainview,11803,499000,499000,Split Level,3,1.500,Partial,,4,7715.74,CL,9/15/2019,12/15/2019,10/10/2019,11/15/2019,25,Det,1,1,3166261
76,,Jamaica,Avenue,Plainview,11803,515000,505000,Split Level,3,1.500,Full,1 Car Attached,4,18491.00,CL,10/15/2019,4/30/2020,12/12/2019,3/10/2020,58,Det,1,1,3172904
8,,Lynn,Court,Plainview,11803,534990,515000,Split Level,3,1.550,"Crawl,Unfinished",1 Car Attached,4,11999.03,CL,8/19/2019,2/29/2020,11/25/2019,2/05/2020,98,Det,1,1,3173712
2461,,Hart,Avenue,Bellmore,11710,559900,555000,Split Level,4,3.000,"Partial,Unfinished",2 Car Attached,4,25465.10,CL,11/01/2019,2/05/2020,11/22/2019,12/23/2019,21,Det,1,1,3177304
2,,Brian,Street,Plainview,11803,564900,560000,Ranch,3,1.000,"Full,Finished",1 Car Attached,4,11000.45,CL,11/14/2019,5/15/2020,12/02/2019,2/04/2020,18,Det,1,1,3180497
26,,Virginia,Avenue,Plainview,11803,548888,525000,Colonial,6,2.000,"Full,Partially Finished",1 Car Detached,4,17950.00,CL,11/29/2019,5/01/2020,1/06/2020,2/07/2020,38,Det,1,1,3183257