St #,Dr,Street Name,Sfx,Town,Zip,ListPrice,SoldPrice,,Br,Bath,,,SD,Tot Tax,LSC,ListDate,ExpDate,ContDate,TitleDate,DOM,Det,#F,K,ML#
720,,Spruce,Court,Baldwin,11510,439000,429000,Cape,5,2.000,"Full,Finished",,10,9641.54,CL,11/06/2017,10/16/2018,11/08/2017,3/20/2018,2,Det,1,1,2983557
1122,,Hastings,Parkway,Baldwin,11510,499998,500000,2 Story,5,2.000,"None,Unfinished",1 Car Attached,10,9357.00,CL,9/28/2017,9/28/2018,11/17/2017,12/27/2017,50,Det,1,1,2974416
177,,Jerome,Avenue,Mineola,11501,499777,485000,Cape,4,1.000,"Full,Unfinished",1 Car Attached,10,11402.00,CL,10/04/2018,10/15/2018,10/30/2018,11/29/2018,26,Det,1,1,3070654
192,,Jerome,Avenue,Mineola,11501,499777,485000,Cape,3,1.000,"Full,Finished",1 Car Attached,10,10967.00,CL,11/10/2018,6/26/2019,12/10/2018,3/13/2019,30,Det,1,1,3080241
5,,Catlin,Avenue,Roosevelt,11575,449000,449000,Exp Cape,5,2.500,"Full,Finished",2 Car Attached,10,14433.30,CL,5/08/2017,4/30/2018,6/02/2017,8/07/2017,25,Det,1,1,2936404
105,,Sheridan,Boulevard,Mineola,11501,529000,500000,Cape,4,2.000,"Full,Unfinished",,10,8336.30,CL,11/27/2018,1/15/2019,1/15/2019,3/07/2019,49,Det,1,1,3083411
103,,Sheridan,Boulevard,Mineola,11501,474000,465000,Cape,3,1.000,"Full,Unfinished",1 Car Detached,10,9643.41,CL,7/12/2017,12/07/2017,9/05/2017,11/29/2017,55,Det,1,1,2954603
996,,Henhawk,Road,Baldwin,11510,459000,453000,Colonial,3,1.500,"Full,Finished",1 Car Attached,10,12810.55,CL,11/26/2018,6/26/2019,4/29/2019,6/27/2019,153,Det,1,1,3083427
847,,Harbor,Circle,Baldwin,11510,464900,464900,Exp Cape,3,2.000,"Full,Partially Finished",1 Car Detached,10,9152.00,CL,2/16/2018,8/16/2018,3/06/2018,6/04/2018,18,Det,1,1,3005289
980,,Clyde,Road,N. Baldwin,11510,469000,460000,Colonial,3,2.000,"Full,Finished",,10,13873.00,CL,12/13/2018,6/13/2019,1/08/2019,2/01/2019,26,Det,1,1,3086981
1381,,Anna,Place,N. Baldwin,11510,439000,445000,Colonial,3,1.500,"Full,Finished",1 Car Attached,10,12116.00,CL,8/16/2018,2/12/2019,11/06/2018,1/07/2019,82,Det,1,1,3057817
31,,Eastern,Parkway,Baldwin,11510,449900,450000,Colonial,4,2.000,"Full,Unfinished",,10,12866.00,CL,7/06/2018,1/06/2019,12/10/2018,2/27/2019,157,Det,1,1,3045968
2783,,1st,Place,Baldwin,11510,449000,432500,Split Level,3,2.500,"Crawl,Unfinished",1 Car Attached,10,12389.03,CL,4/19/2017,10/31/2017,6/01/2017,8/29/2017,43,Det,1,1,2930658
930,,Hastings,Street,Baldwin,11510,459000,459000,Split Level,3,1.500,"Crawl,Unfinished",1 Car Attached,10,12586.46,CL,9/19/2018,3/12/2019,10/30/2018,12/20/2018,41,Det,1,1,3066513
8,,Berkeley,Avenue,Baldwin,11510,469000,465000,Colonial,3,3.000,"Full,Partially Finished",1 Car Attached,10,8866.18,CL,6/08/2017,11/30/2017,7/17/2017,11/13/2017,39,Det,1,1,2945476
606,,Baldwin,Avenue,N. Baldwin,11510,475000,475000,Colonial,3,2.000,"Full,Finished",1 Car Detached,10,13417.26,CL,8/06/2017,1/31/2018,9/07/2017,10/18/2017,32,Det,1,1,2961247
601,,Stowe,Avenue,Baldwin,11510,499000,495000,Hi Ranch,4,2.000,"None,Unfinished",1 Car Attached,10,13871.54,CL,11/15/2018,5/12/2019,12/11/2018,2/15/2019,26,Det,1,1,3081633
761,,Glover,Place,Baldwin,11510,475000,455000,Colonial,3,2.000,"Full,Finished",1 Car Detached,10,11310.00,CL,1/18/2019,4/17/2019,2/12/2019,4/11/2019,25,Det,1,1,3094354
3044,,Western,Boulevard,Baldwin,11510,475000,475000,Hi Ranch,5,2.000,"None,Unfinished",1 Car Attached,10,15703.28,CL,12/16/2018,3/31/2019,1/31/2019,3/29/2019,46,Det,1,2,3087525
2022,,Ambrose,Place,N. Baldwin,11510,469000,455000,Tudor,3,2.500,"Full,Finished",1 Car Detached,10,11892.95,CL,3/04/2019,9/13/2019,6/03/2019,8/21/2019,90,Det,1,1,3105996
2785,,Eastern,Boulevard,Baldwin,11510,489000,485000,Cape,4,2.500,"Full,Finished",,10,14200.00,CL,4/24/2019,10/01/2019,5/20/2019,8/14/2019,26,Det,1,1,3121905
20,,Jackson,Avenue,Mineola,11501,559000,500000,Exp Cape,4,2.000,"Full,Finished",,10,11343.00,CL,8/19/2019,5/28/2020,10/21/2019,11/11/2019,63,Det,1,1,3157158
313,,Walter,Avenue,Mineola,11501,499990,472000,Cape,5,2.000,"Full,Unfinished",,10,11880.00,CL,6/15/2017,12/31/2017,8/01/2017,10/04/2017,47,Det,1,1,2947281
145,,Evelyn,Road,Mineola,11501,525000,492000,Exp Cape,5,2.000,"Full,Unfinished",1 Car Attached,10,10873.06,CL,8/31/2017,8/31/2018,11/17/2017,5/22/2018,78,Det,1,1,*1294389
64,,Liberty,Avenue,Mineola,11501,499999,475000,Colonial,3,1.500,"Full,Finished",1 Car Detached,10,6618.09,CL,8/12/2017,10/12/2017,10/11/2017,12/01/2017,60,Det,1,1,2962928
3186,,Grand,Boulevard,Baldwin,11510,449000,455000,Exp Ranch,4,2.500,"Crawl,Unfinished",,10,9702.03,CL,4/02/2019,12/02/2019,4/18/2019,6/25/2019,16,Det,1,1,3115076
782,,Allwyn,Street,Baldwin Harbor,11510,499000,499000,Ranch,3,2.500,"Full,Finished",2 Car Attached,10,11142.99,CL,7/05/2018,1/15/2019,7/20/2018,9/17/2018,15,Det,1,1,*1320427
1618,,Wales,Avenue,N. Baldwin,11510,499000,490000,Colonial,3,2.500,"Full,Partially Finished",,10,13960.67,CL,9/16/2019,3/10/2020,11/06/2019,1/30/2020,51,Det,1,1,3164689
2400,,Guenther,Court,Baldwin,11510,459000,455000,Ranch,3,2.500,"Full,Finished",,10,13653.00,CL,2/07/2019,6/30/2019,3/04/2019,4/30/2019,25,Det,1,1,3099436
2934,,Milburn,Avenue,Baldwin,11510,499698,499698,Colonial,3,2.500,Partial,1 Car Detached,10,8897.16,CL,5/29/2018,9/30/2018,9/12/2018,11/01/2018,106,Det,1,1,3034255
2929,,Carnation,Avenue,Baldwin,11510,449000,450000,Cape,4,1.000,"Full,Partially Finished",,10,11365.00,CL,8/26/2019,12/23/2019,9/25/2019,12/03/2019,30,Det,1,1,3159060
1911,,Bryant,Place,N. Baldwin,11510,489000,470000,Cape,4,2.000,"Full,Finished",1 Car Detached,10,9085.90,CL,10/17/2019,10/17/2020,11/11/2019,2/18/2020,25,Det,1,1,3173621
187,,Fonda,Road,Rockville Centre,11570,499900,500000,Cape,5,3.000,Full,1 Car Attached,10,20357.72,CL,11/16/2018,3/04/2019,3/08/2019,9/26/2019,112,Det,1,1,3081725
3001,,Grand,Boulevard,Baldwin,11510,439000,423000,Exp Cape,4,2.000,"Full,Partially Finished",,10,8027.17,CL,5/15/2018,10/15/2018,6/19/2018,7/30/2018,35,Det,1,1,3030484
681,,Stanton,Avenue,Baldwin,11510,480375,476000,Colonial,3,1.500,"Full,Partially Finished",1 Car Detached,10,9522.00,CL,9/14/2017,12/13/2017,10/11/2017,12/08/2017,27,Det,1,1,2970937
966,,Ocean,Avenue,Baldwin,11510,495000,425000,Colonial,6,3.000,Full,,10,8597.00,CL,11/30/2017,8/31/2018,12/27/2017,3/26/2018,27,Det,2,2,2989011
51,,Holly,Avenue,Mineola,11501,499900,475000,Colonial,3,1.500,"Full,Partially Finished",2 Car Detached,10,9706.05,CL,9/11/2019,2/10/2020,12/17/2019,1/02/2020,97,Det,1,1,3163756
3470,,Steven,Road,Baldwin Harbor,11510,499999,495000,Splanch,4,2.500,"Partial,Finished",1 Car Attached,10,16872.68,CL,10/17/2017,4/17/2018,11/17/2017,3/07/2018,31,Det,1,1,2979780
1497,,Paul,Street,Baldwin,11510,510000,490000,Exp Cape,4,2.000,Full,1 Car Detached,10,14078.69,CL,11/18/2019,3/27/2020,12/26/2019,2/26/2020,38,Det,1,1,3181219
1065,,Washington,Street,Baldwin,11510,449900,439000,Split Ranch,3,2.000,Partial,1 Car Attached,10,11062.00,CL,11/08/2017,5/08/2018,12/05/2017,1/30/2018,27,Det,1,1,2984472
16,,Foxcroft,Road,Albertson,11507,475000,490000,Exp Cape,4,2.000,"Full,Finished",2 Car Detached,10,11500.00,CL,8/16/2017,8/16/2018,9/08/2017,6/13/2018,23,Det,1,1,2963772
3016,,Ann,Street,Baldwin,11510,479000,455000,Raised Ranch,4,2.500,"Full,Finished",1 Car Attached,10,16164.00,CL,8/01/2017,11/27/2017,10/29/2017,1/24/2018,89,Det,1,1,2959978
105,,Dartmouth,,Williston Park,11596,468000,460000,Cape,3,2.000,Full,1 Car Detached,10,9640.00,CL,10/24/2018,4/26/2019,11/09/2018,1/03/2019,16,Det,1,1,3075867
1905,,Bryant,Place,Baldwin,11510,469000,460000,Raised Ranch,2,1.000,"Full,Partially Finished",,10,10000.00,CL,7/06/2019,10/05/2019,9/10/2019,10/21/2019,66,Det,1,1,3144637
1495,,Prince,Street,N. Baldwin,11510,419000,428000,Exp Cape,3,1.000,"Full,Partially Finished",1 Car Attached,10,12093.58,CL,5/21/2018,10/21/2018,7/09/2018,8/30/2018,49,Det,1,1,3031999
685,,Saint Lukes,Place,Baldwin,11510,429000,434000,Colonial,3,1.000,"Full,Partially Finished",1 Car Detached,10,12965.00,CL,5/16/2019,11/16/2019,5/29/2019,8/08/2019,13,Det,1,1,3129593
701,,Prospect,Street,Baldwin,11510,440000,430000,Colonial,4,1.500,Full,,10,12373.00,CL,2/23/2019,8/31/2019,5/29/2019,7/30/2019,94,Det,1,1,3103433
38,,Fordham,Street,Williston Park,11596,499000,499000,Colonial,3,2.000,Full,,10,11401.68,CL,7/12/2018,7/11/2019,8/07/2018,9/27/2018,26,Det,1,1,3047870
3300,,Bay Front,Drive,Baldwin Harbor,11510,475000,475000,Split Level,3,2.500,"Crawl,Unfinished",1 Car Attached,10,11370.68,CL,7/05/2018,12/31/2018,7/30/2018,10/05/2018,25,Det,1,1,3045438
941,,Adams,Street,Baldwin,11510,465000,455000,Colonial,3,1.500,Full,,10,13657.00,CL,5/17/2019,5/16/2020,6/29/2019,9/09/2019,43,Det,1,1,3129833
310,,Schuster,Avenue,Mineola,11501,525000,490000,Colonial,3,2.000,"Full,Unfinished",2 Car Detached,10,9344.55,CL,4/21/2017,10/11/2017,6/13/2017,8/28/2017,53,Det,1,2,2931392
2800,,Eastern,Boulevard,Baldwin,11510,475000,460000,Cape,4,2.000,"Full,Finished",1 Car Attached,10,11966.84,CL,5/02/2019,9/30/2019,6/11/2019,9/17/2019,40,Det,1,1,3124975
1526,,Paul,,Baldwin,11510,468000,468000,Colonial,4,2.000,"Full,Partially Finished",1 Car Detached,10,15209.38,CL,8/16/2018,2/18/2019,9/06/2018,10/12/2018,21,Det,1,1,3057382
2098,,Felix,Court,Baldwin,11510,459000,459000,Tudor,3,1.500,"Full,Unfinished",2 Car Detached,10,11022.44,CL,10/29/2019,3/13/2020,11/15/2019,1/23/2020,17,Det,1,1,3176494
569,W,Seaman,Avenue,Baldwin,11510,450000,450000,Colonial,4,2.000,Full,,10,12018.20,CL,10/13/2017,4/13/2018,11/06/2017,12/01/2017,24,Det,1,1,2978461
2990,,Dorlon,Place,Baldwin,11510,509000,495000,Colonial,3,2.500,"Full,Unfinished",,10,11819.09,CL,5/07/2019,10/29/2019,7/12/2019,9/05/2019,66,Det,1,1,3126291
297,,Emory,Road,Mineola,11501,475000,465000,Colonial,3,1.000,"Full,Partially Finished",,10,7042.04,CL,12/14/2015,12/14/2017,3/20/2017,5/24/2017,461,Det,1,1,2816297
700,,Jay,Way,Baldwin,11510,449000,435000,Split Level,3,2.500,Full,,10,16569.22,CL,3/02/2019,10/30/2019,3/23/2019,6/20/2019,20,Det,1,1,3105402
700,,Glover,Place,Baldwin,11510,480000,482000,Colonial,4,2.000,"Full,Partially Finished",2 Car Detached,10,10652.88,CL,9/29/2017,3/31/2018,10/23/2017,12/21/2017,24,Det,1,1,2974745
1381,,Exeter,Street,N. Baldwin,11510,439000,425000,2 Story,5,2.000,"Full,Finished",Detached,10,12372.20,CL,2/20/2017,9/30/2017,6/15/2017,7/20/2017,114,Det,1,1,2914990
894,,Inn,Court,N. Baldwin,11510,459000,450000,Hi Ranch,3,2.000,"Crawl,Unfinished",2 Car Attached,10,12440.18,CL,3/08/2017,9/29/2017,4/19/2017,6/29/2017,41,Att,1,1,2919705
3385,,Bertha,Drive,Baldwin,11510,539000,490000,Hi Ranch,5,2.500,"None,Unfinished",2 Car Attached,10,11550.97,CL,2/13/2018,9/28/2018,5/08/2018,7/10/2018,83,Att,1,1,3004408
62,,Eleventh,Avenue,Mineola,11501,509999,485000,Cape,4,2.500,"Full,Finished",,10,10164.45,CL,11/16/2016,5/30/2017,1/31/2017,6/01/2017,76,Det,1,1,2897032
591,,Tennyson,Avenue,Baldwin,11510,449000,455000,Tudor,3,1.000,"Full,Finished",1 Car Detached,10,9212.00,CL,8/01/2018,1/30/2019,9/10/2018,11/15/2018,40,Det,1,1,3054778
1906,,Longfellow,Street,N. Baldwin,11510,459000,449000,Contemporary,3,3.000,"Full,Finished",,10,9843.80,CL,12/22/2018,12/22/2019,1/30/2019,3/27/2019,39,Det,1,1,3088688
39,,Cross,Street,Williston Park,11596,499999,480000,Cape,3,1.000,"Full,Partially Finished",1 Car Detached,10,12100.63,CL,11/14/2017,11/14/2018,6/01/2018,7/31/2018,198,Det,1,1,2985592
2679,,Central,Avenue,Baldwin,11510,449990,457000,Colonial,4,2.000,"Full,Unfinished",2 Car Detached,10,12385.00,CL,9/06/2017,3/05/2018,10/19/2017,12/28/2017,43,Det,1,1,2968619
933,,Lincoln,Avenue,N. Baldwin,11510,499000,499000,Tudor,3,2.500,"Full,Partially Finished",1 Car Detached,10,11930.22,CL,3/15/2019,2/26/2020,3/28/2019,7/02/2019,13,Det,1,1,3109437
831,,Barth,Drive,Baldwin,11510,475000,475000,Colonial,3,2.500,"Full,Finished",1 Car Attached,10,10130.05,CL,4/26/2019,10/10/2019,7/19/2019,9/05/2019,84,Det,1,1,3122945
2974,,Verity,Lane,Baldwin,11510,510000,495000,Split Level,3,2.000,"Full,Finished",2 Car Attached,10,11290.00,CL,6/25/2019,6/25/2020,7/19/2019,9/16/2019,24,Det,1,1,3141578
3517,,Milburn,Avenue,Baldwin,11510,499000,499000,Splanch,4,2.500,"Full,Finished",1 Car Attached,10,13225.02,CL,5/08/2017,5/08/2018,5/19/2017,7/07/2017,11,Det,1,1,2936237
1000,,Clinton,Place,Baldwin,11510,469999,465000,Colonial,4,2.000,"Full,Finished",2 Car Detached,10,11360.00,CL,12/01/2016,2/28/2017,12/22/2016,5/05/2017,21,Det,1,1,2899405
805,,Barth Dr,,Baldwin,11510,525000,475000,Cape,4,1.000,"Full,Finished",,10,9300.00,Cl,7/19/2018,7/19/2019,12/21/2018,2/15/2019,155,Det,1,1,3049897
799,,Grace,Street,Baldwin,11510,499000,490000,Hi Ranch,4,2.000,"None,Unfinished",1 Car Attached,10,14769.29,CL,7/31/2018,1/31/2019,11/14/2018,2/21/2019,106,Det,1,2,3053053
3381,,Parkway,Drive,Baldwin,11510,449000,449000,Mediterranean,3,2.000,"Full,Partially Finished",,10,10104.36,CL,2/19/2018,9/01/2018,4/06/2018,6/28/2018,45,Det,1,1,*1307132
1387,,Woodside,Avenue,Baldwin,11510,489000,475000,Split Level,3,2.000,"Full,Unfinished",,10,13325.81,CL,11/29/2018,5/29/2019,6/01/2019,8/01/2019,183,Det,1,1,*1332833
163,,Bedford,Avenue,New Hyde Park,11040,499999,455000,Split Level,4,1.000,"Full,Finished",1 Car Attached,10,7090.11,CL,9/26/2016,7/25/2017,11/03/2016,5/01/2017,38,Det,1,1,2886146
1580,,Wales,Avenue,N. Baldwin,11510,495000,490000,Colonial,3,1.500,"Full,Finished",,10,11199.00,CL,11/04/2016,11/05/2017,8/11/2017,10/10/2017,280,Det,1,1,2894665
1105,,Northern,Boulevard,Baldwin,11510,449500,430000,Colonial,5,3.000,"None,Unfinished",1 Car Attached,10,18228.32,CL,11/10/2016,7/07/2017,3/08/2017,4/28/2017,118,Det,1,1,2895672
669,,Garfield,Road,N. Baldwin,11510,459990,440000,Exp Cape,3,3.000,"Full,Finished",1 Car Attached,10,11840.18,CL,11/25/2016,2/25/2017,2/01/2017,3/28/2017,68,Det,1,1,2898467
3167,,Western,Boulevard,Baldwin,11510,509000,493500,Split Level,4,2.500,"Partial,Unfinished",2 Car Attached,10,15208.00,CL,1/05/2017,6/30/2017,4/18/2017,6/09/2017,102,Det,1,1,2904803
10,,Washington,Place,Baldwin,11510,449000,439000,Colonial,3,3.000,"Crawl,Unfinished",,10,12261.32,CL,1/06/2017,12/01/2017,4/11/2017,6/02/2017,94,Det,1,1,2905244
2432,,Lakeside,Drive,Baldwin,11510,479000,460000,Colonial,3,2.000,"Full,Finished",2 Car Detached,10,12810.41,CL,1/23/2017,6/30/2017,3/22/2017,6/09/2017,57,Det,1,1,2908732
641,,Merrick,Road,Baldwin,11510,479000,479000,Cape,4,2.000,"Full,Finished",,10,11343.00,CL,2/07/2017,8/07/2017,2/21/2017,6/22/2017,14,Det,1,1,2912362
581,,Irving,Place,N. Baldwin,11510,439000,432500,Cape,4,3.000,"Full,Finished",1 Car Detached,10,11275.00,CL,2/13/2017,8/13/2017,4/24/2017,6/21/2017,69,Det,1,1,2913554
584,,Stanton,Avenue,N. Baldwin,11510,449000,449000,Tudor,3,2.000,"Full,Finished",1 Car Detached,10,10820.00,CL,2/28/2017,8/31/2017,3/31/2017,5/23/2017,30,Det,1,1,2917233
3270,,Wolfson,Drive,Baldwin,11510,444900,435000,Split Level,4,2.500,"Partial,Finished",1 Car Attached,10,15861.00,CL,3/02/2017,8/31/2017,6/22/2017,8/18/2017,111,Det,1,1,2917832
5,,Longfellow,Street,N. Baldwin,11510,419000,424250,Bungalow,3,2.000,"Full,Partially Finished",,10,10467.00,CL,3/15/2017,9/15/2017,4/04/2017,6/27/2017,20,Det,1,1,2921479
1123,,Cornwell,Avenue,Baldwin,11510,449999,449999,Colonial,3,2.000,"Full,Unfinished",1 Car Detached,10,10147.00,CL,3/17/2017,9/17/2017,4/12/2017,6/02/2017,26,Det,1,1,2921975
641,,Stratford,Road,N. Baldwin,11510,475888,475000,Exp Cape,4,2.000,"Full,Finished",Private Parking,10,10315.76,CL,3/20/2017,3/20/2018,5/15/2017,7/06/2017,56,Det,1,1,2922422
33,,Henhawk,Road,N. Baldwin,11510,439000,433500,Exp Cape,4,2.000,"Full,Finished",1 Car Detached,10,12658.00,CL,4/04/2017,11/04/2017,8/03/2017,9/28/2017,121,Det,1,1,2926664
234,,Fairfield,Avenue,Mineola,11501,469000,465000,Cape,4,1.000,"Full,Partially Finished",1 Car Detached,10,9815.60,CL,4/12/2017,10/06/2017,4/28/2017,6/07/2017,16,Det,1,1,2928847
18,,Paul,Place,Roosevelt,11575,450000,450000,Colonial,3,3.500,"Full,Finished",2 Car Attached,10,13729.62,CL,4/17/2017,3/22/2018,5/23/2017,8/03/2017,36,Det,1,1,2929672
2978,,Grand,Boulevard,Baldwin,11510,515000,500000,Traditional,4,2.000,"Full,Finished",,10,13000.00,CL,4/22/2017,3/31/2018,5/24/2017,8/01/2017,32,Det,1,2,2931702
3215,,Eastern,Parkway,Baldwin,11510,454000,440000,Split Level,3,3.000,"Partial,Unfinished",1 Car Attached,10,15229.66,CL,4/29/2017,11/01/2017,11/29/2018,2/02/2018,205,Det,1,1,2933711
952,,Woodoak,Drive,Baldwin,11510,499000,499000,Split Level,4,2.500,"Partial,Finished",2 Car Attached,10,12445.71,CL,5/01/2017,9/30/2017,6/01/2018,9/28/2018,396,Det,1,1,2934231
1033,,Jackson Street,,Baldwin,11510,489000,489000,Hi Ranch,3,2.000,"Full,Finished",,10,14951.00,CL,5/07/2017,11/07/2017,6/01/2017,8/11/2017,25,Det,1,1,2935925
1593,,Victoria,Street,N. Baldwin,11510,439000,445000,Colonial,3,1.500,"Full,Unfinished",1 Car Attached,10,13484.64,CL,5/28/2017,11/30/2017,7/05/2017,9/28/2017,38,Det,1,1,2942135
4,,Meadow,Lane,Rockville Centre,11570,469000,460000,Ranch,3,2.000,"None,Unfinished",1 Car Attached,10,14915.09,CL,5/31/2017,11/07/2017,8/09/2017,10/27/2017,70,Det,1,1,2942727
1452,,Dartmouth,Street,N. Baldwin,11510,442000,455000,Colonial,8,4.000,"Full,Unfinished",2 Car Detached,10,18709.97,CL,6/01/2017,9/28/2017,8/11/2017,9/15/2017,71,Det,2,2,2943055
931,,Mckinley,Street,Baldwin,11510,479980,489980,Hi Ranch,4,2.000,"None,Unfinished",1 Car Attached,10,9474.00,CL,6/01/2017,12/31/2017,7/24/2017,9/07/2017,53,Det,1,1,2943328
804,,Lincoln,Street,Baldwin,11510,449000,445000,Colonial,3,3.500,"Full,Finished",1 Car Attached,10,14338.82,CL,6/10/2017,9/10/2017,6/22/2017,8/10/2017,12,Det,1,1,2945929
919,,Northern,Boulevard,Baldwin,11510,469000,465000,Hi Ranch,3,2.500,"None,Unfinished",2 Car Attached,10,15743.35,CL,7/06/2017,3/14/2018,1/26/2018,5/07/2018,204,Det,1,1,2952815
715,,Jackie,Lane,Baldwin,11510,479999,488000,Split Level,4,2.500,"None,Unfinished",2 Car Attached,10,10433.77,CL,7/13/2017,1/09/2018,7/28/2017,9/20/2017,15,Det,1,1,2954785
1481,,Kenneth,Avenue,N. Baldwin,11510,439000,445000,Colonial,3,2.000,"Full,Unfinished",,10,9978.64,CL,7/17/2017,12/31/2017,8/01/2017,9/29/2017,15,Det,1,1,2955698
1037,,Thomas,Avenue,Baldwin,11510,435000,435000,Cape,4,1.000,Full,1 Car Detached,10,12355.33,CL,7/26/2017,7/31/2018,4/10/2018,7/06/2018,258,Det,1,1,2958268
1028,,Washington,Street,Baldwin Harbor,11510,454900,453000,Split Level,3,2.000,"Crawl,Unfinished",,10,11023.73,CL,7/26/2017,1/26/2018,8/31/2017,11/29/2017,36,Det,1,1,2958478
3064,,Grand,Avenue,Baldwin,11510,469000,479000,Split Level,3,2.500,"Partial,Unfinished",,10,13619.52,CL,8/04/2017,1/31/2018,8/18/2017,10/30/2017,14,Det,1,1,2960889
794,,Bonnie,Drive,Baldwin,11510,551000,450000,Hi Ranch,3,3.000,"Full,Finished",,10,16786.00,CL,8/08/2017,8/05/2018,4/03/2018,9/14/2018,238,Det,1,1,2961643
1679,,Wales,Place,Baldwin,11510,469000,450000,Colonial,3,2.000,"Full,Finished",,10,12785.89,CL,8/14/2017,1/31/2018,10/27/2017,12/21/2017,74,Det,1,1,2963067
1550,N,Grand,Avenue,Baldwin,11510,519000,500000,Tudor,3,2.000,"Full,Unfinished",2 Car Detached,10,10787.02,CL,8/22/2017,8/21/2018,3/14/2018,10/15/2018,204,Det,1,1,2965305
2710,,Wilddale,Road,Baldwin,11510,449000,426000,Cape,4,2.000,"Full,Unfinished",,10,11375.99,CL,9/05/2017,4/01/2018,10/05/2017,1/29/2018,30,Det,1,1,2968062
596,,Emerson,Avenue,N. Baldwin,11510,425000,430000,Colonial,4,2.000,"Full,Unfinished",1 Car Detached,10,7738.89,CL,9/12/2017,8/28/2018,3/19/2018,5/24/2018,188,Det,1,1,2970059
2724,,Wilddale,Road,Baldwin,11510,495000,486000,Split Level,3,2.500,"Partial,Unfinished",1 Car Attached,10,17788.26,CL,8/24/2017,3/01/2018,11/01/2017,1/26/2018,69,Det,1,1,2974889
433,,Wellington,Road,Mineola,11501,499000,460000,Colonial,3,1.500,"Full,Unfinished",1 Car Detached,10,11043.39,CL,9/29/2017,11/30/2017,10/23/2017,12/15/2017,24,Det,1,1,2974929
3408,,Howard,Boulevard,Baldwin,11510,549000,480000,Hi Ranch,4,2.000,"None,Unfinished",2 Car Attached,10,13383.00,CL,10/04/2017,8/29/2018,10/17/2017,11/27/2017,13,Det,1,1,2975962
943,,Steele,Boulevard,Baldwin,11510,430000,465000,Duplex,6,3.000,"Full,Unfinished",,10,12500.00,CL,10/15/2017,6/15/2018,11/15/2017,1/09/2018,31,Det,2,2,2978658
3443,,Parkway,Drive,Baldwin,11510,399000,438000,Colonial,4,2.500,"Crawl,Unfinished",2 Car Attached,10,14664.01,CL,10/23/2017,12/31/2018,12/04/2017,2/20/2018,42,Det,1,1,2980531
682,,Riverside,Avenue,Baldwin,11510,499000,478250,Colonial,3,1.500,"Full,Unfinished",2 Car Detached,10,10624.14,CL,11/02/2017,5/01/2018,2/01/2018,4/11/2018,91,Det,1,1,2982881
12,,Paul,Place,Roosevelt,11575,469900,469900,Colonial,3,2.500,"Full,Finished",1 Car Attached,10,10108.44,CL,11/03/2017,5/03/2018,11/20/2017,2/12/2018,17,Det,1,1,2983106
391,,Maryland,Avenue,Freeport,11520,467000,472500,Splanch,5,3.000,Full,2 Car Attached,10,21872.83,CL,12/12/2017,11/28/2018,8/30/2018,9/19/2018,260,Det,1,1,2991290
1017,,Archer,Place,Baldwin,11510,465000,455000,Exp Cape,4,2.000,"Full,Partially Finished",,10,11319.00,CL,1/03/2018,7/31/2018,3/20/2018,6/29/2018,75,Det,1,1,2994067
464,,Marie,Avenue,N. Baldwin,11510,475000,478000,Colonial,3,2.000,"Full,Finished",1 Car Detached,10,11442.00,CL,1/11/2018,7/31/2018,1/26/2018,3/08/2018,15,Det,1,1,2996085
554,,Madison,Avenue,N. Baldwin,11510,429000,440000,Duplex,4,2.000,"Full,Partially Finished",,10,14294.00,CL,1/17/2018,12/11/2018,1/30/2018,4/27/2018,13,Det,2,2,2997195
1506,,Forest,Avenue,N. Baldwin,11510,495000,475000,Exp Cape,4,3.000,"Full,Finished",1 Car Attached,10,17300.00,CL,1/21/2018,7/21/2018,4/11/2018,6/26/2018,79,Det,1,1,2998222
31,,Cross,Street,Williston Park,11596,510000,460000,Cape,4,1.500,"Full,Partially Finished",1 Car Detached,10,11328.00,CL,2/05/2018,7/31/2018,2/26/2018,4/06/2018,21,Det,1,1,3002696
1112,,Hayes,Place,Baldwin,11510,479000,467500,Colonial,4,2.500,"None,Unfinished",1 Car Attached,10,12040.76,CL,2/15/2018,8/01/2018,3/14/2018,6/13/2018,26,Det,1,1,3004771
1086,,Jefferson,Street,Baldwin,11510,499999,480000,Colonial,4,2.500,"Full,Unfinished",,10,14900.55,CL,2/16/2018,5/18/2018,3/23/2018,5/03/2018,34,Det,1,1,3005142
506,,Russell,Street,Baldwin,11510,449000,449000,Exp Cape,3,1.000,"Full,Partially Finished",,10,11209.00,CL,2/23/2018,5/23/2018,3/08/2018,4/05/2018,13,Det,1,1,3006955
636,,Barnes,Avenue,Baldwin,11510,499700,490000,Colonial,3,2.000,"None,Unfinished",1 Car Detached,10,9087.00,CL,3/08/2018,9/08/2018,4/26/2018,6/25/2018,48,Det,1,1,3010608
825,,Chess,Drive,Baldwin,11510,479000,460000,Split Level,3,3.000,"Partial,Finished",2 Car Attached,10,12326.00,CL,3/10/2018,3/31/2019,4/11/2018,7/26/2018,31,Det,1,2,3010948
6,,Earl,Place,Baldwin,11510,419000,429000,Cape,4,1.500,"Full,Finished",1 Car Detached,10,13414.00,CL,3/12/2018,7/11/2018,5/01/2018,9/04/2018,50,Det,1,1,3011424
872,,Newton,Avenue,Baldwin,11510,385000,421000,Ranch,3,1.000,"Full,Unfinished",,10,11970.00,CL,3/18/2018,6/18/2018,4/17/2018,5/21/2018,30,Det,1,1,3012991
841,E,Stanton,Avenue,Baldwin,11510,449000,455000,Exp Cape,3,1.500,"Full,Finished",1 Car Detached,10,8924.94,CL,3/19/2018,9/19/2018,4/16/2018,6/25/2018,28,Det,1,1,3013140
848,,Hastings,Street,Baldwin,11510,479000,485000,Exp Cape,3,2.000,"Full,Finished",1 Car Detached,10,11902.00,CL,3/20/2018,3/18/2019,8/20/2018,10/12/2018,153,Det,1,1,3013758
2338,,Rockwood,Avenue,Baldwin,11510,449944,460000,Cottage,3,2.000,"Full,Unfinished",2 Car Detached,10,14892.50,CL,3/26/2018,9/30/2018,4/23/2018,7/30/2018,28,Det,1,1,3014949
3287,,Bertha,Drive,Baldwin,11510,489000,460000,Split Level,4,3.000,"Partial,Finished",2 Car Attached,10,14883.69,CL,4/08/2018,10/08/2018,5/08/2018,7/30/2018,30,Det,1,1,3018554
524,,Latham,Road,Mineola,11501,569000,460000,Cape,4,2.000,"Full,Unfinished",1 Car Detached,10,8271.76,CL,4/11/2018,10/01/2018,5/15/2018,6/22/2018,34,Det,1,1,3019550
276,,Bedford,Avenue,Garden City Park,11040,439900,455000,Colonial,3,2.000,Full,,10,8795.00,CL,4/14/2018,8/31/2018,5/10/2018,7/27/2018,26,Det,1,1,3020971
164,,Jefferson,Avenue,Mineola,11501,484900,440000,Ranch,2,2.000,"Full,Finished",,10,7650.82,CL,4/16/2018,9/23/2018,5/04/2018,7/20/2018,18,Det,1,1,3021077
618,,Stratford,Road,N. Baldwin,11510,479000,465000,Exp Cape,5,3.500,"Full,Finished",1 Car Detached,10,11934.00,CL,4/15/2018,10/30/2018,7/09/2018,10/04/2018,85,Det,1,1,3021092
953,,Alhambra,Road,N. Baldwin,11510,399000,443000,Cape,4,2.000,Full,,10,10790.90,CL,4/18/2018,10/10/2018,5/09/2018,7/18/2018,21,Det,1,1,3021578
1011,,Schuman,Place,N. Baldwin,11510,464000,465000,Cape,3,1.500,"Full,Partially Finished",1 Car Attached,10,9118.58,CL,4/20/2018,10/15/2018,5/17/2018,7/23/2018,27,Det,1,1,3022587
721,,Emerson,Avenue,Baldwin,11510,479000,455000,Ranch,3,2.000,"Full,Finished",,10,10600.00,CL,4/28/2018,6/28/2018,6/04/2018,8/10/2018,37,Det,1,1,3025005
635,,Stanton,Avenue,Baldwin,11510,482500,482200,Colonial,3,1.500,"Full,Partially Finished",1 Car Detached,10,10156.00,CL,5/04/2018,12/01/2018,6/07/2018,9/20/2018,34,Det,1,1,3027089
353,,Maryland,Avenue,Freeport,11520,499000,485000,Exp Ranch,5,3.000,"Full,Finished",2 Car Attached,10,18895.00,CL,5/14/2018,12/01/2018,9/17/2018,11/05/2018,126,Det,1,1,3029976
959,,Steele,Boulevard,Baldwin,11510,459000,459000,Colonial,3,2.000,"Full,Unfinished",1 Car Detached,10,11600.65,CL,5/17/2018,5/16/2019,6/29/2018,7/25/2018,43,Det,1,1,3030989
985,,Davison,Place,Baldwin,11510,425000,425000,Colonial,3,1.500,"Full,Unfinished",,10,10700.00,CL,5/21/2018,11/21/2018,6/07/2018,8/13/2018,17,Det,1,1,3032065
2326,,Central,Avenue,Baldwin,11510,499000,486000,Colonial,4,2.000,"Full,Partially Finished",1 Car Detached,10,11741.52,CL,6/08/2018,10/31/2018,7/30/2018,10/24/2018,52,Det,1,1,3037813
1023,,Jefferson,Street,Baldwin,11510,474988,470000,Colonial,3,2.000,"None,Unfinished",1 Car Attached,10,13237.78,CL,6/11/2018,12/04/2018,7/09/2018,9/07/2018,28,Det,1,1,3038286
3076,S,Grand,Avenue,Baldwin,11510,489000,470000,Split Ranch,3,3.000,"Full,Finished",1 Car Attached,10,10139.58,CL,6/23/2018,7/31/2019,11/20/2018,1/28/2019,150,Det,1,1,3042472
1418,,Arndt,Place,N. Baldwin,11510,469500,455000,Ranch,3,1.500,"Full,Finished",1 Car Attached,10,8767.00,CL,6/25/2018,9/30/2018,7/17/2018,8/28/2018,22,Det,1,1,3042880
827,,Edward,Street,Baldwin,11510,479000,460000,Tudor,3,2.000,"Full,Unfinished",2 Car Detached,10,12102.50,CL,6/27/2018,12/27/2018,8/10/2018,10/10/2018,44,Det,1,1,3043265
1687,,Holly,Street,Baldwin,11510,485000,490000,Exp Cape,4,3.000,"Full,Finished",1 Car Attached,10,10843.73,CL,1/06/2018,12/31/2018,7/26/2018,9/21/2018,200,Det,1,1,3043323
605,,Rose,Boulevard,Baldwin,11510,439000,440000,Cape,2,1.000,Full,1 Car Detached,10,9271.81,CL,6/28/2018,12/31/2018,7/17/2018,9/11/2018,19,Det,1,1,3043645
657,,Stowe,Avenue,N. Baldwin,11510,499999,493000,Exp Cape,3,2.500,"Full,Finished",,10,12903.32,CL,7/09/2018,7/09/2019,3/26/2019,5/11/2019,260,Det,1,2,3046691
468,,Marie,Avenue,N. Baldwin,11510,485000,447000,Cape,3,3.000,"Full,Finished",1 Car Detached,10,13818.72,CL,7/16/2018,11/30/2018,8/24/2018,11/19/2018,39,Det,1,1,3048824
94,,Netz,Place,Albertson,11507,499000,475000,Cape,2,1.000,"Full,Finished",1 Car Attached,10,8346.10,CL,7/19/2018,11/19/2018,9/17/2018,10/29/2018,60,Det,1,1,3049831
188,,Mount Joy,Avenue,Freeport,11520,449900,440000,Tudor,3,1.500,"Full,Unfinished",1 Car Detached,10,12131.73,CL,7/19/2018,7/19/2019,10/09/2018,11/05/2018,82,Det,1,1,3050049
3395,,Bay Front,Place,Baldwin Harbor,11510,550000,500000,Cape,3,2.500,"Full,Unfinished",,10,12851.46,CL,7/24/2018,2/24/2019,1/28/2019,4/15/2019,188,Det,1,2,3051209
349,,Maryland,Avenue,Freeport,11520,479000,479000,Ranch,3,1.500,"Full,Finished",1 Car Attached,10,11239.88,CL,7/25/2018,12/31/2018,8/16/2018,11/20/2018,22,Det,1,1,3051449
78,,Lehigh,Street,Williston Park,11596,469999,445000,Colonial,3,1.000,"Full,Unfinished",,10,5854.51,CL,7/31/2018,12/31/2018,10/26/2018,12/19/2018,87,Det,1,1,3053047
1753,,Victoria,Street,Baldwin,11510,489000,500000,Colonial,3,2.000,"Full,Unfinished",1 Car Detached,10,10104.37,CL,7/31/2018,1/31/2019,8/22/2018,11/01/2018,22,Det,1,1,3053202
7,,Willowbrook,Lane,Freeport,11520,489000,465000,Ranch,3,2.000,"Full,Finished",2 Car Attached,10,17425.00,CL,8/04/2018,1/31/2019,11/07/2018,1/09/2019,95,Det,1,1,3054471
715,,Demott,Avenue,Baldwin,11510,449990,460000,Exp Cape,4,2.000,"Full,Finished",,10,13994.00,CL,8/06/2018,8/08/2019,8/22/2018,11/28/2018,16,Det,1,1,3054946
1410,,Dartmouth,Street,N. Baldwin,11510,525000,500000,2 Story,4,2.000,"Full,Finished",1 Car Attached,10,13072.00,CL,8/09/2018,8/31/2019,10/29/2018,12/24/2018,81,Det,1,1,3055676
1754,,Victoria,Street,N. Baldwin,11510,440000,440000,Cape,4,2.000,"Full,Partially Finished",,10,12780.00,CL,8/16/2018,8/15/2019,5/08/2019,7/26/2019,265,Det,1,1,3058285
1054,,Jackson,Street,Baldwin,11510,439000,427000,Split Level,4,2.000,"Partial,Unfinished",1 Car Attached,10,12815.31,CL,8/19/2018,1/31/2019,10/05/2018,11/27/2018,47,Det,1,1,3058319
822,,Southard,Street,Baldwin,11510,425900,430000,Colonial,4,2.000,"Full,Unfinished",,10,14174.00,CL,9/04/2018,3/04/2019,9/27/2018,12/12/2018,23,Det,1,1,3061999
175,,Prince,Avenue,Freeport,11520,459000,450000,Cape,3,2.000,Full,1 Car Attached,10,15977.37,CL,9/06/2018,3/31/2019,9/07/2018,11/07/2018,1,Det,1,1,3062883
2416,,Lakeside,Drive,Baldwin,11510,469000,481000,Colonial,5,2.000,"Full,Partially Finished",2 Car Detached,10,12273.00,CL,9/08/2018,9/07/2019,1/29/2019,5/24/2019,143,Det,1,1,3063695
556,,Portland,Avenue,Baldwin,11510,489000,470000,Hi Ranch,4,2.000,"Full,Finished",1 Car Attached,10,15996.14,CL,9/24/2018,6/30/2019,10/23/2018,11/08/2018,29,Det,1,1,3067709
182,,Park,Avenue,New Hyde Park,11040,499000,465000,Cape,5,2.000,Full,,10,9135.59,CL,9/25/2018,8/30/2019,10/26/2018,12/07/2018,31,Det,1,1,3068119
643,,Westminster,Road,N. Baldwin,11510,478888,470000,Cape,4,2.000,"Full,Unfinished",1 Car Attached,10,11800.00,CL,10/13/2018,4/30/2019,1/15/2019,3/11/2019,94,Det,1,1,3073239
610,,Stowe,Avenue,Baldwin,11510,439000,432500,2 Story,3,1.000,"Full,Partially Finished",1 Car Detached,10,11402.00,CL,10/16/2018,4/15/2019,11/06/2018,12/31/2018,21,Det,1,1,3073700
1005,,Davison,Place,Baldwin,11510,429999,455000,Colonial,3,2.000,"Full,Finished",2 Car Detached,10,8569.52,CL,10/23/2018,4/22/2019,11/25/2018,1/17/2019,33,Det,1,1,3075779
1515,,Victoria,,N. Baldwin,11510,495000,485000,Split Level,3,2.000,"Full,Finished",,10,14486.00,CL,10/25/2018,10/24/2019,3/20/2019,5/31/2019,146,Det,1,1,3076226
165,,New York,Avenue,Freeport,11520,429000,435000,Exp Cape,3,2.000,"Partial,Partially Finished",1 Car Attached,10,13923.85,CL,11/10/2018,5/10/2019,12/14/2018,2/14/2019,34,Det,1,1,3080240
70,,Westbury,Avenue,Mineola,11501,465000,455000,Cape,2,1.500,"Full,Unfinished",1 Car Detached,10,8675.00,CL,11/11/2018,11/11/2019,4/24/2019,7/10/2019,163,Det,1,1,3080382
835,,Newton,Avenue,N. Baldwin,11510,479000,475000,Colonial,5,2.000,"Full,Finished",3 Car Detached,10,13799.41,CL,11/13/2018,5/31/2019,1/25/2019,5/08/2019,73,Det,1,1,3080878
945,,Washington,Street,Baldwin,11510,468000,468000,Colonial,4,2.000,"None,Unfinished",1 Car Attached,10,11544.37,CL,12/07/2018,6/01/2019,4/10/2019,7/31/2019,123,Det,1,1,3085771
1630,,Victoria,Street,N. Baldwin,11510,469000,465000,Cape,3,2.500,"Full,Finished",1 Car Detached,10,12702.72,CL,12/14/2018,6/30/2019,2/19/2019,4/10/2019,67,Det,1,1,3087304
2599,,Central,Avenue,Baldwin,11510,475000,468500,Hi Ranch,4,2.000,"None,Unfinished",1 Car Attached,10,12727.00,CL,1/15/2019,9/07/2019,3/08/2019,5/16/2019,52,Det,1,2,3092796
802,,Ronald,Court,N. Baldwin,11510,469900,472000,Split Level,4,2.500,"Partial,Unfinished",2 Car Attached,10,19021.00,CL,1/17/2019,6/30/2019,2/19/2019,5/01/2019,33,Det,1,1,3094057
636,,Westminster,Road,N. Baldwin,11510,469000,465000,Duplex,3,2.000,Full,2 Car Detached,10,13019.45,CL,2/06/2019,2/06/2020,5/04/2019,7/02/2019,86,Det,2,2,3099020
893,,Willowbend,Lane,Baldwin,11510,475000,475000,Ranch,3,3.000,"Full,Finished",2 Car Attached,10,16491.33,CL,2/06/2019,7/24/2019,3/05/2019,5/10/2019,27,Det,1,1,3099183
1359,,Exeter,Street,Baldwin,11510,439000,435000,Cape,3,2.000,"Full,Finished",1 Car Attached,10,11920.98,CL,2/07/2019,5/31/2019,4/19/2019,7/17/2019,70,Det,1,1,3099394
3042,,Milburn,Avenue,Baldwin,11510,469000,440000,Cape,4,2.000,"Full,Finished",1 Car Detached,10,10724.00,CL,2/07/2019,2/07/2020,6/29/2019,9/20/2019,141,Det,1,1,3099427
194,,Delaware,Avenue,Freeport,11520,525000,500000,Exp Ranch,4,3.500,"Full,Finished",,10,14556.22,CL,2/19/2019,8/19/2019,3/22/2019,3/22/2019,30,Det,1,1,3102407
14,,Harvard,Street,Roslyn Heights,11577,536000,475000,Cape,3,2.000,"None,Unfinished",1 Car Detached,10,9293.61,CL,3/07/2019,9/30/2019,5/10/2019,7/16/2019,63,Det,1,1,3106874
46,,Southard,Street,Baldwin,11510,429000,455000,Cape,3,2.000,"Full,Finished",1 Car Detached,10,9880.00,CL,3/15/2019,12/31/2019,4/26/2019,6/07/2019,42,Det,1,1,3109394
10,,Oak Ridge,Lane,Albertson,11507,489000,489000,Cape,2,1.000,"Full,Partially Finished",1 Car Detached,10,10458.62,CL,3/20/2019,9/01/2019,4/03/2019,6/14/2019,14,Det,1,1,3110806
1031,,Thomas,Avenue,Baldwin,11510,474000,450000,Cape,4,2.000,"Full,Partially Finished",1 Car Detached,10,13702.76,CL,3/23/2019,9/30/2019,7/17/2019,9/24/2019,116,Det,1,1,3111886
3294,,Wolfson,Drive,Baldwin,11510,499000,490000,Split Level,4,2.500,"Full,Finished",1 Car Attached,10,17328.66,CL,3/27/2019,3/08/2020,10/25/2019,1/29/2020,212,Det,1,1,3113080
1608,,Berkeley,Avenue,N. Baldwin,11510,469000,465000,Cape,3,1.000,"Full,Finished",1 Car Detached,10,12890.19,CL,3/28/2019,10/28/2019,5/06/2019,8/16/2019,39,Det,1,1,3113217
4,,Herbert,Street,Baldwin,11510,459000,450000,Tudor,3,1.500,"Full,Finished",1 Car Attached,10,11200.00,CL,3/28/2019,9/30/2019,5/07/2019,8/12/2019,40,Att,1,1,3113283
1573,,Coolidge,Avenue,Baldwin,11510,499000,475000,Split Level,4,3.000,Partial,2 Car Attached,10,16823.72,CL,3/29/2019,9/29/2019,5/17/2019,7/01/2019,49,Det,1,1,3113624
73,,Hampton,Avenue,Albertson,11507,449000,449000,Ranch,2,2.000,"Full,Finished",,10,9058.27,CL,4/08/2019,10/07/2019,5/06/2019,8/01/2019,28,Det,1,1,3117236
2643,,Willard,Avenue,Baldwin,11510,459000,459000,Colonial,3,2.000,"Full,Partially Finished",1 Car Detached,10,9455.27,CL,4/16/2019,10/31/2019,5/03/2019,7/03/2019,17,Det,1,1,3119795
2675,,Hansen,Place,Baldwin,11510,474900,467500,Hi Ranch,5,2.000,"None,Unfinished",,10,15260.45,CL,4/28/2019,10/28/2019,5/16/2019,9/04/2019,18,Det,1,1,3123206
437,,Devonshire,Road,Baldwin,11510,449000,467000,Cape,4,1.000,"Full,Unfinished",1 Car Attached,10,9916.94,CL,4/29/2019,4/29/2020,5/24/2019,11/18/2019,25,Det,1,1,3123647
707,,Jeffrey,Drive,Baldwin,11510,399999,430000,Split Level,3,2.500,"Full,Finished",,10,11679.10,CL,5/02/2019,8/26/2019,5/24/2019,7/30/2019,22,Det,1,1,3124697
946,,Clyde,Road,Baldwin,11510,485000,490000,Cape,4,2.000,"Full,Finished",1 Car Detached,10,11985.28,CL,5/17/2019,11/13/2019,7/08/2019,8/30/2019,52,Det,1,1,3129970
1579,,Alpine,Street,N. Baldwin,11510,449000,450000,Exp Cape,4,2.000,"Full,Unfinished",1 Car Attached,10,9252.12,CL,5/20/2019,11/15/2019,6/25/2019,8/06/2019,36,Det,1,1,3130602
830,,Church,Street,Baldwin,11510,449000,460000,Colonial,3,2.000,"Full,Unfinished",,10,7316.86,CL,5/28/2019,11/30/2019,6/20/2019,9/25/2019,23,Det,1,1,3132685
224,,Jefferson,Avenue,Mineola,11501,549000,495000,Duplex,2,2.000,"Full,Finished",,10,9306.68,CL,5/27/2019,11/23/2019,7/17/2019,8/16/2019,51,Det,2,2,3132990
920,,Adams,Street,Baldwin,11510,499000,485000,Split Level,3,2.000,"None,Unfinished",1 Car Attached,10,14354.35,CL,6/05/2019,12/05/2019,8/09/2019,9/30/2019,65,Det,1,1,3135456
1071,,Van Buren,Street,Baldwin,11510,449000,440000,Exp Cape,4,1.500,"Full,Unfinished",1 Car Detached,10,9503.00,CL,6/06/2019,12/01/2019,10/08/2019,1/09/2020,124,Det,1,1,3135749
109,,Dorset,Avenue,Albertson,11507,499000,472000,Cape,4,1.500,"Full,Partially Finished",2 Car Detached,10,12600.30,CL,6/12/2019,12/13/2019,12/05/2019,3/17/2020,176,Det,1,1,3137735
2046,,Oakmere,Drive,Baldwin,11510,475000,485000,Colonial,3,1.500,"Full,Unfinished",,10,11080.44,CL,6/13/2019,9/13/2019,7/09/2019,8/16/2019,26,Det,1,1,3138246
931,,Northern,Boulevard,Baldwin,11510,493000,465000,Split Level,4,2.500,Partial,2 Car Detached,10,18559.37,CL,6/19/2019,12/19/2019,8/16/2019,10/31/2019,58,Det,1,1,3140170
294,,Latham,Road,Mineola,11501,525000,500000,Colonial,3,1.000,"Full,Unfinished",1 Car Detached,10,10463.06,CL,6/30/2019,12/28/2019,11/21/2019,1/23/2020,144,Det,1,1,3143176
360,,Burkhard,Avenue,Mineola,11501,459000,465000,Colonial,2,1.500,"Full,Finished",,10,8675.53,CL,7/10/2019,1/31/2020,7/18/2019,9/25/2019,8,Det,1,1,3146000
102,,California,Avenue,Freeport,11520,499999,485000,Colonial,3,2.500,"Full,Finished",1 Car Attached,10,15629.85,CL,9/01/2019,8/31/2020,9/27/2019,12/10/2019,26,Det,1,1,3160442
1509,,Westervelt,Avenue,Baldwin,11510,449999,440000,Cape,3,1.500,"Full,Partially Finished",1 Car Detached,10,14995.56,CL,9/10/2019,9/09/2020,12/12/2019,2/13/2020,93,Det,1,1,3163018
1022,,Cramer,Court,N. Baldwin,11510,535000,500000,Split Level,3,2.500,"Full,Finished",2 Car Detached,10,16565.17,CL,9/12/2019,3/31/2020,12/23/2019,1/27/2020,102,Det,1,1,3163751
2923,,Bayview,Avenue,Baldwin,11510,499000,490000,Colonial,4,3.000,"Full,Finished",,10,13167.21,CL,9/13/2019,9/13/2020,11/07/2019,1/09/2020,55,Det,1,1,3164331
2802,,Laurel,Avenue,Baldwin,11510,499000,495000,Exp Cape,4,3.000,"Full,Finished",,10,10227.37,CL,10/04/2019,1/30/2020,10/22/2019,2/13/2020,18,Det,1,1,3170202
722,,Lakeside,Drive,Baldwin,11510,489000,489000,Exp Ranch,3,2.000,"Full,Partially Finished",1 Car Attached,10,10157.05,CL,10/08/2019,4/04/2020,10/31/2019,1/30/2020,23,Det,1,1,3171211
606,,De Mott,Avenue,N. Baldwin,11510,469990,480000,Colonial,3,2.000,"Full,Finished",,10,10516.85,CL,11/01/2019,11/01/2020,11/14/2019,1/16/2020,13,Det,1,1,3177765
1781,,Browning,Street,N. Baldwin,11510,449000,455000,Exp Cape,3,2.000,"Full,Finished",,10,7408.37,CL,11/07/2019,11/06/2020,12/18/2019,1/28/2020,41,Det,1,1,3178909
2970,,Western,Boulevard,Baldwin,11510,399000,430000,Colonial,3,1.500,Full,1 Car Detached,10,8177.00,CL,11/21/2019,5/20/2020,12/16/2019,3/11/2020,25,Det,1,1,3181943
1094,,Jackson,Place,Baldwin Harbor,11510,429000,429000,Split Level,3,3.000,"Full,Unfinished",1 Car Attached,10,9253.86,CL,5/05/2017,12/31/2017,5/25/2017,8/31/2017,20,Det,1,1,*1283632
2062,,Walnut,Street,N. Baldwin,11510,450000,475000,Cape,3,1.500,"Full,Unfinished",1 Car Detached,10,9313.86,CL,4/15/2018,10/15/2018,5/21/2018,8/01/2018,36,Det,1,1,*1312420
677,,Allwyn,Street,Baldwin,11510,485000,485000,Split Level,3,2.500,"Partial,Unfinished",1 Car Attached,10,16141.00,CL,7/27/2018,12/31/2018,8/14/2018,11/16/2018,18,Det,1,1,*1331794
1628,,Benedict,Place,Baldwin,11510,499000,495000,Exp Cape,5,2.000,"Full,Unfinished",1 Car Attached,10,11892.00,CL,4/25/2019,10/25/2019,5/22/2019,8/21/2019,27,Det,1,1,*1344505
736,,Edward,Street,N. Baldwin,11510,479000,470000,Cape,3,2.000,"Full,Finished",1 Car Detached,10,10083.16,CL,5/18/2019,9/18/2019,7/12/2019,8/29/2019,55,Det,1,1,*1347028
848,,Mckinley,Street,Baldwin,11510,439000,439000,Colonial,4,1.500,"Crawl,Unfinished",,10,9651.00,CL,9/06/2016,6/01/2017,2/27/2017,5/26/2017,174,Det,1,1,2880860
875,,De Mott,Avenue,Baldwin,11510,479000,479000,Colonial,5,2.000,"Full,Finished",1 Car Attached,10,10481.25,CL,9/23/2016,3/23/2017,2/03/2017,7/10/2017,133,Det,1,1,2885570
32,,Geranium,Avenue,Mineola,11501,489900,482000,Colonial,3,1.000,"Full,Partially Finished",1 Car Detached,10,10569.45,CL,10/17/2016,4/15/2017,2/17/2017,4/25/2017,123,Det,1,1,2891022
171,,Banbury,Road,Mineola,11501,529000,425000,Colonial,3,1.500,"Full,Finished",,10,11329.79,CL,11/01/2016,10/20/2017,12/28/2016,3/30/2017,57,Det,1,1,2893856
991,,Cottage,Place,Baldwin,11510,439000,439000,Colonial,3,1.500,"Full,Finished",,10,10273.21,CL,11/08/2016,5/07/2017,2/06/2017,3/31/2017,90,Det,1,1,2895353
1000,,Woodoak,Drive,Baldwin,11510,445900,440000,Split Level,4,2.000,"Full,Finished",1 Car Attached,10,14308.15,CL,12/27/2016,4/23/2017,1/31/2017,4/11/2017,35,Det,1,1,2903344
147,,Peachtree Lane,,Roslyn Heights,11577,544999,480000,Colonial,3,1.500,"Full,Partially Finished",,10,13281.35,CL,1/09/2017,7/10/2017,2/01/2017,5/18/2017,23,Det,1,1,2905479
884,,Washington,Street,Baldwin,11510,459000,435000,Hi Ranch,4,3.000,"None,Unfinished",,10,11546.25,CL,1/12/2017,1/15/2018,3/08/2017,7/19/2017,55,Det,1,1,2906515
3341,,Colony,Drive,Baldwin Harbor,11510,424900,435000,Colonial,4,2.500,"None,Unfinished",1 Car Attached,10,17226.66,CL,1/30/2017,9/28/2017,9/19/2017,12/04/2017,231,Det,1,1,2909940
679,W,Carl,Avenue,N. Baldwin,11510,469990,445000,Colonial,4,3.500,"Full,Finished",2 Car Detached,10,17031.09,CL,2/15/2017,7/31/2017,3/20/2017,8/25/2017,32,Det,1,1,2914087
80,,Cornell,Street,Williston Park,11596,474990,476000,Colonial,3,1.500,"Full,Partially Finished",,10,9649.21,CL,2/18/2017,8/18/2017,3/09/2017,4/18/2017,19,Det,1,1,2915005
294,,Nassau,Boulevard,Mineola,11501,425000,423500,Ranch,3,2.000,"Full,Finished",,10,7759.00,CL,2/28/2017,8/26/2017,3/29/2017,5/03/2017,28,Det,1,1,2917284
77,,Princeton,Street,Williston Park,11596,469000,468200,Colonial,3,1.000,"Full,Unfinished",1 Car Detached,10,8658.66,CL,3/02/2017,8/01/2017,3/22/2017,5/16/2017,19,Det,1,1,2917978
26,E,Jefferson,Avenue,Mineola,11501,449990,475000,Exp Cape,4,1.000,"Full,Partially Finished",2 Car Detached,10,9832.89,CL,3/03/2017,9/04/2017,4/04/2017,5/22/2017,31,Det,1,1,2918187
334,,Nassau,Boulevard,Mineola,11501,519000,490000,Cape,3,1.000,"Full,Finished",,10,9978.22,CL,3/05/2017,9/05/2017,4/18/2017,6/09/2017,43,Det,1,1,2918650
1107,,Van Buren,Place,Baldwin,11510,479000,455000,Hi Ranch,3,2.000,"None,Unfinished",,10,10669.75,CL,3/07/2017,9/30/2017,6/01/2017,7/28/2017,85,Det,1,1,2919103
1004,,Cottage,Place,Baldwin,11510,460000,450000,Colonial,3,1.500,"Full,Finished",2 Car Detached,10,12237.00,CL,3/15/2017,3/14/2018,4/05/2017,6/21/2017,21,Det,1,1,2921533
81,,Roslyn,Road,Mineola,11501,419000,425000,Colonial,4,1.000,Full,,10,6962.00,CL,3/22/2017,9/15/2017,4/24/2017,6/05/2017,33,Det,1,2,2923081
543,,Ashland,Avenue,Baldwin,11510,459000,459000,Split Level,4,2.000,"Full,Finished",1 Car Attached,10,10552.00,CL,3/24/2017,9/24/2017,5/09/2017,7/28/2017,46,Det,1,1,2923904
344,,Burkhard,Avenue,Mineola,11501,529000,500000,Ranch,4,2.000,"Full,Finished",1 Car Attached,10,8941.00,CL,4/02/2017,7/02/2017,5/04/2017,8/17/2017,32,Det,1,1,2926055
703,,Riverside,Avenue,Baldwin,11510,479000,485000,Colonial,3,2.000,"Full,Finished",2 Car Detached,10,14412.24,CL,4/04/2017,10/04/2017,4/20/2017,8/11/2017,16,Det,1,1,2926997
959,,Van Buren,Street,Baldwin,11510,469000,460000,Split Level,4,2.500,"Full,Finished",1 Car Attached,10,14360.00,CL,4/09/2017,10/07/2017,9/08/2017,11/02/2017,152,Det,1,1,2927963
243,,Horton,Highway,Mineola,11501,525000,500000,Tudor,2,2.000,"Full,Partially Finished",2 Car Detached,10,7986.12,CL,4/15/2017,4/15/2018,8/13/2017,9/07/2017,120,Det,1,1,2929556
1897,,Fargo,Street,N. Baldwin,11510,449000,450000,Colonial,3,3.000,"Full,Finished",2 Car Detached,10,9287.57,CL,4/17/2017,10/17/2017,5/10/2017,9/12/2017,23,Det,1,1,2929921
3070,,Ann,Street,Baldwin,11510,449000,449000,Hi Ranch,4,3.000,"None,Unfinished",1 Car Attached,10,18272.00,CL,4/18/2017,10/09/2017,5/23/2017,8/25/2017,35,Det,1,1,2930427
1458,,Matheron,Avenue,Baldwin,11510,439000,439000,Colonial,3,1.500,"Full,Finished",1 Car Attached,10,12353.00,CL,4/20/2017,8/27/2017,6/08/2017,8/25/2017,49,Det,1,1,2930981
619,,Remmert Place,,Baldwin,11510,475000,460000,Colonial,3,1.500,"Full,Partially Finished",1 Car Attached,10,9877.53,CL,4/20/2017,4/16/2018,5/08/2017,7/28/2017,18,Det,1,1,2931039
970,,Marcel,Road,Baldwin,11510,484000,481000,Splanch,4,2.500,"Partial,Partially Finished",1 Car Attached,10,14902.58,CL,4/28/2017,4/28/2018,1/18/2018,4/13/2018,265,Att,1,1,2933318
806,,Marilyn,Lane,Baldwin,11510,479000,475000,Hi Ranch,4,3.000,"None,Unfinished",2 Car Attached,10,12355.34,CL,5/03/2017,10/26/2017,7/03/2017,9/11/2017,61,Det,1,1,2934858
676,W,Carl,Avenue,Baldwin,11510,479000,475000,Colonial,3,1.500,"Full,Partially Finished",1 Car Detached,10,11461.98,CL,5/10/2017,12/31/2017,6/29/2017,8/31/2017,50,Det,1,1,2937537
954,,Steele,Boulevard,Baldwin,11510,435000,423500,Colonial,4,2.000,"Full,Partially Finished",1 Car Detached,10,12134.03,CL,5/14/2017,11/30/2017,7/15/2017,9/18/2017,62,Det,1,1,2938086
9,N,Bixby,Drive,Baldwin,11510,419000,440000,Colonial,3,2.000,"Full,Finished",1 Car Attached,10,13265.52,CL,5/17/2017,11/30/2017,6/23/2017,9/13/2017,37,Det,1,1,2939181
768,,Everett,Court,Baldwin,11510,445000,435000,Colonial,3,2.000,"Full,Partially Finished",,10,9170.00,CL,6/01/2017,12/01/2017,6/19/2017,8/17/2017,18,Det,1,1,2943426
191,,Latham,Road,Mineola,11501,499000,487000,Cape,2,1.000,"Full,Finished",1 Car Detached,10,9343.10,CL,6/06/2017,12/06/2017,7/24/2017,10/30/2017,48,Det,1,1,2944652
855,,Van Buren,Street,Baldwin,11510,469000,459000,Split Level,4,2.500,"Partial,Unfinished",1 Car Attached,10,13722.73,CL,6/10/2017,12/05/2017,8/09/2017,11/02/2017,60,Det,1,1,2945872
917,,Lincoln,Avenue,Baldwin,11510,450000,450000,Tudor,3,1.500,"Full,Partially Finished",1 Car Detached,10,13002.00,CL,6/14/2017,12/23/2017,7/26/2017,11/01/2017,42,Det,1,1,2947176
604,,Remmert,Place,N. Baldwin,11510,459000,460000,Exp Cape,5,2.000,"Full,Partially Finished",1 Car Attached,10,9965.00,CL,6/15/2017,12/05/2017,7/03/2017,11/06/2017,18,Det,1,1,2947211
652,,Stowe,Avenue,Baldwin,11510,469000,443500,Cape,4,2.000,"Full,Finished",1 Car Detached,10,10460.00,CL,6/16/2017,1/01/2018,7/20/2017,12/20/2017,34,Det,1,1,2947713
3437,,Bertha,Drive,Baldwin,11510,495000,490000,Splanch,4,2.500,"Partial,Finished",,10,12389.03,CL,6/22/2017,11/30/2017,10/12/2017,12/28/2017,112,Det,1,1,2949591
1495,,Coolidge,Avenue,N. Baldwin,11510,519000,500000,Colonial,3,2.500,"Full,Partially Finished",1 Car Attached,10,13602.65,CL,6/27/2017,12/27/2017,8/01/2017,11/13/2017,35,Det,1,1,2950558
67,,California,Avenue,Freeport,11520,469000,470000,Colonial,3,2.500,"Full,Finished",1 Car Attached,10,13279.93,CL,7/06/2017,1/06/2018,7/28/2017,10/10/2017,22,Det,1,1,2952567
330,,Nassau Blvd,,Mineola,11501,529000,500000,Cape,3,2.500,Full,,10,7375.00,CL,7/05/2017,12/31/2017,9/25/2017,1/09/2018,82,Det,1,1,2953057
781,,Adams,Street,Baldwin,11510,480000,480000,Split Level,4,2.500,"Full,Partially Finished",1 Car Attached,10,10821.47,CL,7/11/2017,1/10/2018,9/13/2017,11/28/2017,64,Det,1,1,2954026
827,,Wallace,Avenue,N. Baldwin,11510,494990,493500,Colonial,3,2.500,"Full,Finished",1 Car Detached,10,10754.00,CL,7/12/2017,12/10/2017,10/05/2017,12/07/2017,85,Det,1,1,2954587
18,,Lyme,Place,Roosevelt,11575,499999,500000,Colonial,3,2.500,"Full,Finished",1 Car Detached,10,12000.00,CL,7/14/2017,1/14/2018,8/22/2017,11/13/2017,39,Det,1,1,2955265
1086,,Hayes,Street,Baldwin,11510,499000,487000,Hi Ranch,4,3.000,"None,Unfinished",2 Car Attached,10,10467.46,CL,7/20/2017,12/01/2017,9/08/2017,11/10/2017,50,Det,1,1,2956769
2526,,Central,Avenue,Baldwin,11510,449000,435000,Colonial,4,2.000,"Partial,Unfinished",1 Car Detached,10,14967.97,CL,7/22/2017,1/09/2018,8/10/2017,9/28/2017,19,Det,1,1,2957502
712,,Lakeside,Drive,Baldwin,11510,520000,480000,Colonial,3,2.500,"Full,Finished",1 Car Attached,10,12220.48,CL,7/24/2017,10/23/2017,8/17/2017,11/06/2017,24,Det,1,1,2957539
725,,Glover,Place,Baldwin,11510,499000,480000,Exp Ranch,5,2.000,"Full,Finished",1 Car Detached,10,10181.83,CL,7/25/2017,12/31/2017,8/28/2017,11/20/2017,34,Det,1,1,2958100
1871,,Longfellow,Street,Baldwin,11510,429000,429000,Exp Cape,3,2.000,"Full,Unfinished",1 Car Detached,10,10469.64,CL,7/26/2017,2/08/2018,8/24/2017,11/18/2017,29,Det,1,1,2958439
167,,Park,Avenue,New Hyde Park,11040,394900,450000,Colonial,3,2.000,Full,,10,9834.00,CL,8/01/2017,11/30/2017,9/15/2017,11/15/2017,45,Det,1,1,2960067
1019,,Church,Street,Baldwin,11510,424990,425000,Cape,3,2.000,"Full,Partially Finished",1 Car Detached,10,9877.81,CL,8/02/2017,1/31/2018,9/08/2017,11/10/2017,37,Det,1,1,2960180
156,,Craig,Avenue,Freeport,11520,460000,460000,Colonial,3,2.500,"Full,Partially Finished",1 Car Attached,10,13771.57,CL,8/03/2017,8/02/2018,8/15/2017,11/03/2017,12,Det,1,1,2960720
801,,Chess,Drive,Baldwin,11510,449000,454000,Split Level,3,2.500,Partial,1 Car Attached,10,9675.26,CL,8/10/2017,12/10/2017,9/16/2017,11/10/2017,37,Det,1,1,2962410
976,,Woodoak,Drive,Baldwin Harbor,11510,485000,480000,Split Level,3,2.500,"Full,Finished",1 Car Attached,10,11714.00,CL,8/14/2017,12/31/2017,9/08/2017,11/02/2017,25,Det,1,1,2963338
927,,Washington,Street,Baldwin,11510,439000,439000,Colonial,4,2.000,"None,Unfinished",1 Car Attached,10,11614.00,CL,8/16/2017,2/16/2018,10/13/2017,4/10/2018,58,Det,1,1,2963737
762,,Wesley,Street,Baldwin,11510,449000,450000,Exp Cape,4,2.000,"Full,Unfinished",1 Car Detached,10,8899.00,CL,8/22/2017,12/31/2017,9/26/2017,11/27/2017,35,Det,1,1,2965122
277,,Moore,Avenue,Freeport,11520,489000,489000,Split Level,4,3.500,"Full,Finished",2 Car Attached,10,15611.16,CL,8/23/2017,11/16/2017,10/09/2017,2/08/2018,47,Det,1,1,2965484
529,,Grant,Avenue,N. Baldwin,11510,429100,425000,Colonial,3,2.000,"Partial,Finished",2 Car Detached,10,12401.00,CL,8/23/2017,2/23/2018,9/12/2017,2/12/2018,20,Det,1,1,2965552
1683,,Oak,Street,Baldwin,11510,435000,425000,Colonial,3,1.500,"Full,Finished",1 Car Detached,10,10249.00,CL,9/07/2017,11/07/2017,9/18/2017,11/07/2017,11,Det,1,1,2969315
2751,,Park,Avenue,Baldwin,11510,425000,425000,Colonial,4,2.500,"Full,Partially Finished",2 Car Detached,10,12256.49,CL,9/18/2017,9/18/2018,11/07/2017,2/21/2018,50,Det,1,1,2972066
153,,Evans,Avenue,Freeport,11520,432000,430000,Exp Ranch,3,1.500,"Full,Partially Finished",,10,14330.23,CL,9/20/2017,3/10/2018,10/20/2017,12/21/2017,30,Det,1,1,2972464
67,,Raff,Avenue,Mineola,11501,529000,500000,Cape,4,1.000,"Full,Finished",1 Car Detached,10,9752.73,CL,9/27/2017,9/27/2018,10/16/2017,12/26/2017,19,Det,1,1,2974300
640,,Koelbel,Court,Baldwin,11510,459000,450000,Split Level,4,2.500,"Full,Finished",,10,12243.00,CL,10/03/2017,8/23/2018,4/18/2018,6/26/2018,197,Att,1,1,2975834
1939,,Bryant,Place,N. Baldwin,11510,469000,444000,Hi Ranch,4,2.000,"None,Unfinished",1 Car Attached,10,11579.95,CL,7/11/2016,1/31/2018,11/08/2017,1/22/2018,485,Det,1,1,2977616
21,,Fordham,Street,Williston Park,11596,485000,480000,Colonial,3,1.000,"Full,Unfinished",1 Car Detached,10,9607.46,CL,10/13/2017,4/13/2018,11/02/2017,1/16/2018,20,Det,1,1,2978301
2307,,Croydon,Drive,Baldwin,11510,485000,485000,Colonial,3,1.500,"Full,Finished",,10,10484.00,CL,10/19/2017,4/19/2018,11/28/2017,2/09/2018,40,Det,1,1,2979860
333,,Mcneil,Place,Mineola,11501,589000,500000,Colonial,5,2.000,"Full,Unfinished",2 Car Detached,10,10458.85,CL,10/24/2017,9/04/2018,12/06/2017,2/15/2018,43,Det,1,1,2980663
250,W,Seaman,Avenue,Freeport,11520,470000,470000,Colonial,4,2.000,"Full,Partially Finished",1 Car Attached,10,16804.00,CL,10/30/2017,10/30/2018,1/26/2018,3/01/2018,88,Att,1,1,2981912
1008,,Wood Park Drive,,N. Baldwin,11510,479000,460000,Hi Ranch,3,2.000,"Full,Finished",2 Car Attached,10,11553.00,CL,10/30/2017,3/24/2018,11/22/2017,1/19/2018,23,Det,1,1,2981921
900,,Pacific,Street,Baldwin,11510,495000,490000,Split Level,5,2.000,"Partial,Finished",1 Car Attached,10,13200.00,CL,10/31/2017,12/31/2017,12/06/2017,3/14/2018,36,Det,1,1,2982323
2580,,Fox,Road,Baldwin,11510,450000,450000,Cape,3,2.000,"Full,Finished",2 Car Attached,10,11074.29,CL,11/02/2017,5/01/2018,12/05/2017,2/16/2018,33,Det,1,1,2983002
750,,Seaman,Avenue,Baldwin,11510,450000,445000,Colonial,3,2.000,"Full,Unfinished",2 Car Detached,10,11495.68,CL,11/06/2017,11/07/2018,2/16/2018,4/26/2018,102,Det,1,1,2983736
2879,,Bayview,Avenue,Baldwin,11510,460000,460500,Colonial,3,2.000,"Full,Finished",,10,8613.33,CL,11/08/2017,1/08/2018,12/01/2017,1/03/2018,23,Det,1,1,2984265
3215,,Eastern,Parkway,Baldwin,11510,454000,440000,Split Level,3,3.000,"Partial,Unfinished",1 Car Attached,10,15229.66,CL,11/08/2017,12/08/2017,12/05/2018,12/05/2018,392,Det,1,1,2984347
880,,Edward,Street,N. Baldwin,11510,439999,445000,Cape,3,3.000,"Full,Finished",1 Car Attached,10,12541.00,CL,11/20/2017,11/19/2018,12/04/2017,1/25/2018,14,Det,1,1,2986870
1365,,Stewart,Court,Baldwin,11510,469000,455000,Cape,4,2.000,"Full,Partially Finished",1 Car Attached,10,11514.95,CL,12/04/2017,5/04/2018,12/23/2017,3/05/2018,19,Det,1,1,2989199
1025,,Van Buren,Street,Baldwin,11510,510000,500000,Exp Cape,4,2.000,"Crawl,Unfinished",1 Car Detached,10,10214.64,CL,1/03/2018,6/30/2018,5/17/2018,7/27/2018,133,Det,1,1,2994163
1032,,Pacific,Street,Baldwin,11510,435000,440000,Cape,4,2.000,"Full,Partially Finished",,10,8928.00,CL,1/04/2018,6/18/2018,3/06/2018,4/30/2018,61,Det,1,1,2994390
994,,Lydia,Place,Baldwin,11510,489000,489000,Split Level,4,2.500,"Partial,Finished",2 Car Attached,10,11669.00,CL,1/13/2018,4/30/2018,1/31/2018,4/09/2018,18,Det,1,1,2996353
3427,,Colony,Drive,Baldwin Harbor,11510,464900,440000,Colonial,4,2.500,"Crawl,Unfinished",,10,20596.02,CL,1/25/2018,3/26/2018,2/13/2018,4/30/2018,19,Det,1,1,2999604
2740,,Eastern,Boulevard,Baldwin,11510,489000,479000,Exp Cape,4,3.500,"Full,Finished",1 Car Attached,10,16587.84,CL,1/28/2018,10/19/2018,4/20/2018,6/28/2018,81,Det,1,2,2999893
3339,,Milburn,Avenue,Baldwin,11510,485000,475000,Colonial,4,2.500,"Full,Finished",1 Car Attached,10,10896.52,CL,2/09/2018,8/09/2018,3/07/2018,5/10/2018,26,Det,1,1,3003377
1518,,Berkeley,Avenue,Baldwin,11510,459000,446500,Cape,4,2.000,"Full,Finished",1 Car Detached,10,9917.03,CL,2/22/2018,9/07/2018,3/12/2018,4/23/2018,17,Det,1,1,3006378
764,,Vivian,Court,Baldwin Harbor,11510,498000,481500,Hi Ranch,4,2.500,"None,Unfinished",2 Car Attached,10,17000.00,CL,2/27/2018,8/27/2018,4/30/2018,8/16/2018,61,Det,1,1,3007556
127,,Connecticut,Avenue,Freeport,11520,439000,435000,Colonial,3,2.000,"Full,Finished",,10,15305.33,CL,3/01/2018,8/22/2018,3/14/2018,6/19/2018,12,Det,1,1,3008416
1043,,Northern,Boulevard,Baldwin,11510,449000,445000,Ranch,3,2.500,"Full,Partially Finished",,10,11343.00,CL,3/01/2018,8/24/2018,5/09/2018,7/02/2018,68,Det,1,1,3008569
620,,Remmert,Place,Baldwin,11510,480000,485000,Exp Cape,4,2.500,"Full,Finished",1 Car Attached,10,13654.25,CL,3/04/2018,11/04/2018,6/28/2018,7/30/2018,115,Det,1,1,3009348
915,,Hayes,Street,Baldwin,11510,439900,430000,Split Level,3,1.500,"Partial,Partially Finished",1 Car Attached,10,10551.76,CL,3/06/2018,7/31/2018,4/25/2018,6/19/2018,49,Det,1,1,3009821
2090,,Brookwold,Court,N. Baldwin,11510,495000,495000,Tudor,3,1.500,Full,,10,11000.00,CL,3/09/2018,3/07/2019,3/30/2018,5/16/2018,20,Det,1,1,3010649
432,,Devonshire,Road,Baldwin,11510,489000,495000,Ranch,3,1.500,"Full,Finished",1 Car Attached,10,11142.99,CL,3/13/2018,9/13/2018,4/26/2018,8/31/2018,44,Det,1,1,3011701
715,,Silverlake,Place,Baldwin,11510,459000,452000,Colonial,4,2.000,"Full,Unfinished",1 Car Detached,10,11021.00,CL,3/13/2018,9/13/2018,7/09/2018,8/23/2018,118,Det,1,1,3011753
792,,Southard,Street,Baldwin,11510,429000,450000,Cape,3,2.000,"Full,Finished",1 Car Attached,10,11620.00,CL,3/14/2018,8/30/2018,4/02/2018,6/05/2018,19,Det,2,2,3011840
885,,Hayes,Street,Baldwin Harbor,11510,489900,485000,Hi Ranch,5,2.000,"None,Unfinished",,10,11900.00,CL,3/07/2018,6/01/2019,12/01/2018,5/03/2019,269,Det,1,1,3011892
3518,,Milburn,Avenue,Baldwin Harbor,11510,469000,450000,Hi Ranch,4,2.500,"Partial,Unfinished",1 Car Attached,10,11515.23,CL,3/20/2018,10/20/2018,6/14/2018,10/12/2018,86,Det,1,1,3013638
689,,Glover,Place,Baldwin,11510,495000,498000,Colonial,3,1.500,"Full,Partially Finished",2 Car Detached,10,9839.00,CL,3/28/2018,3/20/2019,5/14/2018,6/27/2018,47,Det,1,1,3015527
1243,,Village,Court,Baldwin,11510,424900,468750,Split Level,4,3.000,"Full,Finished",,10,12428.00,CL,3/29/2018,12/03/2018,9/27/2018,11/08/2018,182,Det,1,1,3016614
849,,Brookwold,Avenue,N. Baldwin,11510,465000,485000,Tudor,3,2.500,"Full,Finished",2 Car Detached,10,9593.86,CL,4/02/2018,10/31/2018,4/27/2018,6/15/2018,25,Det,1,1,3016712
1351,,Tanwood,Drive,N. Baldwin,11510,525000,500000,Colonial,5,3.500,"Full,Finished",2 Car Attached,10,17691.99,CL,4/09/2018,8/25/2019,11/19/2018,3/01/2019,224,Det,1,1,3018806
1447,,Dartmouth,Street,Baldwin,11510,488000,484000,Colonial,3,2.000,"Full,Finished",1 Car Attached,10,13343.41,CL,4/11/2018,12/31/2018,5/07/2018,7/27/2018,26,Det,1,1,3019517
1556,,Westervelt,Avenue,Baldwin,11510,500000,490000,Colonial,4,2.500,"Full,Partially Finished",1 Car Detached,10,11125.00,CL,4/12/2018,4/01/2019,11/26/2018,2/05/2019,228,Det,1,1,3020441
12,,Washington,Place,Baldwin,11510,450000,450000,Colonial,3,2.000,"None,Unfinished",2 Car Attached,10,11723.90,CL,4/18/2018,10/18/2018,10/16/2018,10/16/2018,181,Det,1,1,3021994
2271,,Edna,Court,Baldwin,11510,475000,490000,Colonial,3,2.000,"Full,Finished",Detached,10,11832.00,CL,4/18/2018,3/15/2019,5/11/2018,8/29/2018,23,Det,1,1,3022121
109,,Bethel,Road,Albertson,11507,469000,465000,Ranch,2,2.000,"Full,Finished",,10,9533.07,CL,4/25/2018,10/31/2018,5/17/2018,7/31/2018,22,Det,1,1,3023770
3349,,Parkway,Drive,Baldwin,11510,460000,470000,Hi Ranch,3,2.000,"None,Unfinished",2 Car Attached,10,10932.00,CL,4/26/2018,12/30/2018,5/21/2018,8/08/2018,25,Det,1,1,3024180
440,,1st,Street,Mineola,11501,499000,485000,Cape,3,1.000,"Full,Partially Finished",,10,9788.74,CL,4/26/2018,10/19/2018,6/01/2018,8/30/2018,36,Det,1,1,3024191
1549,,Westervelt,Avenue,Baldwin,11510,479999,475000,Tudor,3,2.000,"Full,Finished",1 Car Detached,10,14910.00,CL,4/27/2018,10/02/2018,8/28/2018,10/16/2018,123,Det,1,1,3024685
776,,Washington,Street,Baldwin,11510,480000,485000,Split Level,3,2.000,"None,Unfinished",,10,13958.00,Cl,4/30/2018,9/10/2018,5/25/2018,7/20/2018,25,Det,1,1,3025419
1633,,Wilson,Street,Baldwin,11510,450000,440000,Tudor,3,1.500,Full,,10,11374.83,CL,5/01/2018,11/01/2018,6/18/2018,9/26/2018,48,Det,1,1,3025517
2341,,Coventry,Road,Baldwin,11510,489000,470000,Colonial,3,1.500,"Full,Unfinished",,10,13587.00,CL,5/02/2018,10/19/2018,5/29/2018,7/26/2018,27,Det,1,1,3025995
904,,Wallace,Avenue,N. Baldwin,11510,460000,460000,Exp Cape,5,3.000,"Full,Finished",,10,12500.00,CL,5/01/2018,8/31/2018,5/21/2018,8/21/2018,20,Det,1,1,3026388
2760,,1st,Place,Baldwin,11510,470000,495000,Split Level,5,2.500,"Full,Unfinished",1 Car Attached,10,10155.19,CL,5/03/2018,5/03/2019,5/23/2018,8/01/2018,20,Det,1,1,3026541
602,,Mead,Terrace,S. Hempstead,11550,459000,450000,Ranch,4,2.000,"Full,Finished",1 Car Attached,10,8756.00,CL,5/02/2018,10/20/2018,6/01/2018,7/20/2018,30,Det,1,1,3026606
712,,Bixby,Drive,Baldwin,11510,499000,499000,Colonial,3,1.500,"Full,Finished",1 Car Attached,10,15068.00,CL,5/03/2018,12/31/2018,5/24/2018,8/22/2018,21,Det,1,1,3026904
493,,Harvard,Avenue,N. Baldwin,11510,429000,431000,Colonial,3,1.500,"Full,Unfinished",1 Car Detached,10,7128.32,CL,5/04/2018,8/07/2018,6/04/2018,8/07/2018,31,Det,1,1,3027100
923,,Adams,Street,Baldwin,11510,449999,445000,Exp Cape,3,2.000,"None,Unfinished",,10,9928.35,CL,5/06/2018,5/06/2019,5/25/2018,7/18/2018,19,Det,1,1,3027573
671,,Stanton,Avenue,Baldwin,11510,459000,447500,Colonial,3,1.500,"Full,Unfinished",1 Car Detached,10,13236.00,CL,5/16/2018,3/03/2019,6/27/2018,9/11/2018,42,Det,1,1,3030632
1600,,Kenneth,Avenue,N. Baldwin,11510,450000,460000,Colonial,3,1.500,"Full,Partially Finished",1 Car Detached,10,12133.90,CL,5/29/2018,10/09/2018,6/22/2018,8/20/2018,24,Det,1,1,3034094
2421,,Lakeside,Drive,Baldwin,11510,459000,454000,Exp Cape,4,2.000,"Full,Unfinished",1 Car Attached,10,14400.00,CL,6/01/2018,9/14/2018,7/09/2018,9/21/2018,38,Det,1,1,3035687
1862,,Harte,Street,N. Baldwin,11510,499000,485000,Cape,5,3.000,"Full,Finished",2 Car Detached,10,14242.00,CL,6/05/2018,7/03/2018,6/27/2018,7/27/2018,22,Det,1,1,3036665
1053,,Highland,Street,Baldwin,11510,429900,450000,Cape,4,2.000,"Full,Partially Finished",1 Car Detached,10,9065.00,CL,6/04/2018,12/15/2018,6/29/2018,9/13/2018,25,Det,1,1,3036933
10,,Plainfield,Road,Albertson,11507,549000,500000,Cape,4,2.000,Full,1 Car Attached,10,9112.69,CL,6/21/2018,11/30/2018,7/31/2018,10/01/2018,40,Det,1,1,3041627
1400,,Exeter,Street,N. Baldwin,11510,449000,453200,Exp Cape,4,2.000,"Full,Partially Finished",2 Car Attached,10,13396.21,CL,6/26/2018,12/31/2018,8/31/2018,11/29/2018,66,Det,1,1,3043136
707,,Riverside,Avenue,Baldwin,11510,399000,455000,Colonial,3,2.000,"Full,Partially Finished",,10,13061.00,CL,6/29/2018,6/29/2019,8/08/2018,1/10/2019,40,Det,1,1,3044197
644,,Lenox,Road,N. Baldwin,11510,449000,447500,Colonial,3,2.500,Full,1 Car Attached,10,10471.00,CL,7/02/2018,12/31/2018,7/24/2018,10/03/2018,22,Det,1,1,3044802
958,,Thomas,Avenue,Baldwin,11510,459000,445000,Colonial,3,1.500,"Full,Finished",,10,13491.00,CL,7/09/2018,1/09/2019,9/12/2018,12/13/2018,65,Det,1,1,3046916
560,,Emerson,Avenue,N. Baldwin,11510,449000,449000,Cape,3,2.000,"Full,Finished",1 Car Detached,10,7668.00,CL,7/16/2018,1/15/2019,8/03/2018,10/31/2018,18,Det,1,1,3048574
992,,Jerome,Street,Baldwin,11510,445000,434000,Split Level,4,2.500,"Partial,Finished",2 Car Attached,10,10214.42,CL,7/17/2018,1/31/2019,8/10/2018,10/31/2018,24,Det,1,1,3049541
971,,Waverly,Place,Baldwin,11510,450000,450000,Cape,4,2.000,"Full,Partially Finished",1 Car Detached,10,8801.76,CL,7/24/2018,12/31/2018,8/16/2018,10/15/2018,23,Det,1,1,3050591
2040,,Pine,Street,N. Baldwin,11510,475000,468000,Colonial,4,1.500,"Full,Unfinished",1 Car Detached,10,10086.80,CL,7/24/2018,1/04/2019,8/06/2018,10/15/2018,13,Det,1,1,3051161
162,,Horton,Highway,Mineola,11501,479000,436000,Colonial,3,1.000,"Full,Unfinished",1 Car Detached,10,10209.88,CL,7/30/2018,4/30/2019,6/07/2019,7/03/2019,312,Det,1,1,3052691
198,,Delaware,Avenue,Freeport,11520,449000,430000,Exp Ranch,3,2.000,"Full,Unfinished",1 Car Attached,10,14825.43,CL,8/05/2018,8/05/2019,3/11/2019,7/22/2019,218,Det,1,1,3054940
1062,,Archer,Place,Baldwin,11510,450000,460000,Exp Cape,4,2.000,"Full,Finished",1 Car Detached,10,8029.00,CL,8/07/2018,8/25/2019,9/20/2018,12/04/2018,44,Det,1,1,3055435
1920,,Harte,Street,Baldwin,11510,479000,450000,Tudor,3,2.000,"Full,Unfinished",2 Car Detached,10,11125.39,CL,8/10/2018,12/31/2018,10/04/2018,11/07/2018,55,Det,1,1,3056145
1848,,Fargo,Street,Baldwin,11510,479000,465000,Cape,3,1.550,"Full,Finished",,10,11213.40,CL,8/16/2018,7/27/2019,9/27/2018,12/12/2018,42,Det,1,1,3057644
847,,Shubert,Street,N. Baldwin,11510,459000,480000,Hi Ranch,5,3.000,"None,Unfinished",2 Car Attached,10,14433.00,CL,8/16/2018,2/15/2019,8/29/2018,11/07/2018,13,Det,1,1,3057690
3375,,Milburn,Avenue,Baldwin,11510,459000,435000,Colonial,4,1.500,"Full,Unfinished",1 Car Attached,10,15490.00,CL,8/29/2018,2/28/2019,2/01/2019,6/20/2019,156,Det,1,1,3063094
876,,Barth,Drive,N. Baldwin,11510,449900,440000,Colonial,3,1.500,"Full,Finished",1 Car Detached,10,13502.81,CL,9/11/2018,9/10/2019,4/15/2019,6/19/2019,216,Det,1,1,3064276
670,,Joy,Boulevard,N. Baldwin,11510,499000,490000,Tudor,3,2.500,"Full,Finished",,10,11155.00,CL,9/18/2018,3/18/2019,10/30/2018,1/04/2019,42,Det,1,1,3066084
65,,Exeter,Street,Williston Park,11596,525000,495000,Cape,4,2.000,"Full,Unfinished",1 Car Detached,10,10512.66,CL,9/24/2018,3/14/2019,12/26/2018,2/20/2019,93,Det,1,1,3067777
947,,Stanton,Avenue,Baldwin,11510,440000,440000,Colonial,3,2.500,"Full,Partially Finished",2 Car Detached,10,14452.44,CL,9/28/2018,9/01/2019,12/03/2018,1/22/2019,66,Det,1,1,3068964
963,,Thomas,Avenue,Baldwin,11510,419000,430000,Exp Ranch,3,1.000,"Full,Partially Finished",1 Car Detached,10,11621.77,CL,9/28/2018,3/26/2019,10/12/2018,11/30/2018,14,Det,1,1,3069027
951,,Woodoak,Drive,Baldwin,11510,499000,500000,Split Level,4,2.500,"None,Unfinished",2 Car Attached,10,11887.17,CL,10/03/2018,4/03/2019,1/07/2019,3/15/2019,96,Det,1,1,3070713
1357,,Forest,Avenue,Baldwin,11510,459000,455000,Cape,4,3.000,"Full,Finished",1 Car Detached,10,11847.11,CL,10/17/2018,2/28/2019,1/04/2019,4/16/2019,79,Det,1,1,3074148
892,,Newton,Avenue,Baldwin,11510,490000,490000,Exp Cape,4,2.000,"Full,Finished",1 Car Detached,10,8996.00,CL,10/17/2018,2/17/2019,11/05/2018,12/27/2018,19,Det,1,1,3074275
98,,Albertson,Place,Mineola,11501,509000,480000,Cape,3,2.000,"Full,Finished",2 Car Detached,10,7714.08,CL,10/22/2018,4/22/2019,12/10/2018,2/20/2019,49,Det,1,1,3075401
3426,,Howard,Boulevard,Baldwin,11510,459900,450000,Colonial,4,3.500,"Partial,Unfinished",1 Car Attached,10,18540.00,CL,10/22/2018,1/31/2019,11/08/2018,12/17/2018,17,Det,1,1,3075500
140,,Sheridan,Boulevard,Mineola,11501,545000,490000,Ranch,3,2.000,"Full,Finished",1 Car Detached,10,10800.00,CL,10/23/2018,10/31/2019,3/29/2019,6/07/2019,157,Det,1,1,3075636
216,,Putnam,Avenue,Freeport,11520,470000,480000,Colonial,4,2.500,"Full,Partially Finished",1 Car Detached,10,13315.27,CL,10/29/2018,5/01/2019,12/01/2018,2/01/2019,33,Det,1,1,3076901
1016,,Thomas,Avenue,Baldwin,11510,499999,495000,Ranch,4,2.000,"Full,Finished",,10,15350.72,CL,11/06/2018,11/06/2019,1/17/2019,3/29/2019,72,Det,1,1,3079218
684,,Jeffrey,Drive,Baldwin,11510,479000,460000,Split Level,3,3.000,"Full,Partially Finished",,10,15102.00,CL,11/29/2018,3/25/2019,2/12/2019,6/14/2019,75,Det,1,1,3084111
940,,Lydia,Place,Baldwin,11510,479000,475000,Split Level,4,2.500,"Full,Finished",1 Car Attached,10,14892.39,CL,12/27/2018,7/01/2019,1/04/2019,3/22/2019,8,Det,1,1,3088835
3522,,Bertha,Drive,Baldwin,11510,549900,462000,Split Ranch,4,2.500,"None,Unfinished",,10,15653.00,CL,12/29/2018,4/28/2019,2/20/2019,2/28/2019,53,Det,1,1,3089128
66,,Harvard,Street,Roslyn Heights,11577,489000,489000,2 Story,3,1.500,"None,Unfinished",1 Car Detached,10,9710.00,CL,1/01/2019,6/30/2019,1/24/2019,5/29/2019,23,Det,1,1,3089369
54,,Yale,Street,Williston Park,11596,495000,475000,Colonial,3,1.000,"Full,Unfinished",,10,8279.00,CL,1/01/2019,7/01/2019,3/27/2019,3/27/2019,84,Det,1,1,3089399
806,,Miller,Place,Baldwin,11510,459000,455000,Colonial,4,1.500,"Full,Finished",,10,12206.88,CL,1/03/2019,6/12/2019,3/01/2019,4/10/2019,57,Det,1,1,3090220
250,,Mount Joy,Avenue,Freeport,11520,499000,475000,Colonial,4,2.500,"Partial,Finished",,10,24220.62,CL,1/08/2019,7/08/2019,1/15/2019,5/10/2019,7,Det,1,1,3091265
410,,Bauer,Place,Mineola,11501,510000,500000,Tudor,3,1.000,Full,,10,10725.00,CL,1/10/2019,7/10/2019,2/15/2019,4/12/2019,36,Att,1,1,3092135
16,,Holly,Avenue,Mineola,11501,529000,480000,Colonial,3,2.000,"Full,Finished",1 Car Detached,10,8613.00,CL,1/12/2019,7/11/2019,4/16/2019,6/24/2019,93,Det,1,1,3092644
546,,Westminster,Road,N. Baldwin,11510,453000,446500,Cape,3,1.000,"Full,Partially Finished",1 Car Attached,10,9705.69,CL,1/16/2019,7/15/2019,4/04/2019,5/23/2019,77,Det,1,1,3093722
9,,Southard,Street,Baldwin,11510,399000,424000,Colonial,3,2.000,"Full,Unfinished",,10,9519.44,CL,1/24/2019,7/24/2019,3/01/2019,3/28/2019,36,Det,1,1,3095904
970,,Clinton,Place,Baldwin,11510,425000,455000,Hi Ranch,4,2.000,"None,Unfinished",2 Car Attached,10,8540.00,CL,1/25/2019,4/01/2019,2/21/2019,4/03/2019,27,Det,1,1,3096232
616,,Arlington,Avenue,Baldwin,11510,469000,465000,Hi Ranch,4,3.000,"None,Unfinished",1 Car Attached,10,20417.00,CL,1/24/2019,12/10/2019,9/23/2019,11/04/2019,241,Det,1,1,3096275
125,,Maryland,Avenue,Freeport,11520,459000,450000,Colonial,3,2.000,"Full,Finished",1 Car Attached,10,12784.00,CL,1/26/2019,7/26/2019,3/14/2019,6/25/2019,46,Det,1,1,3096596
624,,Stratford,Road,N. Baldwin,11510,485999,479000,Exp Cape,4,2.000,"Full,Finished",1 Car Detached,10,15844.95,CL,1/31/2019,2/08/2020,4/24/2019,7/26/2019,82,Det,1,1,3097869
1483,,Matheron,Avenue,Baldwin,11510,430000,435000,Cape,4,3.000,"Full,Finished",1 Car Detached,10,13959.00,CL,2/06/2019,6/30/2019,4/10/2019,4/10/2019,62,Det,1,1,3098974
569,,Emerson,Avenue,Baldwin,11510,489000,475000,Colonial,4,2.000,"Full,Unfinished",,10,10668.55,CL,2/13/2019,2/13/2020,4/12/2019,5/30/2019,57,Det,1,2,3101042
671,,Westminster,Road,N. Baldwin,11510,459999,450000,Tudor,3,1.500,"Full,Unfinished",1 Car Detached,10,7922.47,CL,2/19/2019,2/17/2020,4/02/2019,6/12/2019,41,Det,1,1,3102121
749,,Grand Terrace,Avenue,N. Baldwin,11510,440000,430000,Cape,3,2.000,"Full,Finished",1 Car Detached,10,9624.00,CL,2/18/2019,8/17/2019,5/15/2019,7/01/2019,85,Det,1,1,3102220
707,,Prospect,Street,Baldwin,11510,450000,462000,Colonial,3,2.000,Full,1 Car Detached,10,14810.00,CL,3/01/2019,10/31/2019,9/26/2019,12/05/2019,208,Det,1,1,3104941
1986,,Teehan,Lane,N. Baldwin,11510,489999,470000,Split Level,4,3.500,Full,,10,16084.00,CL,3/03/2019,6/03/2019,6/14/2019,8/16/2019,102,Det,1,1,3105630
146,,Bethel,Road,Albertson,11507,579000,480000,Cape,3,2.500,"Full,Finished",2 Car Detached,10,8830.09,CL,3/08/2018,9/06/2019,5/22/2019,6/20/2019,439,Det,1,1,3106697
694,,Koelbel,Court,Baldwin,11510,440000,455000,Exp Cape,4,2.000,"Full,Partially Finished",1 Car Attached,10,13102.00,CL,3/11/2019,9/29/2019,4/09/2019,6/20/2019,29,Det,1,1,3108107
2110,,Pine,Street,Baldwin,11510,440000,435000,Exp Ranch,3,2.000,"Full,Finished",1 Car Attached,10,7664.00,CL,3/11/2019,10/15/2019,4/09/2019,5/21/2019,29,Det,1,1,3108375
2428,,Central,Avenue,Baldwin,11510,429000,430000,Colonial,3,1.500,"Full,Partially Finished",1 Car Detached,10,10286.00,CL,3/22/2019,9/10/2019,6/14/2019,8/19/2019,84,Det,1,1,3111556
1016,,Hastings,Street,Baldwin,11510,439000,425000,Cape,3,1.000,"Full,Partially Finished",,10,10286.31,CL,3/22/2019,9/22/2019,4/25/2019,7/15/2019,34,Det,1,1,3111757
2,,Field,Place,Baldwin,11510,430000,424000,Split Level,3,1.500,"Partial,Finished",1 Car Attached,10,9065.00,CL,10/01/2018,5/15/2019,4/05/2019,7/05/2019,186,Det,1,1,3111963
1584,,Roosevelt,Street,N. Baldwin,11510,499000,499000,Exp Cape,4,2.000,"Full,Unfinished",1 Car Attached,10,14699.99,CL,3/26/2019,8/19/2019,4/18/2019,6/25/2019,23,Det,1,1,3112717
597,,Stanton,Avenue,Baldwin,11510,495000,493000,Colonial,4,1.500,"Full,Unfinished",1 Car Detached,10,10858.78,CL,3/27/2019,9/08/2019,5/23/2019,8/09/2019,57,Det,1,1,3112909
1759,,Rockville,Drive,N. Baldwin,11510,499999,493000,Cape,3,2.000,"Full,Finished",,10,12946.00,CL,4/02/2019,10/01/2019,5/31/2019,7/15/2019,59,Det,1,1,3115285
856,,Mckinley,Street,Baldwin,11510,459000,445000,Split Level,4,2.500,"Partial,Finished",,10,12877.00,CL,1/21/2019,4/02/2020,9/12/2019,11/21/2019,233,Det,1,1,3115361
912,,Van Buren,Street,Baldwin,11510,499999,490000,Hi Ranch,4,1.500,"None,Unfinished",2 Car Attached,10,9418.35,CL,4/04/2019,10/04/2019,5/28/2019,7/08/2019,54,Det,1,1,3116170
1113,,South,Drive,Baldwin,11510,515000,500000,Hi Ranch,4,2.000,"None,Unfinished",2 Car Attached,10,9307.54,CL,4/08/2019,3/31/2020,7/05/2019,9/06/2019,88,Det,1,1,3117112
53,,Cornwell,Avenue,Baldwin,11510,449000,433000,Colonial,4,1.500,"Partial,Unfinished",,10,11246.59,CL,4/30/2019,11/01/2019,6/09/2019,9/25/2019,40,Det,1,1,3123731
615,,Irving,Place,N. Baldwin,11510,489000,480000,Colonial,3,1.500,"Full,Finished",1 Car Detached,10,9967.36,CL,4/30/2019,10/30/2019,6/17/2019,10/25/2019,48,Det,1,1,3123879
1639,,Benedict,Place,Baldwin,11510,479000,475000,Cape,3,2.000,"Full,Finished",1 Car Detached,10,8585.35,CL,5/02/2019,11/01/2019,6/17/2019,8/30/2019,46,Det,1,1,3124614
760,,Seaman,Avenue,Baldwin,11510,444900,444900,Colonial,4,2.500,"Full,Finished",,10,10504.76,CL,5/02/2019,11/02/2019,6/27/2019,9/18/2019,56,Det,1,1,3124957
1031,,Van Buren,Street,Baldwin,11510,495000,480000,Raised Ranch,3,2.000,"None,Unfinished",1 Car Attached,10,12000.00,CL,5/03/2019,11/02/2019,9/12/2019,1/13/2020,132,Det,1,1,3125074
660,,Fishermans,Road,Baldwin,11510,479999,473000,Hi Ranch,6,3.000,"None,Unfinished",,10,12000.00,CL,5/03/2019,7/12/2019,6/04/2019,9/17/2019,32,Det,1,1,3125300
99,,Connecticut,,Freeport,11520,499000,487000,Cape,4,2.500,"Full,Partially Finished",,10,14612.79,CL,5/03/2019,8/03/2019,5/06/2019,7/26/2019,3,Det,1,1,3125406
1855,,Westervelt,Avenue,N. Baldwin,11510,429000,434000,Colonial,3,1.000,"Full,Finished",1 Car Detached,10,10378.00,CL,5/08/2019,11/08/2019,6/24/2019,9/19/2019,47,Det,1,1,3126520
2266,,Derby,Road,Baldwin,11510,485000,474000,Ranch,3,2.500,"Full,Finished",1 Car Attached,10,10064.67,CL,5/08/2019,11/06/2019,7/15/2019,9/19/2019,68,Det,1,1,3126550
120,,Connecticut,Avenue,Freeport,11520,449000,449000,Colonial,4,1.500,"Full,Finished",,10,11580.69,CL,5/11/2019,11/04/2019,6/28/2019,8/29/2019,48,Det,1,1,3127780
418,,Pennsylvania,Avenue,Williston Park,11596,485000,465000,Exp Cape,3,2.000,"Full,Finished",1 Car Detached,10,9414.84,CL,2/18/2019,9/01/2019,6/09/2019,8/02/2019,110,Det,1,1,3128536
872,,Jefferson,Street,Baldwin,11510,419000,435000,Split Level,3,1.500,"Full,Unfinished",,10,8163.00,CL,5/16/2019,11/15/2019,6/13/2019,9/05/2019,28,Det,1,1,3129207
1389,,Exeter,Street,N. Baldwin,11510,429000,429000,Colonial,3,1.500,"Full,Partially Finished",1 Car Attached,10,14164.44,CL,5/17/2019,9/17/2019,7/23/2019,11/18/2019,67,Det,1,1,3129957
2716,,Grand,Avenue,Baldwin,11510,489000,465000,Colonial,4,4.000,"Full,Finished",2 Car Detached,10,16750.00,CL,5/23/2019,7/23/2019,6/03/2019,11/12/2019,11,Det,1,1,3131673
971,,Jackson,Street,Baldwin,11510,469999,440000,Ranch,3,1.500,"Full,Partially Finished",1 Car Attached,10,6922.00,CL,5/22/2019,11/22/2019,9/11/2019,11/08/2019,112,Det,1,1,3131907
798,N,William,Street,N. Baldwin,11510,499000,499000,Exp Cape,3,2.000,"Full,Finished",,10,13130.26,CL,5/29/2019,11/29/2019,7/08/2019,8/27/2019,40,Det,1,1,3132986
3130,,Western,Boulevard,Baldwin,11510,439900,435000,Hi Ranch,4,3.000,"None,Unfinished",1 Car Attached,10,17876.35,CL,5/28/2019,12/31/2019,9/20/2019,10/10/2019,115,Det,1,1,3132994
362,,Beebe,Road,Mineola,11501,539998,500000,Colonial,3,1.000,"Full,Unfinished",1 Car Detached,10,4895.49,CL,4/14/2019,12/01/2019,10/24/2019,2/07/2020,193,Det,1,1,3133001
3641,,Bertha,Drive,Baldwin,11510,489000,484000,Splanch,4,1.500,"Partial,Unfinished",1 Car Attached,10,10700.00,CL,5/31/2019,11/14/2019,8/01/2019,10/15/2019,62,Det,1,1,3133732
1027,,Mckinley,Street,Baldwin Harbor,11510,470000,460000,Exp Ranch,4,2.000,"Full,Unfinished",1 Car Detached,10,14777.00,CL,6/05/2019,8/01/2019,6/26/2019,9/19/2019,21,Det,1,1,3135275
484,,Marie,Avenue,Baldwin,11510,469900,450000,Cape,3,2.000,"Full,Finished",1 Car Detached,10,9997.00,CL,6/10/2019,12/10/2019,10/21/2019,12/17/2019,133,Det,1,1,3136831
994,,Cottage,Place,Baldwin,11510,479000,479000,Colonial,3,1.500,"Full,Unfinished",1 Car Detached,10,13080.00,CL,6/11/2019,12/31/2019,7/25/2019,9/27/2019,44,Det,1,1,3137532
425,,Devonshire,Road,Baldwin,11510,469000,464000,Colonial,3,1.500,"Full,Finished",1 Car Attached,10,11227.00,CL,6/10/2019,12/31/2019,8/16/2019,11/14/2019,67,Det,1,1,3137637
2912,,Eastern,Boulevard,Baldwin,11510,459000,450000,Cape,3,2.000,"Full,Finished",,10,10175.00,CL,6/13/2019,12/05/2019,8/08/2019,11/01/2019,56,Det,1,1,3138053
2703,,Milburn,Avenue,Baldwin,11510,440000,440000,Ranch,4,1.500,"Full,Finished",,10,13425.00,CL,6/15/2019,12/31/2019,8/20/2019,10/17/2019,66,Det,1,1,3138820
810,,Southard,Street,Baldwin,11510,429000,465000,Colonial,3,1.500,"Full,Unfinished",1 Car Detached,10,8494.96,CL,6/17/2019,12/17/2019,7/10/2019,9/18/2019,23,Det,1,1,3138950
567,,Tennyson,,N. Baldwin,11510,499000,495000,Bungalow,4,2.500,"Full,Finished",1 Car Detached,10,10323.00,CL,6/20/2019,12/15/2019,7/17/2019,9/27/2019,27,Det,1,1,3140287
682,,Thomas,Avenue,Baldwin,11510,489000,494000,Colonial,3,1.500,"Full,Finished",,10,11080.43,CL,6/20/2019,12/14/2019,7/18/2019,11/13/2019,28,Det,1,1,3140389
1031,,Jefferson,Street,Baldwin,11510,494000,494000,Exp Cape,4,2.000,"None,Unfinished",,10,13500.00,CL,6/21/2019,12/31/2019,8/19/2019,12/06/2019,59,Det,1,1,3140575
1010,,Cottage,Place,Baldwin,11510,435000,453680,Colonial,3,1.500,"Full,Partially Finished",1 Car Detached,10,11875.00,CL,6/24/2019,12/23/2019,11/21/2019,1/14/2020,150,Det,1,1,3141273
133,,New York,Avenue,Freeport,11520,435000,430000,Colonial,3,1.500,"Full,Finished",1 Car Attached,10,12489.00,CL,6/28/2019,9/18/2019,7/08/2019,10/21/2019,10,Att,1,1,3142917
899,,Adams,Street,Baldwin,11510,499000,480000,Exp Cape,5,2.000,"Full,Unfinished",3 Car Detached,10,13444.98,CL,7/10/2019,12/31/2019,8/27/2019,12/06/2019,48,Det,1,1,3145942
1023,,Schuman,Place,N. Baldwin,11510,479000,467000,Cape,3,2.555,"Full,Finished",1 Car Attached,10,11378.00,CL,7/11/2019,7/01/2020,9/18/2019,1/06/2020,69,Det,1,1,3146490
526,,Harvard,Avenue,N. Baldwin,11510,435000,427000,Colonial,3,2.500,"Full,Finished",1 Car Detached,10,13776.65,CL,7/25/2019,12/31/2019,8/16/2019,11/26/2019,22,Det,1,1,3150476
916,,Pacific,Street,Baldwin,11510,495000,495000,Colonial,4,2.500,"Full,Finished",,10,9917.00,CL,7/30/2019,11/27/2019,9/01/2019,11/08/2019,33,Det,1,1,3151633
709,,Arthur,Street,Baldwin,11510,435000,440000,Colonial,3,1.500,"Full,Unfinished",,10,9185.00,CL,7/31/2019,2/22/2020,12/23/2019,2/11/2020,145,Det,1,1,3152013
716,,Arlington,Avenue,Baldwin,11510,499999,500000,Exp Cape,4,3.000,"Full,Finished",1 Car Detached,10,7922.47,CL,7/31/2019,12/31/2019,8/13/2019,10/31/2019,13,Det,1,1,3152066
43,,Geranium,Avenue,Mineola,11501,469000,460000,Colonial,4,1.500,"Full,Finished",1 Car Detached,10,12778.24,CL,8/05/2019,8/04/2020,9/26/2019,11/22/2019,52,Det,1,1,3153290
172,,Prince,Avenue,Freeport,11520,479000,460000,Colonial,3,2.500,"Full,Finished",1 Car Attached,10,15995.00,CL,8/07/2019,7/31/2020,9/25/2019,12/17/2019,49,Det,1,1,3154067
235,,Maple,Place,Mineola,11501,489000,492000,Colonial,3,1.500,"Full,Finished",1 Car Detached,10,7948.00,CL,8/11/2019,10/31/2019,9/26/2019,11/06/2019,46,Det,1,1,3155156
1003,,Washington,Street,Baldwin,11510,450000,444999,Hi Ranch,5,1.500,"Partial,Unfinished",2 Car Attached,10,13100.00,CL,8/12/2019,11/12/2019,9/05/2019,11/08/2019,24,Det,1,1,3155330
1985,,Oakmere,Drive,Baldwin,11510,440000,440000,Colonial,3,1.500,"Full,Unfinished",1 Car Detached,10,8513.00,CL,8/12/2019,2/12/2020,10/22/2019,12/10/2019,71,Det,1,1,3155340
194,,Marcellus,Road,Mineola,11501,499000,485000,Cape,4,2.500,"Full,Finished",1 Car Attached,10,6686.04,CL,8/12/2019,8/10/2020,10/21/2019,11/25/2019,70,Det,1,1,3155361
768,,Edward,Street,N. Baldwin,11510,499000,499000,Cape,3,2.500,"Full,Finished",1 Car Detached,10,8796.00,CL,8/16/2019,2/16/2020,9/11/2019,12/03/2019,26,Det,1,1,3156746
899,,Kings,Parkway,N. Baldwin,11510,460000,458000,Colonial,3,2.500,Full,1 Car Detached,10,10100.00,CL,8/26/2019,1/31/2020,10/16/2019,1/10/2020,51,Det,1,1,3159148
2591,,Milburn,Avenue,Baldwin,11510,439000,428000,Split Level,3,1.500,"Full,Unfinished",1 Car Detached,10,8919.73,CL,9/05/2019,1/25/2020,9/20/2019,11/20/2019,15,Det,1,1,3161530
2941,,Western,Boulevard,Baldwin,11510,487999,490000,Colonial,3,2.000,"Full,Partially Finished",2 Car Detached,10,9455.27,CL,9/04/2019,3/31/2020,10/05/2019,12/27/2019,31,Det,1,1,3162299
2930,,Grand,Boulevard,Baldwin,11510,475000,475000,Colonial,4,2.500,"Full,Finished",,10,13332.88,CL,9/12/2019,3/12/2020,11/15/2019,1/31/2020,64,Det,1,1,3163754
990,,Wood Park,Drive,Baldwin,11510,450000,440000,Hi Ranch,4,2.000,Finished,1 Car Attached,10,14755.00,CL,9/12/2019,3/15/2020,11/27/2019,3/05/2020,76,Det,1,1,3163834
2642,,Milburn,Avenue,Baldwin,11510,475000,445000,Colonial,5,2.500,"Crawl,Unfinished",,10,13260.00,CL,9/14/2019,2/14/2020,11/25/2019,2/05/2020,72,Det,1,1,3164420
770,,Marilyn,Lane,Baldwin Harbor,11510,475000,425000,Raised Ranch,4,3.000,"None,Unfinished",2 Car Attached,10,11493.00,CL,9/16/2019,9/16/2020,10/28/2019,12/30/2019,42,Det,1,1,3165220
1418,,Eva,Court,N. Baldwin,11510,449000,440000,Cape,3,1.000,"Full,Finished",,10,12000.00,CL,9/17/2019,3/17/2020,10/31/2019,12/18/2019,44,Det,1,1,3165251
1920,,Bryant,Place,N. Baldwin,11510,429000,429000,Cape,4,2.000,Full,,10,11073.72,CL,9/19/2019,9/19/2020,10/08/2019,11/19/2019,19,Det,1,1,3165736
1040,,Van Buren,Street,Baldwin,11510,419000,435000,Ranch,3,1.000,"Full,Partially Finished",1 Car Detached,10,13037.93,CL,9/24/2019,3/24/2020,10/28/2019,12/18/2019,34,Det,1,1,3167136
1644,,Wilson,Street,Baldwin,11510,460000,450000,Colonial,3,1.500,"Full,Partially Finished",1 Car Detached,10,10692.00,CL,9/27/2019,6/15/2020,12/18/2019,1/29/2020,82,Det,1,1,3168289
528,,Madison,Avenue,Baldwin,11510,430000,425000,Cape,4,2.000,"Full,Partially Finished",,10,10931.00,CL,9/27/2019,6/15/2020,10/24/2019,1/02/2020,27,Det,1,1,3168299
855,,Kings,Parkway,N. Baldwin,11510,465000,463000,Exp Cape,4,2.500,"Full,Partially Finished",,10,11907.00,CL,10/03/2019,10/03/2020,11/18/2019,1/23/2020,46,Det,1,1,3169820
827,,Grand Terrace,Avenue,Baldwin,11510,475000,465000,Cape,3,1.500,"Full,Partially Finished",1 Car Attached,10,11674.67,CL,11/06/2019,5/01/2020,11/27/2019,3/02/2020,21,Det,1,1,3178372
806,,Barth,Drive,N. Baldwin,11510,459000,455000,Tudor,3,1.000,"Full,Finished",1 Car Detached,10,9900.00,CL,11/15/2019,3/27/2020,12/13/2019,1/27/2020,28,Det,1,1,3180742
534,,Seaman,Avenue,N. Baldwin,11510,479000,474000,Cape,3,2.000,"Full,Unfinished",,10,12576.27,CL,11/19/2019,11/19/2020,12/16/2019,3/04/2020,27,Det,1,2,3181601
746,,Lakeside,Drive,Baldwin,11510,490000,465000,Colonial,4,1.500,"Full,Finished",2 Car Detached,10,8605.00,CL,11/22/2019,11/22/2020,12/12/2019,3/16/2020,20,Det,1,1,3182218
2918,,Grand,Boulevard,Baldwin,11510,465000,480000,Colonial,4,2.000,"Partial,Finished",2 Car Detached,10,13681.55,CL,11/27/2019,11/25/2020,12/27/2019,2/05/2020,30,Det,1,1,3183072
499,,Raymond,Street,Rockville Centre,11570,409000,425000,Colonial,3,2.000,"Full,Unfinished",1 Car Attached,10,16869.58,CL,11/29/2019,5/29/2020,12/17/2019,2/11/2020,18,Det,1,1,3183348