St #,Dr,Street Name,Sfx,Town,Zip,ListPrice,SoldPrice,,Br,Bath,,,SD,Tot Tax,LSC,ListDate,ExpDate,ContDate,TitleDate,DOM,Det,#F,K,ML#
76,,Dennis,Street,New Hyde Park,11040,624900,618000,Hi Ranch,5,2.500,"Full,Unfinished",1 Car Attached,5,8980.97,CL,3/01/2017,8/30/2017,4/27/2017,6/05/2017,56,Det,1,1,*1277175
34,,Pearl,Street,New Hyde Park,11040,639000,635000,Exp Cape,4,2.000,"Full,Finished",1 Car Detached,5,11994.64,CL,5/08/2017,11/30/2017,5/30/2017,8/29/2017,22,Det,1,1,*1283803
1509,,Washington,Avenue,New Hyde Park,11040,549000,625000,Exp Cape,4,1.500,"Full,Partially Finished",1 Car Detached,5,8131.11,CL,7/07/2017,1/08/2018,8/01/2017,10/13/2017,25,Det,1,1,*1289821
200,,Wilton,Street,New Hyde Park,11040,649000,635000,Cape,4,1.500,"Full,Finished",2 Car Attached,5,9194.00,CL,7/19/2017,12/31/2017,9/08/2017,12/12/2017,51,Det,1,1,*1290852
9,,Southland,,Glen Cove,11542,729000,695000,Split Level,3,2.500,"Full,Unfinished",,5,16080.00,CL,10/08/2017,12/31/2017,10/12/2017,1/08/2018,4,Det,1,1,*1297599
50,,4th,Street,New Hyde Park,11040,619000,614350,Cape,4,2.000,"Full,Finished",1 Car Detached,5,10110.78,CL,2/11/2018,9/30/2018,3/09/2018,6/25/2018,26,Det,1,1,*1306566
122,,Sunrise,Lane,Levittown,11756,699999,685000,Colonial,6,3.000,"None,Unfinished",1 Car Attached,5,12673.00,CL,2/27/2018,10/27/2018,4/03/2018,7/05/2018,34,Det,1,1,*1307918
312,,Lowell,Avenue,New Hyde Park,11040,620000,624000,Cape,4,2.000,Full,,5,11668.57,CL,4/05/2018,10/05/2018,5/23/2018,8/03/2018,48,Det,1,1,*1311513
120,,Cornflower,Road,Levittown,11756,619000,617000,Colonial,4,3.500,"None,Unfinished",,5,15197.00,CL,4/25/2018,10/25/2018,10/09/2018,11/30/2018,167,Det,1,1,*1313505
27,,6th,Avenue,Garden City Park,11040,658000,638000,Cape,7,2.000,"Full,Unfinished",,5,12000.00,CL,5/05/2018,9/30/2018,5/23/2018,9/24/2018,18,Det,1,1,*1314773
54,,Pearl,Street,New Hyde Park,11040,629000,620000,Cape,4,1.500,Full,1 Car Detached,5,11943.44,CL,7/10/2018,1/10/2019,7/25/2018,10/16/2018,15,Det,1,1,*1321186
42,,Surrey,Road,New Hyde Park,11040,630000,629000,Cape,4,2.000,"Full,Partially Finished",1 Car Attached,5,12857.56,CL,10/08/2018,6/28/2019,11/16/2018,3/13/2019,39,Det,1,1,*1328628
966,,N. 4th,Street,New Hyde Park,11040,635000,625000,Colonial,4,2.000,"Full,Partially Finished",1 Car Detached,5,10050.55,CL,3/19/2019,5/20/2020,5/21/2019,7/31/2019,63,Det,1,1,*1340735
61,,Wilton,Street,New Hyde Park,11040,699000,670000,Contemporary,3,3.500,"Full,Finished",,5,9816.00,CL,3/18/2016,12/31/2016,12/16/2016,7/19/2017,273,Det,1,1,2836875
635,,Wantagh,Avenue,Wantagh,11793,695000,675000,Colonial,3,1.000,Full,,5,17109.47,CL,6/14/2016,5/31/2017,10/12/2016,5/07/2019,693,Det,1,1,2861141
299,,Loring,Road,Levittown,11756,669000,627500,Colonial,5,3.550,"Full,Finished",2 Car Attached,5,28034.26,CL,6/20/2016,10/31/2017,1/27/2017,10/23/2017,221,Det,1,1,2862805
28,,Red Spring,Lane,Glen Cove,11542,689000,625000,Split Level,4,3.500,"Partial,Unfinished",,5,14712.15,CL,7/22/2016,7/21/2017,3/29/2017,5/30/2017,250,Det,1,1,2870951
133,N,12th,Street,New Hyde Park,11040,699000,640000,Hi Ranch,5,2.000,Full,1 Car Attached,5,16641.84,CL,8/11/2016,7/22/2017,1/08/2017,3/31/2017,150,Det,1,1,2875798
2,,Viola,Drive,Glen Cove,11542,699000,660000,Ranch,3,3.000,Full,,5,15000.00,CL,9/12/2016,9/01/2017,5/26/2017,9/27/2017,256,Det,1,1,2882469
8,,Branding Iron,Lane,Glen Cove,11542,629000,620000,Colonial,4,2.500,"Partial,Finished",2 Car Attached,5,10962.21,CL,9/28/2016,6/28/2017,3/07/2017,6/30/2017,160,Det,1,1,2886761
12,,Dosoris,Way,Glen Cove,11542,685000,620000,Colonial,4,1.500,"Full,Unfinished",2 Car Detached,5,10669.73,CL,10/17/2016,6/02/2017,1/19/2017,3/29/2017,94,Det,1,1,2890687
21,,Maple Ave,,Glen Cove,11542,619000,602000,Colonial,4,3.000,"Partial,Unfinished",1 Car Detached,5,6938.84,CL,10/17/2016,10/15/2017,3/10/2017,5/24/2017,144,Det,1,1,2890733
14,,Gruber,Drive,Glen Cove,11542,675000,660000,Colonial,5,4.000,"Full,Unfinished",,5,12951.00,CL,11/03/2016,12/31/2017,10/02/2017,2/28/2018,333,Det,1,1,2894409
150,,Wilton,Street,New Hyde Park,11040,669000,620000,Exp Cape,5,2.000,"Full,Finished",1 Car Attached,5,7900.00,CL,11/08/2016,5/31/2017,4/25/2017,9/08/2017,167,Det,1,2,2895247
107,,Lattingtown,Road,Glen Cove,11542,699000,680000,Colonial,3,2.000,"Full,Finished",1 Car Detached,5,14294.00,CL,12/01/2016,7/01/2017,7/07/2017,12/01/2017,217,Det,1,1,2899542
39,,Corwin,Avenue,New Hyde Park,11040,710000,700000,Colonial,3,2.000,"Full,Unfinished",1 Car Attached,5,11593.00,CL,1/08/2017,7/08/2017,4/11/2017,6/07/2017,92,Det,1,1,2905403
29,,Corwin,Avenue,New Hyde Park,11040,679000,640000,Cape,3,1.000,Full,1 Car Detached,5,11093.00,CL,1/31/2017,5/30/2017,3/01/2017,4/07/2017,29,Det,1,1,2910307
6,,Helen,Place,Glen Cove,11542,699000,685000,Split Level,4,3.000,"Partial,Finished",1 Car Attached,5,13062.19,CL,2/02/2017,7/31/2017,4/14/2017,6/26/2017,70,Det,1,1,2911130
87,,5th,Avenue,New Hyde Park,11040,669000,673500,Cape,4,2.000,"Full,Finished",,5,8380.05,CL,2/15/2017,8/15/2017,3/06/2017,5/23/2017,19,Det,1,1,2914161
84,,Park,Avenue,New Hyde Park,11040,699000,680000,Hi Ranch,5,2.500,"None,Unfinished",1 Car Attached,5,14299.70,CL,2/24/2017,11/08/2017,3/15/2017,7/13/2017,18,Det,1,1,2916173
132,,4th,Street,New Hyde Park,11040,659000,651500,Tudor,4,2.550,"Full,Finished",1 Car Detached,5,12546.21,CL,2/28/2017,8/31/2017,4/03/2017,6/01/2017,33,Det,1,1,2917075
16,,Wolfle,Street,Glen Cove,11542,665000,648888,Colonial,3,2.500,"Full,Unfinished",3 Car Detached,5,8893.09,CL,3/02/2017,9/01/2017,6/15/2017,9/01/2017,104,Det,1,1,2917751
1507,,New Hyde Park,Drive,New Hyde Park,11040,649000,639000,Exp Cape,3,2.000,"Full,Partially Finished",,5,11755.96,CL,3/02/2017,6/09/2017,5/12/2017,8/18/2017,70,Det,1,1,2917976
232,E,Elm,Drive,Levittown,11756,625000,627000,Colonial,4,3.000,"None,Unfinished",,5,0.00,CL,3/07/2017,3/07/2018,4/04/2017,8/30/2017,27,Det,1,1,2919111
1048,,Johnston,Avenue,Wantagh,11793,625000,625000,Exp Ranch,4,3.000,Full,1 Car Detached,5,14500.88,CL,3/11/2017,9/10/2017,4/06/2017,6/02/2017,25,Det,1,1,2920449
62,,Lakeville,Drive,New Hyde Park,11040,759999,700000,Exp Cape,3,2.500,"Full,Finished",,5,13355.24,CL,3/15/2017,12/31/2017,8/14/2017,10/17/2017,152,Det,1,1,2921286
1011,N,5th,Street,New Hyde Park,11040,659000,640000,Colonial,3,2.000,"Full,Finished",1 Car Detached,5,8354.00,CL,3/19/2017,9/13/2017,5/11/2017,8/22/2017,53,Det,1,1,2922262
85,,Sperry,Boulevard,New Hyde Park,11040,689000,690000,Exp Cape,5,2.000,Full,,5,9929.00,CL,3/29/2017,9/23/2017,4/24/2017,6/16/2017,26,Det,1,1,2924889
14,,Purdue,Road,Glen Cove,11542,639000,639000,Colonial,3,3.000,Full,,5,11639.00,CL,3/29/2017,9/30/2017,5/30/2017,7/07/2017,62,Det,1,1,2924936
105,,Weaving,Lane,Wantagh,11793,635000,630000,Colonial,4,4.000,"Full,Finished",,5,18901.93,CL,3/29/2017,8/29/2017,5/26/2017,9/05/2017,58,Det,1,1,2925018
5,,New Woods,Road,Glen Cove,11542,679000,635000,Ranch,3,2.000,"None,Unfinished",1 Car Attached,5,10100.00,CL,4/03/2017,10/01/2017,5/16/2017,6/30/2017,43,Det,1,1,2926475
125,N,3rd,Street,New Hyde Park,11040,649000,645000,Ranch,3,2.000,"Full,Finished",1 Car Detached,5,11173.29,CL,4/15/2017,7/15/2017,7/07/2017,9/19/2017,83,Det,1,1,2928752
506,,Lowell,Avenue,New Hyde Park,11040,655000,635000,Colonial,3,2.000,"Full,Finished",2 Car Detached,5,13968.57,CL,4/20/2017,3/07/2018,5/25/2017,7/13/2017,35,Det,1,1,2931092
1270,,Lois,Lane,Seaford,11783,699999,655000,Split Level,4,3.000,Partial,,5,17306.29,CL,4/22/2017,4/21/2018,6/21/2017,8/28/2017,60,Det,1,1,2931680
213,,Springtime,Lane,Levittown,11756,668888,665900,Colonial,6,3.500,"None,Unfinished",1 Car Attached,5,13970.00,CL,4/25/2017,4/24/2018,9/20/2017,2/02/2018,148,Det,1,1,2932669
16,,Northfield,Road,Glen Cove,11542,649000,635000,Farm Ranch,5,3.000,"Partial,Unfinished",1 Car Attached,5,11201.00,CL,4/27/2017,10/27/2017,5/13/2017,8/24/2017,16,Det,1,1,2932955
40,,Buckeye,Road,Glen Cove,11542,629000,620000,Ranch,3,2.000,"None,Unfinished",,5,9146.72,CL,4/27/2017,10/31/2017,5/25/2017,7/06/2017,28,Det,1,1,2933141
55,,7th,Street,New Hyde Park,11040,719000,695000,Colonial,4,2.500,"Full,Finished",1 Car Detached,5,7389.53,CL,5/02/2017,8/01/2017,5/20/2017,7/27/2017,18,Det,1,1,2934346
12,,Harbor Hill,Road,Glen Cove,11542,649000,630000,Colonial,4,3.500,"None,Unfinished",2 Car Attached,5,14522.65,CL,5/06/2017,6/30/2018,5/04/2018,8/10/2018,363,Det,1,1,2935949
42,,Baxter,Avenue,New Hyde Park,11040,628000,610000,Cape,3,2.000,Full,1 Car Detached,5,10281.63,CL,5/07/2017,10/27/2017,6/30/2017,7/31/2017,54,Det,1,1,2935960
336,,Nassau,Boulevard,New Hyde Park,11040,629000,665000,Colonial,3,1.500,"Full,Finished",1 Car Attached,5,7847.28,CL,5/11/2017,10/30/2017,5/25/2017,7/31/2017,14,Det,1,1,2937440
16,,Baxter,Avenue,New Hyde Park,11040,688888,645000,Exp Cape,4,3.000,"Full,Finished",Attached,5,11442.63,CL,5/11/2017,12/31/2017,5/23/2017,7/26/2017,12,Det,1,1,2937521
26,,Bryce,Avenue,Glen Cove,11542,629000,620000,Colonial,4,2.500,Full,2 Car Attached,5,12466.12,CL,5/15/2017,11/30/2017,7/03/2017,9/18/2017,49,Det,1,1,2938164
6,,Aster,Drive,New Hyde Park,11040,659000,659000,Cape,3,2.000,Full,,5,11000.00,CL,5/15/2017,11/15/2017,6/14/2017,11/02/2017,30,Det,1,1,2938439
44,,Fulton,Avenue,Garden City Park,11040,625000,650000,Cape,4,2.000,"Full,Finished",1 Car Detached,5,9317.00,CL,5/18/2017,12/03/2017,5/25/2017,9/26/2017,7,Det,1,1,2939633
12,N,10th,Street,New Hyde Park,11040,599000,638000,Colonial,3,2.500,"Full,Finished",2 Car Detached,5,13010.00,CL,5/18/2017,11/08/2017,6/02/2017,9/27/2017,15,Det,1,1,2939767
1140,,Fortune,Court,Wantagh,11793,625000,615000,Hi Ranch,4,3.000,"Full,Partially Finished",1 Car Attached,5,21586.50,CL,5/19/2017,12/31/2017,7/08/2017,9/28/2017,50,Det,1,2,2940105
184,,Aster,Drive,New Hyde Park,11040,629888,615000,Cape,4,2.000,"Full,Unfinished",,5,11856.00,CL,5/25/2017,11/25/2017,6/16/2017,10/30/2017,22,Det,1,1,2941386
31,,Meadowfield,Lane,Glen Cove,11542,619000,635000,Split Level,4,2.000,"None,Unfinished",1 Car Attached,5,10100.00,CL,6/04/2017,12/01/2017,6/21/2017,8/30/2017,17,Det,1,1,2944012
79,,Glen Cove,Avenue,Glen Cove,11542,699000,630000,Other,3,1.550,"Full,Finished",2 Car Detached,5,25714.00,CL,10/26/2016,10/31/2017,4/22/2017,7/26/2017,178,Det,3,1,2892705
22,,Jackson,Street,Glen Cove,11542,620000,630000,Duplex,4,4.000,"Full,Finished",,5,9834.51,CL,2/26/2017,6/30/2017,5/12/2017,8/02/2017,74,Det,2,2,2916543
31,,Chestnut,Street,Glen Cove,11542,649000,645000,Colonial,4,2.500,"Full,Partially Finished",3 Car Attached,5,12291.33,CL,3/27/2017,10/31/2017,5/04/2017,7/31/2017,38,Det,2,2,2924224
54,,3rd,Street,Glen Cove,11542,690000,655000,Colonial,5,3.000,"Full,Partially Finished",,5,13681.00,CL,5/22/2017,11/22/2017,9/07/2017,9/28/2017,108,Det,2,2,2940610
29,,Laurel,Avenue,Glen Cove,11542,699990,660000,Colonial,4,3.000,"Full,Unfinished",,5,0.00,CL,6/09/2017,1/31/2018,1/30/2018,4/19/2018,235,Det,1,1,2945518
3,S,17th,Street,New Hyde Park,11040,638000,605000,Colonial,4,2.000,"Full,Finished",2 Car Detached,5,10356.90,CL,6/09/2017,12/05/2017,7/05/2017,8/22/2017,26,Det,1,1,2945534
934,N,4th,Street,New Hyde Park,11040,669000,669000,Colonial,4,2.000,"Full,Finished",1 Car Detached,5,9990.00,CL,6/16/2017,12/16/2017,11/22/2017,1/31/2018,159,Det,1,1,2947697
1017,N,3rd,Street,New Hyde Park,11040,689000,689000,Cape,4,2.000,"Full,Finished",1 Car Attached,5,13438.78,CL,6/19/2017,12/19/2017,7/24/2017,12/05/2017,35,Det,1,1,2948121
807,,Leonard,Boulevard,New Hyde Park,11040,655000,630000,Exp Cape,4,2.000,"Full,Finished",1 Car Detached,5,8539.12,CL,6/19/2017,11/30/2017,7/14/2017,10/05/2017,25,Det,1,1,2948227
39,,Highland,Road,Glen Cove,11542,658000,640000,Cape,5,3.500,"Full,Unfinished",2 Car Attached,5,14118.00,CL,6/22/2017,6/22/2018,12/31/2017,3/16/2018,192,Det,1,1,2949149
79,,Park,Avenue,New Hyde Park,11040,699000,690000,Exp Cape,4,2.000,"Full,Partially Finished",1 Car Detached,5,12667.29,CL,6/23/2017,12/13/2017,7/31/2017,9/29/2017,38,Det,1,1,2949449
15,,Brisbane,Street,New Hyde Park,11040,659000,630000,Cape,4,2.000,"Full,Finished",,5,12066.25,CL,6/23/2017,11/01/2017,8/29/2017,10/25/2017,67,Det,1,1,2949494
95,,Valentine,Avenue,Glen Cove,11542,650000,645000,Colonial,6,3.000,"Full,Partially Finished",,5,10854.91,CL,7/07/2017,1/07/2018,7/31/2017,9/14/2017,24,Det,2,2,2953031
11,,Nortema,Court,New Hyde Park,11040,724900,700000,Split Level,3,2.000,"Full,Finished",1 Car Attached,5,13817.00,CL,7/14/2017,8/27/2017,7/18/2017,10/12/2017,4,Det,1,1,2955127
904,,Terrace,Boulevard,New Hyde Park,11040,619000,615000,Cape,4,1.000,"Full,Finished",1 Car Detached,5,10450.00,CL,7/24/2017,1/24/2018,9/20/2017,12/15/2017,58,Det,1,1,2957882
114,,Sea Cliff,Avenue,Glen Cove,11542,659000,640000,Victorian,6,2.000,"Full,Unfinished",2 Car Detached,5,12320.80,CL,7/27/2017,1/26/2018,8/31/2017,10/04/2017,35,Det,2,2,2958612
27,,Norton,Avenue,New Hyde Park,11040,680000,680000,Cape,4,2.000,"Full,Finished",1 Car Attached,5,11358.12,CL,7/27/2017,1/31/2018,8/15/2017,11/09/2017,19,Det,1,1,2958876
61,,Franklin,Avenue,Glen Cove,11542,675000,628000,Colonial,4,2.500,"Full,Unfinished",2 Car Detached,5,14434.85,CL,7/31/2017,1/31/2018,8/30/2017,12/21/2017,30,Det,1,1,2959440
23,,Midge,Street,Glen Cove,11542,619000,619000,Colonial,4,2.500,"Full,Unfinished",,5,0.00,CL,7/31/2017,8/30/2018,8/21/2017,10/27/2017,21,Det,1,1,2959646
1036,N,3rd,Street,New Hyde Park,11040,699000,691000,Exp Cape,5,2.500,"Full,Finished",1 Car Attached,5,12949.00,CL,8/01/2017,4/06/2018,12/06/2017,4/05/2018,127,Det,1,1,2959786
140,,Ranch,Lane,Levittown,11756,634900,635000,Colonial,4,2.500,"Partial,Unfinished",,5,11677.00,CL,8/10/2017,2/08/2018,9/20/2017,11/30/2017,41,Det,1,1,2962518
118,,New Hyde Park,Road,New Hyde Park,11040,649000,625000,Cape,4,1.000,"Full,Finished",,5,10801.81,CL,8/14/2017,1/30/2018,2/22/2018,3/28/2018,192,Det,1,1,2963344
1853,,New Hyde Park,Road,New Hyde Park,11040,699000,690000,Exp Cape,4,2.500,"Full,Finished",1 Car Detached,5,9030.00,CL,8/17/2017,12/31/2017,9/06/2017,12/07/2017,20,Det,1,1,2964278
59,,Hillside,Lane,New Hyde Park,11040,679000,661000,Cape,4,1.000,"Full,Finished",1 Car Detached,5,11196.00,CL,8/23/2017,8/31/2018,2/15/2018,5/01/2018,176,Det,1,1,2965606
60,,Knott,Drive,Glen Cove,11542,649777,640000,Colonial,4,2.500,"Full,Finished",2 Car Attached,5,10820.00,CL,9/05/2017,2/28/2018,11/02/2017,12/27/2017,58,Det,1,1,2968071
914,N,6th,Street,New Hyde Park,11040,658000,625000,Colonial,4,2.000,"Full,Finished",1 Car Detached,5,11111.46,CL,9/06/2017,12/12/2017,11/06/2017,12/29/2017,61,Det,1,1,2968491
61,,3rd,Street,New Hyde Park,11040,675000,640000,Cape,4,2.000,"Full,Finished",,5,11322.07,CL,9/07/2017,3/17/2018,10/03/2017,10/03/2017,26,Det,1,1,2968988
5,,Mapleleaf,Lane,New Hyde Park,11040,639000,620000,Colonial,3,1.500,"Full,Finished",1 Car Attached,5,11436.33,CL,9/18/2017,12/31/2017,11/27/2017,2/27/2018,70,Det,1,1,2971781
540,N,3rd,Street,New Hyde Park,11040,625000,610000,Cape,4,2.000,"Full,Finished",,5,8249.96,CL,10/02/2017,10/01/2018,4/02/2018,7/16/2018,182,Det,1,1,2975748
16,,Duke,Place,Glen Cove,11542,659000,630000,Hi Ranch,4,3.000,"None,Unfinished",2 Car Attached,5,10727.27,CL,10/03/2017,7/31/2018,6/14/2018,8/23/2018,254,Det,1,1,2975867
1630,,Lincoln Avenue,,New Hyde Park,11040,619000,630000,Cape,4,1.500,"Full,Partially Finished",1 Car Detached,5,10827.00,CL,10/06/2017,3/21/2018,10/27/2017,12/15/2017,21,Det,1,1,2976589
10,,Blacksmith,Road,Levittown,11756,679000,665000,Colonial,5,3.000,"None,Unfinished",1 Car Attached,5,9183.00,CL,8/22/2017,5/23/2018,2/16/2018,4/26/2018,178,Det,1,1,2977746
19,,Inwood,Road,Glen Cove,11542,639000,632500,Colonial,5,2.500,"Full,Unfinished",1 Car Attached,5,11500.00,CL,10/19/2017,10/19/2018,10/27/2017,1/05/2018,8,Det,1,1,2979719
1533,,Belmont,Avenue,New Hyde Park,11040,625000,606500,Cape,4,2.000,Full,,5,8056.00,CL,10/21/2017,3/31/2018,11/22/2017,3/15/2018,32,Det,1,1,2980154
30,,Knott,Drive,Glen Cove,11542,570000,650000,Colonial,4,2.500,"Full,Unfinished",2 Car Attached,5,14652.82,CL,10/24/2017,1/22/2018,11/10/2017,12/12/2017,17,Det,1,1,2980741
572,N,3rd,Street,New Hyde Park,11040,675000,630000,Colonial,3,2.000,"Full,Finished",,5,10658.43,CL,10/28/2017,10/27/2018,11/08/2017,1/25/2018,11,Det,1,1,2981662
25,,Lewis,Avenue,New Hyde Park,11040,729000,675000,Colonial,4,2.500,Full,,5,12592.00,CL,10/30/2017,10/30/2018,12/15/2017,4/17/2018,46,Det,1,1,2982043
77,,5th,Street,New Hyde Park,11040,699000,655000,Colonial,5,2.000,"Full,Finished",1 Car Detached,5,14323.68,CL,10/31/2017,4/24/2018,2/01/2018,3/27/2018,93,Det,1,1,2982254
518,N,10th,Street,New Hyde Park,11040,639000,610000,Colonial,3,1.550,"Full,Finished",2 Car Detached,5,14275.95,CL,11/02/2017,5/02/2018,2/14/2018,5/04/2018,104,Det,1,1,2982733
10,,Mechanic,Street,Glen Cove,11542,699000,672000,Duplex,6,4.550,"Full,Finished",2 Car Attached,5,14278.41,CL,11/02/2017,4/30/2018,3/03/2018,4/03/2018,121,Det,2,2,2983001
9,,Cedar,Lane,New Hyde Park,11040,709000,660000,Cape,4,1.500,Full,1 Car Attached,5,13152.44,CL,11/06/2017,1/23/2018,12/20/2017,2/05/2018,44,Det,1,1,2983573
25,,6th,Street,Garden City Park,11040,699000,655000,Hi Ranch,4,2.000,"None,Unfinished",,5,10289.56,CL,11/06/2017,7/14/2018,2/05/2018,6/29/2018,91,Det,1,1,2983618
523,,Maple,Drive,New Hyde Park,11040,640000,650000,Colonial,4,2.000,"Full,Finished",1 Car Detached,5,10962.42,CL,11/11/2017,5/02/2018,12/08/2017,3/28/2018,27,Det,1,1,2985043
24,,Quiet,Lane,Levittown,11756,639000,649000,Colonial,4,2.000,"None,Unfinished",1 Car Attached,5,15751.27,CL,11/15/2017,5/15/2018,1/02/2018,2/12/2018,48,Det,1,1,2986089
81,,Sylvia,Lane,New Hyde Park,11040,699000,650000,Cape,3,3.000,"Full,Finished",,5,9081.00,CL,11/22/2017,5/22/2018,12/21/2017,3/29/2018,29,Det,1,1,2987330
40,,Crescent Beach,Road,Glen Cove,11542,569900,620000,Colonial,4,2.500,"Full,Unfinished",2 Car Attached,5,13342.73,CL,11/30/2017,4/30/2018,1/12/2018,3/26/2018,43,Att,1,1,2988512
5,,Millers,Lane,New Hyde Park,11040,689000,650000,Victorian,5,2.500,Full,,5,14200.00,CL,12/04/2017,3/03/2018,2/05/2018,7/24/2018,63,Det,1,1,2989470
168,,Sylvia,Lane,New Hyde Park,11040,649000,635000,Cape,4,1.000,"Full,Finished",1 Car Detached,5,10521.00,CL,12/05/2017,5/11/2018,2/28/2018,5/07/2018,85,Det,1,1,2989706
15,,Bridle,Lane,Glen Cove,11542,679888,660000,Colonial,4,2.500,"Full,Finished",2 Car Attached,5,12017.13,CL,12/20/2017,6/20/2018,3/14/2018,5/29/2018,83,Det,1,1,2992361
51,,Brisbane,Street,New Hyde Park,11040,749000,640000,Colonial,6,2.000,Full,1 Car Detached,5,13000.00,CL,1/01/2018,7/01/2018,2/07/2018,5/25/2018,37,Det,1,1,2993502
3129,,Morgan,Drive,Wantagh,11793,595000,615000,Exp Ranch,4,2.000,"Full,Finished",1 Car Attached,5,10560.00,CL,1/11/2018,7/11/2018,1/26/2018,3/16/2018,15,Det,1,1,2995873
96,,Sperry,Boulevard,New Hyde Park,11040,699000,670000,Cape,4,2.000,"Full,Unfinished",,5,10705.03,CL,1/11/2018,7/11/2018,2/14/2018,6/26/2018,34,Det,1,1,2996105
14,,Firtree,Lane,Levittown,11756,629777,630000,Colonial,4,2.500,"None,Unfinished",1 Car Attached,5,13559.00,CL,1/17/2018,6/30/2018,5/10/2018,9/13/2018,112,Det,1,1,2997140
1406,,Lincoln,Avenue,New Hyde Park,11040,659000,630000,Cape,3,1.000,"Full,Partially Finished",1 Car Detached,5,9508.06,CL,1/26/2018,7/03/2018,2/26/2018,4/04/2018,31,Det,1,1,2999545
10,,Southfield,Road,Glen Cove,11542,669000,628888,Split Ranch,4,3.500,"Full,Finished",,5,11531.28,CL,2/13/2018,8/12/2018,5/17/2018,7/20/2018,92,Det,1,1,3004150
56,,Dosoris,Lane,Glen Cove,11542,629000,615000,Colonial,4,2.500,"Full,Finished",2 Car Detached,5,10387.78,CL,2/17/2018,6/18/2018,3/28/2018,6/22/2018,38,Det,1,1,3005273
105,,3rd,Street,New Hyde Park,11040,725000,690000,Cape,4,2.000,"Full,Finished",1 Car Detached,5,12308.00,CL,2/19/2018,2/07/2019,3/22/2018,4/23/2018,30,Det,1,1,3005684
27,,Evergreen,Avenue,New Hyde Park,11040,599000,626000,Cape,4,1.000,"Full,Finished",1 Car Attached,5,12654.64,CL,2/27/2018,8/05/2018,6/25/2018,8/31/2018,117,Det,1,1,3009432
84,,Franklin,Avenue,New Hyde Park,11040,649000,605000,Cape,3,2.000,"Full,Finished",1 Car Detached,5,9379.60,CL,3/06/2018,6/06/2018,4/26/2018,7/18/2018,50,Det,1,1,3009957
1053,,Mcdonald,Avenue,Wantagh,11793,595000,606000,Exp Ranch,3,2.000,"Full,Partially Finished",2 Car Attached,5,12264.52,CL,3/09/2018,9/07/2018,4/04/2018,6/21/2018,25,Det,1,1,3010846
22,,Wishbone,Lane,Wantagh,11793,649777,650000,Colonial,4,2.500,"None,Unfinished",1 Car Attached,5,0.00,CL,3/12/2018,11/30/2018,5/10/2018,2/06/2019,59,Det,1,1,3011190
27,,7th,Street,New Hyde Park,11040,649000,650000,Cape,4,2.000,"Full,Finished",2 Car Detached,5,9261.00,CL,3/14/2018,8/31/2018,4/17/2018,6/12/2018,34,Det,1,1,3011939
7,,Corwin,Avenue,New Hyde Park,11040,649990,630000,Cape,3,1.000,"Full,Unfinished",1 Car Detached,5,12992.23,CL,3/16/2018,9/16/2018,5/15/2018,7/18/2018,60,Det,1,1,3012870
71,,Sugar Maple,Lane,Glen Cove,11542,697000,675000,Colonial,4,2.500,"Partial,Unfinished",2 Car Attached,5,12285.79,CL,3/24/2018,9/30/2018,4/12/2018,5/05/2018,19,Att,1,1,3014567
38,,Gerard,Avenue,New Hyde Park,11040,649000,660000,Cape,4,1.000,"Full,Finished",1 Car Attached,5,10599.00,CL,3/30/2018,12/26/2018,5/08/2018,6/28/2018,39,Det,1,1,3016109
5,,Hilldale,Road,Glen Cove,11542,649000,649000,Split Level,3,2.500,Full,2 Car Attached,5,10024.00,CL,4/02/2018,10/01/2018,4/12/2018,5/29/2018,10,Att,1,1,3016764
4,,Glengariff,Drive,Glen Cove,11542,675000,685000,Ranch,3,2.500,"Full,Finished",2 Car Attached,5,10946.95,CL,4/08/2018,10/08/2018,5/15/2018,7/09/2018,37,Det,1,1,3018720
116,,4th,Street,New Hyde Park,11040,675000,700000,Hi Ranch,3,2.000,"None,Unfinished",,5,10189.00,CL,4/10/2018,10/10/2018,5/01/2018,6/20/2018,21,Det,1,1,3019372
119,,Terrace,Boulevard,New Hyde Park,11040,649000,649000,Cape,3,1.500,Full,1 Car Detached,5,11044.23,CL,4/11/2018,10/11/2018,5/01/2018,7/12/2018,20,Det,1,1,3019674
436,,Leonard,Boulevard,New Hyde Park,11040,699000,669000,Colonial,4,2.500,Full,,5,14142.94,CL,4/12/2018,4/12/2019,6/08/2018,9/26/2018,57,Det,1,1,3020014
3694,,Libby,Lane,Wantagh,11793,629999,620000,Split Level,3,3.000,"Crawl,Unfinished",1 Car Attached,5,11272.00,CL,4/13/2018,10/31/2018,6/11/2018,8/22/2018,59,Det,1,1,3020212
831,,Mayer,Drive,Wantagh,11793,599999,605000,Ranch,3,3.000,"Full,Finished",1 Car Detached,5,12406.00,CL,4/14/2018,4/13/2019,5/26/2018,9/10/2018,42,Det,1,1,3020570
38,,Frieda,Lane,Wantagh,11793,589000,603000,Colonial,4,2.500,Full,2 Car Attached,5,14372.77,CL,4/16/2018,8/09/2018,5/03/2018,8/10/2018,17,Det,1,1,3020847
520,N,12th,Street,New Hyde Park,11040,698000,680000,Cape,3,2.000,"Full,Finished",1 Car Detached,5,10103.87,CL,4/19/2018,9/22/2018,5/24/2018,8/14/2018,35,Det,1,1,3022205
18,,Francis,Terrace,Glen Cove,11542,650000,625000,Colonial,3,1.500,"Full,Unfinished",1 Car Attached,5,11958.73,CL,4/23/2018,4/23/2019,7/13/2018,8/31/2018,81,Det,1,1,3022961
535,N,2nd,Street,New Hyde Park,11040,679000,665000,Colonial,5,2.000,"Full,Unfinished",2 Car Detached,5,13107.88,CL,4/23/2018,10/23/2018,6/08/2018,11/28/2018,46,Det,2,1,3023273
91,,County Courthous,Road,Garden City Park,11040,729000,700000,Tudor,3,1.500,"Full,Finished",2 Car Detached,5,11613.59,CL,4/24/2018,10/23/2018,5/11/2018,8/15/2018,17,Det,1,1,3023393
15,,Bittersweet,Lane,Glen Cove,11542,649000,615000,Raised Ranch,5,3.000,"None,Unfinished",2 Car Attached,5,12335.37,CL,4/24/2018,10/24/2018,6/28/2018,9/17/2018,65,Det,1,1,3023591
16,,Mckinley,Place,Glen Cove,11542,625000,608000,Colonial,3,2.500,"Full,Unfinished",1 Car Detached,5,11028.20,CL,4/29/2018,10/15/2018,6/04/2018,9/04/2018,36,Det,1,1,3025016
110,N,1st,Street,New Hyde Park,11040,639000,639000,Cape,4,2.500,"Full,Finished",1 Car Detached,5,10719.00,CL,4/30/2018,5/30/2019,5/16/2018,8/14/2018,16,Det,1,1,3025461
46,,Pearl,Street,New Hyde Park,11040,629900,627000,Cape,4,1.500,"Full,Finished",1 Car Detached,5,14365.43,CL,5/02/2018,11/01/2018,5/24/2018,7/27/2018,22,Det,1,1,3026109
98,,Maple Drive West,,New Hyde Park,11040,639900,626500,Cape,4,2.000,Full,1 Car Detached,5,12628.78,CL,5/02/2018,10/01/2018,9/19/2018,1/03/2019,140,Det,1,1,3026428
676,,Sixth,Avenue,New Hyde Park,11040,749000,616000,Colonial,4,2.500,"Full,Finished",1 Car Detached,5,9480.88,Cl,5/03/2018,8/12/2018,7/27/2018,11/01/2018,85,Det,1,1,3026525
39,,Carole,Avenue,New Hyde Park,11040,659000,649250,Cape,4,1.500,"Full,Partially Finished",1 Car Detached,5,9162.30,CL,5/08/2018,12/31/2018,5/18/2018,7/25/2018,10,Det,1,1,3028599
651,,5,Avenue,New Hyde Park,11040,719000,700000,Cape,4,2.000,"Full,Finished",2 Car Detached,5,10322.00,CL,5/10/2018,10/16/2018,6/01/2018,8/07/2018,22,Det,1,1,3028918
318,S,9th,Street,New Hyde Park,11040,659000,650000,Colonial,3,2.000,"Full,Partially Finished",2 Car Detached,5,9410.61,CL,5/09/2018,5/09/2019,7/25/2018,9/14/2018,77,Det,1,1,3028957
22,,Hitching Post,Lane,Glen Cove,11542,669000,629000,Colonial,5,2.500,Full,2 Car Attached,5,12228.00,CL,5/14/2018,12/31/2018,6/22/2018,9/07/2018,39,Det,1,1,3029831
17,,Dartmouth,Drive,Glen Cove,11542,625000,605000,Colonial,4,2.500,"Full,Unfinished",2 Car Attached,5,11747.00,CL,5/18/2018,11/18/2018,6/01/2018,9/05/2018,14,Det,1,1,3031414
2996,,Lawrence,Drive,Wantagh,11793,639999,630000,Colonial,5,2.500,"Full,Finished",1 Car Attached,5,15436.06,CL,3/07/2018,9/06/2018,6/07/2018,7/17/2018,91,Det,1,1,3032016
1614,,Falmouth,Avenue,New Hyde Park,11040,668888,650000,Exp Cape,4,3.000,"Full,Finished",2 Car Detached,5,14682.73,CL,5/21/2018,1/24/2019,11/16/2018,2/14/2019,179,Det,1,1,3032319
132,,Celler,Avenue,New Hyde Park,11040,648000,635000,Cape,4,1.000,"Full,Unfinished",1 Car Attached,5,9230.80,CL,5/24/2018,11/30/2018,7/06/2018,8/23/2018,43,Det,1,1,3033145
195,,Marcus,Avenue,New Hyde Park,11040,639000,607185,Cape,4,2.000,"Full,Finished",1 Car Detached,5,9054.35,CL,5/24/2018,8/17/2018,8/16/2018,10/05/2018,84,Det,1,1,3033250
29,,Northfield,Road,Glen Cove,11542,680000,650000,Split Level,4,4.000,"Full,Finished",2 Car Attached,5,13403.40,CL,5/23/2018,5/23/2019,3/27/2019,5/01/2019,308,Det,1,1,3033346
48,,Franklin,Avenue,Glen Cove,11542,639000,625000,Victorian,3,2.500,"Full,Unfinished",2 Car Detached,5,10500.00,CL,5/25/2018,5/31/2019,5/17/2019,7/26/2019,357,Det,1,1,3033583
530,,Sand Hill,Road,Wantagh,11793,669000,660000,Hi Ranch,5,3.500,"None,Unfinished",,5,15388.67,CL,5/10/2018,11/10/2018,10/05/2018,12/11/2018,148,Det,1,1,3033991
127,S,12th,Street,New Hyde Park,11040,709000,700000,Colonial,4,2.500,"Full,Unfinished",,5,11705.00,CL,5/28/2018,11/21/2018,6/25/2018,9/26/2018,28,Det,2,2,3034123
39,,Winthrop,Street,New Hyde Park,11040,635000,620000,Cape,3,1.000,"Full,Finished",1 Car Attached,5,11957.00,CL,6/05/2018,12/05/2018,8/17/2018,11/30/2018,73,Det,1,1,3036538
36,,Dock,Lane,Wantagh,11793,649000,630000,Duplex,6,3.000,"None,Unfinished",,5,18276.00,CL,6/06/2018,9/06/2018,6/27/2018,8/21/2018,21,Det,1,2,3037188
1085,,Mclean,Avenue,Wantagh,11793,579000,611000,Ranch,3,2.000,"Full,Finished",1 Car Detached,5,11567.91,CL,6/07/2018,12/31/2018,6/22/2018,10/15/2018,15,Det,1,1,3037323
123,,Atlantic,Avenue,Garden City Park,11040,649000,605000,Cape,4,2.000,"None,Unfinished",1 Car Attached,5,13504.17,CL,6/08/2018,10/16/2018,7/07/2018,7/13/2018,29,Det,1,1,3037664
117,,Central,Boulevard,New Hyde Park,11040,648000,620000,Cape,4,3.000,"Full,Finished",1 Car Detached,5,10069.00,CL,6/12/2018,1/08/2019,8/22/2018,10/22/2018,71,Det,1,1,3038832
307,,Lowell,Avenue,New Hyde Park,11040,699000,675000,Cape,4,2.000,"Full,Finished",1 Car Detached,5,10285.95,CL,6/14/2018,6/10/2019,6/29/2018,10/02/2018,15,Det,1,1,3039486
108,N,11th,Street,New Hyde Park,11040,649000,645000,Colonial,3,2.000,"Full,Partially Finished",,5,10007.00,CL,6/14/2018,12/14/2018,7/10/2018,11/08/2018,26,Det,1,1,3039529
22,,Elbow,Lane,Levittown,11756,619000,619000,Colonial,6,2.000,"None,Unfinished",,5,11505.00,CL,6/06/2018,6/30/2019,7/18/2018,9/30/2018,42,Det,1,1,3041402
6,,Starlight,Lane,Levittown,11756,699000,670000,Colonial,5,3.000,"None,Unfinished",,5,10200.00,CL,6/23/2018,12/23/2018,8/17/2018,10/04/2018,55,Det,1,1,3042431
808,,Carl,Court,Wantagh,11793,669999,670000,Exp Ranch,5,2.000,"Full,Finished",2 Car Attached,5,12759.50,CL,6/28/2018,2/01/2019,7/26/2018,9/06/2018,28,Det,1,1,3043861
47,,Sugar Maple Lane,,Glen Cove,11542,739000,640000,Hi Ranch,5,3.000,"Full,Finished",,5,10356.00,CL,6/28/2018,6/30/2019,8/23/2018,9/18/2018,56,Det,1,1,3043994
918,,New Hyde Park,Road,New Hyde Park,11040,629000,630000,Cape,4,1.500,"Full,Finished",1 Car Detached,5,10778.00,CL,6/29/2018,12/31/2018,7/05/2018,10/12/2018,6,Det,1,1,3044086
99,,Central,Avenue,New Hyde Park,11040,729000,688000,Exp Cape,5,2.000,"Full,Finished",,5,10391.78,CL,6/30/2018,1/31/2019,11/19/2018,1/11/2019,142,Det,1,2,3044495
215,,Bryant,Avenue,New Hyde Park,11040,635000,620000,Cape,3,1.500,"Full,Finished",1 Car Detached,5,9697.00,CL,7/08/2018,1/15/2019,9/15/2018,11/15/2018,69,Det,1,1,3046265
106,,Central,Boulevard,New Hyde Park,11040,646000,610000,Cape,3,2.000,"Full,Finished",1 Car Detached,5,11830.52,CL,7/10/2018,12/29/2018,8/31/2018,11/06/2018,52,Det,1,1,3046968
1536,,Jasmine,Avenue,New Hyde Park,11040,638800,630000,Cape,4,2.000,"Full,Partially Finished",1 Car Detached,5,10102.12,CL,7/19/2018,2/19/2019,2/07/2019,4/05/2019,203,Det,1,1,3049838
83,,William Street,,New Hyde Park,11040,649000,625000,Colonial,4,2.000,Full,1 Car Detached,5,12773.87,CL,7/20/2018,12/31/2018,8/01/2018,10/05/2018,12,Det,1,1,3050047
74,,Aberdeen,Road,New Hyde Park,11040,685000,667500,Cape,4,2.000,"Full,Finished",1 Car Detached,5,11892.00,CL,8/02/2018,1/31/2019,8/22/2018,10/19/2018,20,Det,1,1,3053742
3984,,Berrywood,Drive,Seaford,11783,674888,645000,Contemporary,3,2.500,"Full,Finished",1 Car Attached,5,11951.00,CL,8/03/2018,2/03/2019,9/25/2018,11/01/2018,53,Det,1,1,3054023
73,,Hitching Post,Lane,Glen Cove,11542,672000,680000,Colonial,4,2.500,"Full,Finished",2 Car Attached,5,11450.99,CL,8/06/2018,2/28/2019,9/07/2018,11/30/2018,32,Det,1,1,3054618
12,,Ridge,Drive,Glen Cove,11542,675000,699000,Exp Ranch,3,2.000,Full,2 Car Detached,5,9737.46,CL,8/08/2018,8/31/2019,12/17/2018,4/03/2019,131,Det,1,1,3055759
122,S,4th,Street,New Hyde Park,11040,688000,690000,Exp Cape,4,2.000,"Full,Partially Finished",2 Car Detached,5,8986.44,CL,8/08/2018,1/31/2019,9/05/2018,11/27/2018,28,Det,1,1,3055864
14,,Dallas,Avenue,New Hyde Park,11040,689000,665000,Exp Cape,3,2.500,"Full,Unfinished",1 Car Detached,5,14493.49,CL,8/16/2018,2/09/2019,9/07/2018,11/13/2018,22,Det,1,1,3057645
1034,N,First,Street,New Hyde Park,11040,659000,645000,Exp Cape,4,2.000,"Full,Finished",1 Car Detached,5,10750.36,CL,8/23/2018,1/31/2019,12/01/2018,3/12/2019,100,Det,1,1,3059402
110,,Lea Ann,Terrace,Wantagh,11793,569000,615000,Exp Ranch,4,3.000,"Full,Finished",1 Car Attached,5,10283.72,CL,8/24/2018,4/15/2019,8/31/2018,10/22/2018,7,Det,1,1,3059842
62,,Judith,Court,Wantagh,11793,679990,679990,Split Level,6,4.500,"Full,Finished",2 Car Attached,5,15218.95,CL,8/29/2018,3/01/2019,9/13/2018,1/25/2019,15,Det,1,1,3061386
530,N,12th,Street,New Hyde Park,11040,698000,672500,Cape,4,2.000,Full,1 Car Detached,5,10430.00,CL,8/31/2018,8/30/2019,12/11/2018,3/05/2019,102,Det,1,1,3061391
1604,,Gilford,Avenue,New Hyde Park,11040,728000,685000,Colonial,3,2.500,Full,,5,14067.00,CL,9/01/2018,6/30/2019,1/25/2019,3/25/2019,146,Det,1,1,3061624
55,,Broadway,,New Hyde Park,11040,679000,662000,Ranch,3,2.000,"Full,Partially Finished",1 Car Attached,5,10567.55,CL,9/04/2018,3/31/2019,10/24/2018,1/22/2019,50,Det,1,1,3062441
11,,Birch,Lane,New Hyde Park,11040,650000,641000,Cape,4,1.500,"Full,Partially Finished",1 Car Attached,5,10526.00,CL,9/12/2018,3/13/2019,10/10/2018,12/14/2018,28,Det,1,1,3064582
6,,Brookdale,Road,Glen Cove,11542,679000,665000,Split Level,3,2.000,"Full,Finished",1 Car Attached,5,9812.41,CL,9/25/2018,3/31/2019,11/30/2018,12/19/2018,66,Det,1,1,3068085
38,,Aberdeen,Road,New Hyde Park,11040,679000,680000,Cape,3,2.000,"Full,Finished",,5,12724.00,CL,9/28/2018,9/30/2019,10/23/2018,2/14/2019,25,Det,1,1,3069172
33,,3rd,Avenue,New Hyde Park,11040,715000,692000,Colonial,3,2.500,Full,,5,8899.88,Cl,10/02/2018,4/03/2019,10/26/2018,1/07/2019,24,Det,1,1,3069988
26,,Woolsey,Avenue,Glen Cove,11542,649000,649000,Colonial,3,3.000,"Full,Finished",2 Car Detached,5,9743.67,CL,10/09/2018,3/31/2019,11/16/2018,2/04/2019,38,Det,1,1,3072197
37,,Evergreen,Avenue,New Hyde Park,11040,639000,670000,Cape,3,1.000,"Full,Finished",,5,8918.03,CL,10/12/2018,4/12/2019,10/26/2018,12/26/2018,14,Det,1,1,3072910
16,,Frieda,Lane,Wantagh,11793,674999,650000,Colonial,4,3.500,"Full,Finished",2 Car Attached,5,21172.20,CL,10/16/2018,10/16/2019,11/19/2018,12/20/2018,34,Det,1,1,3073943
64,,Franklin,Avenue,New Hyde Park,11040,699900,660000,Cape,4,2.000,Full,2 Car Detached,5,13099.44,CL,10/24/2018,4/09/2019,1/17/2019,3/14/2019,85,Det,1,1,3076080
51,,Stephen,Avenue,New Hyde Park,11040,685000,654500,Colonial,3,1.500,"Full,Finished",,5,8188.00,CL,10/26/2018,1/24/2019,1/03/2019,3/11/2019,69,Det,1,1,3076564
63,,Squirrel,Lane,Levittown,11756,624900,610000,Colonial,5,3.000,"None,Unfinished",,5,12685.64,CL,11/06/2018,3/31/2019,2/05/2019,4/24/2019,91,Det,1,1,3079068
1007,,Whittier,Avenue,New Hyde Park,11040,725000,690000,Exp Cape,5,3.500,"Full,Finished",1 Car Detached,5,11697.92,CL,11/08/2018,5/22/2019,5/13/2019,8/28/2019,185,Det,1,1,3079194
46,,Old Tappan,Road,Glen Cove,11542,649000,625000,Colonial,4,2.500,"Full,Finished",1 Car Attached,5,13816.68,CL,11/08/2018,4/30/2019,2/18/2019,4/18/2019,102,Det,1,1,3079828
10,,Atlas,Court,New Hyde Park,11040,699000,685000,Hi Ranch,4,1.500,"None,Unfinished",1 Car Attached,5,13356.73,CL,11/08/2018,5/15/2019,1/12/2019,2/27/2019,65,Det,1,1,3080022
22,,Viola,Drive,Glen Cove,11542,649000,678000,Split Level,3,2.500,"Partial,Finished",2 Car Attached,5,15230.00,CL,11/12/2018,6/07/2019,12/07/2018,1/23/2019,25,Det,1,1,3080534
83,,Clement,Street,Glen Cove,11542,650000,625000,Colonial,5,2.500,"Full,Unfinished",2 Car Attached,5,10000.00,CL,11/16/2018,6/16/2019,5/21/2019,7/12/2019,185,Det,1,1,3081702
10,,Maple,Court,New Hyde Park,11040,649000,638000,Cape,3,2.000,"Full,Finished",1 Car Detached,5,11000.00,CL,11/19/2018,6/30/2019,3/28/2019,7/29/2019,128,Det,1,1,3082317
1005,,Terrace,Boulevard,New Hyde Park,11040,739900,690000,Exp Cape,4,2.000,"Full,Unfinished",,5,12705.34,CL,11/20/2018,5/15/2019,3/26/2019,5/09/2019,125,Det,1,1,3082415
11,,Dougherty,Street,Glen Cove,11542,679000,640000,Duplex,5,2.000,"Full,Finished",2 Car Detached,5,11341.45,CL,11/26/2018,5/19/2019,1/30/2019,3/13/2019,65,Det,2,2,3083051
940,N,5,Street,New Hyde Park,11040,659000,645000,Exp Cape,4,2.000,"Full,Finished",1 Car Detached,5,9646.06,CL,11/26/2018,6/30/2019,1/02/2019,2/28/2019,37,Det,1,1,3083101
20,,Highfield,Road,Glen Cove,11542,634900,615000,Colonial,4,2.500,"Full,Unfinished",2 Car Attached,5,16574.00,CL,11/29/2018,11/30/2019,1/29/2019,3/25/2019,61,Det,1,1,3084071
10,,Wolfle,Street,Glen Cove,11542,699900,650000,Colonial,3,2.500,"Full,Finished",,5,8171.60,CL,12/03/2018,3/03/2019,1/01/2019,4/09/2019,29,Det,1,1,3084710
35,,Dale,Lane,Levittown,11756,699990,700000,Colonial,5,3.000,"None,Unfinished",,5,12054.22,CL,12/06/2018,3/03/2019,1/25/2019,5/30/2019,50,Det,1,1,3085511
34,,Furrow,Lane,Levittown,11756,614999,614999,Colonial,7,2.000,"None,Unfinished",1 Car Attached,5,15064.70,CL,12/27/2018,3/27/2019,1/14/2019,4/01/2019,18,Det,1,1,3088981
72,,Sugar Maple,Road,Levittown,11756,668888,670000,Colonial,4,3.500,"None,Unfinished",,5,0.00,CL,1/02/2019,6/10/2019,6/26/2019,8/29/2019,174,Det,1,1,3089480
56,,2nd,Avenue,New Hyde Park,11040,675000,645000,Colonial,5,3.000,"Full,Finished",1 Car Detached,5,13443.05,CL,1/04/2019,4/01/2019,2/06/2019,4/12/2019,33,Det,1,1,3090570
34,,Ashland,Avenue,New Hyde Park,11040,608000,608000,Cape,3,1.000,"Full,Finished",1 Car Attached,5,13672.00,CL,1/14/2019,12/30/2019,2/06/2019,6/17/2019,23,Det,1,1,3093094
5,,Primrose,Drive,New Hyde Park,11040,679000,679000,Cape,4,1.000,"Full,Unfinished",1 Car Attached,5,12638.00,CL,1/21/2019,7/31/2019,3/02/2019,5/24/2019,40,Det,1,1,3094801
3711,,Greentree,Drive,Wantagh,11793,629000,605000,Colonial,4,2.500,Partial,,5,14661.44,CL,1/22/2019,10/31/2019,4/23/2019,6/28/2019,90,Att,1,1,3095080
1638,,Jasmine,Avenue,New Hyde Park,11040,629000,637000,Cape,3,2.000,"Full,Finished",1 Car Detached,5,10678.31,CL,1/29/2019,7/29/2019,2/18/2019,5/31/2019,20,Det,1,1,3096960
33,,Oak,Lane,Glen Cove,11542,699000,680000,Colonial,3,2.500,"Full,Unfinished",2 Car Detached,5,13060.00,CL,1/30/2019,12/18/2019,4/12/2019,8/13/2019,71,Det,1,1,3097229
271-08,,77th,Road,N. New Hyde Park,11040,699000,667000,Cape,3,2.000,"Full,Partially Finished",,5,5963.00,CL,2/02/2019,7/30/2019,3/13/2019,6/11/2019,38,Det,1,1,3098112
18,,Plow,Lane,Levittown,11756,649888,640000,Colonial,4,2.000,"None,Unfinished",,5,8713.82,CL,2/05/2019,6/01/2019,4/01/2019,5/23/2019,54,Det,1,1,3098776
30,,Cooper,Lane,Levittown,11756,669000,669000,Colonial,5,3.500,"None,Unfinished",,5,13277.73,CL,2/08/2019,8/08/2019,4/11/2019,6/05/2019,61,Det,1,1,3099892
3058,,Morgan,Drive,Wantagh,11793,625000,625000,Exp Ranch,3,2.500,"Full,Finished",1 Car Attached,5,14758.40,CL,2/08/2019,8/06/2019,2/26/2019,3/26/2019,18,Det,1,1,3099912
7,,Highland,Road,Glen Cove,11542,685000,660000,Colonial,4,2.550,"Partial,Unfinished",,5,15617.07,CL,2/09/2019,8/09/2019,6/14/2019,8/19/2019,124,Det,1,1,3099934
3616,,Carlisle,Road,Wantagh,11793,599800,602000,Split Level,3,2.500,"Full,Finished",,5,13517.22,CL,2/13/2019,8/13/2019,3/21/2019,5/21/2019,35,Det,1,1,3100824
53,,Park,Circle,New Hyde Park,11040,629000,615000,Cape,3,3.000,"Full,Finished",,5,7840.00,CL,2/12/2019,8/15/2019,6/07/2019,8/07/2019,114,Det,1,1,3100852
15,,Maple,Court,New Hyde Park,11040,649000,649000,Cape,4,2.000,"Full,Partially Finished",1 Car Detached,5,11034.51,CL,2/18/2019,5/12/2019,3/20/2019,5/13/2019,29,Det,1,1,3101950
7,,Soundbeach,Drive,Glen Cove,11542,625000,625000,Hi Ranch,4,3.000,"None,Unfinished",2 Car Attached,5,15466.00,CL,2/18/2019,8/18/2019,3/07/2019,9/06/2019,17,Det,1,1,3102044
8,,Baxter,Avenue,New Hyde Park,11040,709999,685000,Cape,4,2.000,"Full,Finished",1 Car Attached,5,11142.28,CL,2/18/2019,8/31/2019,3/25/2019,5/29/2019,34,Det,1,1,3102219
3980,,Appletree,Lane,Seaford,11783,624000,635000,Split Level,3,3.000,"Full,Finished",2 Car Attached,5,15300.00,CL,2/20/2019,8/20/2019,3/25/2019,6/28/2019,32,Det,1,1,3103007
1031,,Johnston,Avenue,Wantagh,11793,599990,625000,Exp Ranch,4,3.000,"Full,Finished",,5,16347.91,CL,2/21/2019,5/21/2019,3/21/2019,4/25/2019,27,Det,1,1,3103139
4,N,10th,Street,New Hyde Park,11040,628888,605000,Cape,4,1.000,"Full,Partially Finished",1 Car Detached,5,9753.00,CL,2/22/2019,5/21/2019,5/02/2019,7/30/2019,68,Det,1,1,3103239
93,,Harvest,Lane,Levittown,11756,639000,620000,Colonial,4,3.000,"None,Unfinished",1 Car Attached,5,12379.00,CL,2/25/2019,8/25/2019,4/01/2019,6/04/2019,34,Det,1,1,3103890
14,,Surrey,Road,New Hyde Park,11040,660000,650000,Cape,3,2.000,"Full,Finished",,5,13917.00,CL,2/25/2019,8/16/2019,4/17/2019,6/20/2019,50,Det,1,1,3103930
936,N,1st,Street,New Hyde Park,11040,649000,640000,Cape,3,1.000,Full,,5,10220.00,CL,2/27/2019,9/01/2019,4/02/2019,6/04/2019,33,Det,1,1,3104566
1002,N,7th,Street,New Hyde Park,11040,689000,640000,Cape,4,2.000,"Full,Finished",2 Car Detached,5,8513.25,CL,2/28/2019,8/28/2019,4/15/2019,7/22/2019,45,Det,1,1,3104753
120,,Tally,Lane,Wantagh,11793,679999,679999,Split Level,4,3.500,"Full,Finished",,5,15029.92,CL,3/05/2019,2/15/2020,3/20/2019,8/23/2019,14,Det,1,1,3106198
5,E,Stuart,Drive,Glen Cove,11542,699000,665000,Farm Ranch,5,3.000,"Full,Finished",2 Car Attached,5,11127.85,CL,3/07/2019,7/01/2019,4/25/2019,6/17/2019,48,Det,1,1,3107177
1658,,Broadway,,New Hyde Park,11040,699000,660000,Exp Cape,5,2.000,"Full,Finished",1 Car Attached,5,8366.00,CL,3/09/2019,9/09/2019,9/04/2019,10/25/2019,178,Det,1,1,3107593
16,,cosgrove,Drive,Glen Cove,11542,659000,640000,Colonial,5,3.500,"Full,Partially Finished",2 Car Attached,5,13289.59,CL,3/14/2019,11/18/2019,6/03/2019,6/24/2019,81,Det,1,1,3109143
4088,,Briarwood,Avenue,Seaford,11783,629000,630000,Split Level,4,3.000,"Partial,Finished",2 Car Attached,5,15106.07,CL,3/19/2019,9/19/2019,3/28/2019,6/27/2019,9,Det,1,1,3110433
600,,Lakeville,Road,New Hyde Park,11040,689999,685000,Colonial,3,2.000,"Full,Finished",1 Car Attached,5,13449.37,CL,3/24/2019,7/01/2019,5/06/2019,8/07/2019,43,Sd,2,2,3112137
15,,Heron,Lane,Levittown,11756,699000,660000,Colonial,3,2.550,"None,Unfinished",,5,13255.45,CL,3/09/2019,4/01/2020,4/22/2019,11/01/2019,43,Det,1,1,3114486
39,,Dyckman,Avenue,New Hyde Park,11040,720000,697000,Exp Ranch,4,1.000,"Full,Finished",1 Car Detached,5,13185.00,CL,4/02/2019,10/02/2019,6/24/2019,10/02/2019,83,Det,1,1,3115195
12,,Jefferson,Street,Glen Cove,11542,699000,685000,Duplex,5,4.000,"Full,Unfinished",2 Car Attached,5,16371.00,CL,4/03/2019,12/31/2019,4/18/2019,7/02/2019,15,Det,2,2,3115252
57,,Hitching Post,Lane,Glen Cove,11542,658000,630000,Colonial,4,2.500,"Full,Unfinished",2 Car Attached,5,11956.93,CL,4/03/2019,11/01/2019,7/12/2019,9/26/2019,100,Det,1,1,3115317
61,,Bedford,Avenue,New Hyde Park,11040,699999,670000,Colonial,4,1.000,Full,,5,15853.00,CL,4/04/2019,12/31/2019,7/30/2019,2/21/2020,117,Det,1,1,3115979
1212,,Flower,Lane,Wantagh,11793,719000,700000,Other,5,2.500,"Full,Finished",1 Car Attached,5,21778.81,CL,4/04/2019,7/05/2019,5/28/2019,8/23/2019,54,Det,1,1,3116071
1,,Prospect,Avenue,Sea Cliff,11579,648000,635000,Victorian,2,2.000,"Full,Unfinished",1 Car Attached,5,10715.50,CL,4/12/2019,12/31/2019,5/17/2019,8/05/2019,35,Det,1,1,3118668
47,,3rd,Street,Glen Cove,11542,649000,620000,Colonial,5,2.500,"Full,Unfinished",2 Car Attached,5,10342.00,CL,4/15/2019,1/31/2020,12/03/2019,1/31/2020,232,Det,1,1,3119465
659,,Priscilla,Place,Seaford,11783,629000,625000,Colonial,3,1.500,"Full,Finished",1 Car Attached,5,11345.14,CL,4/22/2019,10/11/2019,5/29/2019,8/09/2019,37,Det,1,1,3121171
1504,,Jasmine,Avenue,New Hyde Park,11040,649000,635000,Cape,4,2.500,"Full,Finished",,5,11945.32,CL,4/22/2019,12/31/2019,8/20/2019,11/20/2019,120,Det,1,1,3121346
6,,Putnam Ave,,Glen Cove,11542,669000,650000,Colonial,5,3.000,"Partial,Unfinished",2 Car Attached,5,8100.00,CL,4/22/2019,11/01/2019,9/06/2019,9/30/2019,137,Det,2,2,3121362
87,,Sperry,Boulevard,New Hyde Park,11040,629000,618000,Cape,4,2.000,"Full,Finished",1 Car Detached,5,12442.00,CL,4/24/2019,10/30/2019,6/28/2019,8/16/2019,65,Det,1,1,3122102
58,,Porter,Place,Glen Cove,11542,648000,635000,Split Level,3,2.500,"Full,Unfinished",1 Car Attached,5,12020.76,CL,5/07/2019,11/30/2019,6/18/2019,11/08/2019,42,Det,1,1,3126177
241,,Walnut,Road,Glen Cove,11542,649000,635000,Colonial,5,2.500,"Partial,Unfinished",2 Car Attached,5,12200.00,CL,5/07/2019,12/01/2019,6/04/2019,8/05/2019,28,Det,1,1,3126421
811,,5,Avenue,New Hyde Park,11040,688000,670000,Exp Cape,5,2.000,Full,1 Car Detached,5,11577.00,CL,5/10/2019,2/28/2020,6/06/2019,7/12/2019,27,Det,1,1,3127607
9,,Westland,Drive,Glen Cove,11542,688000,665000,Ranch,3,2.000,"None,Unfinished",2 Car Attached,5,14063.68,CL,5/13/2019,11/01/2019,9/12/2019,12/11/2019,122,Det,1,1,3128309
26,,Surrey,Road,New Hyde Park,11040,619000,620000,Cape,4,1.000,"Full,Unfinished",1 Car Attached,5,11868.59,CL,5/15/2019,11/08/2019,7/01/2019,8/27/2019,47,Det,1,1,3128791
36,,Manly,Place,New Hyde Park,11040,699000,673000,Cape,3,1.500,Full,1 Car Detached,5,9652.72,CL,5/15/2019,9/30/2019,8/24/2019,10/15/2019,101,Det,1,1,3129118
1641,,Falmouth,Avenue,New Hyde Park,11040,799000,685000,Ranch,3,2.000,"Full,Finished",2 Car Detached,5,9297.37,CL,5/20/2019,11/20/2019,7/01/2019,9/13/2019,42,Det,1,1,3130256
54,,2nd,Street,New Hyde Park,11040,625000,625000,Ranch,3,2.000,"Full,Finished",1 Car Detached,5,10319.00,CL,5/22/2019,11/22/2019,6/17/2019,8/20/2019,26,Det,1,1,3131100
1023,N,2nd,Street,New Hyde Park,11040,639000,647000,Exp Cape,4,3.000,"Full,Finished",1 Car Detached,5,8911.00,CL,5/22/2019,11/23/2019,7/14/2019,10/10/2019,53,Det,1,1,3131203
44,,Porter,Place,Glen Cove,11542,649000,625000,Colonial,5,2.000,"Partial,Finished",1 Car Attached,5,12214.15,CL,5/22/2019,5/31/2020,7/30/2019,10/03/2019,69,Det,1,1,3131204
61,,Buckeye,Road,Glen Cove,11542,705000,665000,Ranch,3,1.500,,,5,10673.00,CL,5/24/2019,11/30/2019,7/12/2019,9/23/2019,49,Det,1,1,3131819
29,,Hitching Post,Lane,Glen Cove,11542,639000,630000,Hi Ranch,4,3.000,"None,Unfinished",2 Car Attached,5,10985.00,CL,5/28/2019,12/30/2019,6/13/2019,9/13/2019,16,Det,1,1,3132499
10,,Thrush,Lane,Levittown,11756,668888,660000,Colonial,4,3.000,"None,Unfinished",,5,12725.77,CL,1/02/2019,9/18/2019,6/27/2019,12/18/2019,175,Det,1,1,3133057
14,,Shotgun,Lane,Levittown,11756,679999,618000,Exp Ranch,6,2.000,"None,Unfinished",1 Car Attached,5,15177.46,CL,5/29/2019,1/31/2020,6/18/2019,8/22/2019,20,Det,1,1,3133197
66,,Primrose,Drive,New Hyde Park,11040,699000,699000,Exp Cape,4,3.000,"Full,Finished",1 Car Attached,5,11467.00,CL,5/30/2019,11/30/2019,7/26/2019,9/26/2019,57,Det,1,1,3133586
1722,,Belmont,Avenue,New Hyde Park,11040,610000,608500,Cape,5,2.500,"Full,Finished",,5,11347.00,CL,6/01/2019,6/01/2020,6/21/2019,9/17/2019,20,Det,1,1,3134450
930,N,2,Street,New Hyde Park,11040,649000,620000,Cape,4,3.000,"Full,Finished",1 Car Detached,5,13738.00,CL,6/06/2019,6/04/2020,11/04/2019,1/31/2020,151,Det,1,1,3135708
54,,Shotgun,Lane,Levittown,11756,689999,685000,Colonial,5,3.000,"None,Unfinished",,5,10396.27,CL,6/12/2019,12/12/2019,8/07/2019,12/20/2019,56,Det,1,1,3137632
35,,William,Street,New Hyde Park,11040,689000,689000,Colonial,3,1.500,"Full,Partially Finished",1 Car Attached,5,11714.36,CL,6/12/2019,12/31/2019,7/25/2019,10/31/2019,43,Det,1,1,3137815
24,,Prospect,Avenue,Glen Cove,11542,699000,670000,Colonial,7,3.000,"Full,Finished",,5,12083.13,CL,6/13/2019,12/30/2019,10/07/2019,11/20/2019,116,Sd,1,1,3138348
68,,Lawrence,Street,New Hyde Park,11040,699000,640000,Cape,4,2.000,"Full,Partially Finished",1 Car Detached,5,13471.55,CL,6/14/2019,12/14/2019,11/05/2019,1/14/2020,144,Det,1,1,3138613
31,,Gaffney,Street,Glen Cove,11542,669000,669000,Hi Ranch,5,3.000,"None,Unfinished",1 Car Attached,5,11197.27,CL,6/18/2019,12/31/2019,7/26/2019,10/08/2019,38,Det,2,2,3139393
52,,Pilgrim,Street,New Hyde Park,11040,699000,630000,Cape,5,2.000,Full,1 Car Attached,5,15663.00,CL,6/19/2019,12/20/2019,9/17/2019,12/06/2019,90,Det,1,1,3139800
30,,Anchor,Lane,Levittown,11756,624999,607000,Colonial,4,2.500,"None,Unfinished",,5,14079.00,CL,6/19/2019,12/19/2019,7/16/2019,9/05/2019,27,Det,1,1,3139886
12,,Sherman,Road,Glen Cove,11542,674900,657000,Ranch,4,2.500,"Full,Finished",,5,9455.03,CL,6/21/2019,12/31/2019,8/02/2019,9/20/2019,42,Det,1,1,3140869
1508,,Jasmine,Avenue,New Hyde Park,11040,648999,630000,Cape,4,3.000,"Full,Finished",,5,12663.00,CL,6/25/2019,8/25/2019,8/07/2019,10/04/2019,43,Det,1,1,3142397
75,,Willits Rd,,Glen Cove,11542,725000,695000,Split Level,3,2.500,"Partial,Unfinished",2 Car Attached,5,13025.00,CL,7/01/2019,3/01/2020,8/07/2019,1/27/2020,37,Det,1,1,3143509
4,,Doxey,Drive,Glen Cove,11542,649000,649000,Cape,4,2.000,"Full,Finished",1 Car Attached,5,11423.00,CL,7/02/2019,1/07/2020,7/26/2019,10/25/2019,24,Det,1,1,3143716
25,,Nugent,Street,New Hyde Park,11040,615000,605000,Cape,3,2.000,Full,1 Car Detached,5,10210.57,CL,7/03/2019,12/26/2019,9/03/2019,11/18/2019,62,Det,1,1,3144180
1066,,Mclean,Avenue,Wantagh,11793,659000,635000,Colonial,4,2.500,"Full,Finished",Detached,5,15008.00,CL,7/09/2019,1/03/2020,12/04/2019,2/05/2020,148,Det,1,1,3145423
3,,Eastern,Drive,New Hyde Park,11040,678000,636000,Modern,3,2.500,"Full,Finished",2 Car Attached,5,12017.00,CL,7/09/2019,10/09/2019,8/13/2019,10/17/2019,35,Det,1,1,3146075
3682,,Libby,Lane,Wantagh,11793,624000,640000,Split Level,4,2.550,"Full,Finished",1 Car Attached,5,14913.55,CL,7/15/2019,7/15/2020,8/09/2019,10/25/2019,25,Det,1,1,3147233
32,,Sherwood,Road,Levittown,11756,700000,660000,Colonial,6,2.000,"Full,Finished",,5,12871.00,CL,7/15/2019,1/15/2020,9/05/2019,11/25/2019,52,Det,1,1,3148032
12,,Orchid,Road,Levittown,11756,688888,670000,Colonial,5,3.000,"None,Unfinished",,5,12721.08,CL,7/17/2019,7/17/2020,9/27/2019,11/19/2019,72,Det,1,1,3148104
8,,Rellim,Drive,Glen Cove,11542,689000,692411,Ranch,3,3.000,"Full,Finished",,5,10399.00,CL,7/19/2019,1/19/2020,8/02/2019,9/23/2019,14,Det,1,1,3148680
8,,Bell,Lane,Levittown,11756,639000,620000,Colonial,5,2.500,"None,Unfinished",1 Car Attached,5,14632.00,CL,7/23/2019,4/28/2020,8/08/2019,9/24/2019,16,Det,1,1,3149828
26,,Abbey,Lane,Levittown,11756,675000,695000,Exp Ranch,6,3.000,"None,Unfinished",,5,12247.00,CL,7/24/2019,12/01/2019,8/07/2019,9/24/2019,14,Det,1,1,3149917
3945,,Daleview,Avenue,Seaford,11783,655000,655000,Split Level,4,3.000,"Full,Finished",1 Car Attached,5,14986.38,CL,7/26/2019,12/01/2019,10/11/2019,11/26/2019,77,Det,1,1,3150805
1331,,Lois,Lane,Seaford,11783,635000,615000,Split Level,3,3.000,"Partial,Finished",2 Car Attached,5,12722.09,CL,7/30/2019,7/15/2020,8/19/2019,9/13/2019,20,Det,1,1,3151573
14,,Mckinley,Place,Glen Cove,11542,619000,605000,Cape,4,2.500,"Full,Finished",1 Car Attached,5,11111.98,CL,8/07/2019,1/31/2020,10/29/2019,1/08/2020,83,Det,1,1,3153926
1404,,Lowell,Avenue,New Hyde Park,11040,685000,630000,Colonial,5,2.000,"Full,Unfinished",,5,17895.67,CL,8/08/2019,2/07/2020,12/06/2019,2/05/2020,120,Det,1,1,3154274
35,,Tulip,Lane,New Hyde Park,11040,699000,670000,Cape,4,2.000,Full,1 Car Attached,5,12926.58,CL,8/08/2019,12/31/2019,10/18/2019,11/20/2019,71,Det,1,1,3154544
31,,Peacock,Lane,Levittown,11756,629000,612000,Colonial,4,3.000,"None,Unfinished",,5,12503.00,CL,8/08/2019,8/08/2020,9/12/2019,12/03/2019,35,Det,1,1,3154559
12,,Leonard,Street,Glen Cove,11542,599000,610000,Colonial,4,2.500,Full,,5,13206.11,CL,8/08/2019,2/08/2020,8/22/2019,11/21/2019,14,Det,1,1,3154608
26,,8th,Street,New Hyde Park,11040,689000,640000,Exp Ranch,3,2.000,"Full,Partially Finished",2 Car Detached,5,16047.27,CL,8/16/2019,12/16/2019,10/07/2019,12/11/2019,52,Det,2,2,3156748
25,,Viola,Drive,Glen Cove,11542,688000,700000,Split Level,3,2.500,"Partial,Partially Finished",2 Car Attached,5,15230.90,CL,8/30/2019,4/30/2020,9/27/2019,11/27/2019,28,Det,1,1,3160216
8,,Kirkwood,Drive,Glen Cove,11542,670000,650000,Split Level,3,2.000,"Partial,Finished",2 Car Attached,5,10908.46,CL,8/30/2019,2/29/2020,9/23/2019,11/27/2019,24,Det,1,1,3160279
318,,Central,Boulevard,New Hyde Park,11040,659000,605000,Cape,4,2.000,"Full,Unfinished",1 Car Detached,5,10470.31,CL,9/03/2019,3/17/2020,12/03/2019,2/03/2020,91,Det,1,1,3160675
1419,,Park,Avenue,New Hyde Park,11040,689000,650000,Cape,3,1.000,"Full,Finished",2 Car Attached,5,9716.31,CL,9/05/2019,3/31/2020,10/08/2019,1/02/2020,33,Det,1,1,3161558
93,,Franklin,Avenue,New Hyde Park,11040,679000,647500,Cape,4,2.500,"Full,Finished",,5,12603.44,CL,9/05/2019,12/31/2019,12/11/2019,2/24/2020,97,Det,1,1,3161929
60,,Knoll,,Levittown,11756,659100,645000,Colonial,4,3.500,"None,Unfinished",,5,10245.00,CL,9/11/2019,8/11/2020,12/11/2019,2/21/2020,91,Det,1,1,3163512
15,,Baxter,Avenue,New Hyde Park,11040,649000,632000,Cape,4,2.000,"Full,Finished",1 Car Detached,5,8931.75,CL,9/13/2019,12/30/2019,10/18/2019,2/12/2020,35,Det,1,1,3164406
41,,Hitching Post,Lane,Glen Cove,11542,659000,652000,Hi Ranch,5,3.000,"None,Unfinished",2 Car Attached,5,11456.66,CL,9/17/2019,3/13/2020,10/25/2019,1/08/2020,38,Det,1,1,3165035
59,,Farm,Lane,Levittown,11756,649000,640000,Colonial,4,3.000,"None,Unfinished",1 Car Attached,5,13900.00,CL,9/17/2019,3/17/2020,11/06/2019,12/27/2019,50,Det,1,1,3165190
29,,Evergreen,Avenue,New Hyde Park,11040,709000,670000,Exp Cape,4,3.000,Full,1 Car Detached,5,12988.00,CL,9/19/2019,3/31/2020,11/21/2019,2/07/2020,63,Det,1,1,3165769
40,,Jefferson,Street,Glen Cove,11542,599990,625000,Duplex,4,2.000,"Full,Unfinished",1 Car Detached,5,10901.00,CL,9/23/2019,3/31/2020,10/16/2019,1/23/2020,23,Det,2,2,3166859
6,,Red Spring,Lane,Glen Cove,11542,679000,650000,Colonial,5,3.000,Full,2 Car Detached,5,12408.69,CL,10/03/2019,10/03/2020,12/19/2019,12/19/2019,77,Det,1,1,3169741
6,,Chimney,Lane,Levittown,11756,619000,668442,Colonial,5,3.000,"None,Unfinished",,5,11191.32,CL,10/17/2019,2/01/2020,11/06/2019,2/07/2020,20,Det,1,1,3173694
43,,Star,Lane,Levittown,11756,649000,625000,Colonial,6,2.000,"None,Unfinished",1 Car Attached,5,15841.90,CL,11/09/2019,4/30/2020,12/06/2019,2/14/2020,27,Det,1,2,3179344
1158,,Day,Street,Seaford,11783,670000,655000,Split Level,3,2.500,"Partial,Finished",1 Car Attached,5,13131.00,CL,11/12/2019,5/12/2020,2/04/2020,3/13/2020,84,Att,1,1,3180003
607,,Leonard,Boulevard,New Hyde Park,11040,688888,650000,Exp Cape,4,2.000,"Full,Finished",2 Car Detached,5,9500.00,CL,11/13/2019,5/08/2020,12/26/2019,2/13/2020,43,Det,1,1,3180319
555,N,6,Street,New Hyde Park,11040,648518,625000,Cape,4,2.500,"Full,Finished",2 Car Detached,5,13988.30,CL,11/20/2019,11/14/2020,1/03/2020,3/20/2020,44,Det,1,1,3181764
377,,Carnation,Drive,Farmingdale,11735,641300,652000,Colonial,4,2.500,"Full,Partially Finished",2 Car Attached,5,18754.78,CL,12/17/2019,3/15/2020,1/15/2020,2/07/2020,29,Det,1,1,3186647
116,,Moore,,New Hyde Park,11040,689000,638000,Cape,3,1.500,"Full,Finished",,5,10823.00,CL,1/13/2020,3/31/2020,1/16/2020,2/10/2020,3,Det,1,1,3191609