St #,Dr,Street Name,Sfx,Town,Zip,ListPrice,SoldPrice,,Br,Bath,,,SD,Tot Tax,LSC,ListDate,ExpDate,ContDate,TitleDate,DOM,Det,#F,K,ML#
992,,Allen,Lane,Woodmere,11598,1299000,1300000,Colonial,6,4.500,"Full,Unfinished",1 Car Attached,14,0.00,CL,9/30/2016,9/30/2017,10/31/2016,6/19/2017,31,Det,1,1,*1268234
31,,Gale,Drive,N. Woodmere,11581,749000,725000,Colonial,4,2.500,"Full,Finished",2 Car Attached,14,14724.49,CL,10/02/2016,10/03/2017,11/04/2016,4/24/2017,33,Det,1,1,*1269677
143,,Hewlett Neck,Road,Hewlett Neck,11598,999000,975000,Colonial,4,4.500,"Full,Finished",,14,35391.00,CL,11/15/2016,11/15/2017,4/06/2017,7/27/2017,141,Det,1,1,*1269862
1050,,Links,Road,Woodmere,11598,938000,1040000,Exp Ranch,5,3.000,"Crawl,Unfinished",2 Car Attached,14,23531.63,CL,12/14/2016,12/02/2017,12/21/2016,6/19/2017,7,Det,1,1,*1271671
24,,Centre,Street,Woodmere,11598,679000,665000,Colonial,4,2.500,"Full,Finished",2 Car Detached,14,14589.73,CL,1/06/2017,9/01/2017,2/01/2017,3/29/2017,26,Det,1,1,*1272723
1041,,Links,Road,Woodmere,11598,988000,1035000,Exp Ranch,5,3.000,"Crawl,Unfinished",2 Car Attached,14,24064.31,CL,1/11/2017,7/12/2017,1/25/2017,6/27/2017,14,Det,1,1,*1273098
952,,Gertmin,Road,Woodmere,11598,1300000,1200000,Colonial,5,3.000,"Full,Finished",2 Car Detached,14,24810.00,CL,1/31/2017,11/30/2017,2/01/2017,11/28/2017,1,Det,1,1,*1274600
1103,,Fulton,Street,Woodmere,11598,799000,772000,Hi Ranch,6,4.000,"Full,Finished",1 Car Attached,14,16010.32,CL,3/09/2017,10/31/2017,4/28/2017,7/10/2017,49,Det,1,1,*1277924
105,,Wood,Lane,Woodmere,11598,1395000,1350000,Colonial,5,3.500,"Full,Finished",2 Car Attached,14,26120.53,CL,11/01/2016,9/01/2017,3/20/2017,9/14/2017,139,Det,1,1,*1278937
1034,,Fordham,Lane,Woodmere,11598,649000,635000,Raised Ranch,4,3.000,"Full,Finished",2 Car Attached,14,16391.21,CL,3/01/2017,9/01/2017,3/23/2017,5/08/2017,21,Det,1,1,*1279293
17,,Longview,Avenue,Valley Stream,11581,839000,825000,Exp Ranch,6,3.000,"Partial,Finished",,14,16055.56,CL,3/20/2017,7/12/2017,4/17/2017,6/29/2017,28,Det,1,1,*1281983
137,,Woodmere,Boulevard,Woodsburgh,11598,2700000,2175000,Colonial,5,4.500,"Full,Finished",1 Car Attached,14,36861.00,CL,3/29/2017,11/14/2017,4/21/2017,6/15/2017,23,Det,1,1,*1283346
17,,Harvard,Avenue,Hewlett,11557,789000,789000,Colonial,4,2.500,Full,,14,19093.29,CL,5/17/2017,11/17/2017,5/17/2017,8/28/2017,0,Det,1,1,*1284835
160,,Meadowview,Avenue,Hewlett Bay Park,11557,2499000,1990000,Colonial,5,4.500,"Partial,Partially Finished",2 Car Detached,14,33741.00,CL,7/21/2017,2/01/2018,8/10/2017,11/22/2017,20,Det,1,1,*1291046
1056,,Fulton,Street,Woodmere,11598,589000,575000,Colonial,2,2.000,Full,1 Car Detached,14,12623.89,CL,7/23/2017,10/17/2017,9/06/2017,11/21/2017,45,Det,1,1,*1291196
29,,Neptune,Avenue,Woodmere,11598,945000,945000,Colonial,7,3.500,"Full,Partially Finished",,14,23910.00,CL,4/02/2017,10/02/2017,4/28/2017,8/16/2017,26,Det,1,1,*1293387
1295,,Seawane,Drive,Hewlett,11557,900000,900000,Ranch,3,2.550,"Crawl,Unfinished",,14,14974.00,CL,9/18/2017,12/18/2017,9/18/2017,12/05/2017,0,Det,1,1,*1295740
570,,Leheigh,Lane,Woodmere,11598,759000,725000,Raised Ranch,7,5.000,"None,Unfinished",2 Car Attached,14,20547.06,CL,5/05/2017,12/12/2017,9/28/2017,11/28/2017,146,Det,1,1,*1296444
92,,Conklin,Avenue,Woodmere,11598,778000,750000,Hi Ranch,4,2.500,"None,Unfinished",2 Car Attached,14,15835.00,CL,10/25/2017,4/30/2018,11/02/2017,12/21/2017,8,Det,1,1,*1299758
138,,Ocean,Avenue,Woodmere,11598,650000,650000,Colonial,3,2.000,"Full,Unfinished",2 Car Detached,14,14803.00,CL,1/29/2018,4/30/2018,1/29/2018,3/28/2018,0,Det,1,1,*1305198
975,,Greenfield,Road,Woodmere,11598,899000,950000,Tudor,4,3.000,"Full,Finished",2 Car Detached,14,16916.17,CL,3/01/2018,9/03/2018,3/29/2018,6/28/2018,27,Det,1,1,*1308252
29,,Lafayette,Drive,Woodmere,11598,899000,885000,Colonial,6,3.000,"Full,Finished",2 Car Attached,14,16749.80,CL,2/27/2018,9/07/2018,4/04/2018,6/14/2018,35,Det,1,1,*1308254
1123,,Fordham,Lane,Woodmere,11598,1399000,1300000,Split Level,6,5.000,"Full,Finished",2 Car Attached,14,27117.80,CL,1/16/2018,6/18/2018,3/31/2018,3/31/2018,73,Det,1,1,*1310998
27,,Lafayette,Drive,Woodmere,11598,1199000,1080000,Colonial,6,4.500,"Full,Finished",2 Car Attached,14,20578.85,CL,4/12/2018,12/31/2018,5/09/2018,7/31/2018,27,Det,1,1,*1312145
1054,,Mora,Place,Woodmere,11598,698000,685000,Exp Ranch,4,2.000,"Full,Partially Finished",1 Car Attached,14,13038.53,CL,4/11/2018,1/11/2019,5/06/2018,7/24/2018,25,Det,1,1,*1312226
2,,Ross,Lane,Woodmere,11598,2150000,1978250,Colonial,5,4.500,"Full,Partially Finished",2 Car Attached,14,31979.39,CL,4/15/2018,9/15/2018,5/14/2018,8/23/2018,29,Det,1,1,*1312413
1036,,Westwood,Road,Woodmere,11598,799000,832000,Split Level,5,4.000,"Full,Finished",1 Car Attached,14,22719.24,CL,4/17/2018,9/11/2018,5/16/2018,7/25/2018,29,Det,1,1,*1312623
1065,,Links,Road,Woodmere,11598,1068000,1080000,Exp Ranch,6,4.000,"Crawl,Unfinished",2 Car Attached,14,20107.64,CL,4/19/2018,4/19/2019,6/07/2018,10/04/2018,49,Det,1,1,*1313058
1740,,Hancock,Street,Hewlett,11557,749000,749000,Hi Ranch,5,2.000,"Full,Finished",1 Car Attached,14,25173.00,CL,5/16/2018,12/15/2018,6/18/2018,10/23/2018,33,Det,1,1,*1315803
131,,Gibson,Boulevard,Valley Stream,11581,679000,680000,2 Story,5,2.000,"Full,Finished",2 Car Detached,14,14364.00,CL,6/04/2018,12/31/2018,7/20/2018,9/27/2018,46,Det,2,2,*1317529
31,,Oak,Street,Woodmere,11598,1189000,1115000,Colonial,6,4.550,Full,2 Car Detached,14,29244.00,CL,6/10/2018,6/10/2019,8/10/2018,8/27/2018,61,Det,1,1,*1318255
1440,,Stevenson,Road,Hewlett,11557,1095000,998250,Contemporary,5,4.500,Full,,14,20280.00,CL,7/25/2018,12/31/2018,8/06/2018,10/22/2018,12,Det,1,1,*1322626
28,,Neptune,Avenue,Woodmere,11598,929000,890000,Colonial,4,2.550,"Full,Partially Finished",2 Car Detached,14,23112.79,CL,7/31/2018,11/30/2018,8/17/2018,11/15/2018,17,Det,1,1,*1324332
989,E,Broadway,,Woodmere,11598,729000,747500,Exp Cape,4,2.500,"Partial,Unfinished",1 Car Attached,14,16397.00,CL,9/04/2018,3/31/2019,11/21/2018,1/30/2019,78,Det,1,1,*1325775
915,,Cedar,Lane,Woodmere,11598,729000,700000,Hi Ranch,4,2.000,"None,Unfinished",2 Car Attached,14,14823.00,CL,9/25/2018,3/30/2019,10/30/2018,12/19/2018,35,Det,1,1,*1327514
240,,Woodside,Drive,Hewlett Bay Park,11557,3800000,3000000,Colonial,7,2.555,"Full,Unfinished",3 Car Attached,14,78633.63,CL,10/23/2018,10/25/2019,1/30/2019,1/29/2020,99,Det,1,1,*1329744
1036,,Dartmouth,Lane,Woodmere,11598,649000,615000,Hi Ranch,4,2.500,"Full,Finished",,14,13166.22,CL,10/29/2018,4/30/2019,11/09/2018,12/18/2018,11,Det,1,1,*1330258
75,,Crystal,Court,Hewlett,11557,899000,875000,Colonial,4,2.500,Full,,14,18418.00,CL,10/30/2018,5/01/2019,11/19/2018,3/27/2019,20,Det,1,1,*1330276
25,,Raymond Pl,Place,Hewlett,11557,999000,999000,Colonial,5,3.000,"Full,Unfinished",,14,10000.00,CL,11/19/2018,11/19/2019,11/19/2018,4/15/2019,0,Det,1,1,*1331642
880,,Woodmere,Drive,N. Woodmere,11581,699000,665000,Raised Ranch,5,2.500,"Full,Finished",2 Car Attached,14,15450.00,CL,12/03/2018,4/01/2019,12/24/2018,1/31/2019,21,Det,1,1,*1332390
20,,Everit,Avenue,Hewlett,11557,579000,570000,Hi Ranch,3,2.000,"None,Unfinished",,14,14515.00,CL,1/02/2019,10/01/2019,1/21/2019,10/11/2019,19,Det,1,1,*1333985
7,S,End,Court,Woodmere,11598,1399000,1300000,Colonial,6,4.000,"Full,Finished",2 Car Attached,14,20993.79,CL,12/09/2018,7/30/2019,1/10/2019,6/13/2019,32,Det,1,1,*1334581
6,,Sutton,Lane,Hewlett,11557,549000,549000,Split Level,4,3.000,"Partial,Unfinished",1 Car Attached,14,10965.00,CL,1/22/2019,7/30/2019,2/05/2019,5/09/2019,14,Det,1,1,*1335553
1051,W,Broadway,,Woodmere,11598,750000,675000,Ranch,3,3.000,"Full,Finished",,14,20578.52,CL,1/01/2019,8/31/2019,2/11/2019,2/25/2019,41,Det,1,1,*1337849
1446,,Stevenson,Circle,Hewlett,11557,999000,980000,Colonial,4,3.000,Full,,14,19203.00,CL,2/25/2019,3/25/2019,2/25/2019,2/26/2019,0,Det,1,1,*1338350
59,,Berwick,Road,Hewlett,11557,505000,503000,Exp Cape,3,2.500,"Full,Finished",1 Car Attached,14,19165.04,CL,4/08/2019,4/08/2020,11/20/2019,2/18/2020,226,Det,1,1,*1342776
993,,Clark,Place,Woodmere,11598,1349000,1349000,Colonial,5,3.500,Full,,14,26000.00,CL,3/30/2019,6/30/2019,4/30/2019,8/30/2019,31,Det,1,1,*1344977
1,,Ike,Place,Woodmere,11598,949000,915000,Colonial,3,2.500,"Full,Partially Finished",2 Car Detached,14,15078.22,CL,5/14/2019,12/31/2019,7/09/2019,9/06/2019,56,Det,1,1,*1347506
1427,,Vian,Avenue,Hewlett,11557,748000,725000,Split Level,3,2.000,"Crawl,Unfinished",1 Car Attached,14,19706.43,CL,6/14/2019,12/14/2019,7/09/2019,9/20/2019,25,Det,1,1,*1349658
980,W,Broadway,,Woodmere,11598,1400000,1390000,Colonial,5,4.500,"Full,Finished",1 Car Attached,14,20116.85,CL,2/01/2019,8/31/2019,6/18/2019,7/17/2019,136,Det,1,1,*1350115
155,,Gibson,Boulevard,Valley Stream,11581,689000,670000,Hi Ranch,5,2.500,"Full,Finished",,14,12800.49,CL,6/28/2019,12/31/2019,8/13/2019,11/25/2019,46,Det,2,2,*1351120
1336,,Harbor,Road,Hewlett Harbor,11557,1350000,1300000,Ranch,3,4.550,"Crawl,Unfinished",4+ Car Detached,14,44044.00,CL,6/28/2019,9/30/2019,6/28/2019,6/29/2019,0,Det,1,1,*1351198
187,,Hewlett Neck,Road,Woodmere,11598,1500000,1310000,Colonial,5,5.500,Partial,1 Car Detached,14,35703.00,CL,10/01/2018,8/15/2019,4/30/2019,8/14/2019,211,Det,1,1,*1354763
133,,Woodmere,Boulevard,Woodsburgh,11598,2175000,2160000,Colonial,6,4.500,"Full,Finished",2 Car Attached,14,11241.00,CL,6/10/2019,12/31/2019,6/20/2019,9/16/2019,10,Det,1,1,*1358282
124,,Meadowview,Avenue,Hewlett,11557,945000,945000,Colonial,4,3.000,Full,,14,14536.00,CL,9/24/2019,2/29/2020,9/26/2019,1/21/2020,2,Det,1,1,*1358413
847,,Ivy Hill,Road,Woodsburgh,11598,5000000,5000000,Estate,6,6.555,Full,,14,113671.50,CL,8/01/2019,9/30/2019,8/05/2019,9/25/2019,4,Det,1,1,*1358588
966,,Wateredge,,Hewlett Harbor,11557,3000000,2600000,Mediterranean,6,5.500,"Crawl,Unfinished",3 Car Attached,14,48951.19,CL,10/01/2019,11/30/2019,10/01/2019,11/01/2019,0,Det,1,1,*1361050
167,E,Rockaway,Road,Hewlett Harbor,11557,870000,850000,Colonial,4,2.550,"Full,Finished",,14,25589.85,CL,3/02/2016,3/16/2017,1/26/2017,5/02/2017,330,Det,1,1,2832541
815,,Park,Lane,N. Woodmere,11581,560000,550000,Split Level,4,2.000,"Full,Finished",2 Car Attached,14,18262.00,CL,3/28/2016,2/01/2017,1/27/2017,4/24/2017,305,Det,1,1,2839080
562,,Saddle Ridge,Road,Woodmere,11598,646000,595000,Split Level,4,3.000,Partial,1 Car Attached,14,19584.91,CL,4/12/2016,10/31/2017,9/12/2017,11/14/2017,518,Det,1,1,2843737
800,,Barberry,Lane,Woodsburgh,11598,1699000,1578000,Colonial,8,5.500,"None,Unfinished",,14,42630.71,CL,4/17/2016,3/31/2017,3/23/2017,6/14/2017,340,Det,1,1,2845014
1030,,Links,Road,Woodmere,11598,949999,878000,Exp Ranch,6,4.000,"Crawl,Unfinished",1 Car Attached,14,29163.74,CL,5/19/2016,5/05/2017,10/24/2016,6/09/2017,158,Det,1,1,2854204
1465,,Peninsula,Boulevard,Hewlett,11557,599000,571000,Colonial,4,2.500,"Full,Unfinished",1 Car Attached,14,17000.00,CL,5/25/2016,5/28/2017,3/23/2017,5/23/2017,302,Det,1,1,2855783
327,,Cochran,Place,Valley Stream,11581,629990,613000,Hi Ranch,6,3.000,"Full,Finished",,14,13606.45,CL,6/11/2016,12/11/2016,6/13/2016,3/27/2017,2,Det,2,2,2860488
1568,,Hewlett Heath,Road,Hewlett,11557,1199000,1200000,Colonial,4,4.500,"Full,Finished",2 Car Attached,14,21785.00,CL,7/29/2016,12/01/2016,11/10/2016,4/28/2017,104,Det,1,1,2872587
557,,Amherst,Drive,Woodmere,11598,650000,510000,Split Level,4,2.500,"Full,Finished",2 Car Attached,14,24000.00,CL,7/29/2016,12/29/2017,5/08/2017,12/20/2017,283,Det,1,1,2872659
24,,Avon,Road,Hewlett,11557,739000,720000,Colonial,5,3.000,"Full,Finished",1 Car Attached,14,21136.00,CL,8/01/2016,5/30/2017,2/23/2017,4/24/2017,206,Det,1,1,2873005
1302,,Harbor,Road,Hewlett Harbor,11557,759000,725000,Colonial,5,3.000,"Full,Partially Finished",2 Car Attached,14,32197.00,CL,8/04/2016,3/31/2017,2/15/2017,5/23/2017,195,Det,1,1,2874093
150,,Lafayette,Place,Woodmere,11598,649000,649000,Colonial,3,2.000,Full,2 Car Detached,14,18095.41,CL,8/19/2016,3/30/2017,1/13/2017,4/06/2017,147,Det,1,1,2877733
58,,Fairview,Avenue,N. Woodmere,11581,530000,507500,Colonial,3,2.500,"Full,Partially Finished",,14,13856.00,CL,8/23/2016,4/30/2017,11/10/2016,4/07/2017,79,Det,1,1,2878295
135,,Dolphin,Drive,Hewlett Neck,11598,2400000,2150000,Colonial,7,6.000,"None,Unfinished",2 Car Attached,14,45766.01,CL,9/13/2016,7/01/2017,3/16/2017,7/10/2017,184,Det,1,1,2882842
125,,Lefferts,Road,Woodmere,11598,829000,750000,Exp Ranch,4,3.500,"Crawl,Unfinished",1 Car Attached,14,15009.00,CL,9/17/2016,5/31/2017,3/06/2017,5/30/2017,170,Det,1,1,2884054
255,,Bayberry,Drive,Hewlett Harbor,11557,879000,850000,Split Level,5,4.500,"Full,Finished",2 Car Attached,14,32866.98,CL,9/21/2016,3/30/2017,3/16/2017,5/05/2017,176,Det,1,1,2884875
858,,Oliver,Avenue,N. Woodmere,11581,599000,580000,Raised Ranch,4,3.000,"Full,Finished",1 Car Attached,14,16280.70,CL,9/22/2016,9/30/2017,1/19/2017,5/26/2017,119,Det,1,1,2885219
963,,Allen,Lane,Woodmere,11598,735000,685000,Colonial,6,3.500,Full,2 Car Detached,14,17856.99,CL,10/01/2016,4/30/2017,3/09/2017,5/04/2017,159,Det,1,1,2887437
566,,Amherst,Drive,Woodmere,11598,769000,720000,Splanch,5,3.500,"Full,Finished",2 Car Attached,14,16619.92,CL,10/06/2016,3/01/2017,2/02/2017,3/30/2017,119,Det,1,1,2888548
1,,Madison,Street,Hewlett Neck,11598,999000,889350,Colonial,7,3.500,"Full,Unfinished",2 Car Detached,14,51109.05,CL,10/07/2016,12/31/2018,9/07/2018,10/16/2018,700,Det,1,1,2888789
919,,Park,Lane,N. Woodmere,11581,579000,565000,Ranch,4,3.000,"Full,Finished",,14,12611.31,CL,10/14/2016,7/15/2017,2/14/2017,5/10/2017,123,Det,1,1,2890179
26,,Ives,Road,Hewlett,11557,888000,850000,Colonial,8,5.500,"Full,Partially Finished",2 Car Detached,14,24315.00,CL,11/03/2016,4/30/2017,2/15/2017,5/15/2017,104,Det,1,1,2894206
184,,Cherry,Street,Woodmere,11598,819000,808800,Colonial,4,2.500,"Partial,Finished",,14,22751.00,CL,11/11/2016,5/11/2017,2/01/2017,3/31/2017,82,Det,1,1,2895947
78,,Neptune,Avenue,Woodmere,11598,1250000,1150000,Colonial,4,2.500,"Full,Partially Finished",2 Car Detached,14,31423.00,CL,11/13/2016,5/13/2017,4/10/2017,6/23/2017,147,Det,1,1,2896220
1049,,Rosedale,Road,N. Woodmere,11581,575000,529000,Hi Ranch,6,2.500,Full,2 Car Attached,14,19098.34,CL,11/22/2016,5/22/2017,3/27/2017,5/23/2017,124,Det,1,1,2898209
1536,,Kew,Avenue,Hewlett,11557,559900,545000,Exp Ranch,4,2.000,"Full,Unfinished",,14,17063.00,CL,11/18/2016,1/18/2017,12/12/2016,11/17/2017,24,Det,1,1,2898285
96,,Captains,Road,N. Woodmere,11581,759000,710000,Split Level,5,3.000,"Full,Finished",2 Car Attached,14,17869.80,CL,11/30/2016,5/30/2017,1/25/2017,3/28/2017,56,Det,1,1,2899294
195,,Dolphin,Drive,Hewlett Neck,11598,1599000,1367000,Colonial,6,3.500,"None,Unfinished",2 Car Attached,14,31950.00,CL,12/01/2016,5/09/2017,3/06/2017,7/26/2017,95,Det,1,1,2899318
14,,Amy,Court,N. Woodmere,11581,835000,775000,Colonial,4,3.500,"Full,Finished",2 Car Attached,14,19843.19,CL,12/02/2016,5/15/2017,12/30/2016,3/31/2017,28,Det,1,1,2899788
119,,Lafayette,Place,Woodmere,11598,840000,765000,Colonial,5,2.500,"Full,Finished",1 Car Detached,14,21178.11,CL,12/05/2016,6/30/2017,3/21/2017,5/08/2017,105,Det,1,1,2900267
813,,Oakleigh,Road,N. Woodmere,11581,549900,515000,Split Level,4,3.000,"Full,Unfinished",2 Car Attached,14,19865.60,CL,12/09/2016,6/08/2017,1/11/2017,4/21/2017,33,Det,1,1,2901172
537,,Allen,Road,Woodmere,11598,579000,555000,Exp Ranch,4,1.500,"Crawl,Unfinished",1 Car Attached,14,11333.00,CL,12/24/2016,6/24/2017,3/25/2017,6/27/2017,90,Det,1,1,2903153
142,,Midgely,Drive,Hewlett,11557,739000,715000,Colonial,4,2.500,"Full,Finished",1 Car Attached,14,18679.00,CL,1/01/2017,6/24/2017,5/17/2017,8/09/2017,135,Det,1,1,2903880
9,,Andover,Lane,Woodmere,11598,769000,735000,Colonial,4,3.000,"Full,Finished",2 Car Attached,14,19283.90,CL,1/06/2017,6/18/2017,2/10/2017,5/15/2017,35,Det,1,1,2904992
98,,Strathmore,Street,N. Woodmere,11581,519000,510000,Ranch,3,2.000,"Full,Finished",1 Car Attached,14,18151.79,CL,1/06/2017,7/31/2017,5/10/2017,8/22/2017,123,Det,1,1,2905049
395,,Cochran,Place,Valley Stream,11581,629000,629000,Duplex,6,2.000,Full,,14,14961.00,CL,1/08/2017,1/08/2018,4/19/2017,6/30/2017,100,Det,2,2,2905401
243,,Hedge,Lane,Hewlett Harbor,11557,1199000,1175000,Splanch,5,4.500,"Full,Finished",2 Car Attached,14,24595.08,CL,1/09/2017,9/30/2018,1/31/2017,4/24/2017,22,Det,1,1,2905564
363,,Cochran,Place,Valley Stream,11581,549000,535000,Duplex,6,2.000,"Full,Finished",1 Car Detached,14,17261.00,CL,1/09/2017,8/31/2017,2/13/2017,4/13/2017,35,Det,2,2,2905690
1119,E,Broadway,,Hewlett,11557,719000,690000,Split Level,4,3.000,"Partial,Finished",2 Car Attached,14,23522.00,CL,1/10/2017,6/30/2017,6/22/2017,7/10/2017,162,Det,1,1,2905780
1720,,Huntley,Place,Hewlett,11557,899000,862500,Exp Ranch,5,3.000,"Full,Finished",2 Car Attached,14,26150.00,CL,1/17/2017,8/17/2017,5/31/2017,8/10/2017,133,Det,1,1,2907240
1298,,Harbor,Road,Hewlett Harbor,11557,1150000,980000,Colonial,4,4.000,"Full,Finished",1 Car Attached,14,0.00,CL,1/16/2017,1/16/2018,2/17/2017,6/09/2017,32,Det,1,1,2907248
153,,Harris,Avenue,Hewlett,11557,559000,560000,Colonial,3,2.500,"Crawl,Unfinished",,14,15489.00,CL,1/18/2017,7/30/2017,2/16/2017,5/01/2017,29,Det,1,1,2907507
93,,Captains,Road,Valley Stream,11581,838000,800000,Hi Ranch,5,3.000,"None,Unfinished",,14,12752.00,CL,1/24/2017,12/20/2017,12/19/2017,5/11/2018,329,Det,1,1,2908804
43,W,Valley,Lane,N. Woodmere,11581,949000,930000,Colonial,5,3.500,"Full,Unfinished",2 Car Attached,14,23001.58,CL,1/29/2017,7/31/2017,2/28/2017,6/16/2017,30,Det,1,1,2909920
163,,Gibson,Boulevard,Valley Stream,11581,699000,671000,2 Story,5,2.000,"Full,Finished",,14,12814.00,CL,1/30/2017,7/21/2017,2/23/2017,5/15/2017,24,Det,2,2,2910141
2,,Dorothy,Place,Lynbrook,11563,495000,507000,Ranch,3,2.000,Full,1 Car Detached,14,14861.06,CL,2/06/2017,8/31/2017,2/23/2017,5/31/2017,17,Det,1,1,2911955
1066,,Peninsula,Boulevard,Woodmere,11598,574999,565899,Hi Ranch,5,3.000,Full,1 Car Attached,14,16443.04,CL,2/10/2017,8/08/2017,8/03/2017,10/27/2017,173,Det,1,1,2912858
127,,Willow,Road,Woodsburgh,11598,2900000,2300000,Tudor,9,6.555,"Full,Finished",4+ Car Attached,14,55650.34,CL,2/14/2017,6/30/2017,3/01/2017,4/05/2017,15,Det,1,1,2913732
827,,Newburg Ave,,N. Woodmere,11581,759000,705000,Hi Ranch,4,3.000,"Full,Finished",1 Car Attached,14,14859.00,CL,2/15/2017,5/14/2017,3/27/2017,6/15/2017,39,Det,1,1,2914015
330,,Dolphin,Drive,Hewlett Neck,11598,1498000,1355000,Contemporary,6,3.500,"None,Unfinished",3 Car Attached,14,54803.88,CL,2/16/2017,9/02/2017,3/10/2017,5/22/2017,22,Det,1,1,2914405
936,,Monroe,Lane,Hewlett Neck,11598,4400000,2991200,Colonial,8,10.550,"Full,Finished",4+ Car Attached,14,84682.05,CL,2/18/2017,8/17/2017,5/30/2017,9/18/2017,100,Det,1,2,2914827
5,,Willow,Road,Woodsburgh,11598,2295000,2050000,Colonial,6,5.500,"Full,Finished",2 Car Attached,14,37041.00,CL,2/18/2017,8/18/2018,7/14/2018,12/06/2018,510,Det,1,1,2914867
992,S,End,,Woodmere,11598,729000,729000,Colonial,4,3.000,"Full,Finished",,14,17589.00,CL,2/19/2017,8/19/2017,3/15/2017,5/19/2017,23,Det,1,1,2914874
190,W,Ivy Hill,Road,Woodmere,11598,949800,967575,Colonial,6,4.500,"None,Unfinished",,14,8061.00,CL,2/21/2017,7/31/2018,12/20/2017,4/16/2018,302,Det,1,1,2915227
955,,East End,,Woodmere,11598,522500,515000,Split Level,4,2.500,"None,Unfinished",1 Car Attached,14,17045.06,CL,2/21/2017,5/29/2017,4/18/2017,5/16/2017,55,Det,1,1,2915423
1379,,Boxwood,Drive,Hewlett Harbor,11557,738000,740000,Colonial,3,2.500,"Full,Partially Finished",2 Car Attached,14,32121.27,CL,2/23/2017,9/10/2017,3/24/2017,6/29/2017,28,Det,1,1,2915940
304,,Barr,Avenue,Woodmere,11598,749000,700000,Colonial,3,3.000,"Full,Partially Finished",1 Car Detached,14,22624.00,CL,2/25/2017,2/25/2018,4/05/2017,6/30/2017,38,Det,1,1,2916521
1579,,Hewlett,Avenue,Hewlett,11557,599000,590000,Colonial,3,2.000,"Full,Finished",,14,22294.00,CL,2/27/2017,7/10/2018,4/19/2018,6/08/2018,415,Det,1,1,2916830
994,,East End,,Woodmere,11598,695000,675000,Hi Ranch,4,3.000,"None,Unfinished",2 Car Attached,14,14246.00,CL,2/28/2017,8/31/2017,3/10/2017,5/31/2017,10,Det,1,1,2917243
216,,Cedar,Avenue,Hewlett Bay Park,11557,1995000,1650000,Colonial,6,6.500,"Full,Unfinished",4+ Car Detached,14,104363.85,CL,3/03/2017,12/31/2018,7/27/2018,11/20/2018,510,Det,1,1,2918124
215,,Adams,Lane,Hewlett Neck,11598,1499000,1375000,Colonial,6,3.500,"Full,Partially Finished",2 Car Attached,14,34584.00,CL,3/06/2017,7/31/2017,7/08/2017,12/11/2017,123,Det,1,1,2918729
1405,,Pebble,Lane,Hewlett,11557,950000,935000,Colonial,4,4.500,"Full,Finished",2 Car Attached,14,28219.00,CL,3/06/2017,8/30/2017,5/30/2017,7/31/2017,84,Det,1,1,2918751
531,,Allen,Road,Woodmere,11598,759000,700000,Exp Ranch,6,2.500,"Crawl,Unfinished",,14,21302.91,CL,3/06/2017,9/01/2017,4/26/2017,6/28/2017,50,Det,1,1,2918797
104,,Harold,Road,Hewlett Neck,11598,799000,775000,Colonial,3,3.000,"Full,Finished",2 Car Attached,14,20649.00,CL,3/08/2017,8/30/2017,5/09/2017,8/25/2017,61,Det,1,1,2919519
251,,Adams,Lane,Hewlett Neck,11598,2495000,2084000,Colonial,7,6.500,"Full,Finished",,14,57408.65,CL,3/08/2017,2/27/2018,4/13/2017,7/06/2017,35,Det,1,1,2919738
994,,Dartmouth,Lane,Woodmere,11598,749000,705000,Hi Ranch,6,3.000,"None,Unfinished",2 Car Attached,14,17483.00,CL,3/15/2017,6/15/2017,4/13/2017,5/24/2017,29,Det,1,1,2921147
1059,,Fordham,Lane,Woodmere,11598,789000,738750,Colonial,5,3.000,"Full,Unfinished",1 Car Attached,14,22039.00,CL,3/16/2017,9/08/2017,4/03/2017,6/23/2017,18,Det,1,1,2921516
137,,Harris,Avenue,Hewlett,11557,540000,520000,Colonial,3,1.500,"None,Unfinished",1 Car Attached,14,10084.05,CL,3/17/2017,3/11/2018,12/28/2017,2/08/2018,286,Det,1,1,2921925
22,,Hickory,Road,Woodsburgh,11598,1289000,1100000,Exp Ranch,7,4.500,"Crawl,Unfinished",2 Car Attached,14,34870.64,CL,3/18/2017,1/31/2018,1/15/2018,6/04/2018,303,Det,1,1,2922081
44,,Clubside,Drive,Woodmere,11598,669000,635000,Townhouse,3,2.500,"Full,Unfinished",1 Car Attached,14,15566.00,CL,3/23/2017,9/30/2017,4/13/2017,6/02/2017,21,Att,1,1,2923428
1010,,Northfield,Road,Woodmere,11598,1250000,1175000,Colonial,5,3.500,"Crawl,Unfinished",,14,17571.84,CL,3/27/2017,3/07/2018,11/22/2017,12/21/2017,240,Det,1,1,2924210
1304,,Harbor,Road,Hewlett Harbor,11557,995000,970000,Colonial,5,3.500,"Full,Finished",2 Car Attached,14,33621.00,CL,3/28/2017,12/31/2017,6/02/2017,8/25/2017,66,Det,1,1,2924590
21,,Andover,Lane,Woodmere,11598,769000,715000,Colonial,4,3.000,"Full,Unfinished",2 Car Attached,14,19735.67,CL,3/22/2017,9/21/2017,4/25/2017,6/28/2017,34,Det,1,1,2924865
1383,,Noel,Avenue,Hewlett,11557,649000,620000,Tudor,4,2.000,"Full,Unfinished",,14,13225.00,CL,3/29/2017,8/31/2017,6/09/2017,8/23/2017,72,Det,1,1,2924995
1308,,Auerbach,Avenue,Hewlett Harbor,11557,1187000,984000,Colonial,5,4.500,"Full,Unfinished",,14,35910.54,CL,3/30/2017,1/18/2018,8/02/2017,11/01/2017,125,Det,1,1,2925342
956,E,Broadway,,Woodmere,11598,959000,915000,Colonial,5,3.500,"Full,Partially Finished",2 Car Detached,14,20330.25,CL,4/07/2017,10/07/2017,5/08/2017,6/27/2017,31,Det,1,1,2927933
390,,Chestnut,Drive,Hewlett,11557,559000,553000,Colonial,4,2.000,"Crawl,Unfinished",,14,13113.05,CL,4/15/2017,9/29/2017,5/03/2017,7/21/2017,18,Det,1,1,2929577
117,,Page,Road,Valley Stream,11581,539000,552000,Colonial,3,2.000,"Full,Finished",,14,13354.58,CL,4/17/2017,12/16/2017,6/20/2017,12/29/2017,64,Det,1,1,2929731
38,,Prospect,Avenue,Hewlett,11557,599000,576000,Exp Ranch,5,3.000,"Full,Finished",2 Car Attached,14,19600.00,CL,4/17/2017,8/15/2017,5/22/2017,8/07/2017,35,Det,1,1,2930034
301,,Hewlett Neck,Road,Hewlett Neck,11598,1200000,1050000,Exp Ranch,4,3.000,"Full,Finished",1 Car Attached,14,24498.52,CL,4/19/2017,10/15/2017,5/25/2017,9/26/2017,36,Det,1,1,2930700
53,,Neptune,Avenue,Woodmere,11598,899000,895000,Colonial,6,3.500,"Full,Finished",2 Car Detached,14,26433.12,CL,4/20/2017,7/15/2017,7/13/2017,10/17/2017,84,Det,1,1,2931046
934,,Woodmere,Drive,Valley Stream,11581,998000,1048000,Split Level,6,4.000,"Full,Finished",,14,17077.00,CL,4/25/2017,9/12/2017,6/13/2017,9/08/2017,49,Det,1,1,2932148
919,,Park,Court,N. Woodmere,11581,745000,707000,Split Level,4,2.500,"Full,Finished",,14,13491.00,CL,4/25/2017,4/14/2018,10/04/2017,11/28/2017,162,Det,1,1,2932220
862,,Fanwood,Avenue,N. Woodmere,11581,729000,720000,Split Level,4,3.000,"Full,Finished",3 Car Attached,14,12537.84,CL,4/25/2017,10/24/2017,5/15/2017,9/20/2017,20,Det,1,1,2932507
1728,,Hancock,Street,Hewlett,11557,538800,540750,Hi Ranch,4,2.000,"None,Unfinished",1 Car Detached,14,16826.00,CL,4/26/2017,4/26/2018,8/16/2017,11/24/2017,112,Det,1,1,2932809
912,,Midway,,Woodmere,11598,925000,890000,Split Level,5,3.000,"Partial,Finished",,14,20196.74,CL,4/30/2017,1/01/2018,1/31/2018,6/27/2018,276,Det,1,1,2933785
9,,Lake,Drive,Hewlett Harbor,11557,899000,890000,Exp Ranch,4,2.500,"Full,Finished",2 Car Attached,14,25379.67,CL,10/23/2016,7/31/2017,5/24/2017,7/24/2017,213,Det,1,1,2933846
82,,Brower,Avenue,Woodmere,11598,975000,925000,Colonial,4,2.500,"Full,Finished",1 Car Attached,14,17850.94,CL,5/01/2017,11/01/2017,8/15/2017,10/30/2017,106,Det,1,1,2933889
1031,,Dartmouth,Lane,Woodmere,11598,695000,640000,Hi Ranch,4,2.500,"None,Unfinished",,14,15588.00,CL,5/05/2017,5/31/2017,5/25/2017,7/19/2017,20,Det,1,1,2935636
313,,Daub,Avenue,Hewlett,11557,545000,560000,Colonial,5,2.000,"Full,Unfinished",,14,16875.74,CL,5/06/2017,8/06/2017,5/12/2017,6/29/2017,6,Det,1,1,2935801
78,,Rosedale,Road,N. Woodmere,11581,575000,537000,Exp Ranch,3,2.000,"Full,Finished",,14,16384.00,CL,5/06/2017,11/04/2017,7/18/2017,9/05/2017,73,Det,1,1,2935827
1549,,Hewlett,Avenue,Hewlett,11557,669000,603000,Tudor,4,3.500,Full,,14,17440.16,CL,5/08/2017,11/08/2017,9/07/2017,10/30/2017,122,Det,1,1,2936228
178,,Hewlett Neck,Road,Hewlett Neck,11598,1124999,1087500,Colonial,5,4.500,"Full,Unfinished",,14,27328.62,CL,5/10/2017,11/12/2017,5/30/2017,8/21/2017,20,Det,1,1,2936841
160,,Combs,Avenue,Woodmere,11598,689000,680000,Colonial,3,1.500,"Full,Unfinished",1 Car Attached,14,12034.16,CL,5/13/2017,11/28/2017,5/31/2017,8/02/2017,18,Det,1,1,2937980
35,,Stevenson,Road,Hewlett,11557,610000,575000,Exp Ranch,3,2.000,"Full,Finished",1 Car Attached,14,20149.29,CL,5/14/2017,11/30/2017,7/07/2017,8/17/2017,54,Det,1,1,2938079
931,,Peninsula,Boulevard,Woodmere,11598,595000,575000,Hi Ranch,5,2.000,"None,Unfinished",1 Car Attached,14,9266.00,CL,5/14/2017,11/30/2017,9/23/2017,11/24/2017,132,Det,1,1,2938119
15,W,Valley,Lane,N. Woodmere,11581,949000,913000,Colonial,5,2.500,"Full,Finished",2 Car Attached,14,17680.09,CL,5/16/2017,12/31/2017,9/11/2017,11/02/2017,118,Det,1,1,2938591
255,,Pepperidge,Road,Hewlett Harbor,11557,849000,750000,Split Level,4,3.500,"Crawl,Unfinished",2 Car Attached,14,36762.00,CL,5/16/2017,11/15/2017,10/17/2017,1/25/2018,154,Det,1,1,2938613
114,,Munro,Boulevard,Valley Stream,11581,550000,549500,Colonial,4,2.500,Full,1 Car Detached,14,16647.88,CL,5/16/2017,10/27/2017,6/08/2017,8/28/2017,23,Det,1,1,2938863
74,,Neptune,Avenue,Woodmere,11598,1075000,999999,Colonial,4,2.500,"Full,Finished",,14,16984.00,CL,5/17/2017,10/30/2017,6/29/2017,9/07/2017,43,Det,1,1,2939162
1621,,Nelson,Court,Hewlett,11557,669000,605000,Colonial,4,2.500,"Full,Finished",2 Car Detached,14,20224.57,CL,5/21/2017,11/20/2017,6/22/2017,8/28/2017,32,Det,1,1,2940293
950,,Smith,Lane,Hewlett Neck,11598,1178000,1055000,Colonial,6,5.000,"Full,Partially Finished",2 Car Attached,14,24167.33,CL,5/22/2017,6/30/2018,3/06/2018,6/19/2018,288,Det,1,1,2940412
1050,,Wales,Place,Woodmere,11598,678000,650000,Hi Ranch,4,2.500,"None,Unfinished",2 Car Attached,14,12091.35,CL,5/23/2017,11/22/2017,6/26/2017,8/07/2017,34,Det,1,1,2940890
83,,Centre,Street,Woodmere,11598,599000,550000,Raised Ranch,4,2.000,"None,Unfinished",,14,10921.54,CL,5/23/2017,1/31/2018,10/03/2017,12/29/2017,133,Det,1,1,2940923
83,,Centre,Street,Woodmere,11598,599000,550000,Raised Ranch,4,2.000,"None,Unfinished",,14,10921.54,CL,5/23/2017,1/31/2018,9/29/2017,12/27/2017,129,Det,1,1,2940956
199,,Curtis,Road,Hewlett Neck,11598,1495000,1350000,Split Level,4,3.000,"Full,Finished",2 Car Attached,14,28674.17,CL,5/24/2017,6/30/2018,6/04/2018,6/29/2018,376,Det,1,1,2941110
909,N,Central,Avenue,Woodmere,11598,699000,680000,Hi Ranch,5,2.000,"None,Unfinished",,14,16363.39,CL,5/24/2017,11/16/2017,6/22/2017,8/22/2017,29,Det,1,2,2941311
9,,Sutton,Lane,Hewlett,11557,668000,645000,Split Level,4,2.500,"Partial,Finished",2 Car Attached,14,15943.63,CL,5/29/2017,11/15/2017,11/14/2017,2/16/2018,169,Det,1,1,2942218
1376,,Noel,Avenue,Hewlett,11557,600000,550000,Colonial,3,2.500,"Full,Finished",2 Car Attached,14,15101.64,CL,6/01/2017,11/08/2017,8/16/2017,11/30/2017,76,Det,1,1,2943252
1298,,Auerbach,Avenue,Hewlett Harbor,11557,1199000,1080000,Colonial,5,3.500,"Crawl,Unfinished",2 Car Attached,14,28144.06,CL,6/02/2017,9/02/2017,7/06/2017,8/17/2017,34,Det,1,1,2943464
140,,Hewlett Neck,Road,Hewlett Neck,11598,1195000,1100000,Colonial,5,3.500,"Full,Partially Finished",2 Car Detached,14,23642.00,CL,6/06/2017,12/04/2017,8/08/2017,10/24/2017,63,Det,1,1,2944549
128,,Wyckoff,Place,Woodmere,11598,1150000,1100000,Colonial,4,3.000,"Full,Finished",1 Car Detached,14,20730.75,CL,6/08/2017,11/30/2017,7/20/2017,9/20/2017,42,Det,1,1,2945375
1091,,Duston,Road,N. Woodmere,11581,725000,675000,Colonial,4,3.500,"Full,Finished",2 Car Attached,14,18526.00,CL,6/12/2017,12/12/2017,11/27/2017,2/12/2018,168,Det,1,1,2946060
809,,Flanders,Avenue,N. Woodmere,11581,699000,670000,Split Level,4,2.500,"Partial,Finished",,14,15138.94,CL,6/12/2017,11/30/2017,6/28/2017,9/25/2017,16,Det,1,1,2946406
305,,Hungry Harbor,Road,N. Woodmere,11581,669000,650000,Split Level,4,2.500,"Full,Finished",2 Car Attached,14,16430.53,CL,6/14/2017,12/01/2017,7/14/2017,8/28/2017,30,Det,1,1,2946933
373,,Northfield,Road,Woodmere,11598,865000,825000,Colonial,5,3.000,"Full,Partially Finished",2 Car Detached,14,18474.89,CL,6/20/2017,11/01/2017,9/08/2017,11/17/2017,80,Det,1,1,2948704
954,S,End,,Woodmere,11598,628876,582500,Split Level,4,3.000,"Full,Finished",1 Car Attached,14,17841.97,CL,10/04/2016,10/04/2017,9/29/2017,12/11/2017,360,Det,1,1,2949483
1018,,Peninsula,Boulevard,Woodmere,11598,559000,549000,Hi Ranch,4,3.000,"None,Unfinished",2 Car Attached,14,11870.29,CL,6/22/2017,3/22/2018,9/18/2017,1/18/2018,88,Det,1,1,2949503
52,,Raymond,Place,Hewlett,11557,649000,600000,Colonial,3,2.500,"Full,Partially Finished",,14,15201.36,CL,6/25/2017,9/29/2017,7/31/2017,9/08/2017,36,Det,1,1,2949913
906,,Cherry,Lane,N. Woodmere,11581,699000,695000,Hi Ranch,4,3.000,"None,Unfinished",2 Car Attached,14,18844.17,CL,6/27/2017,12/22/2017,2/06/2018,4/30/2018,224,Det,1,1,2950446
534,,Hazel,Drive,Woodmere,11598,1098000,1098000,Colonial,5,3.000,"Crawl,Unfinished",1 Car Attached,14,26909.95,CL,6/27/2017,6/15/2018,10/24/2017,4/13/2018,119,Det,1,1,2950628
800,,Plainfield,Lane,N. Woodmere,11581,748000,730000,Split Level,4,2.500,"Partial,Finished",2 Car Attached,14,16673.44,CL,7/04/2017,1/04/2018,7/11/2017,11/28/2017,7,Det,1,1,2952125
775,,Longview,Avenue,N. Woodmere,11581,695000,675000,Split Level,4,3.000,"Full,Finished",2 Car Attached,14,13005.66,CL,7/05/2017,12/21/2017,8/14/2017,10/04/2017,40,Det,1,1,2952225
93,,Carstairs,Road,Valley Stream,11581,524999,505000,Colonial,5,1.500,"Full,Finished",1 Car Detached,14,15909.01,CL,7/05/2017,12/31/2017,11/08/2017,12/29/2017,126,Det,1,1,2952454
43,,Valley Green,Drive,N. Woodmere,11581,949000,925000,Colonial,4,2.500,"Full,Finished",2 Car Attached,14,27780.80,CL,7/07/2017,12/12/2017,7/07/2017,8/24/2017,0,Det,1,1,2953075
940,,Smith,Lane,Hewlett Neck,11598,1600000,1550000,Tudor,6,4.550,"Full,Unfinished",,14,40988.15,CL,7/11/2017,11/15/2017,10/18/2017,1/10/2018,99,Det,1,1,2954197
895,,Park,Lane,N. Woodmere,11581,679000,645000,Split Level,4,2.000,"Partial,Finished",2 Car Attached,14,17644.24,CL,7/11/2017,3/12/2018,1/31/2018,3/28/2018,204,Det,1,1,2954282
24,,Erick,Avenue,Hewlett,11557,795000,765000,Split Level,3,2.500,"Partial,Partially Finished",2 Car Attached,14,19355.00,CL,7/13/2017,12/12/2017,8/29/2017,12/14/2017,47,Det,1,1,2954928
843,,Central,Avenue,Woodmere,11598,1195000,1150000,Colonial,5,4.500,"Full,Finished",,14,27081.56,CL,7/16/2017,11/30/2017,10/02/2017,12/27/2017,78,Det,1,1,2955594
83,,Burton,Avenue,Woodmere,11598,819000,804200,Colonial,4,3.500,"Full,Finished",1 Car Detached,14,16382.46,CL,7/17/2017,11/30/2017,9/06/2017,11/21/2017,51,Det,1,1,2956002
966,,Park,Lane,Valley Stream,11581,719000,695000,Hi Ranch,5,3.000,"None,Unfinished",,14,10057.68,CL,7/19/2017,9/30/2017,8/18/2017,11/07/2017,30,Det,1,1,2956680
1,,Ike,Place,Woodmere,11598,859000,842000,Colonial,3,2.500,"Full,Partially Finished",2 Car Detached,14,15276.29,CL,7/25/2017,1/19/2018,11/28/2017,5/22/2018,126,Det,1,1,2958194
1057,,Mora,Place,Woodmere,11598,798000,770000,Colonial,3,2.000,"Full,Partially Finished",1 Car Detached,14,11551.41,CL,8/03/2017,7/18/2018,9/14/2017,11/09/2017,42,Det,1,1,2960482
217,,Everit,Avenue,Hewlett Harbor,11557,1169000,999990,Colonial,6,4.500,"Full,Unfinished",2 Car Attached,14,30174.05,CL,8/05/2017,1/30/2018,11/09/2017,11/21/2017,96,Att,1,1,2961046
39,,Clubside Dr,,Woodmere,11598,619000,570000,Townhouse,3,2.500,"Full,Unfinished",1 Car Attached,14,14129.03,CL,8/08/2017,2/01/2018,9/11/2017,12/07/2017,34,Att,1,1,2961778
986,S,End,,Woodmere,11598,759000,727500,Colonial,4,2.500,"Full,Finished",,14,18000.00,CL,6/26/2017,12/30/2017,8/01/2017,9/22/2017,36,Det,1,1,2963698
553,,Allen,Road,Woodmere,11598,549000,530000,Ranch,3,1.500,"None,Unfinished",1 Car Attached,14,10737.20,CL,5/02/2017,12/01/2017,12/04/2017,2/08/2018,216,Det,1,1,2964564
46,,Burton,Avenue,Woodmere,11598,845000,830000,Colonial,5,3.500,"Full,Finished",1 Car Detached,14,13976.00,CL,8/31/2017,5/03/2018,9/26/2017,12/14/2017,26,Det,1,1,2967268
1593,,Moffitt,Avenue,Hewlett,11557,595000,545000,Colonial,4,2.000,"Full,Unfinished",2 Car Detached,14,17055.82,CL,9/01/2017,3/01/2018,1/31/2018,5/04/2018,152,Det,1,1,2967502
1567,,Moffitt,Avenue,Hewlett,11557,849000,785000,Colonial,3,3.500,"Full,Finished",1 Car Detached,14,17831.92,CL,9/05/2017,3/05/2018,11/17/2017,1/25/2018,73,Det,1,1,2968240
96,,Marlboro,Road,Valley Stream,11581,519000,515000,Tudor,3,1.500,"Full,Finished",1 Car Detached,14,13403.80,CL,9/05/2017,2/18/2018,12/14/2017,2/05/2018,100,Det,1,1,2968351
905,,Flanders Dr,,N. Woodmere,11581,769000,730000,Split Level,3,2.500,"Partial,Finished",,14,21333.03,CL,9/06/2017,12/27/2018,4/30/2018,9/06/2018,236,Det,1,1,2968444
56,,Prospect,Avenue,Hewlett,11557,599000,580000,Colonial,4,3.000,"None,Unfinished",2 Car Detached,14,18968.66,CL,9/23/2017,6/19/2018,4/11/2018,6/04/2018,200,Det,1,1,2973321
96,,Neptune,Avenue,Woodmere,11598,989000,950000,Colonial,5,2.500,Full,,14,29141.29,CL,9/25/2017,2/27/2018,2/21/2018,5/23/2018,149,Det,1,1,2973614
78,,Captains,Road,N. Woodmere,11581,1150000,950000,Split Level,4,4.500,"Partial,Finished",2 Car Attached,14,16223.00,CL,9/27/2017,3/15/2018,11/15/2017,2/09/2018,49,Det,1,1,2974189
1,,Hazel,Place,Woodmere,11598,1395000,1372500,Colonial,7,6.500,"Full,Finished",1 Car Attached,14,39809.46,CL,9/29/2017,12/12/2017,10/31/2017,12/29/2017,32,Det,1,1,2974922
10,,Dubonnet,Road,Valley Stream,11581,519000,520000,Colonial,3,1.500,"Full,Finished",2 Car Detached,14,17661.84,CL,10/05/2017,3/28/2018,10/30/2017,2/09/2018,25,Det,1,1,2976289
1338,,Huckleberry,Lane,Hewlett Harbor,11557,1188000,995000,Exp Ranch,5,4.000,"Full,Finished",2 Car Attached,14,27472.00,CL,10/05/2017,6/05/2018,2/01/2018,5/10/2018,119,Det,1,1,2976391
25,,Frost,Lane,Hewlett,11557,510000,508000,Colonial,3,2.000,"Full,Finished",1 Car Detached,14,11325.75,CL,6/19/2017,3/09/2018,11/15/2017,1/31/2018,149,Det,1,1,2977573
1024,,Westwood,Road,Woodmere,11598,799000,815000,Raised Ranch,6,3.000,"None,Unfinished",,14,16404.41,CL,9/26/2017,4/14/2018,11/09/2017,2/02/2018,44,Det,1,2,2978690
985,E,Broadway,,Woodmere,11598,929000,890000,Colonial,4,2.500,"Full,Finished",2 Car Detached,14,22834.36,CL,10/16/2017,10/15/2018,5/24/2018,8/01/2018,220,Det,1,1,2978702
570,,Saddle Ridge,Place,Woodmere,11598,829900,745000,Split Level,6,3.000,"Full,Finished",,14,16405.00,CL,10/15/2017,8/30/2018,5/14/2018,8/06/2018,211,Det,1,1,2979028
942,,Peninsula,Boulevard,Woodmere,11598,525000,525000,Ranch,4,2.000,"None,Unfinished",1 Car Attached,14,12224.83,CL,10/17/2017,4/16/2018,12/14/2017,2/21/2018,58,Det,1,1,2979047
70,,Prospect,Avenue,Hewlett,11557,639000,610000,Colonial,4,2.500,"Full,Finished",,14,15521.18,CL,10/17/2017,2/28/2018,11/13/2017,1/31/2018,27,Det,1,1,2979156
35,,Raymond,Place,Hewlett,11557,669000,650000,Colonial,3,2.500,Full,1 Car Detached,14,10554.40,CL,10/18/2017,2/05/2018,11/28/2017,1/31/2018,41,Det,1,1,2979371
935,,Jewel,Drive,N. Woodmere,11581,549000,590000,Split Level,4,3.000,"Partial,Finished",2 Car Attached,14,14453.21,CL,10/20/2017,4/04/2018,11/09/2017,1/31/2018,20,Det,1,1,2979817
1075,,Highland,Place,Woodmere,11598,649000,635000,Colonial,3,2.500,"Full,Finished",2 Car Detached,14,13294.31,CL,10/23/2017,3/01/2018,11/08/2017,12/08/2017,16,Det,1,1,2980291
3,,Page,Road,Valley Stream,11581,550000,585000,Duplex,5,2.000,"Full,Finished",2 Car Detached,14,16580.00,CL,10/28/2017,1/27/2018,11/29/2017,12/21/2017,32,Det,2,2,2981769
187,,Cherry,Street,Woodmere,11598,729000,710000,Colonial,5,3.000,"Full,Finished",2 Car Attached,14,16323.00,CL,10/30/2017,9/26/2018,11/13/2017,1/17/2018,14,Det,1,1,2981816
106,,Tracy,Place,Hewlett,11557,828000,800000,Colonial,4,2.500,Full,1 Car Detached,14,19923.53,CL,10/30/2017,1/31/2018,1/26/2018,5/11/2018,88,Det,1,1,2981871
40,,Neptune,Avenue,Woodmere,11598,975000,860000,Exp Ranch,5,3.000,"Full,Finished",2 Car Attached,14,21462.53,CL,11/01/2017,2/01/2018,2/02/2018,3/12/2018,93,Det,1,1,2982649
1100,,Elinor,Road,Hewlett Bay Park,11557,1199000,1080108,Colonial,6,5.500,"Partial,Unfinished",1 Car Attached,14,36571.25,CL,11/01/2017,5/01/2018,2/11/2018,5/22/2018,102,Att,1,1,2982659
4,,Hazel,Place,Woodmere,11598,648000,625000,Exp Ranch,4,3.000,"Crawl,Unfinished",,14,15671.69,CL,11/03/2017,3/30/2018,1/04/2018,2/15/2018,62,Det,1,1,2983068
270,,Dolphin,Drive,Hewlett Neck,11598,1250000,1105000,Exp Ranch,5,3.500,"Crawl,Unfinished",2 Car Attached,14,41513.79,CL,11/03/2017,5/09/2018,3/30/2018,6/21/2018,147,Att,1,1,2983138
300,,Dolphin,Drive,Hewlett Neck,11598,1495000,1290000,Contemporary,5,3.500,"None,Unfinished",3 Car Attached,14,44209.00,CL,11/06/2017,10/31/2018,2/18/2018,3/27/2018,104,Det,1,1,2983740
850,,Ivy Hill,Road,Woodmere,11598,1078000,995000,Exp Ranch,4,4.000,"Full,Finished",2 Car Attached,14,24807.56,CL,11/07/2017,11/07/2018,2/05/2018,4/02/2018,90,Det,1,1,2983974
381,,Midwood,Road,Woodmere,11598,729000,705000,Colonial,3,2.500,"Full,Unfinished",1 Car Detached,14,20610.00,CL,11/09/2017,10/31/2018,5/29/2018,8/14/2018,200,Det,1,1,2984509
104,,Combs,Avenue,Woodmere,11598,789000,700000,Colonial,5,2.500,"Full,Finished",1 Car Detached,14,13903.15,CL,11/12/2017,6/30/2018,2/16/2018,4/17/2018,96,Det,1,1,2985141
5,,Fiesta,Court,Hewlett,11557,579000,545000,Split Level,3,2.500,"Partial,Finished",2 Car Attached,14,14218.00,CL,11/18/2017,5/16/2018,1/21/2018,4/02/2018,64,Det,1,1,2986706
1068,,Roselle,Place,Woodmere,11598,698000,670000,Colonial,3,3.500,"Full,Finished",1 Car Detached,14,16186.06,CL,11/21/2017,6/30/2018,2/01/2018,5/04/2018,72,Det,1,1,2987105
904,,Greenfield,Road,Woodmere,11598,825000,795000,Tudor,5,3.500,"Full,Finished",,14,21608.06,CL,11/28/2017,2/28/2018,12/20/2017,1/29/2018,22,Det,1,1,2988001
1295,,Seawane,Drive,Hewlett,11557,900000,900000,Ranch,3,2.550,"Crawl,Unfinished",,14,14974.00,CL,9/18/2017,12/18/2018,10/14/2017,12/05/2017,26,Det,1,1,2989583
218,,Albon,Road,Hewlett Harbor,11557,1499000,1150000,Cape,5,5.500,"Partial,Unfinished",2 Car Attached,14,35913.12,CL,12/18/2017,3/31/2018,2/22/2018,4/25/2018,66,Det,1,1,2991889
5,,Gotham,Street,Valley Stream,11581,539000,520000,Colonial,3,2.000,"Full,Finished",1 Car Attached,14,13800.00,CL,1/01/2018,6/30/2018,4/16/2018,5/22/2018,104,Det,1,1,2993564
1374,,Kew,Avenue,Hewlett,11557,679000,668000,Tudor,3,2.500,"Full,Finished",2 Car Detached,14,12981.36,CL,1/02/2018,5/02/2018,2/12/2018,4/30/2018,41,Det,1,1,2993977
45,,Brower,Avenue,Woodmere,11598,499000,545000,Cape,4,2.000,Full,2 Car Attached,14,15246.41,CL,1/02/2018,6/30/2018,1/31/2018,3/13/2018,29,Det,1,1,2994218
989,E,Prospect,Street,Woodmere,11598,899000,899000,Colonial,5,3.000,"Partial,Unfinished",,14,22634.57,CL,1/05/2018,12/05/2018,7/30/2018,10/10/2018,205,Det,1,1,2994563
351,,Hewlett,Parkway,Hewlett,11557,582000,550000,Colonial,4,2.500,"Full,Finished",1 Car Detached,14,12000.00,CL,1/15/2018,1/13/2019,6/05/2018,8/20/2018,140,Det,1,1,2996676
887,,Woodmere,Drive,Valley Stream,11581,999000,985000,Colonial,4,2.500,"Crawl,Unfinished",,14,19903.00,CL,1/17/2018,7/17/2018,3/14/2018,4/25/2018,55,Det,1,1,2997167
829,,Caldwell,Avenue,N. Woodmere,11581,579000,633500,Split Level,4,2.500,"Full,Finished",,14,20203.90,CL,2/01/2018,7/31/2018,2/26/2018,8/31/2018,25,Det,1,1,3000961
1071,,Duston,Road,N. Woodmere,11581,729000,729000,Split Level,4,2.500,"Full,Finished",2 Car Attached,14,14810.97,CL,2/07/2018,7/31/2018,2/28/2018,5/22/2018,21,Det,1,1,3002589
180,,Munro,Boulevard,Valley Stream,11581,579000,580000,Colonial,4,2.500,"Full,Finished",1 Car Detached,14,15309.58,CL,2/14/2018,10/31/2018,3/07/2018,5/17/2018,21,Det,2,2,3004410
36,,Trinity,Place,Hewlett,11557,749000,705000,Victorian,5,3.500,"Full,Finished",,14,16454.00,CL,2/16/2018,8/16/2018,7/06/2018,9/12/2018,139,Det,1,1,3005010
1177,,Frocan,Court,Hewlett,11557,660000,635000,Colonial,3,2.500,"Full,Partially Finished",1 Car Attached,14,14805.81,CL,2/19/2018,8/11/2018,4/18/2018,6/18/2018,57,Det,1,1,3005631
84,,Marlboro,Road,Valley Stream,11581,524900,548000,Tudor,3,1.500,Full,,14,15839.00,CL,2/21/2018,6/29/2018,5/04/2018,6/25/2018,71,Det,1,1,3006233
350,,Pond,Lane,Hewlett Bay Park,11557,1800000,1350000,Colonial,6,5.555,Unfinished,,14,69216.99,CL,2/22/2018,8/31/2018,5/09/2018,6/14/2018,75,Det,1,2,3006439
20,,Linden,Avenue,Lynbrook,11563,799000,757000,Colonial,4,2.500,"Full,Unfinished",1 Car Attached,14,0.00,CL,2/26/2018,2/26/2019,8/29/2018,10/15/2018,183,Det,1,1,3007218
1051,,Fordham,Lane,Woodmere,11598,927000,885000,Hi Ranch,5,3.000,"None,Unfinished",1 Car Attached,14,18192.00,CL,2/26/2018,2/24/2019,5/17/2018,7/27/2018,79,Det,1,1,3007302
572,,Leheigh,Lane,Woodmere,11598,599000,580000,Hi Ranch,4,2.500,"None,Unfinished",2 Car Attached,14,15567.77,CL,3/01/2018,9/01/2018,3/19/2018,5/16/2018,17,Att,1,1,3008260
62,,Prospect,Avenue,Hewlett,11557,620000,608000,Hi Ranch,4,3.000,"None,Unfinished",2 Car Attached,14,13378.36,CL,3/01/2018,12/01/2018,10/29/2018,11/17/2018,241,Det,1,1,3008423
995,E,Prospect,Street,Woodmere,11598,599000,585000,Colonial,4,2.500,"Full,Finished",2 Car Detached,14,17872.56,CL,3/05/2018,5/31/2018,6/07/2018,6/22/2018,93,Det,1,1,3009227
391,,Westwood,Road,Woodmere,11598,699000,675000,Exp Ranch,5,3.000,"Crawl,Unfinished",2 Car Attached,14,21217.78,CL,3/05/2018,9/03/2018,3/12/2018,5/31/2018,6,Att,1,1,3009410
41,,Centre,Street,Woodmere,11598,639000,625000,Colonial,4,2.500,"Full,Unfinished",2 Car Detached,14,16875.00,CL,3/06/2018,8/30/2018,4/19/2018,6/25/2018,43,Det,1,1,3009662
1383,,Noel A,,Hewlett,11557,889000,850000,Colonial,4,2.500,Full,,14,20000.00,CL,3/08/2018,11/17/2018,10/17/2018,12/21/2018,222,Det,1,1,3010524
826,,Flanders,Drive,N. Woodmere,11581,699000,715000,Split Level,4,2.500,"Full,Finished",1 Car Attached,14,15084.53,CL,3/15/2018,9/15/2018,3/29/2018,7/30/2018,14,Det,1,1,3012171
1558,,Pebble,Lane,Hewlett,11557,1110000,1100000,Colonial,5,3.500,"Full,Unfinished",2 Car Attached,14,19862.00,CL,3/16/2018,12/31/2018,10/17/2018,12/20/2018,215,Det,1,1,3012459
1544,,Moffitt,Avenue,Hewlett,11557,599000,565000,Colonial,3,2.500,"Full,Finished",,14,13871.58,CL,10/19/2017,4/23/2018,4/15/2018,8/16/2018,178,Att,1,1,3013459
550,,Allen,Road,Woodmere,11598,729000,729000,Hi Ranch,4,3.000,"None,Unfinished",1 Car Attached,14,20821.41,CL,3/23/2018,8/19/2018,4/23/2018,6/28/2018,31,Det,1,1,3014386
868,,Woodmere,Drive,N. Woodmere,11581,729000,715000,Hi Ranch,4,3.000,"None,Unfinished",2 Car Attached,14,14224.80,CL,3/27/2018,3/31/2019,10/15/2018,1/04/2019,202,Det,1,1,3015213
89,,Conklin,Avenue,Woodmere,11598,728000,712000,Colonial,4,2.500,"Full,Partially Finished",1 Car Detached,14,16099.23,CL,3/28/2018,3/20/2019,6/14/2018,9/21/2018,78,Det,1,1,3015657
155,,Dolphin,Drive,Hewlett Neck,11598,1499000,1400000,Exp Ranch,5,4.500,"Crawl,Unfinished",2 Car Attached,14,41635.40,CL,4/01/2018,3/31/2019,1/02/2019,3/20/2019,276,Det,1,1,3016494
55,,Quay,Avenue,Hewlett,11557,579000,560000,Split Level,3,2.500,Full,1 Car Attached,14,14079.00,CL,4/04/2018,10/04/2018,5/04/2018,7/17/2018,30,Det,1,1,3017301
1522,,Hewlett Heath,Road,Hewlett,11557,979900,946425,Colonial,4,3.500,"Full,Finished",2 Car Attached,14,23072.71,CL,4/06/2018,12/31/2018,9/19/2018,11/21/2018,166,Det,1,1,3018045
55,,Chatham,Road,Hewlett,11557,499000,512500,Cape,3,2.000,"Full,Finished",1 Car Attached,14,11703.26,CL,4/06/2018,10/06/2018,4/25/2018,7/10/2018,19,Det,1,1,3018077
991,,Rosedale,Road,Valley Stream,11581,850000,840000,Split Level,4,3.500,"Full,Finished",,14,13253.00,CL,4/07/2018,10/07/2018,9/26/2018,11/28/2018,172,Det,1,1,3018424
28,,Hartwell,Place,Woodmere,11598,549000,556500,Colonial,3,2.000,"Full,Unfinished",3 Car Detached,14,12900.00,CL,4/09/2018,9/10/2018,6/15/2018,8/30/2018,67,Det,1,1,3018656
565,,Lido,Lane,Woodmere,11598,649888,640000,Split Level,4,2.000,"Crawl,Unfinished",2 Car Attached,14,16218.79,CL,4/09/2018,10/31/2018,2/26/2019,5/01/2019,39,Det,1,1,3018773
1017,,Dartmouth,Lane,Woodmere,11598,825000,740000,Hi Ranch,5,3.000,"Full,Unfinished",,14,15807.49,CL,4/09/2018,9/29/2018,6/12/2018,8/17/2018,64,Det,1,1,3018780
39,W,Valley,Lane,N. Woodmere,11581,898000,865000,Splanch,4,2.500,"Full,Finished",2 Car Attached,14,18800.32,CL,4/11/2018,10/01/2018,7/24/2018,10/30/2018,104,Det,1,1,3019452
1613,,Hewlett,Avenue,Hewlett,11557,609000,615000,Exp Cape,5,3.000,"Full,Finished",1 Car Detached,14,20186.00,CL,4/11/2018,9/30/2018,5/03/2018,8/06/2018,22,Det,1,1,3019521
5,,Barr,Road,Hewlett Bay Park,11557,1998000,1550000,Colonial,6,4.500,"Full,Finished",2 Car Attached,14,65688.88,CL,4/11/2018,11/14/2018,11/10/2018,1/31/2019,213,Det,1,1,3019801
139,,Gordon,Road,Valley Stream,11581,499000,509000,Colonial,3,1.500,"Full,Finished",,14,12889.59,CL,4/16/2018,11/16/2018,5/09/2018,7/06/2018,23,Det,1,1,3020801
1,,Birch,Drive,Hewlett Harbor,11557,1379000,990000,Ranch,3,4.000,"Full,Finished",2 Car Attached,14,41036.41,CL,4/16/2018,3/31/2019,10/01/2018,12/14/2018,168,Det,1,1,3020960
992,,Peninsula,Boulevard,Woodmere,11598,699000,770000,Split Level,6,3.500,"Partial,Finished",2 Car Attached,14,18065.43,CL,4/17/2018,10/30/2018,4/25/2018,7/09/2018,8,Det,1,1,3021202
129,,Edgeworth,Street,Valley Stream,11581,539000,522500,Colonial,5,2.000,"Crawl,Unfinished",,14,12152.10,CL,4/17/2018,10/15/2018,5/15/2018,6/28/2018,28,Det,1,1,3021289
986,,Dartmouth,Lane,Woodmere,11598,725000,730000,Split Level,4,3.000,"Partial,Finished",2 Car Attached,14,15414.53,CL,4/19/2018,7/10/2018,4/28/2018,7/26/2018,9,Det,1,1,3022290
367,,Cochran Place,,Valley Stream,11581,699777,680000,Duplex,6,3.000,"Full,Finished",,14,0.00,CL,4/24/2018,6/30/2018,6/07/2018,9/17/2018,44,Det,2,2,3023616
1536,,Kew,Avenue,Hewlett,11557,579000,565000,Ranch,4,3.000,"Full,Finished",,14,14452.00,CL,4/23/2018,12/31/2018,8/10/2018,9/21/2018,109,Det,1,1,3024072
1448,,Sturl,Avenue,Hewlett,11557,585000,557770,Split Level,3,2.500,"Full,Partially Finished",1 Car Attached,14,13706.15,CL,4/26/2018,10/18/2018,8/30/2018,10/29/2018,126,Att,1,1,3024157
205,,Hewlett Neck,Road,Hewlett Neck,11598,998000,950000,Exp Ranch,4,3.500,"Partial,Unfinished",2 Car Attached,14,26259.29,CL,4/26/2018,8/26/2018,6/11/2018,9/21/2018,46,Det,1,1,3024190
980,W,Broadway,,Woodmere,11598,680000,610000,Colonial,4,3.000,"Full,Finished",,14,20223.64,CL,4/30/2018,10/31/2018,5/10/2018,8/09/2018,10,Det,1,1,3025113
821,,Newburg,,N. Woodmere,11581,689000,635000,Raised Ranch,4,2.000,Full,1 Car Attached,14,12231.74,CL,5/02/2018,7/31/2018,7/02/2018,8/24/2018,61,Det,1,1,3025973
45,,Clubside,Drive,Woodmere,11598,749000,720000,Townhouse,3,3.500,"Full,Finished",1 Car Attached,14,15925.07,CL,5/02/2018,10/27/2018,6/19/2018,7/16/2018,48,Att,1,1,3026064
973,,Cedarhurst,Street,N. Woodmere,11581,689000,655000,Colonial,3,1.500,"Partial,Finished",1 Car Attached,14,11196.00,CL,5/03/2018,5/29/2019,2/28/2019,6/27/2019,301,Det,1,1,3026922
39,,Peninsula,Boulevard,Valley Stream,11581,619000,600000,Colonial,4,3.000,"Crawl,Unfinished",1 Car Detached,14,17728.00,CL,5/04/2018,11/04/2018,5/23/2018,8/21/2018,19,Det,1,1,3026959
1637,,Fenimore,Road,Hewlett,11557,749000,720000,Colonial,4,3.500,"Full,Finished",1 Car Attached,14,15371.52,CL,5/04/2018,1/26/2019,5/25/2018,6/29/2018,21,Det,2,2,3027010
71,,Amherst,Road,Valley Stream,11581,519000,530000,Colonial,4,1.500,Full,,14,16666.36,CL,5/04/2018,10/04/2018,8/13/2018,10/29/2018,101,Det,1,1,3027132
1604,,Moffitt,Avenue,Hewlett,11557,575000,535000,Exp Cape,4,3.000,"Full,Finished",,14,15100.34,CL,5/06/2018,10/28/2018,6/21/2018,8/23/2018,46,Det,1,1,3027565
818,,Plainfield,Lane,Valley Stream,11581,599000,615000,Hi Ranch,4,2.500,Full,,14,20302.00,CL,5/09/2018,5/10/2020,4/19/2019,7/11/2019,345,Det,1,1,3028842
1025,,Dartmouth Lane,,Woodmere,11598,795000,770000,Hi Ranch,4,2.500,"None,Unfinished",2 Car Attached,14,15895.00,CL,5/10/2018,11/30/2018,5/19/2018,8/07/2018,9,Det,1,1,3028908
1390,,Stevenson,Road,Hewlett,11557,1100000,1100000,Split Level,5,3.000,"Crawl,Unfinished",,14,33126.91,CL,5/12/2018,11/09/2018,6/04/2018,7/19/2018,23,Att,1,1,3029604
1132,,Fulton,Street,Woodmere,11598,695000,672500,Colonial,6,3.000,"Full,Unfinished",2 Car Detached,14,15846.00,CL,5/22/2018,9/18/2018,6/15/2018,8/14/2018,24,Det,1,1,3032386
1624,,Hewlett,Avenue,Hewlett,11557,749900,720000,Colonial,5,2.000,"Full,Finished",2 Car Detached,14,15021.80,CL,5/22/2018,11/03/2018,7/14/2018,10/04/2018,53,Det,1,1,3032673
1336,,Harbor,Road,Hewlett Harbor,11557,1499000,1050000,Ranch,3,4.550,"Crawl,Unfinished",4+ Car Detached,14,44044.00,CL,5/23/2018,4/10/2019,12/07/2018,3/15/2019,198,Det,1,1,3033068
15,N,Strathmore,Street,N. Woodmere,11581,579000,565000,Exp Ranch,3,2.000,"Full,Finished",1 Car Attached,14,14537.00,CL,5/24/2018,11/01/2018,7/09/2018,10/04/2018,46,Det,1,1,3033244
149,,Midgely,Drive,Hewlett,11557,575000,540000,Colonial,5,3.500,"Full,Unfinished",1 Car Attached,14,16553.45,CL,3/20/2018,12/13/2018,10/10/2018,1/22/2019,204,Det,1,1,3034531
19,,Clubside,Drive,Woodmere,11598,759000,710000,Townhouse,4,3.500,Full,2 Car Attached,14,13943.96,CL,5/25/2018,9/09/2018,8/31/2018,9/20/2018,98,Det,1,1,3034543
19,,Dorothy,Place,Lynbrook,11563,549000,535000,Cape,4,2.000,"Full,Finished",,14,16291.00,CL,5/30/2018,11/17/2018,7/27/2018,10/12/2018,58,Det,1,1,3034732
236,,Locust,Street,Valley Stream,11581,499000,505000,Colonial,5,1.500,"Full,Finished",1 Car Detached,14,11204.71,CL,6/05/2018,9/30/2018,9/20/2018,10/31/2018,107,Det,1,1,3036845
152,,Alwin,Court,Woodmere,11598,859999,813000,Colonial,5,5.000,"Full,Finished",2 Car Detached,14,19406.79,CL,6/07/2018,12/07/2018,10/31/2018,2/26/2019,146,Det,1,1,3037590
1257,,Veeder,Drive,Hewlett Bay Park,11557,1695000,1600000,Split Level,7,5.550,"Full,Finished",2 Car Attached,14,38069.34,CL,6/10/2018,12/30/2018,9/30/2018,11/15/2018,112,Det,1,1,3038222
109,,Lake,Drive,Hewlett Harbor,11557,1720000,1670000,Colonial,5,5.500,"Crawl,Unfinished",2 Car Attached,14,51107.22,CL,6/12/2018,12/31/2018,7/30/2018,10/09/2018,48,Det,1,1,3039027
805,,Oakleigh,Road,N. Woodmere,11581,819000,775000,Split Level,5,3.000,"Full,Finished",1 Car Attached,14,16315.52,CL,4/15/2018,10/15/2018,7/23/2018,11/01/2018,99,Det,1,1,3039910
1550,,Pebble,Lane,Hewlett,11557,999000,957500,Colonial,5,3.000,"Full,Finished",2 Car Attached,14,19537.00,CL,6/15/2018,12/30/2018,9/06/2018,11/08/2018,83,Det,1,1,3040102
324,,Daub,Avenue,Hewlett,11557,699000,677500,Colonial,4,3.000,Partial,1 Car Detached,14,20893.00,CL,6/17/2018,10/26/2018,8/10/2018,12/17/2018,54,Det,1,1,3040286
24,,Rosedale,Road,Valley Stream,11581,529000,515000,Split Level,3,2.500,"Partial,Finished",,14,14931.93,CL,6/18/2018,12/31/2018,8/08/2018,9/20/2018,51,Det,1,1,3040629
67,,Johnson,Place,Woodmere,11598,1100000,850000,Colonial,4,2.500,"Full,Finished",2 Car Detached,14,23975.96,CL,6/18/2018,12/03/2019,12/22/2018,11/27/2019,187,Det,1,1,3040725
823,,Talbot,Avenue,N. Woodmere,11581,768000,750000,Raised Ranch,4,2.500,"None,Unfinished",1 Car Attached,14,13091.50,CL,6/21/2018,12/31/2018,7/09/2018,8/14/2018,18,Det,1,1,3041859
390,,Daub,Avenue,Hewlett,11557,559000,537000,Cape,4,2.000,"Full,Unfinished",,14,12500.00,CL,6/22/2018,10/22/2018,7/31/2018,11/05/2018,39,Det,1,1,3042024
31,,Geoffrey,Lane,Hewlett,11557,575000,560000,Split Level,3,2.500,"Partial,Finished",2 Car Attached,14,19807.00,CL,6/22/2018,12/31/2018,7/11/2018,9/12/2018,19,Det,1,1,3042055
69,,Johnson,Place,Woodmere,11598,899000,860000,Colonial,5,3.000,"Partial,Partially Finished",1 Car Detached,14,21439.00,CL,6/24/2018,9/19/2018,11/15/2018,11/28/2018,144,Det,1,1,3042696
30,,Johnson,Place,Woodmere,11598,539000,510000,Colonial,5,2.000,"Full,Unfinished",,14,18099.38,CL,6/29/2018,12/31/2018,8/06/2018,11/19/2018,38,Det,1,1,3044042
3,,Irvington,Street,Valley Stream,11581,540000,525000,Cape,4,2.000,"Full,Partially Finished",1 Car Attached,14,13857.68,CL,7/05/2018,1/07/2019,8/08/2018,10/22/2018,34,Det,1,1,3045727
174,,Combs,Avenue,Woodmere,11598,599000,685000,Colonial,4,2.500,"Full,Unfinished",2 Car Attached,14,21797.75,CL,7/06/2018,1/15/2019,7/24/2018,10/09/2018,18,Det,1,1,3045870
891,,Carol,Court,Woodmere,11598,898000,850000,Split Level,5,2.500,"None,Unfinished",2 Car Attached,14,14266.16,CL,7/11/2018,1/16/2019,11/21/2018,2/26/2019,133,Det,1,1,3047546
113,,Carstairs,Road,Valley Stream,11581,529990,550000,Colonial,4,1.500,Full,1 Car Detached,14,15218.29,CL,7/12/2018,12/31/2018,7/27/2018,11/30/2018,15,Det,1,1,3047687
31,,Raymond,Place,Hewlett,11557,669000,625000,Colonial,4,2.500,"None,Unfinished",1 Car Detached,14,12331.62,CL,7/13/2018,1/11/2019,9/04/2018,10/31/2018,53,Det,1,1,3048055
19,,Linden,Avenue,Lynbrook,11563,629000,620000,Split Level,3,2.000,"Full,Finished",1 Car Attached,14,14275.63,CL,5/11/2018,11/07/2018,11/01/2018,1/28/2019,174,Det,1,1,3048570
966,S,End,,Woodmere,11598,929000,900000,Colonial,5,3.000,"Full,Finished",2 Car Attached,14,20421.80,CL,7/23/2018,1/31/2019,9/07/2018,1/04/2019,46,Det,1,1,3050778
858,,Oliver,Avenue,N. Woodmere,11581,799000,755000,Hi Ranch,4,4.000,"None,Unfinished",1 Car Attached,14,17996.00,CL,7/24/2018,1/18/2019,10/26/2018,12/18/2018,94,Det,1,1,3051025
335,,Cochran,Place,Valley Stream,11581,729000,729000,Duplex,6,3.000,"Full,Finished",2 Car Detached,14,13812.00,CL,7/27/2018,2/20/2019,8/22/2018,12/11/2018,26,Det,2,2,3052092
967,,Benton,Street,Woodmere,11598,699000,635000,Tudor,5,3.000,"Full,Finished",2 Car Detached,14,25822.00,CL,7/29/2018,3/01/2019,10/11/2018,11/05/2018,74,Det,1,1,3052510
48,,Johnson,Place,Woodmere,11598,799000,770000,Colonial,4,2.000,"Full,Finished",1 Car Detached,14,13489.00,CL,7/30/2018,1/30/2019,8/16/2018,9/28/2018,17,Det,1,1,3052650
242,,Munro,Boulevard,Valley Stream,11581,739000,710000,Duplex,6,2.000,"Full,Finished",,14,15685.81,CL,7/29/2018,1/29/2019,10/16/2018,12/17/2018,79,Det,2,2,3053063
331,,Serena,Road,Hewlett,11557,645000,542850,Colonial,6,3.000,,1 Car Attached,14,23522.00,CL,7/31/2018,10/31/2018,8/15/2018,10/05/2018,15,Det,1,1,3053969
135,,Midgely,,Hewlett,11557,699000,672500,Colonial,4,3.000,"Full,Finished",1 Car Detached,14,12210.78,CL,8/04/2018,2/01/2019,11/28/2018,1/28/2019,116,Det,1,1,3054398
169,,Pebble,Lane,Hewlett,11557,850000,750000,Exp Ranch,6,3.000,"Crawl,Unfinished",2 Car Attached,14,20620.00,CL,8/05/2018,5/01/2019,10/25/2018,3/01/2019,81,Det,1,1,3054519
1486,,Kew,Avenue,Hewlett,11557,549000,537000,Colonial,5,2.000,"Full,Partially Finished",1 Car Attached,14,14962.88,CL,5/24/2018,7/24/2019,4/18/2019,6/07/2019,329,Det,1,1,3055163
161,,Midgely,Drive,Hewlett,11557,699000,630000,Colonial,3,3.000,"Full,Finished",1 Car Detached,14,15866.16,CL,8/11/2018,5/01/2019,3/01/2019,4/30/2019,202,Det,1,1,3056318
929,,Peninsula,Boulevard,Woodmere,11598,599000,585000,Split Level,5,3.000,"None,Unfinished",1 Car Attached,14,21299.64,CL,8/13/2018,12/31/2018,9/09/2018,10/30/2018,27,Det,1,1,3056568
78,,Gertmin,Road,Woodmere,11598,949000,932750,Colonial,4,3.500,"Full,Finished",2 Car Detached,14,28392.87,CL,8/22/2018,2/20/2019,9/09/2018,12/14/2018,18,Det,1,1,3059359
994,,Westwood,Road,Woodmere,11598,579950,565000,Split Level,4,2.500,"Partial,Unfinished",2 Car Detached,14,25437.61,CL,8/24/2018,9/30/2019,7/12/2019,8/02/2019,322,Det,1,1,3059970
355,,Cochran,Place,Valley Stream,11581,675000,673000,Colonial,6,2.000,"Full,Finished",None,14,14884.68,CL,9/07/2018,12/07/2018,1/24/2019,4/17/2019,139,Det,2,2,3063165
10,,Valley Lane West,,N. Woodmere,11581,828000,800000,Hi Ranch,6,3.000,"None,Unfinished",2 Car Attached,14,19388.53,CL,7/21/2018,4/30/2019,11/07/2018,1/11/2019,109,Det,1,1,3064362
1330,,Auerbach,Avenue,Hewlett Harbor,11557,969000,920000,Colonial,6,4.500,"Full,Finished",2 Car Attached,14,30256.00,CL,9/13/2018,2/28/2019,12/13/2018,3/18/2019,91,Det,1,1,3064821
69,N,Strathmore,Street,N. Woodmere,11581,599000,575000,Ranch,4,2.000,"Full,Finished",1 Car Attached,14,12551.49,CL,9/13/2018,6/13/2019,11/02/2018,1/04/2019,50,Det,1,1,3065270
869,,Fanwood,Avenue,Valley Stream,11581,575000,550000,Hi Ranch,3,2.500,"None,Unfinished",1 Car Attached,14,17534.49,CL,9/17/2018,9/17/2019,1/15/2019,3/28/2019,120,Att,1,1,3066593
944,,Northfield,Road,Woodmere,11598,650000,770000,Colonial,5,4.000,Full,,14,29465.52,CL,10/01/2018,10/18/2018,10/17/2018,11/17/2018,16,Det,1,1,3069668
319,,Daub,Avenue,Hewlett,11557,699000,670000,Duplex,4,2.500,"Full,Finished",2 Car Detached,14,15198.52,CL,10/02/2018,4/25/2019,12/10/2018,4/11/2019,69,Att,2,2,3069817
1055,E,Broadway,,Woodmere,11598,599000,570000,Colonial,4,2.500,"Full,Unfinished",1 Car Detached,14,15478.91,CL,5/15/2018,6/26/2019,4/18/2019,6/18/2019,338,Det,1,1,3070205
38,,Dubonnet,Road,Valley Stream,11581,585000,545000,Colonial,4,1.500,"Full,Unfinished",,14,12759.00,CL,10/03/2018,4/04/2019,11/12/2018,3/13/2019,40,Det,1,1,3070540
940,,Crawford,Road,Woodmere,11598,839000,820000,Colonial,4,2.500,"Full,Finished",2 Car Attached,14,12970.00,CL,10/04/2018,4/01/2019,11/07/2018,3/05/2019,34,Det,1,1,3070587
1742,,Union,Avenue,Hewlett,11557,799000,750000,Exp Ranch,4,3.000,"Full,Finished",Attached,14,16951.00,CL,10/06/2018,10/16/2019,10/15/2019,1/23/2020,374,Det,1,1,3071418
1069,,Channel,Road,Hewlett,11557,1050000,815000,Split Level,5,4.500,"Crawl,Unfinished",2 Car Attached,14,25138.00,CL,10/12/2018,3/30/2019,12/13/2018,4/18/2019,62,Det,1,1,3072786
418,,Hungry Harbor Ro,,N. Woodmere,11581,895000,837900,Colonial,4,2.500,"Full,Finished",2 Car Attached,14,21087.89,CL,10/15/2018,10/15/2019,5/29/2019,7/10/2019,226,Det,1,1,3073668
10,,Valley Lane East,,N. Woodmere,11581,629000,590000,Hi Ranch,4,2.500,"None,Unfinished",2 Car Attached,14,16964.24,CL,10/18/2018,4/18/2019,3/06/2019,5/09/2019,139,Det,1,1,3074280
320,,Meadowview,Avenue,Hewlett Bay Park,11557,1525000,1275000,Colonial,5,4.500,"Partial,Unfinished",2 Car Attached,14,69382.55,CL,10/24/2018,10/31/2019,9/17/2019,9/26/2019,328,Det,1,1,3075916
245,,Hewlett Neck,Road,Hewlett Neck,11598,1275000,900000,Colonial,8,6.500,"None,Unfinished",2 Car Attached,14,35035.57,CL,10/25/2018,4/08/2019,1/17/2019,4/03/2019,84,Det,1,1,3076110
21,,Centre,Street,Woodmere,11598,579000,560000,Colonial,4,1.500,Full,1 Car Detached,14,12605.00,CL,10/25/2018,1/25/2019,11/29/2018,2/15/2019,35,Det,1,1,3076112
791,,Oakleigh,Road,N. Woodmere,11581,759000,700000,Split Level,5,3.000,"Full,Finished",2 Car Attached,14,20691.58,CL,10/25/2018,8/01/2019,7/11/2019,12/16/2019,259,Det,1,1,3076116
26,,Geoffrey,Lane,Hewlett,11557,699000,695000,Split Level,4,3.000,"Partial,Finished",1 Car Attached,14,16671.52,CL,10/25/2018,2/25/2019,11/05/2018,2/06/2019,11,Det,1,1,3076121
400,,Hewlett,Parkway,Hewlett,11557,575000,525000,Colonial,4,1.500,Partial,,14,9822.03,CL,10/25/2018,7/30/2019,3/07/2019,5/24/2019,133,Det,1,1,3076211
153,,Harris,Avenue,Hewlett,11557,565888,555000,Colonial,3,2.500,"None,Unfinished",,14,17207.24,CL,10/27/2018,2/26/2019,2/06/2019,3/08/2019,102,Det,1,1,3076796
895,,Park Lane,,Valley Stream,11581,879000,850000,Split Level,4,2.000,"Full,Finished",,14,15873.00,CL,10/28/2018,1/18/2019,12/27/2018,5/28/2019,60,Det,1,1,3076837
88,,Munro,Boulevard,Valley Stream,11581,679976,675000,Colonial,5,2.500,"Full,Finished",,14,13821.41,CL,10/31/2018,4/30/2019,1/21/2019,3/14/2019,82,Det,2,2,3077502
309,,Everit,Avenue,Hewlett Harbor,11557,1100000,986000,Split Level,6,4.500,"Full,Unfinished",2 Car Attached,14,26986.00,CL,11/02/2018,12/30/2019,8/14/2019,11/07/2019,285,Det,1,1,3078267
1596,,Hereford,Road,Hewlett,11557,765000,715000,2 Story,4,2.500,"Full,Finished",1 Car Attached,14,15912.45,CL,11/05/2018,10/30/2019,7/22/2019,10/03/2019,258,Det,1,1,3078876
119,,Lafayette Pl,,Woodmere,11598,1640000,1540000,Colonial,6,6.500,"Full,Finished",1 Car Detached,14,22117.09,CL,11/05/2018,3/31/2019,1/10/2019,4/15/2019,66,Det,1,1,3078885
1618,,Hewlett Heath,Road,Hewlett,11557,1500000,1325000,Colonial,4,3.500,"Full,Unfinished",1 Car Attached,14,22602.12,CL,11/01/2018,8/01/2019,12/11/2018,2/14/2019,40,Det,1,1,3079089
60,,Page,Road,Valley Stream,11581,649000,635000,Colonial,5,2.500,"Full,Finished",1 Car Detached,14,20019.00,CL,11/13/2018,4/05/2019,12/05/2018,1/03/2019,22,Det,1,1,3080735
245,,Pepperidge,Road,Hewlett,11557,850000,600000,Split Level,5,3.500,"Crawl,Unfinished",2 Car Attached,14,20335.00,CL,11/13/2018,11/13/2020,6/13/2019,8/26/2019,211,Det,1,1,3080863
969,S,End,,Woodmere,11598,699000,655000,Exp Ranch,5,3.000,"Full,Finished",2 Car Attached,14,16483.15,CL,11/15/2018,4/08/2019,12/11/2018,3/05/2019,26,Det,1,1,3081339
1021,E,Broadway,,Woodmere,11598,599000,565000,Exp Ranch,4,2.500,"None,Unfinished",1 Car Detached,14,17533.00,CL,11/19/2018,5/11/2019,4/02/2019,7/02/2019,133,Det,1,1,3082189
933,,Eileen Terrace,,Woodmere,11598,635000,610000,Split Level,3,2.000,"Partial,Finished",,14,15581.20,CL,11/20/2018,7/16/2019,5/03/2019,7/30/2019,163,Det,1,1,3082366
290,,Heather,Lane,Hewlett Harbor,11557,1549000,1450000,Colonial,7,5.000,"Crawl,Unfinished",2 Car Attached,14,40764.39,CL,11/26/2018,12/30/2019,10/01/2019,1/08/2020,308,Det,1,1,3083026
41,,Hollywood,Avenue,Lynbrook,11563,529000,545000,Cape,3,2.000,"Full,Partially Finished",1 Car Detached,14,14863.00,CL,11/28/2018,5/20/2019,12/11/2018,1/25/2019,13,Det,1,1,3083596
230,,Hungry Harbor,Road,N. Woodmere,11581,725000,725000,Ranch,3,3.500,Full,,14,17349.00,CL,11/29/2018,6/29/2019,12/26/2018,3/18/2019,27,Det,1,1,3083983
939,,Northfield,Road,Woodmere,11598,699000,699000,Split Level,4,3.000,"Full,Unfinished",1 Car Attached,14,11136.07,CL,12/10/2018,4/30/2019,12/14/2018,1/30/2019,4,Det,1,1,3086378
1096,,Pearl,Street,N. Woodmere,11581,865000,800000,Split Level,4,3.500,"Full,Finished",,14,16169.00,Cl,12/11/2018,5/31/2019,3/01/2019,6/03/2019,80,Det,1,1,3086408
352,,Felter,Avenue,Hewlett,11557,1049000,950000,Colonial,4,2.500,Partially Finished,1 Car Attached,14,17894.20,CL,12/11/2018,6/11/2019,1/11/2019,4/10/2019,31,Det,1,1,3086482
949,,Carol,Avenue,Woodmere,11598,699000,675000,Split Level,5,3.500,"Full,Finished",1 Car Attached,14,16803.81,CL,12/14/2018,11/30/2019,8/23/2019,11/18/2019,251,Det,1,1,3087258
141,,Willow,Road,Woodsburgh,11598,1365000,1295000,Colonial,4,3.550,"Full,Finished",2 Car Attached,14,26085.00,CL,12/21/2018,4/30/2019,3/12/2019,5/23/2019,80,Det,1,1,3088353
72,,Harris,Avenue,Hewlett,11557,511000,511000,Cape,3,1.500,"Full,Unfinished",1 Car Attached,14,12547.00,CL,12/27/2018,9/12/2019,1/25/2019,4/26/2019,29,Det,1,1,3088821
1049,,Wales,Place,Woodmere,11598,769000,750000,Hi Ranch,4,2.500,"None,Unfinished",2 Car Attached,14,16635.38,CL,1/02/2019,5/04/2019,1/28/2019,3/27/2019,26,Det,1,1,3089472
780,,Longview,Avenue,N. Woodmere,11581,799000,772500,Split Level,5,3.000,"Full,Finished",2 Car Attached,14,16021.00,CL,5/01/2018,2/28/2019,2/11/2019,6/05/2019,286,Det,1,1,3089495
22,,Holiday,Court,N. Woodmere,11581,635000,620000,Split Level,4,3.000,"Full,Finished",1 Car Attached,14,17425.03,CL,1/02/2019,8/20/2019,8/16/2019,10/16/2019,225,Det,1,1,3089652
1052,,Peninsula,Boulevard,Woodmere,11598,589000,550000,Colonial,4,3.000,"Partial,Finished",2 Car Attached,14,16400.00,CL,1/04/2019,12/31/2019,6/24/2019,9/23/2019,170,Det,1,1,3090457
1055,,Lawrence,Court,N. Woodmere,11581,799000,750000,Split Level,5,3.000,"Full,Finished",2 Car Attached,14,15603.63,CL,1/07/2019,8/31/2019,2/07/2019,4/04/2019,31,Det,1,1,3091060
25,,Holiday,Court,Hewlett,11557,725000,690000,Split Level,4,3.500,"Full,Finished",,14,17139.47,CL,1/08/2019,6/27/2019,3/28/2019,5/31/2019,78,Det,1,1,3091301
800,,Kearny,Drive,N. Woodmere,11581,849000,820000,Split Level,4,3.000,"Partial,Finished",,14,16500.00,CL,7/18/2017,7/13/2019,7/15/2019,9/24/2019,727,Att,1,1,3091674
927,,Park,Lane,N. Woodmere,11581,899000,825000,Hi Ranch,4,3.000,"None,Unfinished",,14,13834.00,CL,1/14/2019,5/14/2019,4/04/2019,5/21/2019,79,Det,1,1,3092856
70,,Captains,Road,N. Woodmere,11581,999000,965000,Split Level,5,3.500,"Partial,Finished",2 Car Attached,14,20135.75,CL,1/14/2019,7/01/2019,2/28/2019,6/14/2019,45,Det,1,1,3093012
34,W,Valley,Lane,N. Woodmere,11581,1180000,950000,Colonial,5,3.500,"Full,Finished",2 Car Attached,14,23913.57,CL,1/15/2019,8/13/2019,6/17/2019,8/05/2019,152,Det,1,1,3093269
1000,S,End,Drive,Woodmere,11598,725000,761250,Colonial,4,3.000,"Full,Finished",2 Car Attached,14,26332.00,CL,1/14/2019,4/14/2019,2/01/2019,3/07/2019,18,Det,1,1,3093373
118,,Harris,Avenue,Hewlett,11557,599000,599040,2 Story,4,1.500,"Full,Finished",,14,13439.00,CL,1/25/2019,9/15/2019,4/21/2019,5/19/2019,85,Det,1,1,3096224
24,,Centre,Street,Woodmere,11598,770000,735000,Colonial,4,2.500,"Full,Finished",,14,15162.45,CL,1/26/2019,4/15/2019,4/04/2019,7/08/2019,67,Det,1,1,3096336
998,,Allen,Lane,Woodmere,11598,1168000,1112500,Colonial,4,3.000,"Full,Finished",2 Car Detached,14,14004.19,CL,2/03/2019,5/06/2019,3/04/2019,7/15/2019,29,Det,1,1,3098193
1280,,Westervelt,Place,Hewlett,11557,668000,640000,Colonial,4,2.000,"Full,Finished",1 Car Detached,14,11234.05,CL,2/05/2019,7/31/2019,3/07/2019,5/30/2019,30,Det,1,1,3098703
138,,Midgely,Drive,Hewlett,11557,748000,723000,Colonial,3,3.500,"Full,Partially Finished",1 Car Attached,14,15345.63,CL,2/05/2019,8/09/2019,3/15/2019,7/11/2019,37,Det,1,1,3098913
1045,,Seawane,Drive,Hewlett Harbor,11557,1699000,1525000,Contemporary,5,4.500,"Full,Finished",2 Car Attached,14,30336.27,CL,2/11/2019,8/31/2019,4/09/2019,9/13/2019,56,Det,1,1,3100315
95,,Willow,Road,Woodsburgh,11598,1329000,1300000,Colonial,5,3.500,"Full,Finished",Attached,14,24075.00,CL,2/23/2019,9/01/2019,6/05/2019,11/16/2019,101,Det,1,1,3103531
152,,Amherst,Road,Valley Stream,11581,595000,580000,Colonial,4,2.000,"Full,Finished",1 Car Attached,14,13274.00,Cl,2/27/2019,7/15/2019,7/10/2019,9/19/2019,132,Det,1,1,3104545
23,,Valley Lane West,,N. Woodmere,11581,885000,860000,Splanch,5,2.500,"Partial,Partially Finished",2 Car Attached,14,18307.43,CL,3/01/2019,10/15/2019,6/01/2019,9/19/2019,91,Det,1,1,3105047
30,,Sheridan,Avenue,Hewlett,11557,799990,785000,Colonial,8,4.000,"Full,Finished",2 Car Detached,14,22717.43,CL,3/01/2019,12/31/2019,10/11/2019,1/07/2020,223,Det,2,2,3105129
839,,Newburg,Avenue,N. Woodmere,11581,725000,699000,Raised Ranch,5,4.000,"None,Unfinished",1 Car Attached,14,17878.71,CL,8/13/2018,7/08/2019,4/05/2019,6/20/2019,235,Det,1,1,3105412
143,,Amherst,Road,Valley Stream,11581,579000,565000,Tudor,3,2.000,"Full,Finished",1 Car Attached,14,13248.00,CL,3/03/2019,10/31/2019,3/21/2019,6/14/2019,17,Det,1,1,3105667
11,,Dubonnet,Road,Valley Stream,11581,499000,520000,Colonial,3,1.500,"Partial,Partially Finished",1 Car Detached,14,13518.53,CL,3/04/2019,9/18/2019,4/02/2019,6/19/2019,28,Det,1,1,3105687
991,,Singleton,Avenue,Woodmere,11598,735000,732500,Cape,4,2.500,"Full,Finished",,14,13293.00,CL,3/07/2019,11/07/2019,4/02/2019,5/30/2019,25,Det,1,1,3106900
2,,Valley Greens,Drive,N. Woodmere,11581,649000,620000,Hi Ranch,4,2.500,"None,Unfinished",2 Car Attached,14,20388.00,CL,3/07/2019,2/26/2020,7/01/2019,9/12/2019,115,Det,1,1,3107192
930,,Beth,Lane,Woodmere,11598,579000,535000,Ranch,4,2.000,"Crawl,Unfinished",,14,13428.00,CL,3/10/2019,3/05/2020,4/15/2019,5/21/2019,35,Det,1,1,3107745
10,,Newport,Drive,Hewlett,11557,674500,640000,Split Level,3,2.500,"Partial,Finished",1 Car Attached,14,15722.18,CL,3/10/2019,11/01/2019,9/09/2019,11/15/2019,182,Det,1,1,3107749
7,,Newport,Drive,Hewlett,11557,824000,795000,Split Level,5,3.500,"Full,Finished",1 Car Attached,14,17158.00,CL,3/11/2019,11/30/2019,9/25/2019,12/17/2019,198,Det,1,1,3108053
10,,Halyard,Road,N. Woodmere,11581,879000,792500,Colonial,5,3.000,"Full,Unfinished",2 Car Attached,14,12450.00,CL,3/11/2019,6/07/2019,5/20/2019,8/01/2019,70,Det,1,1,3108196
56,,Raymond,Place,Hewlett,11557,515000,515000,Colonial,3,2.000,"Partial,Partially Finished",1 Car Detached,14,10465.76,CL,3/12/2019,9/11/2019,3/27/2019,5/21/2019,15,Det,1,1,3108239
1190,E,Broadway,,Hewlett,11557,599000,590000,2 Story,5,3.000,"None,Unfinished",2 Car Attached,14,19380.00,CL,3/13/2019,12/31/2019,5/20/2019,10/05/2019,68,Det,1,2,3108987
1312,,Club,Drive,Hewlett Harbor,11557,1979000,1500000,Colonial,6,5.500,"Partial,Unfinished",3 Car Attached,14,107251.61,CL,3/16/2019,7/30/2019,6/07/2019,10/02/2019,83,Det,1,1,3109758
575,,Saddle Ridge,Road,Woodmere,11598,650000,625000,Split Level,4,2.000,"Crawl,Unfinished",,14,14784.00,CL,3/17/2019,3/17/2020,4/10/2019,5/17/2019,24,Det,1,1,3109985
563,,Sunset,Drive,Woodmere,11598,945000,900000,Split Level,4,3.000,"None,Unfinished",2 Car Attached,14,16520.00,CL,3/18/2019,9/10/2019,4/25/2019,6/27/2019,38,Det,1,1,3110034
162,,Schenck,Circle,Hewlett Harbor,11557,1100000,965000,Exp Ranch,4,3.500,"Full,Unfinished",2 Car Detached,14,27091.17,CL,3/25/2019,12/31/2019,4/24/2019,6/28/2019,30,Det,1,1,3112315
943,,Northfield,Road,Woodmere,11598,1499000,1450000,Colonial,5,4.500,"Full,Finished",1 Car Attached,14,24217.77,CL,3/25/2019,8/31/2019,4/04/2019,9/03/2019,10,Det,1,1,3112466
335,,Hewlett,Parkway,Hewlett,11557,595000,595000,Colonial,3,1.500,"Full,Unfinished",1 Car Detached,14,13788.19,CL,3/27/2019,9/27/2019,4/16/2019,6/26/2019,20,Det,1,1,3113614
927,,Central,Avenue,Woodmere,11598,899000,885000,Colonial,7,4.000,Full,,14,28059.00,CL,3/29/2019,6/01/2019,5/10/2019,7/29/2019,42,Det,1,1,3113697
1723,,Broadway,,Hewlett,11557,799000,750000,Duplex,6,3.000,"Full,Finished",2 Car Detached,14,20453.90,CL,3/29/2019,3/11/2020,4/11/2019,7/12/2019,13,Det,2,2,3113729
140,E,Rockaway,Road,Hewlett,11557,579000,540000,Raised Ranch,4,3.000,"None,Unfinished",2 Car Attached,14,20267.01,CL,3/30/2019,8/31/2019,8/14/2019,11/07/2019,137,Det,1,1,3114125
1348,W,Boxwood,Drive,Hewlett Harbor,11557,995000,955000,Colonial,4,3.500,"Full,Finished",1 Car Attached,14,30979.59,CL,4/01/2019,10/01/2019,8/07/2019,9/19/2019,128,Det,1,1,3114659
314,,Serena,Road,Hewlett,11557,578000,565000,Hi Ranch,4,3.000,"None,Unfinished",,14,17256.04,CL,4/02/2019,4/02/2020,11/21/2019,2/07/2020,233,Det,1,1,3114874
59,,Fordham,Street,Valley Stream,11581,579000,555000,Exp Cape,3,2.000,"Crawl,Unfinished",1 Car Detached,14,16186.01,CL,4/04/2019,12/04/2019,7/17/2019,9/26/2019,104,Det,1,1,3115805
893,,Flanders,Drive,N. Woodmere,11581,819999,740000,Hi Ranch,7,2.000,"Full,Finished",1 Car Attached,14,20053.00,CL,4/04/2019,9/30/2019,6/20/2019,7/26/2019,77,Det,1,1,3116185
165,N,Schenck,Circle,Hewlett Harbor,11557,1250000,1175000,Colonial,5,3.500,"Full,Finished",2 Car Attached,14,26746.00,CL,4/05/2019,9/02/2019,5/14/2019,8/20/2019,39,Det,1,1,3116307
207,,Richards,Lane,Hewlett Harbor,11557,999000,952000,Colonial,4,2.500,"Partial,Partially Finished",2 Car Attached,14,29582.33,CL,4/08/2019,10/21/2019,10/05/2019,1/29/2020,180,Det,1,1,3117042
913,W,Broadway,,Woodmere,11598,599000,586000,Colonial,4,3.500,"Full,Finished",2 Car Detached,14,13800.00,CL,4/08/2019,4/11/2020,11/27/2019,12/27/2019,233,Det,1,2,3117221
108,,Sheridan,Avenue,Hewlett,11557,649000,580000,Colonial,4,2.000,"Full,Unfinished",,14,18169.72,CL,4/10/2019,10/31/2019,8/22/2019,11/12/2019,134,Det,2,2,3117810
305,,Barr,Avenue,Woodmere,11598,699000,640000,Splanch,4,2.500,"Partial,Finished",1 Car Attached,14,20308.00,CL,4/11/2019,7/17/2019,6/26/2019,9/04/2019,76,Det,1,1,3118451
1,,Pond,Lane,Hewlett Harbor,11557,979000,900000,Split Level,7,3.555,"Partial,Partially Finished",2 Car Attached,14,33077.25,CL,4/18/2019,10/31/2019,9/19/2019,12/05/2019,154,Det,1,1,3120457
265,,Bayberry,Drive,Hewlett Harbor,11557,980000,999999,Ranch,4,3.000,Full,,14,19257.90,CL,4/22/2019,4/22/2020,5/17/2019,8/09/2019,25,Det,1,1,3121141
907,,Cedarhurst,Street,N. Woodmere,11581,649000,540000,Colonial,3,1.500,"Partial,Finished",1 Car Attached,14,15887.00,CL,4/24/2019,3/24/2020,6/21/2019,7/15/2019,58,Det,1,1,3121996
570,,Amherst,Drive,Woodmere,11598,799000,785000,Colonial,4,2.500,"Full,Finished",2 Car Attached,14,19477.96,CL,4/29/2019,9/15/2019,7/19/2019,8/28/2019,81,Det,1,1,3123318
567,,Linda,Lane,Woodmere,11598,629000,610000,Split Level,4,3.000,"Crawl,Unfinished",2 Car Attached,14,18616.00,CL,4/30/2019,10/01/2019,6/17/2019,9/13/2019,48,Det,1,1,3123671
34,,Johnson,Place,Woodmere,11598,679000,625000,Colonial,4,2.500,"Full,Finished",2 Car Detached,14,15885.54,CL,5/02/2019,12/31/2019,6/28/2019,11/05/2019,57,Det,1,1,3124627
990,,Wood,Street,Woodmere,11598,939000,903500,Split Ranch,4,3.000,"Full,Finished",2 Car Attached,14,15066.00,CL,5/02/2019,7/01/2019,6/24/2019,8/19/2019,53,Det,1,1,3124877
1597,,Hereford,Road,Hewlett,11557,699500,699500,Exp Ranch,3,2.000,"Full,Finished",1 Car Attached,14,13341.94,CL,5/02/2019,10/31/2019,7/18/2019,11/14/2019,77,Det,1,1,3125166
1467,,Hewlett,Avenue,Hewlett,11557,578000,565000,Colonial,4,2.000,"Full,Finished",1 Car Detached,14,17949.00,CL,5/08/2019,9/30/2019,6/14/2019,9/19/2019,37,Det,1,1,3126564
1010,,Channel,Drive,Hewlett Harbor,11557,1950000,1850000,Modern,4,4.500,"Partial,Unfinished",2 Car Attached,14,33133.79,CL,5/08/2019,5/02/2020,6/07/2019,9/25/2019,30,Det,1,1,3126754
567,,Westwood,Road,Woodmere,11598,699000,635000,Split Ranch,4,3.000,"None,Unfinished",1 Car Attached,14,18468.67,CL,5/13/2019,10/08/2019,7/05/2019,8/22/2019,53,Det,1,1,3128278
68,,E Rockaway,Road,Hewlett,11557,868000,820000,Colonial,5,3.500,"Full,Finished",2 Car Attached,14,29320.73,CL,5/15/2019,11/30/2019,8/07/2019,8/30/2019,84,Det,1,1,3128978
154,,Combs,Avenue,Woodmere,11598,999000,960000,Colonial,4,2.500,"Full,Finished",,14,16678.00,CL,5/16/2019,4/30/2020,5/29/2019,8/16/2019,13,Det,1,1,3129548
116,,Woodmere,Boulevard,Woodmere,11598,1195000,989400,Split Level,4,3.500,"None,Unfinished",2 Car Attached,14,21011.29,CL,5/17/2019,11/30/2019,11/04/2019,2/14/2020,171,Det,1,1,3129901
34,,Newport,Drive,Hewlett,11557,749000,735000,Split Level,4,3.000,Full,1 Car Attached,14,14675.00,CL,5/19/2019,11/17/2019,6/13/2019,9/05/2019,25,Det,1,1,3130163
628,,Broadway,,Lynbrook,11563,499000,519400,Cape,4,2.000,"Full,Partially Finished",,14,12495.60,CL,5/20/2019,11/20/2019,7/29/2019,10/28/2019,70,Det,1,1,3130263
29,,Berwick,Road,Hewlett,11557,669999,638000,Exp Cape,3,2.500,"Full,Finished",1 Car Attached,14,15324.58,CL,5/20/2019,12/30/2019,9/23/2019,12/13/2019,126,Det,1,1,3130514
56,,Brower,Avenue,Woodmere,11598,1268000,1195000,Colonial,5,3.550,"Full,Finished",2 Car Attached,14,24786.38,CL,5/21/2019,12/31/2019,6/24/2019,8/27/2019,34,Det,1,1,3131049
822,,Newburg,Avenue,N. Woodmere,11581,669000,655000,Ranch,4,3.000,"Full,Finished",1 Car Attached,14,20942.81,CL,5/24/2019,12/31/2019,10/04/2019,12/06/2019,133,Det,1,1,3131841
128,,Edgeworth,Street,Valley Stream,11581,589000,585000,Colonial,3,2.000,"Crawl,Unfinished",,14,13220.40,CL,5/28/2019,12/31/2019,8/03/2019,9/26/2019,67,Det,1,1,3132563
559,,Donald,Lane,Woodmere,11598,729000,685000,Cape,4,2.000,"Partial,Finished",1 Car Attached,14,18334.00,CL,5/29/2019,11/29/2019,6/13/2019,8/01/2019,15,Det,1,1,3133117
1613,,Moffitt,Avenue,Hewlett,11557,599000,595000,Colonial,3,2.500,"Full,Finished",Detached,14,18896.52,CL,6/01/2019,11/26/2019,7/16/2019,10/01/2019,45,Det,1,1,3134166
141,,Strathmore,Street,N. Woodmere,11581,619000,600000,Ranch,3,2.000,Full,,14,10445.13,CL,6/03/2019,12/31/2019,7/08/2019,9/19/2019,35,Det,1,1,3134396
1318,,Everit,Place,Hewlett Harbor,11557,999000,950000,Exp Ranch,4,3.000,"None,Unfinished",2 Car Attached,14,28669.66,CL,6/03/2019,11/30/2019,9/20/2019,10/22/2019,109,Det,1,1,3134568
957,,West Broadway,,Woodmere,11598,579000,563000,Colonial,3,2.500,"Full,Unfinished",,14,16816.54,CL,6/03/2019,12/31/2019,10/03/2019,2/12/2020,122,Det,1,1,3134619
50,,Wyckoff,Place,Woodmere,11598,1199000,850000,Colonial,7,2.550,"Full,Unfinished",2 Car Detached,14,63155.74,CL,6/04/2019,11/06/2019,8/22/2019,12/19/2019,79,Det,1,1,3135078
9,,Milbar Heath,,Hewlett,11557,1299888,995000,Colonial,5,4.500,"Full,Unfinished",2 Car Attached,14,33930.64,CL,6/06/2019,12/05/2019,10/31/2019,12/30/2019,147,Det,1,1,3135682
31,,Steven,Drive,Hewlett,11557,769000,750000,Split Level,4,3.000,Partial,,14,14982.80,CL,6/06/2019,12/03/2019,7/10/2019,9/26/2019,34,Det,1,1,3135800
1342,,Boxwood,Drive,Hewlett Harbor,11557,1189000,1170000,Colonial,4,3.000,"Full,Finished",2 Car Attached,14,28581.00,CL,6/10/2019,12/15/2019,7/10/2019,9/25/2019,30,Det,1,1,3136884
1096,,Duston,Road,N. Woodmere,11581,829000,777000,Split Level,5,3.000,"Full,Finished",,14,16307.26,CL,6/11/2019,11/01/2019,9/05/2019,11/22/2019,86,Det,1,1,3137216
26,,Trinity,Place,Hewlett,11557,716000,710000,Colonial,3,1.500,"Full,Partially Finished",,14,17131.46,CL,6/12/2019,12/31/2019,6/25/2019,8/19/2019,13,Det,1,1,3137707
1051,,Highland,Place,Woodmere,11598,799000,770000,Colonial,4,4.500,"Full,Finished",1 Car Detached,14,14743.41,CL,6/14/2019,10/31/2019,8/26/2019,11/19/2019,73,Det,1,1,3138456
201,,Richards,Lane,Hewlett Harbor,11557,1279000,1250000,Colonial,6,4.500,"Crawl,Unfinished",1 Car Attached,14,40116.00,CL,6/20/2019,11/15/2019,7/09/2019,8/26/2019,19,Det,1,1,3140208
1051,,Cedarhurst,Street,N. Woodmere,11581,844000,796000,Split Level,4,2.500,"Partial,Finished",,14,12736.00,CL,6/24/2019,6/23/2020,7/22/2019,11/25/2019,28,Det,1,1,3141419
211,,Albon,Road,Hewlett Harbor,11557,1100000,960000,Exp Ranch,6,4.000,"Crawl,Unfinished",2 Car Attached,14,24741.22,CL,6/26/2019,12/31/2019,8/14/2019,12/16/2019,49,Det,1,1,3142207
1235,,Herbert,Place,Hewlett,11557,585000,552500,Colonial,3,2.500,"Full,Finished",,14,14141.20,CL,6/26/2019,10/31/2019,8/14/2019,12/10/2019,49,Det,1,1,3142235
1079,W,Broadway,,Woodmere,11598,799000,775000,Colonial,4,2.500,"Full,Finished",,14,16196.99,CL,7/01/2019,10/31/2019,9/18/2019,1/28/2020,79,Det,1,1,3143309
924,,Midway,,Woodmere,11598,1168000,1054000,Contemporary,5,4.000,"Partial,Finished",2 Car Attached,14,20848.33,CL,7/02/2019,1/28/2020,8/27/2019,1/30/2020,56,Det,1,1,3143804
122,S,Franklin,Avenue,Lynbrook,11563,569000,537500,Cape,4,2.000,"Full,Unfinished",1 Car Attached,14,15257.00,CL,7/08/2019,12/26/2019,8/03/2019,10/21/2019,26,Det,1,1,3144998
1746,,Hancock,Street,Hewlett,11557,629000,560000,Hi Ranch,5,2.000,"None,Unfinished",1 Car Attached,14,23319.53,CL,1/10/2019,2/01/2020,11/25/2019,12/30/2019,319,Det,1,1,3145754
23,,Burton,Avenue,Woodmere,11598,799000,656250,Colonial,6,3.500,Full,1 Car Detached,14,18684.00,CL,7/09/2019,10/09/2019,7/17/2019,10/16/2019,8,Det,1,1,3146091
1091,,Fordham,Lane,Woodmere,11598,920000,833000,Colonial,5,3.000,"Full,Finished",2 Car Attached,14,15519.07,CL,7/11/2019,1/30/2020,11/03/2019,1/16/2020,115,Det,1,1,3146334
90,,Burton,Avenue,Woodmere,11598,699000,515000,Colonial,5,3.500,"Full,Unfinished",1 Car Detached,14,18460.54,CL,5/01/2019,10/10/2019,8/28/2019,10/25/2019,119,Det,1,1,3147401
1036,,Channel,Drive,Hewlett Harbor,11557,1150000,1026000,Colonial,5,4.000,"Crawl,Unfinished",2 Car Attached,14,26682.00,CL,7/22/2019,1/20/2020,8/15/2019,9/27/2019,24,Det,1,1,3149185
18,,Valley Greens,Drive,N. Woodmere,11581,1299000,1150000,Contemporary,4,3.000,"Full,Finished",2 Car Attached,14,21380.95,CL,7/22/2019,2/29/2020,8/12/2019,10/10/2019,21,Det,1,1,3149270
836,,Newburg,Avenue,N. Woodmere,11581,729000,720000,Raised Ranch,4,2.000,"Crawl,Unfinished",,14,11360.29,CL,7/23/2019,1/15/2020,8/02/2019,12/09/2019,10,Det,1,1,3149533
1116,,Fordham,Lane,Woodmere,11598,675000,670000,Hi Ranch,4,3.000,,2 Car Attached,14,12644.31,CL,7/22/2019,7/22/2020,8/28/2019,10/31/2019,37,Det,1,1,3149697
213,,Albon,Road,Hewlett Harbor,11557,1035000,975000,Colonial,3,2.500,Full,2 Car Attached,14,30910.96,CL,7/23/2019,6/21/2020,1/09/2020,2/28/2020,170,Att,1,1,3149731
918,,Jewel,Drive,Valley Stream,11581,699999,665000,Split Level,4,2.000,"Full,Partially Finished",2 Car Attached,14,14076.00,CL,7/25/2019,11/24/2019,11/08/2019,1/14/2020,106,Det,1,1,3150279
312,,Daub,Avenue,Hewlett,11557,679000,630000,Colonial,3,2.500,"Full,Finished",1 Car Detached,14,15469.00,CL,8/08/2019,2/01/2020,10/24/2019,12/03/2019,77,Det,1,1,3154414
1137,E,Broadway,,Hewlett,11557,735000,730000,Ranch,4,2.000,"Full,Partially Finished",,14,17456.00,CL,8/09/2019,8/09/2020,10/03/2019,12/04/2019,55,Det,1,1,3154704
916,,Park,Lane,Valley Stream,11581,599000,510000,Split Level,4,2.000,"Full,Finished",1 Car Attached,14,15686.08,CL,8/12/2019,2/12/2020,12/10/2019,1/14/2020,120,Det,1,1,3155242
1727,,Hancock,Street,Hewlett,11557,599000,525000,Cape,5,2.000,"Full,Finished",1 Car Attached,14,12992.99,CL,8/12/2019,1/09/2020,9/12/2019,11/14/2019,31,Det,1,1,3155308
920,,Browers Point Br,,Woodmere,11598,1068000,1025000,Colonial,5,3.500,"Full,Finished",2 Car Detached,14,16886.83,CL,8/12/2019,1/19/2020,10/25/2019,1/21/2020,74,Det,1,1,3155508
1,,Ross,Lane,Hewlett Neck,11598,2499000,2325000,Colonial,6,4.550,"Full,Finished",2 Car Attached,14,37948.00,CL,8/14/2019,12/25/2019,9/16/2019,1/27/2020,33,Det,1,1,3155888
1425,,Peninsula,Boulevard,Hewlett,11557,599000,565000,Split Level,4,2.500,"Full,Unfinished",1 Car Attached,14,14618.85,CL,8/28/2019,2/29/2020,10/08/2019,12/05/2019,41,Det,1,1,3159519
837,,Flanders,Drive,N. Woodmere,11581,699000,680000,Hi Ranch,5,3.000,"None,Unfinished",1 Car Attached,14,19328.65,CL,9/04/2019,2/28/2020,12/19/2019,1/02/2020,106,Det,1,1,3161213
32,,Avalon,Road,Hewlett,11557,569000,555000,Cape,3,2.000,Full,,14,12852.00,CL,9/04/2019,1/01/2020,10/03/2019,12/09/2019,29,Det,1,1,3161357
918,,Park,Court,N. Woodmere,11581,729000,650000,Hi Ranch,5,3.000,"None,Unfinished",,14,18243.00,CL,9/06/2019,3/05/2020,12/14/2019,2/11/2020,99,Det,1,1,3161968
1013,S,End,,Woodmere,11598,1195000,1155000,Colonial,4,3.500,"Full,Finished",2 Car Attached,14,19477.96,CL,9/06/2019,12/16/2019,9/11/2019,11/26/2019,5,Det,1,1,3162010
102,,Linden,Avenue,Lynbrook,11563,529998,550000,Exp Cape,4,2.000,"Full,Finished",1 Car Detached,14,12896.04,CL,9/22/2019,2/07/2020,10/28/2019,1/24/2020,36,Det,1,1,3166646
42,N,Strathmore,Street,N. Woodmere,11581,595000,595000,Ranch,3,3.000,"Full,Finished",1 Car Attached,14,17135.02,CL,9/26/2019,6/21/2020,10/17/2019,1/14/2020,21,Det,1,1,3167801
43,,Newport,Drive,Hewlett,11557,599000,599000,Split Level,4,2.500,Partial,2 Car Attached,14,15644.00,CL,10/02/2019,2/13/2020,11/11/2019,2/10/2020,40,Det,1,1,3169278
5,,Sutton,Lane,Hewlett,11557,749000,700000,Split Level,3,2.500,"Partial,Finished",2 Car Attached,14,15987.38,CL,10/10/2019,4/05/2020,12/11/2019,12/26/2019,62,Det,1,1,3171790
47,,Raymond,Place,Hewlett,11557,568000,545000,Tudor,5,2.500,"Full,Finished",1 Car Detached,14,20127.26,CL,10/17/2019,8/31/2020,11/22/2019,2/10/2020,36,Det,1,1,3173530
764,,Kearny,Drive,Valley Stream,11581,799000,775000,Split Level,4,2.500,"Partial,Unfinished",2 Car Attached,14,16718.00,CL,10/21/2019,4/20/2020,11/01/2019,2/12/2020,11,Det,1,1,3174201
14,,Nelson,Road,Valley Stream,11581,539000,539000,Exp Cape,4,2.500,"Crawl,Unfinished",1 Car Detached,14,14593.00,CL,11/03/2019,4/30/2020,12/26/2019,1/31/2020,53,Det,1,1,3177714
1679,,Fenimore,Road,Hewlett,11557,639000,620000,Colonial,3,2.000,"Full,Partially Finished",1 Car Attached,14,12216.87,CL,11/07/2019,5/07/2020,12/13/2019,2/28/2020,36,Det,1,1,3178731