St #,Dr,Street Name,Sfx,Town,Zip,ListPrice,SoldPrice,,Br,Bath,,,SD,Tot Tax,LSC,ListDate,ExpDate,ContDate,TitleDate,DOM,Det,#F,K,ML#
2428,,Dock,Road,Bellmore,11710,469777,460000,Colonial,4,2.000,"Full,Unfinished",1 Car Attached,7,5996.00,CL,11/30/2016,4/15/2017,12/30/2016,4/21/2017,30,Det,1,1,2901840
1174,,Julia,Lane,N. Bellmore,11710,678880,700000,Split Level,4,2.000,"None,Unfinished",1 Car Attached,7,9907.11,CL,11/05/2019,5/05/2020,11/19/2019,12/20/2019,14,Det,1,1,3178317
2718,,Anthony,Avenue,Bellmore,11710,399999,395000,Colonial,2,1.500,"Full,Finished",1 Car Detached,7,9830.00,CL,3/08/2017,12/31/2017,4/04/2017,6/01/2017,26,Det,1,1,2919448
30,,Spruce,Street,Great Neck,11021,639000,612500,Townhouse,2,1.000,"Full,Finished",1 Car Attached,7,10046.66,CL,11/14/2016,5/15/2017,1/09/2017,4/11/2017,56,Sd,1,1,*1269786
2743,,Bellmore,Avenue,Bellmore,11710,633000,626000,Split Level,4,2.000,"Partial,Finished",1 Car Attached,7,19269.00,CL,6/24/2019,12/31/2019,8/09/2019,11/12/2019,46,Det,1,1,3141743
102,,Belmill,Road,Bellmore,11710,599000,600000,Colonial,5,2.000,"None,Unfinished",,7,9759.90,CL,3/20/2018,9/30/2018,4/28/2018,7/24/2018,39,Det,1,1,*1310007
2526,,Newbridge,Road,Bellmore,11710,569000,550000,Colonial,4,1.500,"Full,Partially Finished",,7,11531.48,CL,5/24/2018,12/31/2018,6/22/2018,9/10/2018,29,Det,1,1,3033416
2464,,Walters,Court,Bellmore,11710,399000,375000,Colonial,3,2.000,"Crawl,Unfinished",1 Car Detached,7,10637.47,CL,8/15/2017,1/31/2018,1/13/2018,3/21/2018,151,Det,1,1,2963534
2500,,Bellmore,Avenue,Bellmore,11710,479000,465000,Cape,3,2.000,"Full,Unfinished",1 Car Detached,7,10805.14,CL,8/28/2017,2/28/2018,10/18/2017,12/18/2017,51,Det,1,1,2966470
10,,Broadway,,Great Neck,11021,775000,730000,Colonial,3,1.500,"Full,Unfinished",,7,11392.60,CL,8/02/2018,1/13/2019,8/31/2018,10/24/2018,29,Det,1,1,3053689
37,,South,Street,Great Neck,11023,769000,750000,Colonial,3,1.000,"Full,Unfinished",1 Car Detached,7,12194.25,CL,1/22/2018,4/21/2018,2/27/2018,4/27/2018,36,Det,1,1,2998318
3,,Park,Circle,Great Neck,11024,769000,750000,Colonial,3,1.000,"Full,Partially Finished",1 Car Attached,7,8536.91,CL,10/24/2016,4/14/2017,11/11/2016,5/08/2017,18,Det,1,1,*1268180
1979,,Bellmore,Avenue,N. Bellmore,11710,675000,683000,2 Story,6,4.000,Full,2 Car Attached,7,10747.30,CL,8/13/2019,12/31/2019,8/13/2019,11/04/2019,0,Det,2,2,*1355003
1973,,Bellmore,Avenue,N. Bellmore,11710,675000,683000,2 Story,6,4.000,Full,2 Car Detached,7,10764.45,CL,8/20/2019,12/31/2019,8/20/2019,11/04/2019,0,Det,2,2,*1355600
2135,,Merokee,Drive,Merrick,11566,529000,550000,Ranch,3,1.500,"Full,Finished",1 Car Attached,7,12215.03,CL,11/04/2018,7/15/2019,11/20/2018,12/21/2018,16,Det,1,1,3078572
3094,,Judith,Drive,Bellmore,11710,709000,715000,Splanch,4,2.500,"Partial,Finished",Attached,7,17683.74,CL,5/15/2018,11/30/2018,6/02/2018,8/06/2018,18,Det,1,1,3030176
2725,,Marion,Street,Bellmore,11710,659000,625000,Colonial,5,3.000,"Crawl,Unfinished",,7,17377.00,CL,1/26/2018,6/30/2018,3/15/2018,3/15/2018,47,Det,1,1,2999700
2446,,Hart,Avenue,N. Bellmore,11710,699000,655000,Split Level,4,2.500,"Partial,Finished",2 Car Attached,7,17800.00,CL,8/22/2017,11/15/2017,11/28/2017,1/11/2018,98,Det,1,1,2965156
2530,,Park,Place,Bellmore,11710,525000,477000,Exp Ranch,3,2.000,"None,Unfinished",2 Car Attached,7,10934.63,CL,1/05/2019,8/31/2019,4/09/2019,7/24/2019,93,Det,1,1,3090669
500,,Park,Court,Bellmore,11710,415000,415000,Ranch,2,1.500,"Full,Partially Finished",1 Car Detached,7,9281.12,CL,10/03/2017,4/03/2018,10/13/2017,12/05/2017,10,Det,1,1,2975769
19,,Forest Row,,Great Neck,11023,799000,735000,Colonial,4,2.000,Full,1 Car Detached,7,12460.52,CL,3/08/2017,8/28/2017,4/20/2017,8/09/2017,42,Det,1,1,2919475
2793,,Alder,Road,Bellmore,11710,384500,380000,Cape,2,2.000,"Crawl,Unfinished",,7,9887.20,CL,6/02/2019,12/31/2019,7/17/2019,10/04/2019,45,Det,1,1,3134310
2670,S,Saint Marks,Avenue,Bellmore,11710,399999,365000,Hi Ranch,4,2.000,"None,Unfinished",,7,12862.49,CL,6/01/2016,12/31/2018,1/31/2018,5/24/2018,609,Det,1,1,2857126
2703,,John,Street,Bellmore,11710,739000,735000,Colonial,4,3.000,"Full,Finished",2 Car Detached,7,11398.00,CL,9/13/2019,3/13/2020,10/25/2019,12/23/2019,42,Det,1,1,3164309
2264,,Wynne,Lane,Bellmore,11710,569999,585000,Split Level,3,2.500,"Partial,Finished",1 Car Attached,7,11048.95,CL,2/21/2017,8/21/2017,4/12/2017,6/30/2017,49,Det,1,1,2915333
2409,,Lafferts Pl,,Bellmore,11710,499000,500000,Cape,4,0.000,"Full,Finished",1 Car Attached,7,6665.00,CL,3/26/2017,9/30/2017,7/19/2017,9/19/2017,115,Det,1,1,2924166
2347,,Argyle,Place,Bellmore,11710,549000,549000,Exp Cape,3,3.000,"Full,Finished",1 Car Attached,7,10876.00,CL,4/03/2017,7/15/2017,5/02/2017,8/28/2017,29,Det,1,1,2926890
2992,,Shore,Road,Bellmore,11710,739000,700000,Hi Ranch,4,3.000,"None,Unfinished",2 Car Attached,7,23336.76,CL,8/24/2017,8/16/2018,3/28/2018,11/15/2018,216,Det,1,1,2965764
409,,Clinton,Street,Bellmore,11710,509000,500000,Colonial,3,1.500,"Full,Partially Finished",1 Car Detached,7,11192.65,CL,10/25/2019,5/20/2020,11/16/2019,2/05/2020,22,Det,1,1,3175683
335,,Frederick,Avenue,Bellmore,11710,699000,650000,Colonial,4,2.500,"Full,Unfinished",1 Car Attached,7,20792.12,CL,4/26/2018,7/30/2018,7/05/2018,7/31/2018,70,Det,1,1,3024010
2735,,Princess,Street,N. Bellmore,11710,579000,550000,Colonial,4,2.500,"Full,Finished",1 Car Attached,7,10456.70,CL,8/30/2016,2/28/2017,2/16/2017,4/24/2017,170,Det,1,1,2901591
326,,Frederick,Avenue,Bellmore,11710,365000,355000,Ranch,1,1.000,"Full,Finished",1 Car Detached,7,6860.00,CL,4/10/2018,1/10/2019,5/15/2018,7/26/2018,35,Det,1,1,3019699
2469,,Army,Place,Bellmore,11710,675000,675000,Hi Ranch,4,3.000,"Crawl,Unfinished",1 Car Attached,7,15118.00,CL,10/11/2017,3/18/2018,6/20/2018,6/20/2018,252,Det,1,1,2977680
813,,Ardmore,Place,Bellmore,11710,475000,490000,Colonial,4,1.500,"Partial,Unfinished",2 Car Detached,7,15330.34,CL,1/30/2018,7/31/2018,2/20/2018,6/26/2018,21,Det,1,1,3000371
3051,,Judith,Drive,Bellmore,11710,799000,725000,Splanch,4,2.500,"Partial,Finished",2 Car Attached,7,28842.49,CL,8/03/2017,12/12/2017,9/15/2017,10/30/2017,43,Det,1,1,2960567
2369,,Legion,Street,Bellmore,11710,499000,490000,Split Level,3,1.500,"Full,Finished",1 Car Attached,7,10895.75,CL,9/19/2018,9/14/2019,1/07/2019,3/20/2019,110,Det,1,1,3066344
76,,Radnor,Road,Great Neck,11023,938000,725000,Tudor,5,2.000,"Full,Finished",2 Car Detached,7,11767.25,CL,4/26/2017,12/31/2017,10/17/2017,1/22/2018,174,Det,1,1,2932807
410,,Front,Street,Bellmore,11710,385000,376875,Cape,4,2.000,"Crawl,Unfinished",,7,12237.66,CL,6/19/2017,3/31/2018,1/15/2018,3/16/2018,210,Det,1,1,2948259
2435,,Wilson,Avenue,Bellmore,11710,379000,379500,Cape,3,1.500,"Full,Unfinished",1 Car Attached,7,7452.32,CL,7/06/2017,2/28/2018,7/17/2017,10/12/2017,11,Det,1,1,2952570
709,,Farmers,Avenue,Bellmore,11710,349000,340000,Raised Ranch,2,1.000,"None,Unfinished",4+ Car Attached,7,8894.53,CL,5/15/2017,2/15/2018,6/26/2017,10/12/2017,42,Det,1,1,2938867
2700,,Corner,Lane,Bellmore,11710,409951,395000,Ranch,3,1.500,"Full,Partially Finished",,7,10951.00,CL,7/05/2017,12/28/2017,8/25/2017,10/27/2017,51,Det,1,1,2952169
2791,,Claxton,Avenue,Bellmore,11710,519000,525000,Cape,4,3.000,"Full,Finished",1 Car Detached,7,12638.96,CL,6/28/2018,3/25/2019,7/20/2018,10/12/2018,22,Det,1,1,3043829
2515,,Malibu,Road,Bellmore,11710,639000,610000,Splanch,4,2.500,"Partial,Finished",1 Car Attached,7,12932.15,CL,4/22/2019,12/22/2019,8/22/2019,10/28/2019,122,Det,1,1,3121691
2276,,Centre,Avenue,Bellmore,11710,439880,439880,Split Level,3,1.500,"Crawl,Unfinished",1 Car Attached,7,12405.31,CL,5/08/2017,9/05/2017,6/02/2017,7/24/2017,25,Det,1,1,2936276
2637,,Bedell,Street,Bellmore,11710,509990,505000,Exp Cape,4,2.000,"Full,Unfinished",1 Car Attached,7,9711.58,CL,7/16/2018,12/31/2018,8/06/2018,10/09/2018,21,Det,1,1,3048669
2716,,Karen,Street,Bellmore,11710,499999,505000,Hi Ranch,5,3.000,"None,Unfinished",1 Car Attached,7,16990.23,CL,6/24/2015,6/24/2017,2/27/2017,6/19/2017,614,Det,1,1,2859094
2753,,Clarendon,Avenue,Bellmore,11710,449000,424000,Exp Ranch,3,2.000,"Full,Finished",1 Car Detached,7,13121.60,CL,3/31/2017,7/21/2017,5/19/2017,7/28/2017,49,Det,1,1,2925552
34,,Forest Row,,Great Neck,11024,788000,750000,Cape,2,2.000,"Full,Unfinished",,7,11270.51,CL,8/06/2019,1/31/2020,9/16/2019,11/22/2019,41,Det,1,1,3153590
2966,,Len,Drive,Bellmore,11710,619888,602000,Hi Ranch,4,3.000,"None,Unfinished",2 Car Attached,7,18660.15,CL,9/18/2019,3/30/2020,11/08/2019,1/10/2020,51,Det,1,1,3165449
2988,,Len,Drive,Bellmore,11710,589000,600000,Hi Ranch,4,2.500,"None,Unfinished",2 Car Attached,7,12329.09,CL,6/04/2017,10/25/2017,7/10/2017,10/02/2017,36,Det,1,1,2943968
307,,Ansbro,Place,Bellmore,11710,529000,505000,Colonial,3,2.000,"Full,Finished",,7,9732.83,CL,6/08/2017,2/05/2018,1/16/2018,3/06/2018,222,Det,1,1,2945223
818,,Ardmore,Place,Bellmore,11710,509000,516000,Colonial,3,2.000,"Full,Unfinished",2 Car Detached,7,9227.69,CL,11/28/2018,5/28/2019,1/15/2019,4/08/2019,48,Det,1,1,3083710
717,,Soma,Avenue,Bellmore,11710,369000,369000,Colonial,2,1.000,"Crawl,Unfinished",,7,10845.52,CL,6/28/2019,12/31/2019,8/08/2019,10/15/2019,41,Det,1,1,3142717
2662,W,Alder,Road,Bellmore,11710,519000,515000,Ranch,4,3.000,"Full,Finished",1 Car Attached,7,14632.00,CL,7/16/2018,12/31/2018,11/13/2018,12/28/2018,120,Det,1,1,3048762
3006,,Lee,Place,Bellmore,11710,549000,450000,Colonial,5,3.500,"Full,Unfinished",2 Car Attached,7,26727.00,CL,9/18/2017,11/30/2017,11/01/2017,12/21/2017,44,Det,1,1,2971824
2450,,Florin,Court,Bellmore,11710,579000,575000,Contemporary,3,2.000,"None,Unfinished",2 Car Attached,7,9307.31,CL,12/06/2019,5/31/2020,1/01/2020,2/25/2020,26,Det,1,1,3184614
2834,,Len,Drive,Bellmore,11710,599000,599000,Splanch,4,2.500,"Partial,Finished",1 Car Attached,7,15767.00,CL,5/21/2018,11/30/2018,6/14/2018,8/24/2018,24,Det,1,1,3032302
3108,,May,Court,Bellmore,11710,749000,745000,Splanch,4,2.500,"Partial,Finished",2 Car Attached,7,15980.00,CL,4/03/2019,9/30/2019,4/24/2019,7/02/2019,21,Det,1,1,3115667
210,,Lee,Place,Bellmore,11710,449000,442000,Colonial,3,2.000,"Crawl,Unfinished",,7,16289.00,CL,5/30/2019,12/31/2019,8/09/2019,11/04/2019,71,Det,1,1,3133647
2723,,Belle,Road,Bellmore,11710,624900,610000,Colonial,4,2.500,"None,Unfinished",1 Car Attached,7,15377.37,CL,1/09/2019,7/02/2019,3/19/2019,5/22/2019,68,Det,1,1,3091891
2241,,Wynne,Lane,Bellmore,11710,579000,560000,Split Level,4,2.500,"Full,Unfinished",1 Car Attached,7,14237.00,CL,7/28/2017,1/31/2018,8/18/2017,11/15/2017,21,Det,1,1,2958952
104,,Barbara,Road,Bellmore,11710,209900,200000,Other,0,0.000,Unfinished,,7,16250.35,CL,6/12/2018,12/01/2018,11/09/2018,12/12/2018,150,Det,0,0,3039803
417,,Linden,Street,Bellmore,11710,365000,370125,Colonial,3,2.000,"Full,Unfinished",1 Car Detached,7,11689.01,CL,3/27/2018,6/07/2018,4/30/2018,5/29/2018,34,Det,1,1,3016041
3052,E,Driftwood,Lane,Bellmore,11710,639999,630000,Hi Ranch,4,2.500,"None,Unfinished",2 Car Detached,7,17314.78,CL,1/13/2019,5/13/2019,5/10/2019,8/26/2019,116,Det,1,1,3093048
33,,Croydon,Drive,N. Bellmore,11710,439000,325000,Exp Cape,3,2.500,"Full,Finished",1 Car Detached,7,11342.96,CL,3/23/2017,12/24/2017,7/30/2017,3/01/2018,129,Det,1,2,2923376
2691,,Walker,Street,Bellmore,11710,779000,710000,Splanch,4,2.550,"Partial,Finished",1 Car Attached,7,16266.00,CL,7/02/2018,7/02/2019,5/03/2019,7/17/2019,305,Det,1,1,3044880
2642,,Rebecca,Street,Bellmore,11710,514900,520000,Splanch,4,2.500,"Partial,Unfinished",2 Car Attached,7,23772.00,CL,4/02/2019,7/31/2019,5/01/2019,5/29/2019,29,Det,1,1,3115475
98,,Haddon,Road,New Hyde Park,11040,629000,515000,Cape,2,1.000,"Full,Unfinished",1 Car Detached,7,9865.00,CL,4/18/2017,4/18/2018,5/02/2017,6/29/2017,14,Det,1,1,2930816
48,,Soundview,Drive,Great Neck,11020,749000,710000,Hi Ranch,3,2.000,Full,1 Car Detached,7,12000.00,Cl,9/12/2017,2/28/2018,10/19/2017,3/09/2018,37,Det,1,1,2970257
86,,Stephan Marc,Lane,New Hyde Park,11040,649000,725000,Ranch,3,2.000,"Full,Partially Finished",1 Car Detached,7,7095.70,CL,1/11/2018,8/08/2018,1/24/2018,4/16/2018,13,Det,1,1,2995831
420,,Lakeview,Road,Bellmore,11710,339999,341500,Bungalow,2,1.000,"Full,Unfinished",2 Car Detached,7,9935.88,CL,3/22/2019,9/22/2019,4/02/2019,5/28/2019,11,Det,1,1,3111590
300,,Argyle,Place,Bellmore,11710,549000,520000,Cape,3,2.000,"Full,Finished",1 Car Detached,7,11353.76,CL,3/20/2017,12/20/2017,5/01/2017,8/07/2017,42,Det,1,1,2922716
2566,,Lefferts,Place,Bellmore,11710,519000,505000,Split Level,3,2.000,"Full,Finished",1 Car Attached,7,9326.82,CL,2/22/2018,10/22/2018,4/14/2018,6/25/2018,50,Det,1,1,3006434
2444,,Seebode,Court,Bellmore,11710,599000,570000,Colonial,4,2.500,"Full,Unfinished",2 Car Attached,7,12801.54,CL,3/05/2018,11/05/2018,8/02/2018,10/05/2018,149,Det,1,1,3040543
3023,,Bellmore,Avenue,Bellmore,11710,685000,679000,Colonial,4,2.500,"None,Unfinished",2 Car Attached,7,12186.19,CL,5/03/2017,11/20/2017,6/17/2017,9/27/2017,45,Det,1,1,2934684
2316,,Legion,Street,Bellmore,11710,699000,690000,Split Level,3,2.500,"Full,Finished",1 Car Attached,7,15285.64,CL,7/13/2016,5/31/2017,3/09/2017,5/08/2017,239,Det,1,1,2868585
2504,,Randy,Lane,Bellmore,11710,575000,562000,Hi Ranch,4,2.000,"None,Unfinished",2 Car Attached,7,11546.92,CL,5/31/2017,1/31/2018,7/29/2017,10/27/2017,59,Det,1,1,2942790
2987,,Susan,Road,Bellmore,11710,699000,705000,Splanch,4,2.500,"Partial,Unfinished",2 Car Attached,7,18440.59,CL,1/18/2017,7/18/2017,7/11/2017,9/27/2017,173,Det,1,1,2925568
2228,,Wynne,Lane,Bellmore,11710,629000,615000,Split Level,4,3.000,"Full,Unfinished",1 Car Attached,7,12019.47,CL,3/13/2019,11/13/2019,4/03/2019,8/09/2019,21,Det,1,1,3108812
3024,,Susan,Road,Bellmore,11710,719000,700000,Splanch,4,3.500,"Partial,Finished",2 Car Attached,7,15119.04,CL,2/27/2019,8/27/2019,6/14/2019,8/30/2019,106,Det,1,1,3127608
2532,,Clinton,Street,Bellmore,11710,499000,495000,Split Level,3,1.500,"Crawl,Unfinished",,7,9815.32,CL,7/24/2019,1/24/2020,9/14/2019,10/25/2019,52,Det,1,1,3149985
3111,,Shore,Road,Bellmore,11710,649000,630000,Hi Ranch,5,2.500,"None,Unfinished",,7,13261.79,CL,5/01/2019,11/01/2019,6/19/2019,9/03/2019,49,Det,1,1,3124328
1882,,Stewart,Avenue,New Hyde Park,11040,699000,699000,Cape,3,1.500,"Full,Finished",,7,10283.00,CL,5/23/2017,11/23/2017,6/13/2017,8/18/2017,21,Det,1,1,2941425
10,,Fairfield,Lane,New Hyde Park,11040,670000,670000,Exp Cape,4,3.000,"Full,Finished",,7,7178.00,CL,11/22/2016,5/22/2017,2/18/2017,5/17/2017,88,Det,1,1,2898185
28,,Spruce,Street,Great Neck,11021,725000,690000,Townhouse,2,2.000,"Full,Partially Finished",,7,5471.94,CL,8/21/2017,2/28/2018,11/15/2017,3/01/2018,86,Sd,1,1,2965002
2153,,Hillside,Avenue,Bellmore,11710,579000,560000,Colonial,4,3.000,"Full,Finished",4+ Car Detached,7,11399.57,CL,1/19/2019,1/01/2020,1/31/2019,4/26/2019,12,Det,1,1,3094578
2384,,Bellmore,Avenue,Bellmore,11710,499000,460000,Exp Cape,5,2.000,"Full,Finished",2 Car Detached,7,11003.20,CL,7/15/2017,12/15/2017,8/28/2017,11/06/2017,44,Det,1,1,2955431
2199,,Legion,Street,Bellmore,11710,439000,445000,Hi Ranch,4,2.500,"None,Unfinished",1 Car Attached,7,22349.97,CL,5/13/2019,8/31/2019,6/04/2019,8/08/2019,22,Det,1,1,3127973
2777,,Len,Drive,Bellmore,11710,599990,587500,Hi Ranch,4,2.000,"None,Unfinished",,7,13979.00,CL,6/17/2019,6/30/2020,8/21/2019,10/24/2019,65,Det,1,1,3139082
2727,,Lee,Place,Bellmore,11710,575000,550000,Hi Ranch,4,2.000,"None,Unfinished",2 Car Attached,7,16291.47,CL,9/23/2016,3/31/2017,3/02/2017,5/15/2017,160,Det,1,1,2885606
3075,,Lee,Place,Bellmore,11710,575000,564000,Splanch,4,2.500,"Partial,Finished",1 Car Attached,7,13083.89,CL,10/01/2018,4/01/2019,10/31/2018,12/11/2018,30,Det,1,1,3069448
2517,,Farmers,Avenue,Bellmore,11710,489000,470000,Ranch,3,1.500,"Crawl,Unfinished",,7,15347.00,CL,2/13/2018,8/13/2018,5/11/2018,8/06/2018,86,Det,1,1,3004119
45,,Irving,Lane,New Hyde Park,11040,765000,738000,Cape,4,2.000,Full,2 Car Detached,7,11362.78,CL,5/01/2018,8/31/2018,7/30/2018,10/12/2018,90,Det,1,1,3025834
149,,Claudy,Lane,New Hyde Park,11040,749000,730000,Ranch,3,2.000,Full,1 Car Attached,7,5872.09,CL,1/07/2020,6/30/2020,1/22/2020,2/27/2020,15,Det,1,1,3190125
37,,Campbell,Street,New Hyde Park,11040,729000,729000,Cape,4,2.000,"None,Unfinished",1 Car Detached,7,11368.00,CL,8/20/2019,12/19/2019,10/23/2019,2/11/2020,64,Det,1,1,3157983
2531,,Frederick,Avenue,Bellmore,11710,498000,485000,Hi Ranch,3,2.000,"None,Unfinished",1 Car Attached,7,13517.60,CL,1/12/2019,8/31/2019,2/08/2019,7/08/2019,27,Det,1,1,3092722
2996,,Bellmore,Avenue,Bellmore,11710,500000,400000,Hi Ranch,4,2.500,"None,Unfinished",2 Car Attached,7,18151.00,Cl,7/06/2017,7/26/2018,7/31/2017,10/06/2017,25,Det,1,1,2952814
3058,,Driftwood,Lane,Bellmore,11710,649999,618750,Hi Ranch,5,2.500,"None,Unfinished",2 Car Attached,7,15247.00,CL,11/08/2017,11/08/2018,11/30/2017,1/16/2018,22,Det,1,1,2984316
2451,,S. Saint Marks,Avenue,Bellmore,11710,574000,555000,Split Level,4,3.000,Partial,,7,12868.23,CL,6/06/2018,6/06/2019,9/18/2018,11/09/2018,104,Det,1,1,3037227
16,,Frank,Avenue,Bellmore,11710,449990,445000,Ranch,2,1.000,Full,2 Car Detached,7,10618.00,CL,3/08/2019,9/08/2019,5/17/2019,6/28/2019,69,Det,1,1,3107714
1827,,Thelma,Avenue,Merrick,11566,359000,422000,Cape,2,1.000,"Full,Partially Finished",1 Car Detached,7,11422.98,CL,5/10/2019,5/09/2020,5/30/2019,9/17/2019,20,Det,1,1,3127483
2551,,Grand,Avenue,Bellmore,11710,389000,350000,Colonial,3,1.500,"Full,Unfinished",2 Car Detached,7,11191.65,CL,11/29/2017,5/28/2018,12/08/2017,2/16/2018,9,Det,1,1,*1301603
2912,,Shore,Road,Bellmore,11710,799000,740000,Splanch,4,2.500,"Partial,Finished",1 Car Attached,7,23242.96,CL,9/07/2017,3/06/2018,12/21/2017,2/22/2018,105,Det,1,1,2968808
2954,,Len,Drive,Bellmore,11710,729000,715000,Splanch,4,2.500,"Partial,Finished",1 Car Attached,7,18546.61,CL,11/09/2017,4/09/2018,12/26/2017,1/29/2018,47,Det,1,1,2984749
2551,,Grand,Avenue,Bellmore,11710,519000,525000,Colonial,3,1.500,"Full,Unfinished",2 Car Detached,7,10989.00,CL,5/07/2018,11/09/2018,5/25/2018,6/27/2018,18,Det,1,1,3027736
2309,,Eastern,Avenue,Bellmore,11710,479000,445000,Ranch,3,1.500,Full,1 Car Attached,7,13128.94,CL,11/07/2018,5/08/2019,12/07/2018,2/01/2019,30,Det,1,1,3079497
313,,Ansbro,Place,Bellmore,11710,409000,385000,Cape,4,1.500,"Full,Partially Finished",1 Car Detached,7,12640.92,CL,11/01/2018,4/01/2019,11/28/2018,2/04/2019,27,Det,1,1,3077951
2370,,Legion,Street,Bellmore,11710,739000,705000,Split Level,4,3.000,"None,Unfinished",1 Car Attached,7,16504.88,CL,9/23/2019,3/23/2020,11/19/2019,2/03/2020,57,Det,1,1,3166805
305,,Hughes,Street,Bellmore,11710,649000,649000,Colonial,3,2.000,"Full,Unfinished",1 Car Detached,7,12928.31,CL,10/21/2019,4/21/2020,12/20/2019,3/11/2020,60,Det,1,1,3174370
2545,,Saint Marks,Avenue,Bellmore,11710,399900,385000,Exp Cape,4,1.000,"None,Unfinished",2 Car Detached,7,9845.00,CL,7/05/2017,12/01/2017,10/30/2017,12/22/2017,117,Det,1,1,2952370
2570,,Hicks,Street,Bellmore,11710,549000,542000,Hi Ranch,5,2.000,"None,Unfinished",1 Car Attached,7,12226.09,CL,6/10/2019,12/10/2019,9/05/2019,12/05/2019,87,Det,1,1,3136775
2683,,Hewlett,Lane,Bellmore,11710,389000,389000,Cape,4,1.000,"None,Unfinished",1 Car Detached,7,12295.00,CL,6/30/2019,6/30/2020,8/30/2019,10/30/2019,61,Det,1,1,3143160
2388,,Bellmore,Avenue,Bellmore,11710,425000,425000,Cape,2,1.500,"Full,Finished",1 Car Detached,7,10259.16,CL,7/20/2018,1/20/2019,8/14/2018,10/05/2018,25,Det,1,1,3050348
503,,Park,Court,Bellmore,11710,599000,630000,Colonial,5,3.000,"Full,Unfinished",1 Car Attached,7,14172.77,CL,3/13/2018,12/13/2018,4/12/2018,6/15/2018,30,Det,1,1,3011044
64,,Piccadilly,Road,Great Neck,11023,895000,750000,Colonial,5,2.000,"Full,Partially Finished",2 Car Attached,7,10636.42,CL,7/16/2018,1/01/2019,8/29/2018,12/07/2018,44,Att,1,1,3048524
2295,,Washington,Avenue,Bellmore,11710,429999,420000,Ranch,3,2.500,"Full,Finished",1 Car Attached,7,9264.78,CL,7/17/2016,3/17/2017,2/24/2017,5/10/2017,222,Det,1,1,2909112
109,,Beach,Avenue,Bellmore,11710,595000,580000,Colonial,4,2.000,"Crawl,Unfinished",,7,16249.00,CL,10/14/2016,4/30/2017,4/14/2017,6/20/2017,182,Det,1,1,2890272
130,,Belmill,Road,Bellmore,11710,675000,675000,Colonial,4,3.000,"Crawl,Unfinished",1 Car Attached,7,15976.57,CL,8/11/2017,5/01/2018,2/12/2018,4/20/2018,185,Det,1,1,2996635
2791,,Bellmore,Avenue,Bellmore,11710,575000,575000,Hi Ranch,4,3.000,"None,Unfinished",2 Car Attached,7,17190.64,CL,2/27/2017,8/27/2017,3/28/2017,8/16/2017,28,Det,1,1,2917071
902,,Sunrise,Avenue,Bellmore,11710,429000,440000,Exp Cape,4,2.000,"None,Unfinished",1 Car Attached,7,15199.82,CL,5/16/2019,5/13/2020,6/21/2019,9/10/2019,36,Det,1,1,3129155
3115,,Susan,Road,Bellmore,11710,679000,673000,Colonial,4,2.500,"Full,Finished",2 Car Attached,7,15622.25,CL,5/01/2018,11/01/2018,8/17/2018,11/07/2018,108,Det,1,1,3026488
2095,,Legion,Street,Bellmore,11710,599000,535000,Hi Ranch,4,2.500,"None,Unfinished",2 Car Attached,7,14154.76,CL,5/28/2019,11/28/2019,7/08/2019,8/20/2019,41,Det,1,1,3133403
2156,,Legion St,Street,Bellmore,11710,749000,730000,Hi Ranch,4,3.000,"None,Unfinished",2 Car Attached,7,14595.00,CL,5/15/2016,12/31/2017,3/29/2017,9/08/2017,318,Det,1,1,2852855
2514,,Riviera,Lane,Bellmore,11710,399000,390000,Split Level,3,1.500,"Partial,Unfinished",,7,13200.00,CL,11/19/2017,10/05/2018,3/14/2018,3/19/2018,114,Det,1,1,2986764
2786,,Barbara,Road,Bellmore,11710,639000,545000,Colonial,4,2.500,"Partial,Unfinished",,7,17148.00,CL,6/24/2015,12/31/2017,4/17/2017,6/16/2017,663,Det,1,1,2776062
2310,,Legion,Street,Bellmore,11710,699990,660000,Split Level,5,2.500,"Partial,Finished",1 Car Attached,7,29057.00,CL,2/13/2017,1/31/2018,6/14/2017,8/16/2017,120,Det,1,1,2913277
42,,Ellard,Avenue,Great Neck,11024,572400,522000,Colonial,4,2.500,Full,2 Car Detached,7,9364.00,CL,7/16/2019,9/16/2019,8/01/2019,9/04/2019,16,Det,1,1,3147787
2564,,Centre,Avenue,Bellmore,11710,439000,439000,Ranch,3,1.500,"Full,Unfinished",,7,12938.69,CL,5/20/2017,5/20/2018,7/12/2017,9/25/2017,53,Det,1,1,2940231
86,,Nugent,Street,New Hyde Park,11040,729000,730000,Cape,4,1.000,"Full,Finished",1 Car Detached,7,11073.00,CL,2/27/2018,8/27/2018,3/17/2018,7/17/2018,17,Det,1,1,3007488
58,,Van Nostrand,Avenue,Great Neck,11024,628000,580000,Colonial,3,2.000,"Full,Finished",,7,8939.00,CL,3/01/2017,9/30/2017,4/10/2017,6/06/2017,39,Det,1,1,2917287
2397,,Newbridge,Road,Bellmore,11710,390000,350000,Split Level,3,2.000,"Crawl,Unfinished",,7,10922.09,CL,11/15/2017,11/15/2018,2/23/2018,4/18/2018,100,Det,1,1,2985912
2785,,School,Street,Bellmore,11710,499000,480000,Splanch,4,2.500,"Partial,Unfinished",2 Car Attached,7,15500.00,CL,9/28/2016,5/28/2017,3/30/2017,6/30/2017,183,Det,1,1,2886870
2673,,Ellen,Road,Bellmore,11710,689000,689000,Colonial,4,2.500,"Full,Unfinished",2 Car Attached,7,14188.72,CL,6/18/2018,12/08/2018,7/20/2018,9/25/2018,32,Det,1,1,3040471
2465,,Florin,Court,Bellmore,11710,499999,500000,Split Level,3,1.500,"Full,Unfinished",1 Car Attached,7,14157.89,CL,1/11/2018,8/31/2018,5/17/2018,7/20/2018,125,Det,1,1,3019274
2650,,Hewlett,Lane,Bellmore,11710,599999,599999,Split Level,4,2.500,"Partial,Finished",1 Car Attached,7,11795.72,CL,2/17/2017,8/20/2017,3/21/2017,6/01/2017,31,Det,1,1,2914684
11,,Marlboro,Place,Bellmore,11710,469000,456000,Colonial,3,1.500,"Partial,Partially Finished",2 Car Detached,7,11726.74,CL,5/02/2019,9/03/2019,6/26/2019,12/02/2019,55,Det,1,1,3124915
400,,Florence,Place,Bellmore,11710,409000,409000,Duplex,4,2.000,"Full,Unfinished",,7,11857.27,CL,11/14/2018,5/31/2019,1/21/2019,3/12/2019,68,Det,1,2,3081152
2508,,Riviera,Lane,Bellmore,11710,619000,594000,Splanch,4,2.500,"Full,Finished",1 Car Attached,7,10903.37,CL,2/20/2018,8/05/2018,3/14/2018,7/13/2018,21,Det,1,1,3005866
2484,,Bellmore,Avenue,Bellmore,11710,389000,335000,Colonial,6,2.000,Full,,7,16715.82,CL,11/15/2017,5/31/2018,12/15/2017,8/10/2018,30,Det,1,1,2985999
3211,,Judith,Drive,Bellmore,11710,659000,675000,Splanch,4,2.500,"Partial,Unfinished",2 Car Attached,7,15681.00,CL,3/14/2018,12/31/2018,3/29/2018,8/20/2018,15,Att,1,1,3011834
300,,Nassau,Street,Bellmore,11710,499000,499000,Exp Cape,4,2.000,"Full,Unfinished",1 Car Attached,7,12094.00,CL,12/06/2018,6/30/2019,12/28/2018,4/29/2019,22,Det,1,1,3085583
208,,Marle,Place,Bellmore,11710,489000,489000,Cape,3,2.000,"Full,Unfinished",,7,10042.00,CL,11/10/2017,4/29/2018,11/30/2017,2/09/2018,20,Det,1,1,2984951
100,,Kopf,Road,Bellmore,11710,399000,415000,Colonial,3,2.000,"Crawl,Unfinished",1 Car Detached,7,11847.00,CL,7/15/2019,7/15/2020,1/06/2020,1/31/2020,175,Det,1,1,3147406
115,,Mitchell,Street,Bellmore,11710,499500,515000,Exp Cape,4,3.000,"Full,Unfinished",1 Car Detached,7,11353.76,CL,4/26/2017,4/26/2018,5/15/2017,8/08/2017,19,Det,1,1,2932808
2253,,Merokee,Place,Bellmore,11710,649999,625000,Exp Ranch,4,4.000,"Full,Finished",1 Car Attached,7,16830.15,CL,7/27/2018,1/27/2019,12/05/2018,2/05/2019,131,Det,1,1,3052178
4,,Redbrook,Road,Great Neck,11024,710000,710000,Colonial,3,2.000,"Full,Finished",2 Car Detached,7,10404.77,CL,11/19/2017,11/19/2018,12/19/2017,1/24/2018,30,Det,1,1,*1304876
14,,Redbrook,Road,Great Neck,11024,748000,685000,Colonial,3,1.500,"Full,Unfinished",,7,12396.34,CL,7/13/2017,1/07/2018,12/24/2017,2/06/2018,164,Det,1,1,2954816
2584,S,Saint Marks,Avenue,Bellmore,11710,669000,665000,Colonial,4,2.500,"Crawl,Unfinished",2 Car Attached,7,16379.22,CL,5/02/2018,12/30/2018,5/30/2018,8/24/2018,28,Det,1,1,3026712
23,,Hayden,Avenue,Great Neck,11024,725000,650000,Colonial,4,2.000,"Full,Unfinished",1 Car Detached,7,14271.59,CL,4/17/2017,6/29/2017,7/07/2017,8/15/2017,81,Det,1,1,2929739
307,,Ansbro,Place,Bellmore,11710,529000,529000,Colonial,3,2.000,"Full,Finished",,7,10073.62,CL,8/27/2019,2/28/2020,9/11/2019,11/25/2019,15,Det,1,1,3159235
114,,Beach,Avenue,Bellmore,11710,599000,567500,Contemporary,3,2.500,"None,Unfinished",3 Car Attached,7,13207.67,CL,10/30/2019,4/30/2020,12/09/2019,2/19/2020,40,Det,1,1,3176590
2274,,Mildred,Place,Bellmore,11710,579000,535000,Exp Ranch,5,2.000,Full,,7,15074.70,CL,6/18/2018,12/31/2018,10/25/2018,12/21/2018,129,Det,1,1,3040520
4,,Short,Lane,Bellmore,11710,649000,622500,Other,7,4.000,"None,Unfinished",,7,7772.38,CL,5/24/2017,12/24/2017,6/16/2017,10/03/2017,23,Det,1,1,2941204
122,,Beach,Avenue,Bellmore,11710,299999,320000,Colonial,0,0.000,Full,,7,7318.44,CL,6/04/2019,10/31/2019,8/13/2019,9/04/2019,70,Det,1,0,3134976
2722,,Wilson,Avenue,Bellmore,11710,649000,624500,Colonial,3,2.500,"Full,Unfinished",,7,11815.00,CL,4/06/2017,4/06/2018,7/27/2017,10/25/2017,112,Det,1,1,2927480
7,,Walnut,Place,Great Neck,11021,725000,680000,Colonial,3,1.500,Full,,7,8779.00,CL,6/18/2018,12/18/2018,8/15/2018,10/24/2018,58,Det,1,1,3040310
2427,,Washington,Boulevard,N. Bellmore,11710,539000,510000,Colonial,5,3.500,Full,,7,11980.00,Cl,10/19/2017,6/30/2018,4/14/2018,5/31/2018,177,Det,1,1,2979747
2121,,Centre,Avenue,Bellmore,11710,499000,505000,Colonial,3,2.000,"Full,Partially Finished",2 Car Detached,7,8488.00,CL,2/12/2018,2/10/2019,3/06/2018,6/05/2018,22,Det,1,1,3003773
2871,,Royle,Street,Bellmore,11710,679000,667000,Colonial,4,3.000,"Full,Unfinished",1 Car Attached,7,9953.00,CL,8/19/2018,8/19/2019,2/25/2019,3/08/2019,190,Det,1,1,3058350
2821,,Clubhouse,Road,Bellmore,11710,389000,369000,Ranch,2,2.000,"Crawl,Unfinished",,7,13776.00,CL,8/29/2019,2/29/2020,11/14/2019,1/02/2020,77,Det,1,1,3159962
107,,Wilson,Place,Bellmore,11710,325000,455000,Colonial,4,2.000,Full,,7,15728.91,CL,9/24/2018,10/12/2018,10/11/2018,12/04/2018,17,Det,1,2,3067725
2475,,Horace,Court,Bellmore,11710,399999,420000,Split Level,3,1.500,"Partial,Finished",1 Car Attached,7,15742.87,CL,1/27/2017,7/31/2017,3/02/2017,5/11/2017,34,Det,1,1,2909738
3016,,Shore,Road,Bellmore,11710,689000,670000,Hi Ranch,4,3.000,"None,Unfinished",2 Car Attached,7,24825.55,CL,7/26/2016,1/26/2018,10/19/2017,2/27/2018,450,Det,1,1,2871739
46,,Executive,Drive,Manhasset Hills,11040,700000,690000,Split Level,4,2.500,Full,1 Car Attached,7,18133.93,CL,6/15/2018,6/15/2019,8/29/2018,12/19/2018,75,Det,1,1,*1328759
2358,,Mitchell,Place,Bellmore,11710,349000,325000,Cape,2,2.000,"Full,Finished",,7,9376.00,CL,1/18/2019,1/18/2020,3/28/2019,6/18/2019,68,Det,1,1,3095170
2432,,Camp,Avenue,N. Bellmore,11710,589500,530000,Colonial,4,3.000,"Full,Finished",1 Car Detached,7,10500.00,CL,5/13/2019,5/31/2020,9/19/2019,10/21/2019,129,Det,1,1,3128151
4,,Maple,Lane,New Hyde Park,11040,728888,680000,Cape,3,1.000,"Full,Finished",1 Car Attached,7,9924.00,CL,6/05/2017,9/04/2017,9/12/2017,9/12/2017,99,Det,1,1,2944329
130,,Beach Ave,,Bellmore,11710,479000,470000,Colonial,3,2.000,"Crawl,Unfinished",,7,13775.92,CL,6/15/2018,7/31/2019,4/22/2019,7/29/2019,311,Det,1,1,3040129
2470,,Walters,Court,Bellmore,11710,549000,515000,Split Level,3,1.500,"Full,Partially Finished",1 Car Attached,7,10024.05,CL,9/13/2018,3/13/2019,10/30/2018,1/09/2019,47,Det,1,1,3064825
2561,,Legion,Street,Bellmore,11710,684500,660000,Colonial,4,3.000,"Crawl,Unfinished",2 Car Detached,7,12536.08,CL,5/16/2019,10/31/2019,7/07/2019,9/05/2019,52,Det,1,1,3129582
317,,Linden,Street,Bellmore,11710,524500,541000,Colonial,3,1.500,"Full,Unfinished",2 Car Detached,7,11821.38,CL,7/12/2018,1/15/2019,8/08/2018,11/01/2018,27,Det,1,1,3047896
418,,Lakeview,Road,Bellmore,11710,389999,380000,Bungalow,2,2.000,"Full,Finished",1 Car Detached,7,11106.84,CL,7/29/2019,1/31/2020,10/07/2019,11/05/2019,70,Det,1,1,3151346
2545,,Marine,Place,Bellmore,11710,529000,529000,Split Level,4,2.000,"Partial,Finished",,7,13868.34,CL,5/18/2017,12/31/2017,7/10/2017,10/12/2017,53,Det,1,1,2939733
2568,,Legion,Street,Bellmore,11710,499000,500000,Exp Cape,4,2.000,"Crawl,Unfinished",1 Car Detached,7,10300.00,CL,6/08/2017,12/08/2017,6/29/2017,8/25/2017,21,Det,1,1,2945190
2658,,Dorothy,Street,Bellmore,11710,329000,306500,Splanch,4,2.500,"None,Unfinished",1 Car Attached,7,17306.00,CL,8/21/2015,1/30/2017,11/23/2016,3/30/2017,460,Det,1,1,2790893
2569,,Ocean,Avenue,Bellmore,11710,436800,428000,Split Level,3,2.000,"Full,Unfinished",,7,15059.00,CL,4/29/2019,7/25/2019,7/12/2019,7/26/2019,74,Det,1,1,3123955
423,,Linden,Street,Bellmore,11710,370000,375000,Colonial,3,1.500,Full,1 Car Detached,7,9283.14,CL,5/03/2018,8/01/2018,5/31/2018,6/29/2018,28,Det,1,1,3027021
2772,,Lee,Place,Bellmore,11710,574900,472500,Contemporary,4,3.500,"Crawl,Unfinished",2 Car Attached,7,26987.00,CL,11/09/2018,5/27/2019,3/05/2019,3/20/2019,116,Det,1,1,3080174
10,,Marlboro,Place,Bellmore,11710,362000,365000,Colonial,3,1.000,Full,,7,14907.70,CL,2/11/2020,2/24/2020,2/20/2020,3/09/2020,9,Det,1,1,3198901
2549,,Linden,Street,Bellmore,11710,759000,735000,Colonial,4,2.500,"Full,Unfinished",,7,20120.00,CL,9/27/2016,9/27/2017,3/07/2017,6/29/2017,161,Det,1,1,2886525
6,,Hewlett,Place,Great Neck,11024,798000,750000,Cape,4,2.000,"Full,Unfinished",2 Car Detached,7,13290.05,CL,6/22/2018,7/21/2019,7/13/2018,10/18/2018,21,Det,1,1,*1321970
49,,Jayson,Avenue,Great Neck,11021,699000,600000,Colonial,3,1.500,"Full,Unfinished",1 Car Detached,7,8598.44,CL,7/08/2019,7/08/2020,8/12/2019,10/28/2019,35,Det,1,1,*1352259
2282,,Centre,Avenue,Bellmore,11710,529000,505000,Split Level,3,2.000,"Partial,Unfinished",1 Car Attached,7,11483.17,CL,10/04/2018,10/04/2019,2/11/2019,3/28/2019,130,Det,1,1,3071066
15,,Bay,Street,Bellmore,11710,575000,550000,Colonial,4,2.500,"Crawl,Unfinished",1 Car Attached,7,13444.00,CL,4/04/2016,3/30/2017,10/31/2016,5/12/2017,210,Det,1,1,2841381
2435,,Legion,Street,Bellmore,11710,480000,465000,Split Level,4,3.000,"Partial,Finished",,7,19132.00,Cl,2/03/2018,12/31/2018,6/06/2018,6/07/2018,122,Det,1,1,3001625
2724,,Claudia,Court,Bellmore,11710,559000,535000,Hi Ranch,4,2.000,"None,Unfinished",2 Car Attached,7,17068.87,CL,7/15/2019,1/15/2020,10/29/2019,12/23/2019,106,Det,1,1,3147436
2619,,Hewlett,Lane,Bellmore,11710,349000,330000,Cape,3,1.000,"Full,Unfinished",1 Car Detached,7,11460.43,CL,5/10/2016,5/10/2017,2/07/2017,3/30/2017,273,Det,1,1,2851654
217,,Chapman,Avenue,Bellmore,11710,619000,600000,Colonial,4,3.000,"Full,Finished",,7,11197.58,CL,12/15/2016,6/15/2017,1/16/2017,3/23/2017,32,Det,1,1,2902066
2753,,Judith,Drive,Bellmore,11710,529000,515000,Hi Ranch,3,2.000,"None,Unfinished",2 Car Attached,7,11847.26,CL,3/07/2019,5/15/2019,5/06/2019,7/01/2019,59,Det,1,2,3106931
2559,,Hewlett,Lane,Bellmore,11710,379000,370000,Cape,4,1.000,"Full,Unfinished",2 Car Attached,7,11277.56,CL,12/19/2016,12/14/2017,3/06/2017,12/14/2017,77,Det,1,1,2902431
807,,Ardmore,Place,Bellmore,11710,574999,580000,Colonial,4,2.000,"Full,Finished",1 Car Detached,7,13319.00,CL,8/30/2018,2/28/2019,9/07/2018,10/26/2018,8,Det,1,1,3061204
1,,Beach,Court,Bellmore,11710,445000,420000,Exp Ranch,4,3.000,"Crawl,Unfinished",1 Car Attached,7,17373.51,CL,4/14/2017,10/05/2017,8/01/2017,9/26/2017,109,Det,1,1,2929331
2400,,Surf,Drive,Bellmore,11710,479000,475000,Splanch,3,2.000,"Partial,Finished",,7,11571.76,CL,4/19/2019,10/31/2019,5/17/2019,7/19/2019,28,Det,1,1,3120879
124,,Hicks,Lane,Great Neck,11024,799000,747500,Colonial,3,2.500,"Full,Finished",2 Car Detached,7,14260.88,CL,10/02/2019,1/15/2020,12/10/2019,1/13/2020,69,Det,1,1,3169536
2840,,Grand,Avenue,Bellmore,11710,599000,585000,Colonial,4,2.500,"Full,Partially Finished",2 Car Detached,7,16290.01,CL,1/25/2019,1/20/2020,2/26/2019,5/20/2019,32,Det,1,1,*1335762
27,,79th,Avenue,New Hyde Park,11040,749888,750000,Cape,3,2.000,"Full,Finished",1 Car Detached,7,7547.00,CL,10/16/2017,4/16/2018,11/22/2017,1/29/2018,37,Det,1,1,2979008
2682,,Dorothy,Street,Bellmore,11710,625000,615000,Splanch,5,2.500,"Partial,Finished",2 Car Attached,7,13029.28,CL,3/15/2018,9/01/2018,7/19/2018,10/22/2018,126,Det,1,1,3012364
6,,Lee,Court,Great Neck,11024,569000,510000,2 Story,2,2.000,"Full,Unfinished",,7,11400.00,CL,8/01/2018,1/12/2019,8/01/2018,10/22/2018,0,Det,1,1,*1334584
33,,South,Street,Great Neck,11023,750000,714000,Colonial,2,1.500,"Full,Unfinished",,7,12203.77,CL,12/04/2016,11/22/2017,6/23/2017,8/11/2017,200,Det,1,1,2900006
1999,,Lakeville,Road,New Hyde Park,11040,725000,652500,Cape,4,2.000,"Full,Finished",,7,10731.82,CL,2/20/2019,9/03/2019,5/20/2019,7/30/2019,88,Det,1,1,3102538
37,,Michael,Lane,New Hyde Park,11040,788000,750000,Exp Cape,3,2.000,"Full,Finished",,7,13020.00,CL,9/01/2017,3/01/2018,9/25/2017,3/22/2018,24,Det,1,1,2967616
11,,Tuddington,Road,Great Neck,11020,775000,730000,Cape,4,2.000,"Full,Unfinished",1 Car Attached,7,12185.75,CL,4/06/2017,7/06/2017,4/06/2017,4/06/2017,0,Det,1,1,*1280694
2805,,Alder,Road,Bellmore,11710,449000,430000,Colonial,3,1.000,"None,Unfinished",1 Car Attached,7,10687.47,CL,9/30/2018,7/31/2019,7/15/2019,9/12/2019,288,Det,1,1,3142145
2761,W,Alder,Road,Bellmore,11710,195000,195500,Bungalow,2,1.000,"Full,Unfinished",,7,9800.00,CL,2/06/2017,4/17/2017,2/14/2017,5/08/2017,8,Det,1,1,2912153
260-08,,Kensington,Place,Great Neck,11020,720000,602000,Colonial,4,2.500,"Partial,Unfinished",,7,11000.00,CL,3/20/2017,9/30/2017,4/07/2017,5/17/2017,18,Det,1,1,2922591
1,,Hayden,Avenue,Great Neck,11024,699000,695000,Colonial,4,2.000,"Full,Finished",1 Car Detached,7,14491.00,CL,7/30/2019,12/31/2019,8/30/2019,10/16/2019,31,Det,1,1,*1353802
2754,,Clarendon,Avenue,Bellmore,11710,425000,415000,Cape,3,2.000,Full,1 Car Detached,7,12256.00,CL,11/20/2018,2/28/2019,12/10/2018,2/14/2019,20,Det,1,1,3082637
24,,Powell,Place,New Hyde Park,11040,649900,600000,Cape,3,2.000,"Full,Finished",1 Car Detached,7,9865.86,CL,11/09/2016,2/01/2017,12/22/2016,5/02/2017,43,Det,1,1,2895792
2479,,Riviera,Lane,Bellmore,11710,669000,653000,Hi Ranch,4,2.500,"None,Unfinished",2 Car Attached,7,15590.02,CL,10/12/2018,10/12/2019,11/28/2018,1/23/2019,47,Det,1,1,3072811
2441,,Grand,Avenue,Bellmore,11710,569000,556000,Colonial,5,2.000,"Full,Partially Finished",2 Car Detached,7,15071.04,CL,9/05/2018,2/28/2019,11/09/2018,2/08/2019,65,Det,1,1,3062385
2649,W,Alder,Road,Bellmore,11710,479000,450000,Hi Ranch,4,2.000,"None,Unfinished",2 Car Attached,7,10408.88,CL,10/10/2016,5/31/2017,3/10/2017,5/05/2017,151,Det,1,1,2889187
2621,,Frances,Street,Bellmore,11710,549900,560000,Split Ranch,4,2.500,"Partial,Finished",2 Car Attached,7,24555.00,CL,5/29/2019,8/29/2019,8/16/2019,9/27/2019,79,Det,1,1,3133360
418,,Albermarle,Avenue,Bellmore,11710,349000,350000,Bungalow,2,1.000,"Full,Unfinished",,7,8326.52,CL,5/23/2018,11/14/2018,6/15/2018,9/05/2018,23,Det,1,1,3032999
2493,,Sunrise,Avenue,Bellmore,11710,713000,702000,Hi Ranch,4,3.000,"None,Unfinished",2 Car Attached,7,16540.00,CL,4/18/2018,10/15/2018,5/15/2018,7/19/2018,27,Att,1,1,3021820
2670,,Bedell,Street,Bellmore,11710,489000,484000,Hi Ranch,3,2.000,"None,Unfinished",,7,10645.69,CL,6/08/2018,12/07/2018,7/07/2018,8/02/2018,29,Det,1,1,3037695
2910,,Lee,Place,Bellmore,11710,730000,710000,Splanch,3,2.500,"Partial,Unfinished",2 Car Attached,7,20954.90,CL,7/14/2017,12/30/2017,9/01/2017,12/16/2017,49,Det,1,1,2955173
2541,,Newbridge,Road,Bellmore,11710,559000,549000,Split Level,4,2.500,"Partial,Unfinished",1 Car Attached,7,14538.90,CL,3/17/2017,9/16/2017,6/05/2017,7/07/2017,80,Det,1,1,2921788
2529,,Newbridge,Road,Bellmore,11710,479500,460000,Split Level,3,1.500,"Crawl,Unfinished",1 Car Attached,7,7715.13,CL,6/25/2018,12/19/2018,7/31/2018,10/26/2018,36,Det,1,1,3042788
110,,Kopf,Road,Bellmore,11710,699000,690000,Colonial,4,2.500,"None,Unfinished",2 Car Attached,7,0.00,CL,7/16/2018,1/11/2019,8/10/2018,10/29/2018,25,Det,1,1,3048733
2352,,Mitchell,Place,Bellmore,11710,399000,375000,Cape,2,1.000,"Full,Unfinished",1 Car Detached,7,10280.27,CL,9/23/2019,3/19/2020,11/05/2019,12/09/2019,43,Det,1,1,3166777
3089,,Shore,Road,Bellmore,11710,599000,587000,Hi Ranch,4,2.000,"None,Unfinished",2 Car Attached,7,14142.00,CL,4/19/2017,10/19/2017,5/05/2017,7/27/2017,16,Det,1,1,2930472
2715,,Walker,Street,Bellmore,11710,619000,607500,Splanch,3,1.500,"Partial,Finished",1 Car Attached,7,15255.15,CL,9/11/2017,3/31/2018,10/16/2017,12/13/2017,35,Det,1,1,*1295217
2916,,Judith,Drive,Bellmore,11710,634500,640000,Hi Ranch,4,2.500,Unfinished,2 Car Attached,7,11571.00,CL,10/07/2019,4/07/2020,11/11/2019,1/09/2020,35,Att,1,1,3170808
26,,North,Road,Great Neck,11024,598000,575000,Colonial,2,1.500,"Partial,Finished",,7,8991.00,CL,5/26/2016,3/30/2017,2/23/2017,5/09/2017,273,Det,1,1,2855965
2722,,Clarendon,Avenue,Bellmore,11710,379000,365000,Ranch,2,1.000,"Full,Unfinished",1 Car Detached,7,11096.63,CL,4/16/2018,10/09/2018,5/14/2018,8/15/2018,28,Det,1,1,3020975
2686,,Fisher,Lane,Bellmore,11710,499000,490000,Split Level,3,2.000,"None,Unfinished",,7,13270.85,CL,4/09/2018,12/09/2018,6/07/2018,8/06/2018,59,Det,1,1,3019673
66,,Irving,Lane,New Hyde Park,11040,725000,700000,Exp Cape,4,2.000,Full,1 Car Detached,7,11977.99,CL,11/16/2017,5/15/2018,12/04/2017,2/28/2018,18,Det,1,1,2986130
2792,,Alder,Road,Bellmore,11710,379000,355000,Colonial,3,1.500,"None,Unfinished",,7,13121.54,CL,6/12/2019,6/12/2020,7/24/2019,11/15/2019,42,Det,1,1,3137710
304,,Frederick,Avenue,Bellmore,11710,445000,445000,Colonial,3,1.500,"Full,Finished",1 Car Detached,7,9403.04,CL,9/18/2017,3/15/2018,11/03/2017,12/28/2017,46,Det,1,1,2971799
2294,,Hynes,Place,Bellmore,11710,569000,555000,Split Level,3,2.000,"None,Unfinished",,7,12949.33,CL,7/16/2019,12/11/2019,8/15/2019,10/25/2019,30,Det,1,1,3147810
2642,,Frances,Street,Bellmore,11710,699000,645000,Splanch,4,2.500,"Partial,Finished",2 Car Attached,7,15707.45,CL,5/06/2019,11/26/2019,8/23/2019,10/31/2019,109,Det,1,1,3125869
2578,,Bellmore,Avenue,Bellmore,11710,289000,275000,Colonial,2,1.500,"Partial,Unfinished",,7,11075.23,CL,2/22/2018,8/22/2018,6/19/2018,8/31/2018,116,Det,1,1,3006456
2348,,Centre,Avenue,Bellmore,11710,439000,440000,Colonial,3,3.000,"Full,Finished",2 Car Detached,7,13131.62,CL,6/13/2018,12/08/2018,8/08/2018,10/03/2018,56,Det,1,1,3051228
2664,,Bedell,Street,Bellmore,11710,529000,520000,Hi Ranch,5,2.000,"None,Unfinished",1 Car Attached,7,15346.59,CL,9/22/2017,3/22/2018,1/10/2018,4/25/2018,110,Det,1,1,2973370
3001,,Bellmore,Avenue,Bellmore,11710,419999,419000,Hi Ranch,4,2.000,"None,Unfinished",2 Car Detached,7,17487.09,CL,11/27/2017,5/31/2018,2/20/2018,4/25/2018,85,Det,1,1,2987777
39,,Wood,Road,Great Neck,11024,558800,480000,Colonial,2,1.000,"Full,Unfinished",,7,5870.22,CL,6/25/2018,6/08/2019,12/26/2018,3/13/2019,184,Det,1,1,3042770
2252,,Smith,Street,Merrick,11566,449900,430000,Ranch,3,2.000,"Full,Unfinished",1 Car Attached,7,12740.55,CL,11/18/2016,8/15/2017,4/18/2017,6/15/2017,150,Det,1,1,2897424
2330,,Grand,Avenue,Bellmore,11710,485000,475000,Ranch,3,3.000,"Full,Finished",,7,12659.00,CL,8/08/2019,2/08/2020,10/16/2019,11/22/2019,69,Det,1,1,3154435
146,,Nugent,Street,New Hyde Park,11040,770000,700000,Cape,4,1.000,"Full,Unfinished",,7,10553.89,CL,6/26/2017,12/22/2017,7/19/2017,9/25/2017,23,Det,1,1,2950329
2828,,Royle,Street,Bellmore,11710,382000,375000,Cottage,2,1.000,"Full,Unfinished",1 Car Detached,7,7662.87,CL,9/15/2019,4/01/2020,10/14/2019,12/09/2019,29,Det,1,1,3164617
2293,,Lincoln,Street,N. Bellmore,11710,559800,545000,Hi Ranch,4,3.000,,,7,11354.17,CL,12/05/2018,6/06/2019,2/08/2019,3/04/2019,65,Det,1,1,3085577
2476,,April,Lane,Bellmore,11710,509000,500000,Split Level,3,2.000,"Full,Unfinished",,7,13289.20,CL,9/11/2017,9/24/2017,10/09/2017,12/15/2017,28,Det,1,1,2970116
5,,Trezza,Court,Bellmore,11710,505000,495000,Ranch,4,2.500,"Full,Finished",1 Car Attached,7,13175.00,CL,6/09/2018,12/09/2018,9/01/2018,10/19/2018,84,Att,1,1,3038168
142,,Claudy,Lane,New Hyde Park,11040,779000,730000,Ranch,3,1.000,"Full,Finished",2 Car Attached,7,9032.47,CL,4/26/2019,10/26/2019,6/07/2019,8/27/2019,42,Det,1,1,3122838
2379,,Bellmore,Avenue,Bellmore,11710,439000,400000,2 Story,3,2.000,Full,1 Car Detached,7,7852.45,CL,11/15/2018,5/15/2019,2/19/2019,7/10/2019,96,Det,1,1,3081495
3145,,Shore,Road,Bellmore,11710,749000,725000,Splanch,4,2.500,"Partial,Finished",,7,15635.00,CL,9/25/2019,12/25/2019,11/04/2019,1/29/2020,40,Att,1,1,3167519
2701,,Bellmore,Avenue,Bellmore,11710,475000,470000,Hi Ranch,3,1.000,"Full,Finished",1 Car Attached,7,17517.00,CL,3/18/2018,9/18/2018,3/31/2018,6/11/2018,13,Det,1,1,3012913
2751,,Marion,Street,Bellmore,11710,549000,560000,Exp Cape,4,2.000,"Full,Finished",1 Car Attached,7,11882.00,CL,6/17/2019,12/16/2019,7/22/2019,11/25/2019,35,Det,1,2,3139008
124,,Clubhouse,Road,Bellmore,11710,445999,407000,Colonial,3,2.000,"Crawl,Unfinished",,7,9000.00,CL,4/21/2017,10/17/2017,9/06/2017,10/27/2017,138,Det,1,1,2931691
26,,Evergreen,Lane,New Hyde Park,11040,740000,749000,Cape,4,2.000,"Full,Finished",1 Car Detached,7,10361.94,CL,2/09/2017,8/01/2017,3/10/2017,5/12/2017,29,Det,1,1,2912706
68,,Radnor,Road,Great Neck,11023,759000,725000,Tudor,4,2.000,"Full,Finished",1 Car Detached,7,18677.70,CL,10/21/2019,1/15/2020,12/23/2019,3/19/2020,63,Det,1,1,3174236
127,,Kopf,Road,Bellmore,11710,429900,416000,Colonial,4,2.000,"Crawl,Unfinished",,7,13929.00,CL,8/01/2018,1/25/2019,10/25/2018,3/20/2019,85,Det,1,1,3053544
2569,,Ocean,Avenue,Bellmore,11710,599900,590000,Split Level,4,2.000,Full,,7,17267.89,CL,9/27/2019,3/27/2020,12/30/2019,3/02/2020,94,Det,1,1,3168292
108,,Van Nostrand,Avenue,Great Neck,11024,788000,700000,Colonial,3,2.500,Full,,7,11808.88,CL,5/10/2018,11/09/2018,10/16/2018,1/04/2019,159,Det,1,1,3029030
106,,Hale,Place,Bellmore,11710,310000,310000,Colonial,3,2.000,"Crawl,Unfinished",,7,11271.00,CL,9/16/2019,9/16/2020,10/14/2019,1/15/2020,28,Det,1,2,3164834
2464,,Horace,Court,Bellmore,11710,449000,449000,Exp Ranch,4,2.000,"Crawl,Unfinished",,7,15349.30,CL,1/14/2016,10/06/2017,8/30/2017,8/10/2018,593,Det,1,1,2821591
2703,,Walker,Street,Bellmore,11710,599000,557500,Splanch,3,2.500,"Partial,Finished",1 Car Attached,7,12401.17,CL,3/23/2018,8/31/2018,6/14/2018,8/16/2018,83,Det,1,1,3014396
2488,,Army,Place,Bellmore,11710,479000,470000,Split Level,3,1.500,"Partial,Partially Finished",1 Car Attached,7,10439.35,CL,8/07/2017,6/29/2018,11/29/2017,3/29/2018,114,Det,1,1,2961531
2670,,Wilson,Avenue,Bellmore,11710,449000,448500,Colonial,3,2.000,"Full,Partially Finished",1 Car Detached,7,13320.00,CL,11/17/2017,8/18/2018,12/12/2017,1/29/2018,25,Det,1,1,2986454
20,,Marlboro,Place,Bellmore,11710,379000,358000,Ranch,2,1.000,"Full,Finished",1 Car Detached,7,7665.67,CL,4/27/2017,10/19/2017,5/25/2017,7/24/2017,28,Det,1,1,*1282871
2109,,Skipper,Court,Bellmore,11710,529000,515000,Hi Ranch,4,2.000,"None,Unfinished",1 Car Attached,7,12484.41,CL,8/12/2019,2/12/2020,9/30/2019,12/11/2019,49,Det,1,1,3155627
133,,Beach,Avenue,Bellmore,11710,399000,380000,Colonial,3,2.000,"Crawl,Unfinished",Detached,7,9067.00,CL,5/12/2017,11/12/2017,8/10/2017,10/17/2017,90,Det,1,1,2937742
3111,,Timothy,Road,Bellmore,11710,599000,552200,Colonial,4,2.500,"None,Unfinished",2 Car Attached,7,17297.00,CL,4/25/2017,12/25/2017,6/14/2017,8/14/2017,50,Det,1,1,2932372
6,,Potters,Lane,Great Neck,11024,829000,690000,Colonial,3,2.500,"Full,Finished",,7,13256.99,CL,6/06/2017,2/06/2019,4/05/2018,12/27/2018,303,Det,1,1,2944765
2466,,Shelly,Court,Bellmore,11710,625000,590000,Hi Ranch,4,3.500,"None,Unfinished",2 Car Attached,7,18013.55,CL,8/07/2018,8/07/2019,10/23/2018,12/21/2018,77,Det,1,1,3055284
2300,,Hynes,Place,Bellmore,11710,625000,625000,Split Level,5,3.000,"Crawl,Unfinished",,7,11998.56,CL,6/26/2018,12/26/2018,9/06/2018,9/20/2018,72,Det,1,1,3044020
2792,,Lee,Place,Bellmore,11710,299000,285000,Houseboat,2,1.000,"Crawl,Unfinished",,7,2690.00,CL,7/27/2018,7/26/2019,10/03/2018,1/07/2019,68,Det,1,1,3052342
2460,,Williams,Court,S. Bellmore,11710,599800,560000,Colonial,4,3.000,"Crawl,Unfinished",2 Car Detached,7,13624.50,CL,4/19/2017,12/31/2017,7/18/2017,10/05/2017,90,Det,1,1,2930521
2738,,Clarendon,Avenue,Bellmore,11710,405000,415000,Ranch,2,1.500,"Full,Partially Finished",1 Car Detached,7,9164.00,CL,3/07/2018,9/07/2018,4/18/2018,7/12/2018,41,Det,1,1,3009953
2848,,Royle,Street,Bellmore,11710,389000,392000,Bungalow,2,1.000,"Full,Unfinished",1 Car Detached,7,6485.74,CL,10/11/2018,3/27/2019,11/08/2018,12/27/2018,28,Det,1,1,3072428
2735,,Belle,Road,Bellmore,11710,599000,570800,Hi Ranch,4,2.500,"Full,Unfinished",2 Car Attached,7,11888.42,CL,2/08/2019,10/22/2019,6/25/2019,8/13/2019,136,Det,1,1,3099606
2445,,Margaret,Street,Bellmore,11710,429999,415000,Cape,4,2.000,"Full,Unfinished",1 Car Detached,7,8500.00,CL,10/10/2019,10/05/2020,12/11/2019,2/24/2020,62,Det,1,1,3172141
2527,,Wilson,Avenue,Bellmore,11710,524999,515000,Hi Ranch,5,2.000,"None,Unfinished",1 Car Attached,7,13258.75,CL,1/15/2017,10/17/2017,6/29/2017,8/25/2017,164,Att,1,2,2906825
2784,,Len,Drive,Bellmore,11710,699000,685000,Hi Ranch,4,2.000,"None,Unfinished",2 Car Attached,7,12966.57,CL,8/13/2019,7/24/2020,10/11/2019,1/28/2020,59,Det,1,1,3155569
19,S,North,Road,Bellmore,11710,479990,450000,Colonial,2,1.500,"None,Unfinished",,7,10235.00,CL,6/03/2019,12/02/2019,8/26/2019,10/11/2019,84,Det,1,1,3134736
3110,,Lydia,Lane,Bellmore,11710,668000,626000,Colonial,4,2.500,"None,Unfinished",1 Car Attached,7,15302.00,CL,4/19/2018,10/18/2018,5/16/2018,8/13/2018,27,Det,1,1,3022098
137,,Clubhouse,Road,Bellmore,11710,449000,445000,2 Story,3,2.000,"Crawl,Unfinished",,7,8353.67,CL,9/04/2019,8/04/2020,10/02/2019,11/05/2019,28,Det,1,1,3161324
2528,,Randy,Lane,Bellmore,11710,679000,679000,Hi Ranch,4,2.500,"None,Unfinished",2 Car Attached,7,12396.16,CL,10/31/2017,11/01/2018,12/21/2017,2/02/2018,51,Det,1,1,2982185
89,,Station,Road,Great Neck,11023,698000,635000,Split Level,3,3.000,,,7,12945.00,CL,10/23/2018,1/21/2019,11/02/2018,12/19/2018,10,Det,1,1,*1329819
2540,,Phillip,Court,Bellmore,11710,559000,525000,Split Level,3,3.000,"Full,Finished",,7,16366.00,CL,3/14/2017,9/14/2017,7/07/2017,8/15/2017,115,Det,1,1,2921079
2751,,80th,Avenue,New Hyde Park,11040,558888,507000,Cape,2,1.000,"Full,Finished",1 Car Detached,7,10597.00,CL,12/06/2017,6/01/2018,1/19/2018,4/20/2018,44,Det,1,1,2989772
2171,,Kenwood,Place,Bellmore,11710,499900,499900,Colonial,3,1.500,"Partial,Unfinished",1 Car Detached,7,10337.47,CL,9/24/2019,3/18/2020,11/06/2019,12/18/2019,43,Det,1,1,3167099
2503,,Wilson,Avenue,Bellmore,11710,439000,445000,Cape,3,1.000,"Full,Partially Finished",1 Car Detached,7,9522.60,CL,10/18/2019,3/19/2020,11/06/2019,1/15/2020,19,Det,1,1,3173904
2539,,Lefferts,Place,Bellmore,11710,539000,514000,Colonial,3,2.000,"Full,Unfinished",2 Car Attached,7,10822.84,CL,3/19/2018,9/06/2018,4/18/2018,6/18/2018,30,Det,1,1,3013337
2543,,Lefferts,Place,Bellmore,11710,589000,580000,Colonial,4,2.000,"Full,Partially Finished",,7,13127.50,CL,10/28/2016,7/19/2017,1/12/2017,4/18/2017,76,Det,1,1,2899326
2347,,Newbridge,Road,Bellmore,11710,559000,527500,Colonial,4,2.000,"Full,Unfinished",2 Car Detached,7,12513.91,CL,5/01/2018,4/11/2019,7/17/2018,9/06/2018,77,Det,1,1,3036959
500,,Nassau,Street,Bellmore,11710,399000,370000,Ranch,3,1.000,"Crawl,Unfinished",2 Car Detached,7,12285.23,CL,8/19/2016,4/21/2017,3/27/2017,6/09/2017,220,Det,1,1,2877655
2753,,Elaine,Street,Bellmore,11710,639000,625000,Hi Ranch,4,2.500,"None,Unfinished",2 Car Attached,7,12902.09,CL,3/30/2017,9/30/2017,5/09/2017,7/20/2017,40,Det,1,1,2925296
2688,,Linden,Street,Bellmore,11710,509000,512000,Ranch,3,2.000,"Full,Finished",,7,12224.00,CL,7/05/2018,9/30/2018,7/23/2018,9/17/2018,18,Det,1,1,3045512
2485,,Bellmore,Avenue,Bellmore,11710,639000,620000,Cape,4,2.500,"Full,Partially Finished",1 Car Detached,7,12237.65,CL,11/15/2018,12/31/2019,12/17/2018,12/31/2018,32,Det,1,1,3081507
510,,Nassau,Street,Bellmore,11710,399000,355000,Cape,3,1.000,"Full,Unfinished",1 Car Attached,7,7752.20,CL,11/16/2018,10/01/2019,8/27/2019,11/12/2019,283,Det,1,1,3147978
202,,Shore,Road,Bellmore,11710,389000,345000,Cape,3,1.000,"Crawl,Unfinished",1 Car Detached,7,14530.25,CL,11/20/2018,7/23/2019,1/05/2019,4/26/2019,46,Det,1,1,3082385
2785,S,Bellmore,Avenue,S. Bellmore,11710,499000,465000,Split Level,4,2.500,"Full,Finished",,7,14715.64,Cl,6/03/2019,5/31/2020,8/29/2019,11/26/2019,87,Det,1,1,3134646
2577,S,Saint Marks,Avenue,Bellmore,11710,499000,485000,Split Level,4,1.500,"Partial,Finished",,7,12207.00,CL,1/23/2019,6/23/2019,7/07/2019,8/13/2019,164,Det,1,1,3095408
48,,Van Nostrand,Avenue,Great Neck,11024,718000,660000,Colonial,6,2.000,"Full,Partially Finished",,7,9911.71,CL,1/25/2019,8/12/2019,3/29/2019,8/01/2019,62,Det,2,2,3096030
2503,S,Centre,Avenue,Bellmore,11710,347000,347000,Colonial,2,2.000,"Full,Unfinished",,7,15870.73,CL,4/06/2019,9/30/2019,7/15/2019,9/06/2019,100,Det,1,1,3116637
3246,,Jason,Drive,Bellmore,11710,689000,610000,Colonial,5,3.500,"None,Unfinished",1 Car Attached,7,19526.00,CL,7/31/2017,3/31/2018,1/23/2018,3/15/2018,176,Det,1,1,2959608
1904,,Charles,Street,Bellmore,11710,469000,450000,Cape,4,2.000,"Full,Partially Finished",1 Car Attached,7,9909.86,CL,10/11/2017,1/15/2018,1/11/2018,2/21/2018,92,Att,1,1,2977901
2745,W,Alder,Road,Bellmore,11710,295000,275000,Bungalow,2,1.000,"Partial,Unfinished",1 Car Detached,7,9437.12,CL,11/07/2018,11/07/2019,11/22/2018,1/03/2019,15,Det,1,1,3079413
2117,,Kenwood,Place,Bellmore,11710,699000,675000,Split Level,3,2.500,"Full,Finished",2 Car Attached,7,15512.00,CL,7/31/2017,1/31/2018,8/28/2017,11/13/2017,28,Det,1,1,2959555
3164,,Lydia,Lane,Bellmore,11710,454900,430000,Colonial,5,2.500,"None,Unfinished",1 Car Attached,7,19682.33,CL,11/21/2018,6/28/2019,5/31/2019,7/01/2019,190,Det,1,1,3082871
2942,,Len,Drive,Bellmore,11710,699000,715000,Splanch,4,2.500,"Full,Finished",1 Car Attached,7,19331.00,CL,3/27/2017,9/27/2017,4/07/2017,8/01/2017,11,Det,1,1,2924485
2916,,Judith,Drive,Bellmore,11710,634500,640000,Hi Ranch,4,2.500,"Crawl,Unfinished",2 Car Attached,7,11571.68,CL,10/07/2019,4/07/2020,11/11/2019,1/09/2020,35,Det,1,1,3170772
2112,,Kenwood,Place,Bellmore,11710,584000,626000,Split Level,3,2.500,"Partial,Finished",2 Car Attached,7,8595.33,CL,8/08/2017,4/08/2018,9/06/2017,11/30/2017,29,Det,1,1,*1292581
2846,,Len,Drive,Bellmore,11710,699999,685000,Hi Ranch,4,2.500,"None,Unfinished",2 Car Attached,7,14460.00,CL,9/11/2018,12/06/2018,10/02/2018,2/26/2019,21,Att,1,1,3064031
2453,,Williams,Court,Bellmore,11710,508888,499000,Colonial,5,2.000,"Crawl,Unfinished",,7,14492.00,CL,7/11/2017,1/17/2018,8/07/2017,10/25/2017,27,Det,1,1,2953985
4,,Moreland,Court,Great Neck,11024,649000,650000,Cape,4,2.000,"None,Unfinished",1 Car Detached,7,9464.00,CL,5/14/2018,8/31/2018,6/15/2018,7/31/2018,32,Det,1,1,3030075
308,,Hicks,Street,Bellmore,11710,479000,455000,Colonial,4,2.000,"Full,Unfinished",1 Car Detached,7,11159.30,CL,1/03/2017,5/03/2017,1/18/2017,4/21/2017,15,Det,1,1,2904198
2476,,Bellmore,Avenue,Bellmore,11710,469950,450000,Colonial,3,2.000,"Full,Finished",2 Car Detached,7,12739.40,CL,4/03/2018,10/02/2018,5/29/2018,8/15/2018,56,Det,1,1,3026532
7,,Trezza,Court,Bellmore,11710,529000,499000,Exp Cape,4,2.000,"Full,Partially Finished",1 Car Detached,7,12295.00,CL,7/24/2019,1/24/2020,8/12/2019,9/30/2019,19,Det,1,1,3149916
129,,Belmill,Road,Bellmore,11710,475000,465000,Cape,4,1.000,"None,Unfinished",,7,10616.56,CL,2/09/2018,7/09/2018,3/07/2018,5/29/2018,26,Det,1,1,3003444
115,,Barbara,Road,Bellmore,11710,174900,185000,Ranch,2,1.500,"None,Unfinished",,7,9058.00,CL,4/02/2019,7/31/2019,5/13/2019,6/14/2019,41,Det,1,1,3115345
123,,Beach,Avenue,Bellmore,11710,449000,449000,Bungalow,3,2.500,"None,Unfinished",,7,14331.00,CL,5/08/2017,5/07/2018,8/18/2017,10/06/2017,102,Det,1,1,2936764
2996,,Bellmore,Avenue,Bellmore,11710,529000,480000,Hi Ranch,4,2.500,"Full,Finished",,7,18220.00,CL,6/22/2018,12/15/2018,7/23/2018,8/10/2018,31,Det,1,1,3042167
2445,,Berkeley,Place,Bellmore,11710,307400,275000,Traditional,3,1.000,"None,Unfinished",,7,11796.00,CL,10/03/2019,3/08/2020,10/11/2019,12/05/2019,8,Det,1,1,3169686
116,,Udall,Drive,Great Neck,11020,799000,660000,Split Level,3,2.500,Partial,Attached,7,9767.00,CL,9/18/2017,10/31/2017,10/12/2017,10/30/2017,24,Det,1,1,2971939
102,,Clubhouse,Road,Bellmore,11710,399000,380000,Colonial,2,1.500,"Crawl,Unfinished",1 Car Detached,7,12417.28,CL,5/04/2018,4/27/2019,7/12/2018,8/27/2018,69,Det,1,1,3027018
16,,Bay,Street,Bellmore,11710,475000,450000,Ranch,3,1.000,"Crawl,Unfinished",,7,14569.38,CL,2/14/2017,9/13/2017,8/04/2017,9/15/2017,170,Det,1,1,2913720
906,,Ardmore,Place,Bellmore,11710,349990,355000,Colonial,2,1.000,"Full,Unfinished",,7,8991.56,CL,7/20/2017,7/06/2018,8/08/2017,10/25/2017,19,Det,1,1,2956907
345,,Saint Marks,Avenue,Bellmore,11710,649000,650000,Colonial,5,3.500,Partial,,7,15516.00,CL,5/02/2018,9/02/2018,7/26/2018,9/21/2018,85,Det,1,1,3035152
308,,Marle,Place,Bellmore,11710,569000,547500,Exp Cape,3,2.000,"Full,Finished",,7,13277.00,CL,7/24/2019,7/24/2020,9/13/2019,12/10/2019,51,Det,1,1,3150048
22,,Kenneth,Avenue,N. Bellmore,11710,349999,380000,Exp Cape,3,3.000,"Full,Partially Finished",,7,10406.00,CL,1/23/2019,4/23/2019,2/01/2019,3/04/2019,9,Det,1,1,3095399
3006,,Susan,Road,Bellmore,11710,679000,655000,Splanch,5,2.500,"Partial,Finished",1 Car Attached,7,14292.49,CL,2/27/2019,8/27/2019,7/11/2019,9/25/2019,133,Att,1,1,3104259
2660,,Rebecca,Street,Bellmore,11710,724000,715000,Splanch,4,2.500,"Partial,Finished",,7,16121.52,CL,1/28/2018,7/28/2018,3/08/2018,5/04/2018,39,Att,1,1,2999966
3004,,Bellmore,Avenue,Bellmore,11710,290000,485000,Hi Ranch,4,2.500,"Partial,Unfinished",1 Car Attached,7,13737.92,CL,2/05/2018,8/05/2018,3/15/2018,4/04/2018,37,Det,1,1,3001794
2522,,Legion,Street,Bellmore,11710,539000,539000,Split Level,3,2.000,"Partial,Unfinished",1 Car Attached,7,12207.17,CL,2/27/2017,8/20/2017,3/15/2017,5/23/2017,15,Det,1,1,2916688
2525,,Legion,Street,Bellmore,11710,489999,485000,Split Level,4,2.500,"Full,Unfinished",1 Car Attached,7,14187.57,CL,10/14/2016,7/15/2017,5/03/2017,7/13/2017,201,Det,1,1,2890273
2546,,Horace,Court,Bellmore,11710,535000,525000,Split Level,4,2.000,Full,,7,16746.90,CL,4/21/2017,10/31/2017,5/04/2017,7/14/2017,13,Det,1,1,2931359
808,,Oak,Street,Bellmore,11710,499000,495000,Colonial,3,2.000,Partial,,7,11313.00,CL,3/17/2018,9/03/2018,3/27/2018,5/21/2018,10,Det,1,1,3012843
311,,Frederick,Avenue,Bellmore,11710,395000,380000,Colonial,3,2.000,"Full,Unfinished",1 Car Detached,7,12495.74,CL,1/25/2017,7/25/2017,6/07/2017,8/22/2017,132,Det,1,1,2909000
2667,,Rebecca,Street,Bellmore,11710,649000,645000,Splanch,5,2.500,"Partial,Finished",2 Car Attached,7,16476.70,CL,10/01/2018,6/30/2019,3/05/2019,5/17/2019,155,Det,1,1,3069453
3189,,Judith,Drive,Bellmore,11710,699000,675000,Splanch,4,2.500,"Partial,Finished",2 Car Attached,7,18017.00,CL,4/15/2018,3/31/2019,1/02/2019,2/27/2019,262,Det,1,1,3020776
2482,,April,Lane,Bellmore,11710,549000,535000,Splanch,3,1.500,"Partial,Finished",1 Car Attached,7,12908.20,CL,9/14/2017,6/30/2018,10/16/2017,1/16/2018,32,Det,1,1,2971250
2077,,Legion,Street,Bellmore,11710,629000,629000,Hi Ranch,4,2.500,"None,Unfinished",,7,15072.00,CL,7/10/2017,1/07/2018,7/25/2017,9/26/2017,15,Det,1,1,2953560
113,,Belmill,Road,Bellmore,11710,429990,416500,Cape,4,2.000,"None,Unfinished",,7,9753.53,CL,6/16/2017,11/30/2017,8/11/2017,9/29/2017,56,Det,1,1,2947555
3042,,Ira,Road,S. Bellmore,11710,749000,740000,Splanch,4,2.500,"Partial,Finished",2 Car Attached,7,15704.54,CL,5/20/2019,11/20/2019,6/07/2019,8/16/2019,18,Det,1,1,3130399
119,,Mitchell,Street,Bellmore,11710,375000,386000,Cape,2,2.000,"Full,Partially Finished",,7,14343.00,Cl,3/30/2019,8/30/2019,5/08/2019,7/02/2019,39,Det,1,1,3114181
2725,,Len,Drive,Bellmore,11710,547500,540000,Hi Ranch,4,2.000,"None,Unfinished",2 Car Attached,7,15960.44,CL,11/09/2018,2/06/2019,12/12/2018,1/16/2019,33,Det,1,1,3080118
16,,Pearce,Place,Great Neck,11021,600000,580000,Colonial,2,2.000,"Full,Unfinished",,7,7165.95,CL,2/14/2018,9/09/2019,5/07/2018,7/02/2018,81,Att,1,1,3004657
2547,,Ocean,Avenue,Bellmore,11710,615000,615000,Splanch,4,3.000,"Partial,Unfinished",1 Car Attached,7,12536.08,CL,3/21/2019,3/12/2020,4/18/2019,6/18/2019,28,Det,1,1,3111211
40,,Red Brook,Road,Great Neck,11024,729000,605000,Split Level,4,3.000,"Partial,Partially Finished",,7,18422.00,CL,8/15/2018,8/15/2020,2/11/2019,3/25/2019,180,Det,1,1,*1324172
2704,,Boundary,Road,Bellmore,11710,555000,533000,Split Level,3,2.000,"Full,Finished",1 Car Attached,7,12226.09,CL,5/06/2019,10/25/2019,6/17/2019,9/03/2019,42,Det,1,1,3125791
748,,Farmers,Avenue,Bellmore,11710,438000,420000,Exp Cape,3,1.500,"None,Unfinished",2 Car Detached,7,14108.00,CL,2/16/2018,8/16/2018,3/17/2018,6/28/2018,28,Det,1,1,3005164
906,,Ardmore,Place,Bellmore,11710,415000,402500,Colonial,2,1.000,"Full,Finished",,7,9384.83,CL,1/10/2019,6/09/2019,3/12/2019,5/29/2019,60,Det,1,1,3092189
2495,,Marine,Place,Bellmore,11710,439000,420000,Split Level,3,2.000,"Full,Unfinished",1 Car Attached,7,15790.00,CL,5/30/2019,9/27/2019,8/19/2019,10/30/2019,81,Det,1,1,3133309
2808,,Grand,Avenue,Bellmore,11710,639000,639000,Colonial,4,2.500,Full,1 Car Detached,7,10178.63,CL,3/03/2018,9/30/2018,3/09/2018,6/08/2018,6,Det,1,1,3009099
2769,,Marion,Street,Bellmore,11710,459000,435000,Colonial,3,2.000,"Full,Finished",,7,9903.00,CL,7/11/2019,12/31/2019,10/01/2019,11/08/2019,82,Det,1,1,3146219
2682,,Walker,Street,Bellmore,11710,599999,575000,Split Level,4,1.500,"Partial,Finished",1 Car Attached,7,12794.36,CL,8/01/2019,2/01/2020,9/11/2019,11/15/2019,41,Det,1,1,3152309
135,,Kopf,Road,Bellmore,11710,674800,630000,Colonial,4,2.000,"None,Unfinished",,7,19729.14,CL,7/10/2018,1/08/2019,12/20/2018,5/31/2019,163,Det,1,1,3046810
2477,,Harbor,Lane,Bellmore,11710,449900,435000,Hi Ranch,4,2.500,"None,Unfinished",,7,20922.16,CL,6/22/2019,11/14/2019,10/08/2019,10/30/2019,108,Det,1,1,3141171
2674,W,Alder,Road,Bellmore,11710,419900,406850,Cape,4,2.550,Full,,7,10737.00,CL,6/10/2019,9/10/2019,9/05/2019,10/04/2019,87,Det,1,2,3137495
80,,Hicks,Lane,Great Neck,11024,682989,630000,Colonial,3,2.000,"Full,Partially Finished",1 Car Detached,7,13155.03,CL,5/19/2019,12/31/2019,10/21/2019,3/19/2020,155,Det,1,1,3130190
2747,,Barbara,Road,Bellmore,11710,524000,500000,Hi Ranch,5,2.000,"None,Unfinished",,7,11530.00,CL,2/02/2017,4/30/2017,4/20/2017,6/23/2017,76,Det,1,1,2911233
2464,,New,Place,Bellmore,11710,405000,375000,Exp Cape,3,2.000,"Full,Finished",2 Car Detached,7,15026.35,CL,6/11/2018,12/31/2018,10/11/2018,12/07/2018,122,Det,1,1,3038384
2701,,Bellmore,Avenue,Bellmore,11710,299000,265000,Hi Ranch,3,1.000,"None,Unfinished",1 Car Attached,7,17190.64,CL,6/10/2017,2/25/2018,8/08/2017,8/30/2017,59,Det,1,1,2945850
1,,Brown,Court,Great Neck,11024,668000,660000,Exp Cape,4,2.000,,1 Car Detached,7,11012.00,CL,2/16/2017,8/16/2017,3/10/2017,3/31/2017,22,Det,1,1,*1278017
85,,Lahey,Street,New Hyde Park,11040,735000,675000,Cape,4,2.000,"Full,Finished",1 Car Detached,7,6764.19,CL,6/21/2018,3/15/2019,7/18/2018,8/22/2018,27,Det,1,1,3041969
100,,Clubhouse,Road,Bellmore,11710,285000,265000,Cape,2,1.000,"Crawl,Unfinished",,7,7972.36,CL,10/14/2016,10/14/2017,6/20/2017,8/22/2017,249,Det,1,1,2890118
2239,,Legion,Street,Bellmore,11710,585000,575000,Split Level,4,2.500,"Partial,Finished",1 Car Attached,7,11918.02,CL,10/04/2018,3/31/2019,11/30/2018,2/08/2019,57,Det,1,1,3070600
2455,,Randy,Lane,Bellmore,11710,659000,615000,Hi Ranch,4,2.500,"None,Unfinished",2 Car Attached,7,20000.00,CL,2/03/2019,8/03/2019,3/05/2019,4/01/2019,30,Det,1,1,3098250
1567,,Sycamore,Avenue,N. Merrick,11566,439000,447500,Ranch,2,1.000,Full,1 Car Attached,7,12083.75,CL,6/22/2018,12/22/2018,7/09/2018,9/04/2018,17,Att,1,1,3042303
2577,,Orange,Street,Bellmore,11710,499990,490000,Colonial,4,2.000,"Full,Unfinished",1 Car Detached,7,13684.93,CL,11/02/2017,5/01/2018,11/20/2017,1/25/2018,18,Det,1,1,2982944
107,,Linwood,Avenue,N. Bellmore,11710,679999,665000,Colonial,4,2.000,"Full,Finished",2 Car Attached,7,10148.00,CL,2/02/2018,8/02/2018,3/06/2018,4/26/2018,32,Att,1,2,3001546
24,,Summer,Avenue,Great Neck,11020,399000,427500,Colonial,3,2.000,"Full,Unfinished",,7,10669.00,CL,11/10/2018,11/10/2019,11/24/2018,7/15/2019,14,Det,1,1,3080927
207,,Mitchell,Street,Bellmore,11710,459000,445000,Cape,4,2.000,"Full,Finished",,7,9738.31,CL,8/02/2017,1/19/2018,12/19/2017,3/30/2018,139,Det,1,1,2960258
105,,Nugent,Street,New Hyde Park,11040,748000,670000,Cape,4,2.000,"Full,Finished",1 Car Attached,7,10306.00,CL,9/17/2019,3/04/2020,11/21/2019,2/28/2020,65,Det,1,1,3165056
24,,Pearce,Place,Great Neck,11021,689000,665000,Colonial,3,1.500,"Full,Partially Finished",1 Car Detached,7,7079.82,CL,11/20/2017,5/31/2018,12/03/2017,4/01/2018,13,Det,1,1,2986861
28,,Chadwick,Road,Great Neck,11023,799000,735000,Exp Ranch,4,2.500,"None,Unfinished",1 Car Attached,7,12569.99,CL,8/21/2018,12/31/2018,9/12/2018,11/02/2018,22,Det,1,1,*1324708
41,,Ellard,Avenue,Great Neck,11024,625000,625000,Colonial,3,1.500,"Full,Unfinished",,7,7458.77,CL,4/22/2017,7/30/2017,5/17/2017,9/20/2017,25,Det,1,1,2931642
19,,Croydon,Drive,Bellmore,11710,439000,425000,Cape,4,1.000,"Full,Partially Finished",1 Car Detached,7,10626.61,CL,12/06/2017,6/06/2018,2/02/2018,2/28/2018,58,Det,1,1,2989971
45-15,,Arcadia,Lane,Great Neck,11020,810000,750000,Colonial,3,1.000,"Full,Partially Finished",Detached,7,11600.00,CL,4/06/2017,1/06/2018,7/05/2017,9/22/2017,90,Det,1,1,2927380
5,,Lee,Court,Great Neck,11024,526000,500000,Colonial,2,1.000,"Full,Finished",,7,11810.14,CL,2/21/2019,8/20/2019,7/15/2019,7/15/2019,143,Det,1,1,3103397
413,,Linden,Street,Bellmore,11710,490000,493000,Cape,3,1.500,"Full,Unfinished",1 Car Attached,7,10718.91,CL,1/27/2020,6/30/2020,2/17/2020,3/13/2020,21,Det,1,1,*1371164
2546,,Erick,Court,Bellmore,11710,475000,430000,Split Level,4,3.000,"Partial,Partially Finished",1 Car Attached,7,25726.48,CL,7/30/2019,4/30/2020,8/30/2019,11/06/2019,31,Det,1,1,3152174
3145,,Shore,Road,Bellmore,11710,699000,670000,Splanch,4,2.500,"Partial,Finished",1 Car Attached,7,15814.00,CL,8/15/2016,7/31/2017,1/19/2017,3/30/2017,157,Det,1,1,2876655
2827,,School,Street,Bellmore,11710,729000,727500,Splanch,4,2.500,"Partial,Finished",2 Car Attached,7,14060.00,CL,3/14/2018,9/30/2018,4/21/2018,6/14/2018,38,Det,1,1,3011783
119,,Linden,Street,Bellmore,11710,529000,505000,Colonial,3,2.000,"Full,Unfinished",2 Car Detached,7,10160.00,CL,6/21/2018,12/31/2018,9/10/2018,10/31/2018,81,Det,1,1,3041954
2615,,Frances,Street,Bellmore,11710,625000,615000,Splanch,4,2.500,"Partial,Finished",2 Car Attached,7,16890.00,CL,5/31/2017,9/30/2017,6/23/2017,8/18/2017,23,Det,1,1,2942940
2828,,Len,Drive,Bellmore,11710,599999,587500,Hi Ranch,4,2.500,"None,Unfinished",2 Car Attached,7,10917.00,CL,3/11/2019,8/31/2019,7/29/2019,9/27/2019,140,Det,1,1,3108181
2821,,School,Street,Bellmore,11710,679000,677000,Splanch,4,2.500,"Partial,Finished",2 Car Attached,7,12117.00,CL,4/08/2019,10/15/2019,7/15/2019,9/17/2019,98,Det,1,1,3117301
2726,,Ellen,Road,Bellmore,11710,679000,660000,Colonial,4,2.500,"None,Unfinished",1 Car Attached,7,15702.00,CL,5/10/2018,12/31/2018,5/21/2018,7/19/2018,11,Det,1,1,3028954
2519,,Bellmore,Avenue,Bellmore,11710,579000,580000,Split Level,4,3.000,"Partial,Finished",Attached,7,11743.00,CL,1/29/2019,8/31/2019,6/04/2019,10/10/2019,125,Det,1,1,3097082
2685,,Landing,Avenue,Bellmore,11710,539000,516000,Split Level,3,2.000,"None,Unfinished",1 Car Attached,7,14154.00,CL,8/02/2019,1/31/2020,9/04/2019,10/22/2019,33,Det,1,1,3152870
2817,,Clubhouse,Road,Bellmore,11710,569000,560000,Colonial,4,2.500,"Crawl,Unfinished",1 Car Attached,7,19583.00,CL,4/08/2018,9/30/2018,5/16/2018,7/12/2018,38,Det,1,1,3018518
2685,,Frances,Street,Bellmore,11710,659900,627500,Splanch,4,2.500,"Partial,Finished",2 Car Attached,7,14965.00,CL,9/05/2017,2/28/2018,11/03/2017,12/27/2017,59,Det,1,1,2968376
2470,,Cove,Court,Bellmore,11710,669000,649000,Hi Ranch,5,3.000,"None,Unfinished",2 Car Attached,7,12271.00,CL,6/02/2018,12/31/2018,8/17/2018,10/19/2018,76,Det,1,1,3035915
2658,,Dorothy,Street,Bellmore,11710,699000,670000,Splanch,5,2.500,"Partial,Finished",2 Car Attached,7,18635.00,CL,8/27/2017,2/28/2018,8/31/2017,10/30/2017,4,Det,1,1,2966373
2455,,Frederick,Court,Bellmore,11710,459000,430000,Ranch,3,1.000,"Full,Finished",1 Car Attached,7,8188.00,CL,6/24/2018,12/31/2018,7/03/2018,8/28/2018,9,Det,1,1,3042544
132,,Belmill,Road,Bellmore,11710,465000,453000,Cape,4,1.500,"None,Unfinished",1 Car Attached,7,10616.00,CL,3/15/2017,8/31/2017,5/18/2017,7/17/2017,64,Det,1,1,2921224
2553,,Bedell,Street,Bellmore,11710,469000,465000,Ranch,3,2.000,"Full,Finished",1 Car Attached,7,12648.00,CL,8/19/2016,10/31/2017,2/02/2017,5/30/2017,167,Det,1,1,2904979
3135,,Shore,Road,Bellmore,11710,599000,597000,Splanch,4,2.500,"Partial,Finished",2 Car Attached,7,16186.00,CL,8/09/2019,1/31/2020,9/19/2019,11/13/2019,41,Det,1,1,3154914
2669,,Bedell,Street,Bellmore,11710,489000,479000,Hi Ranch,6,2.000,"None,Unfinished",,7,13596.00,CL,11/04/2016,4/22/2017,1/20/2017,4/18/2017,77,Det,1,1,2894428
3083,,Timothy,Road,Bellmore,11710,589000,560000,Colonial,4,2.500,"None,Unfinished",1 Car Attached,7,16978.00,CL,4/29/2019,12/31/2019,7/09/2019,10/10/2019,71,Det,1,1,3123448
743,,Farmers,Avenue,Bellmore,11710,699000,670000,Colonial,3,2.500,"Crawl,Unfinished",Attached,7,13334.00,CL,2/12/2017,9/30/2017,5/17/2017,7/25/2017,93,Det,1,1,2913261
2847,,Barbara,Road,Bellmore,11710,549000,515000,Colonial,2,1.500,"Crawl,Unfinished",1 Car Attached,7,12237.00,CL,5/06/2018,12/31/2018,5/29/2018,9/20/2018,23,Det,1,1,3027555
3108,,May,Court,Bellmore,11710,539000,515000,Splanch,4,2.500,"Partial,Finished",2 Car Attached,7,14945.00,CL,9/15/2018,2/28/2019,9/24/2018,11/09/2018,9,Det,1,1,3065519
25,,Potters,Lane,Great Neck,11024,653000,638000,Colonial,3,1.500,"Full,Unfinished",1 Car Detached,7,11562.00,CL,6/08/2017,11/16/2017,11/20/2017,2/28/2018,165,Det,1,1,2945435
15,,Piccadilly,Road,Great Neck,11023,780000,730000,Cape,3,2.000,"Partial,Unfinished",1 Car Detached,7,13232.00,CL,10/23/2017,5/31/2018,5/11/2018,8/20/2018,200,Det,1,1,2980434
30,,North,Road,Great Neck,11024,679000,665000,Colonial,3,2.000,"Full,Finished",1 Car Detached,7,13227.80,CL,9/12/2019,1/31/2020,11/07/2019,1/30/2020,56,Det,1,1,3163912
2750,,Anthony,Avenue,Bellmore,11710,725000,725000,Colonial,4,2.500,"Crawl,Unfinished",1 Car Attached,7,20147.89,CL,4/01/2017,7/31/2018,6/21/2018,8/13/2018,446,Det,1,1,3030380
2474,,Riviera Lane,,Bellmore,11710,599900,550000,Hi Ranch,4,2.500,"Crawl,Unfinished",,7,18489.00,CL,10/15/2018,10/20/2019,12/13/2018,3/20/2019,59,Det,1,1,3073735
2241,W,Wynne,Lane,Bellmore,11710,580000,575000,Split Level,3,2.500,"Partial,Unfinished",,7,12674.00,CL,11/28/2018,6/30/2019,5/29/2019,8/21/2019,181,Det,1,1,3083667
2634,,Dorothy,Street,Bellmore,11710,689000,645000,Splanch,4,2.500,"Partial,Finished",2 Car Attached,7,15026.35,CL,4/08/2018,9/23/2018,8/10/2018,10/10/2018,124,Det,1,1,3018531
2630,,Ricky,Street,Bellmore,11710,849000,745000,Splanch,4,3.500,"Partial,Finished",2 Car Attached,7,14705.77,CL,5/30/2018,4/30/2019,2/26/2019,4/08/2019,272,Det,1,1,3034678
2618,,Rachel,Street,Bellmore,11710,594999,570000,Splanch,4,2.500,"Partial,Finished",2 Car Attached,7,22235.04,CL,3/02/2017,3/02/2018,1/22/2018,1/26/2018,326,Det,1,1,2917887
117,,Belmill,Road,Bellmore,11710,499000,494000,Cape,4,2.000,"None,Unfinished",,7,12692.33,CL,1/01/2017,8/14/2017,2/07/2017,4/20/2017,37,Det,1,1,2903848
2460,,Marine,Place,Bellmore,11710,528000,519000,Cape,4,2.000,"Full,Finished",,7,8707.45,CL,7/10/2018,12/25/2018,12/12/2018,1/28/2019,155,Det,1,1,3080036
200,,Washington,Avenue,Bellmore,11710,489999,500000,Colonial,4,2.000,"Full,Finished",,7,10043.13,CL,10/07/2017,4/03/2018,11/09/2017,1/31/2018,33,Det,1,1,2976875
2071,,Legion,Street,Bellmore,11710,679000,654500,Splanch,4,2.500,"Partial,Finished",1 Car Attached,7,12983.78,CL,9/16/2019,2/09/2020,12/03/2019,3/20/2020,78,Det,1,1,3164730
2412,,Orange,Street,Bellmore,11710,475000,470000,Colonial,3,2.000,"Partial,Unfinished",1 Car Detached,7,14268.98,CL,4/22/2019,9/15/2019,5/21/2019,7/26/2019,29,Det,1,1,3121311
2516,,Randy,Lane,Bellmore,11710,520000,500000,Hi Ranch,4,1.500,"None,Unfinished",2 Car Attached,7,14188.88,CL,9/16/2018,2/21/2019,10/25/2018,1/31/2019,39,Det,1,1,3065580
202,,Washington,Avenue,Bellmore,11710,529000,480000,Colonial,3,1.000,"Full,Finished",1 Car Detached,7,11273.83,CL,8/02/2018,1/15/2019,10/04/2018,12/06/2018,63,Det,1,1,3053907
3129,,Lydia,Lane,Bellmore,11710,649000,650000,Splanch,5,2.500,"Partial,Finished",2 Car Attached,7,12513.91,CL,2/23/2018,9/01/2018,4/13/2018,8/24/2018,48,Det,1,1,*1307562
3263,,Jason,Drive,Bellmore,11710,849000,750000,Splanch,4,2.500,"Partial,Finished",2 Car Attached,7,23240.86,CL,8/30/2017,4/12/2018,11/20/2017,3/14/2018,82,Det,1,1,2967093
2787,,Barbara,Road,Bellmore,11710,699000,680000,Colonial,4,2.500,"Crawl,Unfinished",1 Car Attached,7,16105.42,CL,4/18/2018,11/27/2018,5/22/2018,7/31/2018,34,Det,1,1,3021930
3239,,Judith,Drive,Bellmore,11710,674900,655000,Splanch,5,2.500,"Partial,Finished",2 Car Attached,7,16124.00,CL,5/03/2017,11/30/2017,8/23/2017,10/27/2017,112,Det,1,1,2934986
2503,,Florin,Court,Bellmore,11710,519000,519000,Split Level,3,2.000,"Partial,Finished",1 Car Attached,7,12749.00,CL,8/15/2018,3/15/2019,8/27/2018,10/31/2018,12,Det,1,1,3057326
2636,,Frances,Street,Bellmore,11710,659999,645000,Splanch,4,2.500,"Partial,Unfinished",2 Car Attached,7,15955.00,CL,1/30/2017,3/30/2018,3/07/2018,5/16/2018,401,Det,1,1,2959702
2700,W,Alder,Road,Bellmore,11710,455000,445000,Ranch,3,1.000,"Full,Partially Finished",1 Car Attached,7,8196.00,CL,5/21/2019,1/15/2020,6/18/2019,9/04/2019,28,Det,1,1,3130764
905,,Sunrise,Avenue,Bellmore,11710,519000,519000,Cape,4,2.000,"Crawl,Unfinished",1 Car Detached,7,10363.00,CL,4/28/2017,10/31/2017,5/26/2017,9/27/2017,28,Det,1,1,2933294
2593,,Lefferts,Place,Bellmore,11710,450000,425000,Ranch,3,1.000,"Crawl,Unfinished",,7,8181.00,CL,7/20/2018,1/31/2019,9/04/2018,11/28/2018,46,Det,1,1,3050077
2557,,Army,Place,Bellmore,11710,479000,470000,Split Level,3,2.000,"Partial,Partially Finished",,7,9587.00,CL,1/15/2017,7/31/2017,2/05/2017,4/27/2017,21,Det,1,1,2911669
2466,,Navy,Place,Bellmore,11710,299990,290000,Ranch,2,1.000,"Crawl,Unfinished",1 Car Detached,7,7747.20,CL,9/25/2016,3/30/2018,6/09/2017,10/04/2017,257,Det,1,1,2886502
122,,Linden,Street,Bellmore,11710,459990,455000,Ranch,2,3.000,"Full,Finished",,7,10241.24,CL,3/28/2017,12/31/2017,5/16/2017,7/31/2017,49,Det,1,1,2925005
2335,,Legion,Street,Bellmore,11710,699990,710000,Split Level,3,3.000,"Partial,Finished",1 Car Attached,7,10855.05,CL,2/20/2018,11/01/2018,3/16/2018,5/14/2018,23,Det,1,1,3006229
6,,Florence,Avenue,Great Neck,11024,568000,452000,Colonial,3,1.500,"Full,Partially Finished",,7,8164.01,CL,3/28/2017,12/31/2017,8/25/2017,11/21/2017,150,Det,1,1,2924547
14,,Pearce,Place,Great Neck,11021,626000,630000,Colonial,3,1.500,Full,1 Car Detached,7,7138.00,CL,10/12/2018,1/15/2019,1/02/2019,2/06/2019,82,Sd,1,1,3072844
2,,Willow,Lane,Great Neck,11023,928000,740000,Colonial,4,2.000,"Full,Unfinished",1 Car Detached,7,18818.55,CL,2/13/2017,8/16/2017,3/10/2017,5/31/2017,25,Det,1,1,2913587
103,,Van Nostrand,Avenue,Great Neck,11024,650000,550000,Ranch,3,1.500,Full,,7,10066.69,CL,6/19/2018,12/12/2018,9/13/2018,4/04/2019,86,Det,1,10,3040982
4,,Appletree,Lane,Great Neck,11024,728000,670000,2 Story,3,1.500,"Full,Unfinished",1 Car Attached,7,13094.00,CL,9/19/2017,3/25/2018,11/16/2017,2/26/2018,58,Det,1,1,2972150
333,,Frederick,Avenue,Bellmore,11710,215000,221000,Ranch,2,1.000,"Full,Partially Finished",1 Car Detached,7,7254.20,CL,11/15/2017,5/31/2018,12/29/2017,3/14/2018,44,Det,1,1,2986075
2575,,Bellmore,Avenue,Bellmore,11710,290000,281000,Colonial,2,1.000,"Partial,Unfinished",,7,8656.28,CL,8/23/2017,5/31/2018,11/06/2017,12/28/2017,75,Det,1,1,2965640
42,,Rose,Lane,New Hyde Park,11040,739000,739000,Cape,3,2.000,"Full,Finished",1 Car Detached,7,11293.53,CL,4/17/2018,10/17/2018,5/04/2018,9/25/2018,17,Det,1,1,*1312655
7,,Road On The Hill,,Great Neck,11023,768000,735000,Colonial,4,2.500,Full,,7,15642.00,CL,7/17/2019,12/12/2019,10/10/2019,11/14/2019,85,Det,1,1,*1352728
13,,Potters,Court,Great Neck,11024,525000,600000,Colonial,4,2.000,"Full,Unfinished",1 Car Attached,7,15311.88,CL,8/29/2019,3/01/2020,9/12/2019,11/19/2019,14,Det,1,1,*1356693
2809,,Bellmore,Avenue,Bellmore,11710,545000,545000,Hi Ranch,4,1.500,"None,Unfinished",2 Car Attached,7,17736.48,CL,10/16/2019,10/06/2020,11/05/2019,12/16/2019,20,Det,1,1,*1360217
710,,Wyckoff,Avenue,Bellmore,11710,350000,360000,Cape,3,1.000,"Full,Unfinished",1 Car Detached,7,11649.00,CL,11/20/2016,5/12/2017,2/02/2017,8/23/2017,74,Det,1,1,2897679
2737,,Marle,Place,Bellmore,11710,629000,605000,Hi Ranch,6,3.000,Full,1 Car Attached,7,12743.51,CL,11/28/2016,5/31/2017,1/27/2017,4/19/2017,60,Det,1,1,2898827
310,,Linden,Street,Bellmore,11710,369900,345000,Colonial,3,1.000,"Full,Unfinished",1 Car Detached,7,12603.42,CL,1/27/2017,11/01/2017,2/11/2017,3/27/2017,15,Det,1,1,2909659
705,,Wyckoff,Avenue,Bellmore,11710,365000,370000,Cape,3,2.000,"Full,Unfinished",1 Car Detached,7,10043.13,CL,2/20/2017,8/12/2017,3/06/2017,4/27/2017,14,Det,1,1,2915038
2720,,Navy,Court,Bellmore,11710,399000,425900,Split Level,3,2.000,"Partial,Partially Finished",1 Car Attached,7,12237.67,CL,3/01/2017,8/20/2017,3/27/2017,5/19/2017,25,Det,1,1,2917692
410,,Albermarle,Avenue,Bellmore,11710,329900,350000,Exp Ranch,3,2.000,"Full,Finished",1 Car Detached,7,13288.74,CL,3/08/2017,6/05/2017,3/22/2017,4/28/2017,13,Det,1,1,2919853
102,,Mitchell,Street,Bellmore,11710,359000,359000,Cape,2,2.000,"Full,Unfinished",,7,10896.56,CL,3/19/2017,11/01/2017,4/06/2017,5/25/2017,18,Det,1,1,2922219
126,,Allenwood,Road,Great Neck,11023,740000,715000,Colonial,4,2.500,"Full,Unfinished",,7,14410.23,CL,3/22/2017,9/22/2017,8/12/2017,10/11/2017,143,Det,1,1,2923212
2135,,Newbridge,Road,Bellmore,11710,449000,425000,Victorian,3,1.000,"Full,Unfinished",,7,12500.00,CL,3/30/2017,12/31/2017,5/04/2017,6/30/2017,35,Det,1,1,2924968
2647,,Bellmore,Avenue,S. Bellmore,11710,119900,115500,Bungalow,2,1.000,"None,Unfinished",,7,10515.56,CL,4/07/2017,12/11/2017,9/28/2017,10/17/2017,174,Det,1,1,2928252
3093,,Lydia,Lane,Bellmore,11710,649000,634250,Colonial,4,2.500,"None,Unfinished",2 Car Attached,7,16154.32,CL,4/14/2017,10/07/2017,5/18/2017,7/24/2017,34,Det,1,1,2929253
2675,,Lee,Place,Bellmore,11710,420000,405000,Hi Ranch,3,2.000,"Full,Finished",1 Car Attached,7,13304.46,CL,6/04/2017,6/03/2019,6/27/2018,10/26/2018,388,Det,1,1,2943985
2954,,Len,Drive,Bellmore,11710,469900,450000,Split Level,4,1.500,"Partial,Unfinished",1 Car Attached,7,16422.53,CL,6/05/2017,12/05/2017,6/12/2017,7/10/2017,7,Det,1,1,2944616
2414,,Wood,Avenue,Bellmore,11710,649999,640000,Hi Ranch,4,3.000,"None,Unfinished",1 Car Attached,7,11109.92,CL,6/27/2017,12/01/2017,8/08/2017,10/05/2017,42,Det,1,1,2950370
2409,,Saint Marks,Avenue,Bellmore,11710,449000,435000,Cape,4,1.000,"Full,Finished",1 Car Attached,7,11729.01,CL,7/03/2017,12/28/2017,8/30/2017,11/15/2017,58,Det,1,1,2951995
2081,,Skipper,Court,Bellmore,11710,579000,545000,Hi Ranch,4,2.000,"None,Unfinished",1 Car Attached,7,15575.19,CL,7/08/2017,12/31/2017,12/04/2017,2/09/2018,149,Det,1,2,2953063
2640,,Dorothy,Street,Bellmore,11710,699000,690000,Splanch,4,2.500,"Partial,Finished",2 Car Attached,7,11551.87,CL,5/10/2017,10/02/2017,8/16/2017,11/17/2017,98,Det,1,1,2957187
9,,Moreland,Court,Great Neck,11024,749000,715000,Cape,4,2.000,Full,,7,11346.00,CL,8/14/2017,12/10/2017,8/25/2017,11/20/2017,11,Det,1,1,2963633
2339,,Hynes,Place,Bellmore,11710,539000,520000,Colonial,4,2.000,"Full,Finished",1 Car Detached,7,14462.00,CL,10/12/2017,4/04/2018,10/30/2017,12/07/2017,18,Det,1,1,2977925
2612,,Bellmore,Avenue,Bellmore,11710,529000,515000,Colonial,4,2.000,Full,,7,13426.37,CL,11/01/2017,5/01/2018,3/22/2018,5/09/2018,141,Det,1,1,2982467
2526,,Riviera,Lane,Bellmore,11710,699000,685000,Hi Ranch,4,3.000,"None,Unfinished",2 Car Attached,7,14225.06,CL,12/02/2017,4/02/2018,1/23/2018,3/23/2018,52,Det,1,1,2989045
2590,,Glenn,Drive,Bellmore,11710,699000,660000,Colonial,4,2.500,Full,2 Car Attached,7,15509.52,CL,1/13/2018,8/30/2018,5/24/2018,7/12/2018,130,Det,1,1,2996369
421,,Linden,Street,Bellmore,11710,485000,465000,Colonial,3,2.000,"Full,Finished",1 Car Detached,7,14511.01,CL,1/16/2018,9/16/2018,2/08/2018,3/22/2018,23,Det,1,1,2997222
40,,Sylvia,Lane,New Hyde Park,11040,739000,722500,Cape,4,2.000,Full,Private Parking,7,13583.00,CL,1/29/2018,5/29/2018,3/17/2018,7/02/2018,46,Det,1,1,3000258
2742,,Landing,Avenue,Bellmore,11710,479000,465000,Ranch,3,2.000,"Full,Partially Finished",,7,12794.00,CL,1/29/2018,7/29/2018,4/30/2018,8/03/2018,90,Det,1,1,3000793
114,,Udall,Drive,Great Neck,11020,775000,730000,Colonial,6,2.000,"Partial,Unfinished",1 Car Attached,7,12103.00,CL,1/31/2018,7/31/2018,4/30/2018,8/17/2018,88,Det,1,1,3000828
2710,,Landing,Avenue,Bellmore,11710,379000,450000,Cape,2,1.000,"Full,Unfinished",2 Car Detached,7,8916.28,CL,2/14/2018,8/08/2018,3/02/2018,5/08/2018,16,Det,1,1,3004623
2263,,Rose,Place,Bellmore,11710,499000,500000,Cape,7,2.000,"Full,Finished",1 Car Attached,7,12791.29,CL,2/22/2018,1/06/2019,4/24/2018,7/05/2018,60,Det,1,1,3006677
46,,Rose,Avenue,Great Neck,11021,775000,700000,Colonial,5,2.550,"Full,Unfinished",,7,13451.01,CL,4/10/2018,10/10/2018,7/13/2018,8/23/2018,94,Det,1,1,3019167
2411,,Dock,Road,Bellmore,11710,519000,505000,Split Level,3,1.500,"Crawl,Unfinished",1 Car Attached,7,15493.51,CL,5/01/2018,9/01/2018,5/02/2018,8/15/2018,1,Det,1,1,3026387
115,,Linden,Street,Bellmore,11710,525000,535000,Colonial,3,2.000,"Full,Finished",2 Car Detached,7,13637.10,CL,5/03/2018,12/29/2018,5/15/2018,11/02/2018,12,Det,1,1,3026480
16,,Breuer,Avenue,Great Neck,11023,728000,678000,Colonial,3,1.500,"Full,Unfinished",1 Car Detached,7,10839.00,CL,5/18/2018,11/18/2018,6/18/2018,8/27/2018,31,Det,1,1,3031831
2564,,Orange,Street,Bellmore,11710,479888,455000,Colonial,4,2.000,"Full,Unfinished",1 Car Attached,7,13850.00,CL,6/20/2018,2/28/2019,10/10/2018,12/07/2018,112,Det,1,1,3041245
2409,,Legion,Street,Bellmore,11710,399000,375000,Split Level,3,2.000,"Full,Finished",,7,19745.25,CL,7/27/2018,11/30/2018,10/25/2018,11/08/2018,90,Det,1,1,3052507
2151,,Howard,Place,Bellmore,11710,479000,468000,Split Level,3,2.500,"Full,Unfinished",2 Car Attached,7,11760.00,CL,8/09/2018,3/31/2019,3/11/2019,4/22/2019,214,Det,1,1,3055853
207,,Claxton,Avenue,Bellmore,11710,559999,555000,Colonial,3,1.500,"Full,Unfinished",2 Car Detached,7,10247.90,CL,10/01/2018,10/01/2019,2/05/2019,4/30/2019,127,Det,1,1,3069474
124,,Beach,Avenue,Bellmore,11710,229900,200000,Bungalow,2,1.000,"Crawl,Unfinished",1 Car Detached,7,12329.44,CL,10/05/2018,5/14/2019,1/14/2019,1/18/2019,101,Det,1,1,3071213
1894,,Stewart,Avenue,New Hyde Park,11040,689000,620000,Exp Cape,4,1.500,"Full,Partially Finished",1 Car Detached,7,6600.00,CL,10/22/2018,4/30/2019,11/01/2018,1/30/2019,10,Det,1,1,3075269
136,,Baker Hill,Road,Great Neck,11023,725000,650000,Cape,4,2.000,"Full,Unfinished",2 Car Attached,7,13802.56,CL,11/05/2018,12/31/2019,1/22/2019,5/14/2019,78,Att,1,1,3078827
131,,Baker Hill,Road,Great Neck,11023,789000,745000,Colonial,2,1.500,"Full,Partially Finished",2 Car Detached,7,12694.45,CL,11/13/2018,8/28/2019,3/29/2019,6/06/2019,135,Det,1,1,3080692
2616,S,Saint Marks,Avenue,Bellmore,11710,619000,560000,Duplex,5,3.500,"Partial,Unfinished",,7,13986.30,CL,11/14/2018,7/31/2019,12/24/2018,3/07/2019,40,Det,1,2,3081365
2694,,Walker,Street,Bellmore,11710,395000,425000,Ranch,3,1.500,"Full,Unfinished",1 Car Attached,7,10242.00,CL,11/20/2018,7/16/2019,11/30/2018,2/07/2019,10,Det,1,1,3082380
310,,Linden,Street,Bellmore,11710,729000,729000,Colonial,4,3.500,"Full,Finished",1 Car Attached,7,14816.00,CL,12/02/2018,8/15/2019,5/23/2019,7/11/2019,171,Det,1,1,3084626
2864,,Shore,Road,Bellmore,11710,495000,495000,Hi Ranch,4,1.550,"None,Unfinished",2 Car Attached,7,15500.00,CL,12/02/2018,2/28/2019,3/15/2019,5/02/2019,102,Det,1,1,3084651
508,,Hughes,Street,Bellmore,11710,469000,455000,Cape,3,2.000,"Full,Unfinished",,7,11950.00,CL,2/03/2019,7/31/2019,3/01/2019,5/29/2019,26,Det,1,1,3098218
2516,,Williams,Court,Bellmore,11710,669000,650000,Split Level,3,3.000,"Full,Finished",1 Car Attached,7,12364.65,CL,2/05/2019,8/04/2019,3/29/2019,7/23/2019,51,Det,1,1,3098834
2869,,Bellmore,Avenue,Bellmore,11710,515000,500000,Hi Ranch,5,2.000,"None,Unfinished",1 Car Attached,7,15584.05,CL,2/15/2019,8/15/2019,4/04/2019,5/17/2019,47,Det,1,1,3101697
909,,Sunrise,Avenue,Bellmore,11710,419999,420000,Cape,2,1.000,"Crawl,Unfinished",2 Car Detached,7,10176.96,CL,3/06/2019,8/15/2019,3/29/2019,6/21/2019,22,Det,1,1,3106732
2451,,Joseph Ct,,Bellmore,11710,529000,500000,Colonial,4,2.000,"Full,Finished",1 Car Detached,7,0.00,CL,5/08/2019,11/04/2019,9/17/2019,1/15/2020,132,Det,1,1,3126684
11,,Sylvia,Lane,New Hyde Park,11040,768000,745000,Cape,4,1.000,"Full,Unfinished",1 Car Detached,7,9948.00,CL,7/29/2019,2/28/2020,8/14/2019,10/09/2019,16,Det,1,1,3151310
708,,Wyckoff,Avenue,Bellmore,11710,429000,430000,Cape,4,2.000,"Full,Unfinished",1 Car Detached,7,9195.40,CL,9/22/2019,3/31/2020,10/01/2019,1/14/2020,9,Det,1,1,3166684
2458,,Florin,Court,Bellmore,11710,310000,310000,Cape,3,2.000,"Partial,Unfinished",1 Car Detached,7,14155.00,CL,10/21/2019,1/25/2020,11/08/2019,12/26/2019,18,Det,1,1,3174536