St #,Dr,Street Name,Sfx,Town,Zip,ListPrice,SoldPrice,,Br,Bath,,,SD,Tot Tax,LSC,ListDate,ExpDate,ContDate,TitleDate,DOM,Det,#F,K,ML#
568,,Rockville,Court,Oceanside,11572,729000,705000,Contemporary,5,3.000,"None,Unfinished",1 Car Attached,11,15282.41,CL,8/20/2018,8/20/2019,9/13/2018,10/25/2018,24,Det,1,1,3058438
178,,Irma,Drive,Oceanside,11572,695000,663500,Split Level,3,2.500,"None,Unfinished",,11,10691.93,CL,12/21/2018,12/31/2019,4/03/2019,5/20/2019,102,Det,1,1,3088374
2717,,Two Brothers,Court,Oceanside,11572,679000,645000,Hi Ranch,4,3.000,"Full,Finished",1 Car Attached,11,14540.01,CL,4/15/2019,4/15/2020,1/08/2020,2/25/2020,268,Det,1,1,3119576
110,,Harris,Drive,Oceanside,11572,649000,635000,Hi Ranch,4,2.000,"None,Unfinished",1 Car Attached,11,10940.28,CL,10/15/2016,5/31/2017,5/18/2017,6/30/2017,215,Det,1,1,2890369
292,,Concord,Avenue,Oceanside,11572,659000,670000,Split Level,4,2.500,"None,Unfinished",1 Car Attached,11,14105.66,CL,1/13/2019,1/12/2020,7/12/2019,8/20/2019,179,Det,1,1,3092747
408,,Golf,Drive,Oceanside,11572,749000,735000,Split Level,4,3.500,"None,Unfinished",1 Car Attached,11,16537.10,CL,5/10/2019,10/10/2019,6/03/2019,8/21/2019,24,Det,1,1,3127283
145,,Greystone,Road,Rockville Centre,11570,649000,635000,Cape,4,2.000,"Full,Partially Finished",1 Car Attached,11,12123.38,CL,9/06/2018,3/06/2019,10/08/2018,12/28/2018,32,Det,1,1,3062761
73,,Dacosta,Avenue,Oceanside,11572,619000,630000,Ranch,3,2.000,"Full,Finished",1 Car Detached,11,14782.57,CL,2/12/2018,2/12/2019,2/24/2018,6/27/2018,12,Det,1,1,3003834
2826,,Davis,Street,Oceanside,11572,649000,637000,Colonial,4,2.500,"Full,Finished",,11,11070.00,CL,10/10/2019,12/31/2019,10/21/2019,12/13/2019,11,Det,1,1,3171743
621,,Lakeview,Avenue,Rockville Centre,11570,649000,625000,Colonial,3,3.000,"Full,Unfinished",,11,13057.51,CL,12/10/2017,1/31/2018,1/05/2018,1/30/2018,26,Det,1,1,2990618
3941,,Sally,Lane,Oceanside,11572,739000,729000,Splanch,4,2.500,"Partial,Finished",2 Car Attached,11,16393.00,CL,8/20/2018,12/31/2018,10/02/2018,11/13/2018,43,Det,1,1,3059203
186,,Lindbergh,Avenue,Oceanside,11572,779999,750000,Split Level,5,3.000,Full,,11,18052.00,CL,2/15/2018,12/19/2018,10/03/2018,10/16/2018,229,Det,1,1,3004759
3626,,Lorrie,Drive,Oceanside,11572,739000,715000,Splanch,4,2.500,"Partial,Finished",,11,16852.65,CL,5/11/2017,10/30/2017,5/30/2017,8/28/2017,19,Det,1,1,2937296
85,,Elaine,Drive,Oceanside,11572,649000,630000,Hi Ranch,4,3.000,"Full,Finished",,11,13845.97,CL,5/01/2019,10/31/2019,6/24/2019,8/07/2019,54,Det,1,2,3124360
189,,Amos,Avenue,Oceanside,11572,725000,690000,Colonial,4,2.500,"Full,Unfinished",1 Car Attached,11,16660.71,CL,7/24/2017,2/28/2018,1/19/2018,4/11/2018,179,Det,1,1,2957677
2534,,Columbus,Avenue,Oceanside,11572,875000,875000,Colonial,4,3.000,"Full,Finished",1 Car Attached,11,16000.00,CL,1/17/2017,7/30/2017,7/17/2017,10/27/2017,180,Det,1,1,2907233
120,,Irma,Drive,Oceanside,11572,729000,717500,Split Level,4,2.500,"Crawl,Unfinished",1 Car Attached,11,13064.83,CL,9/05/2019,3/31/2020,10/24/2019,12/13/2019,49,Det,1,1,3161528
508,,Summit,Avenue,Baldwin,11510,775000,775000,Contemporary,6,5.000,"Full,Finished",1 Car Attached,11,13484.94,CL,7/10/2017,8/31/2018,1/15/2018,5/10/2018,189,Det,1,2,2953869
3787,,Mahlon Brower,Drive,Oceanside,11572,789000,750000,Splanch,4,2.500,"Full,Unfinished",2 Car Attached,11,18431.06,CL,10/18/2016,4/30/2017,4/10/2017,6/22/2017,174,Det,1,1,2891116
3224,,Benjamin,Road,Oceanside,11572,699000,710000,Split Level,4,3.000,"Full,Finished",1 Car Attached,11,9768.44,CL,10/12/2016,4/30/2017,11/22/2016,4/11/2017,41,Det,1,1,2889875
130,,George,Place,Oceanside,11572,649000,617000,Colonial,4,2.000,"Full,Partially Finished",2 Car Detached,11,14266.66,CL,3/02/2019,12/31/2019,7/25/2019,9/11/2019,144,Det,1,1,3105395
3914,,Jane,Lane,Oceanside,11572,750000,721000,Splanch,4,2.500,Partial,1 Car Attached,11,18498.22,CL,5/15/2017,12/31/2017,7/03/2017,10/06/2017,49,Det,1,1,2938281
435,,Golf,Drive,Oceanside,11572,670000,650000,Split Level,4,2.500,"Partial,Finished",2 Car Attached,11,11629.49,CL,6/12/2017,12/31/2017,10/25/2017,12/20/2017,135,Det,1,1,2946215
177,,Jeffery,Lane,Oceanside,11572,799000,800000,Splanch,4,2.500,"Crawl,Unfinished",2 Car Attached,11,21039.08,CL,1/03/2019,7/31/2019,1/28/2019,6/06/2019,25,Det,1,1,3090138
3530,,Knight,Street,Oceanside,11572,639000,660000,Hi Ranch,4,2.500,"None,Unfinished",2 Car Attached,11,13026.85,CL,4/16/2019,10/31/2019,5/13/2019,8/22/2019,27,Det,1,1,3119987
183,,Lindbergh,Avenue,Oceanside,11572,725000,712500,Split Level,4,3.000,"Partial,Finished",1 Car Attached,11,12753.06,CL,6/27/2019,12/31/2019,8/12/2019,10/01/2019,46,Det,1,1,3142707
2539,,Washington,Avenue,Oceanside,11572,699000,675000,Colonial,5,2.000,"Full,Partially Finished",1 Car Attached,11,12688.67,CL,6/26/2019,12/31/2019,8/16/2019,10/11/2019,51,Det,1,1,3142066
166,,Murray,Drive,Oceanside,11572,739000,739000,Split Level,4,2.500,"Crawl,Unfinished",,11,16633.71,CL,4/15/2019,10/15/2019,5/13/2019,8/12/2019,28,Det,1,1,3119633
311,W,Links,Drive,Oceanside,11572,675000,655000,Hi Ranch,4,3.000,"None,Unfinished",2 Car Attached,11,19281.24,CL,6/07/2019,6/30/2020,12/17/2019,3/16/2020,193,Det,1,1,3136136
2912,,Evergreen,Avenue,Oceanside,11572,799000,780000,Colonial,4,3.500,"Full,Finished",1 Car Detached,11,23976.00,CL,4/16/2017,10/31/2017,7/05/2017,10/06/2017,80,Det,1,1,2929779
3841,E,Oceanside,Road,Oceanside,11572,1100000,1050000,Hi Ranch,5,3.500,"None,Unfinished",,11,16031.79,CL,5/08/2017,4/29/2018,6/28/2017,9/18/2017,51,Det,1,1,2936348
3429,,Poplar,Street,Oceanside,11572,1100000,995000,Contemporary,4,3.500,"None,Unfinished",2 Car Attached,11,27374.49,CL,6/28/2017,12/31/2017,8/26/2017,11/03/2017,59,Det,1,1,2950999
222,,Skillman,Avenue,Oceanside,11572,639000,630000,Exp Ranch,3,2.000,"Crawl,Unfinished",1 Car Attached,11,10877.78,CL,3/05/2018,9/05/2018,3/30/2018,7/30/2018,24,Det,1,1,3009345
4030,,Greentree,Drive,Oceanside,11572,749000,715000,Splanch,4,3.000,"Partial,Finished",2 Car Attached,11,16948.21,CL,3/17/2018,9/30/2018,7/02/2018,8/30/2018,107,Det,1,1,3012922
425,,Freeman,Avenue,Oceanside,11572,675000,650000,Split Level,5,3.500,"Crawl,Unfinished",2 Car Attached,11,14313.07,CL,5/29/2018,5/31/2019,1/11/2019,4/10/2019,227,Det,1,1,3034271
3505,,Frederick,Street,Oceanside,11572,785000,760000,Splanch,4,3.500,"Full,Unfinished",2 Car Attached,11,13040.82,CL,7/05/2018,1/05/2019,8/16/2018,10/19/2018,42,Det,1,1,3045937
2916,,Evergreen,Avenue,Oceanside,11572,799000,799000,Colonial,4,2.500,"Full,Finished",2 Car Detached,11,16615.28,CL,7/09/2018,12/31/2018,7/27/2018,9/13/2018,18,Det,1,1,3046685
2826,,River,Avenue,Oceanside,11572,899000,875000,Colonial,4,2.500,"Crawl,Unfinished",1 Car Attached,11,24153.54,CL,3/05/2019,9/30/2019,8/26/2019,11/25/2019,173,Det,1,1,3106461
163,,Philips,Place,Oceanside,11572,959000,940000,Colonial,4,2.500,"Crawl,Unfinished",2 Car Attached,11,17084.59,CL,4/25/2019,2/29/2020,8/29/2019,3/09/2020,126,Det,1,1,3122310
109,,Weidner,Avenue,Oceanside,11572,749000,725000,Colonial,4,2.500,"Crawl,Unfinished",1 Car Attached,11,9822.42,CL,5/03/2019,10/31/2019,10/04/2019,2/07/2020,154,Det,1,1,3125060
3520,,Anchor,Place,Oceanside,11572,675000,646600,Hi Ranch,5,2.500,"None,Unfinished",2 Car Attached,11,19848.85,CL,5/31/2019,12/31/2019,12/05/2019,3/04/2020,188,Det,1,1,3133688
2641,,Southard,Avenue,Oceanside,11572,649000,630000,Split Level,3,2.500,Partial,2 Car Attached,11,13144.68,CL,6/05/2019,12/31/2019,9/10/2019,11/26/2019,97,Det,1,1,3135695
3851,,Sally,Lane,Oceanside,11572,675000,647500,Colonial,4,2.500,"None,Unfinished",2 Car Attached,11,19145.66,CL,7/11/2019,12/31/2019,10/16/2019,1/02/2020,97,Det,1,1,3146824
3375,,Turf,Road,Oceanside,11572,649000,625000,Hi Ranch,4,2.500,"None,Unfinished",2 Car Attached,11,12059.55,CL,6/25/2018,12/25/2018,9/05/2018,12/04/2018,72,Det,1,1,3042942
3930,,Jane,Lane,Oceanside,11572,659000,645000,Splanch,4,2.500,"Partial,Finished",2 Car Attached,11,12557.45,CL,7/24/2018,1/25/2019,11/30/2018,2/14/2019,129,Det,1,1,3051373
2793,,River,Avenue,Oceanside,11572,634000,617000,Cape,4,3.000,"Full,Unfinished",1 Car Attached,11,15843.48,CL,4/15/2019,10/31/2019,8/02/2019,11/06/2019,109,Att,1,1,3119630
3994,,Carrel,Boulevard,Oceanside,11572,685000,658000,Splanch,5,3.500,"Partial,Finished",1 Car Attached,11,13715.34,CL,6/07/2016,6/06/2017,4/11/2017,6/14/2017,308,Det,1,1,2901005
176,,Whitney,Street,Westbury,11590,849000,806000,Colonial,4,2.500,Full,2 Car Attached,11,9965.28,CL,6/06/2018,12/31/2018,7/23/2018,10/16/2018,47,Det,1,1,*1329244
22,,Midtown,Road,Carle Place,11514,919000,850000,Colonial,4,2.500,Full,,11,16309.23,CL,8/01/2018,12/31/2018,8/31/2018,12/05/2018,30,Det,1,1,3053364
47,,Magnolia,Street,Westbury,11590,699000,675000,Colonial,3,1.500,"Full,Partially Finished",1 Car Attached,11,9178.64,CL,1/15/2017,7/30/2017,2/10/2017,3/29/2017,26,Det,1,1,2906876
3472,,Knight,Street,Oceanside,11572,659000,620000,Splanch,3,2.000,"Crawl,Unfinished",,11,10267.22,CL,2/20/2017,2/19/2018,6/05/2017,7/26/2017,104,Det,1,1,2914992
3512,,Knight,Street,Oceanside,11572,635000,630000,Hi Ranch,4,2.500,"None,Unfinished",,11,0.00,CL,5/09/2018,1/15/2019,10/30/2018,11/30/2018,174,Det,1,1,3028785
3143,,Benjamin,Road,Oceanside,11572,599000,618190,Cape,4,2.000,"Full,Partially Finished",2 Car Attached,11,12900.00,CL,5/22/2018,11/30/2018,6/28/2018,8/28/2018,37,Det,1,1,3032658
36,,Gordon,Avenue,Westbury,11590,749000,735000,Colonial,4,2.500,"Full,Finished",,11,0.00,CL,7/29/2019,1/29/2020,9/13/2019,11/27/2019,46,Det,1,1,3151278
15,,Gateway,,Rockville Centre,11570,659000,638000,Cape,4,2.500,"Full,Partially Finished",1 Car Attached,11,15426.95,CL,7/20/2018,1/14/2019,9/05/2018,11/14/2018,47,Det,1,1,3050151
2638,,Locust,Avenue,Oceanside,11572,675000,685000,Colonial,3,1.500,Full,2 Car Detached,11,11329.30,CL,6/05/2018,11/30/2018,7/12/2018,9/14/2018,37,Det,1,1,3036699
185,,Rockaway,Avenue,Rockville Centre,11570,638000,640000,Colonial,3,2.000,"Full,Finished",1 Car Detached,11,13142.25,CL,5/06/2017,10/31/2017,6/02/2017,8/28/2017,27,Det,1,1,2935804
321,,Parkway,Drive,Westbury,11590,799000,775000,Split Level,3,2.500,"Full,Unfinished",2 Car Attached,11,10948.65,CL,4/18/2018,10/18/2018,5/22/2018,8/14/2018,34,Det,1,1,3022021
3880,,Sally,Lane,Oceanside,11572,659000,630000,Splanch,4,2.500,"Partial,Unfinished",2 Car Attached,11,13350.27,CL,5/12/2017,11/12/2017,7/20/2017,9/29/2017,69,Det,1,1,2937636
30,,Ormond,Street,Rockville Centre,11570,769000,760000,Colonial,4,3.000,"Full,Finished",1 Car Detached,11,16173.27,CL,4/11/2017,8/11/2017,6/14/2017,7/31/2017,64,Det,1,1,2928422
76,,Vernon,Avenue,Rockville Centre,11570,649888,620000,Colonial,4,2.000,"Full,Finished",1 Car Detached,11,15798.82,CL,5/13/2019,9/16/2019,6/24/2019,8/08/2019,42,Det,1,1,3128270
3477,,Knight,Street,Oceanside,11572,659000,631000,Colonial,4,2.500,"Crawl,Unfinished",2 Car Attached,11,12127.28,CL,5/04/2019,11/03/2019,8/06/2019,10/04/2019,94,Det,1,1,3125496
473,,Bunker,Drive,Oceanside,11572,699000,690000,Split Level,5,3.500,"Full,Finished",2 Car Attached,11,14683.87,CL,4/02/2017,9/01/2017,4/29/2017,8/15/2017,27,Det,1,1,2926045
3525,,Oceanside,Road,Oceanside,11572,749000,773500,Colonial,4,2.500,"Crawl,Unfinished",1 Car Attached,11,15000.00,CL,5/28/2019,11/28/2019,7/29/2019,10/10/2019,62,Det,1,1,3132739
2939,,Oceanside,Road,Oceanside,11572,765000,740000,Colonial,4,2.500,"Full,Partially Finished",1 Car Attached,11,16276.59,CL,1/03/2019,7/03/2019,1/23/2019,4/18/2019,20,Det,1,1,3089971
138,,Vernon,Avenue,Rockville Centre,11570,698000,685000,Colonial,4,2.000,"Full,Partially Finished",2 Car Detached,11,16540.00,CL,2/11/2019,2/11/2020,4/09/2019,6/27/2019,56,Det,1,1,3100471
403,,Golf,Drive,Oceanside,11572,649000,679000,Exp Ranch,4,4.000,"Full,Finished",1 Car Attached,11,10530.93,CL,3/06/2019,9/06/2019,7/23/2019,10/08/2019,138,Det,1,1,3106531
348,,Divot,Road,Oceanside,11572,659000,625000,Split Level,5,3.500,"Partial,Finished",1 Car Attached,11,14105.66,CL,2/22/2019,8/22/2019,3/14/2019,5/02/2019,19,Det,1,1,3103402
332,,Niles,Street,Oceanside,11572,649000,628000,Hi Ranch,5,2.550,"Partial,Finished",1 Car Attached,11,12000.00,CL,6/10/2019,11/10/2019,6/19/2019,8/15/2019,9,Det,1,1,*1349974
276,,Evelyn,Road,Mineola,11501,629000,625000,Exp Cape,4,2.000,"Full,Finished",1 Car Attached,11,11595.78,CL,4/29/2017,7/30/2017,5/22/2017,10/16/2017,23,Det,1,1,2933615
584,,Patten,Avenue,Oceanside,11572,639000,615000,Hi Ranch,4,2.000,"None,Unfinished",,11,11000.00,CL,7/18/2018,7/18/2019,9/05/2018,9/25/2018,49,Det,1,1,3049654
430,,Kinsley,Court,Oceanside,11572,629000,610000,Split Level,3,2.550,"Full,Unfinished",1 Car Attached,11,11405.00,CL,10/11/2018,2/23/2019,2/04/2019,6/10/2019,116,Det,1,1,3072505
2809,,Weeks,Avenue,Oceanside,11572,639000,635000,Colonial,5,3.000,"Full,Unfinished",,11,9605.00,CL,1/23/2018,6/23/2018,2/14/2018,4/10/2018,22,Det,1,1,2998782
7,,Cromwell,Road,Carle Place,11514,825000,815000,Colonial,4,3.000,"Full,Finished",1 Car Detached,11,7791.27,CL,10/17/2018,4/17/2019,11/30/2018,2/27/2019,44,Det,1,1,3074346
520,,Starks,Place,Baldwin,11510,945000,945000,Colonial,4,3.000,"None,Unfinished",,11,17856.00,CL,7/26/2018,7/26/2019,8/21/2018,11/12/2018,26,Det,1,1,3051789
43,,Greystone,Road,Rockville Centre,11570,665000,670000,Colonial,4,2.500,"Full,Partially Finished",1 Car Attached,11,18532.25,CL,1/29/2018,7/27/2018,2/06/2018,7/18/2018,8,Det,1,1,3000243
359,E,Links,Drive,Oceanside,11572,619000,602500,Split Level,5,3.000,"None,Unfinished",2 Car Attached,11,19831.00,CL,7/10/2017,12/31/2017,8/10/2017,10/13/2017,31,Det,1,1,2953649
3983,,Greentree,Drive,Oceanside,11572,989000,880000,Splanch,4,2.500,"Partial,Finished",2 Car Attached,11,19404.00,CL,1/22/2019,6/30/2019,6/21/2019,8/16/2019,149,Det,1,1,3095055
2563,,Eileen,Road,Oceanside,11572,649000,635000,Exp Ranch,3,2.500,"Full,Partially Finished",,11,10962.31,CL,9/20/2018,3/20/2019,11/09/2018,1/25/2019,50,Det,1,1,3066981
55,,Franklin,Place,Oceanside,11572,649000,655000,Split Level,4,3.500,"Partial,Finished",2 Car Attached,11,11432.23,CL,4/12/2019,10/12/2019,5/03/2019,7/23/2019,21,Det,1,1,3118797
3506,,Knight,Street,Oceanside,11572,639000,622500,Hi Ranch,4,2.500,"None,Unfinished",2 Car Attached,11,15720.00,CL,9/21/2018,12/31/2018,12/04/2018,1/25/2019,74,Det,1,1,3067015
3,,Woodoak,Drive,Westbury,11590,945000,875000,Colonial,4,3.500,"Full,Finished",2 Car Attached,11,19013.00,CL,6/18/2018,12/31/2018,8/02/2018,9/26/2018,45,Det,1,1,3040332
4024,,Greentree,Drive,Oceanside,11572,669000,635000,Splanch,4,2.500,"Partial,Finished",,11,14612.00,CL,6/14/2017,12/31/2017,8/29/2017,11/21/2017,76,Det,1,1,2946890
168,W,Henrietta,Avenue,Oceanside,11572,699000,695000,Split Level,3,2.500,"Crawl,Unfinished",1 Car Attached,11,10299.00,CL,3/10/2017,8/01/2017,5/15/2017,7/17/2017,65,Det,1,1,2920343
3385,,Fairway,Road,Oceanside,11572,739000,723000,Split Level,4,3.500,"Full,Finished",2 Car Attached,11,15680.00,CL,1/12/2019,6/30/2019,3/08/2019,7/01/2019,55,Det,1,1,3092570
417,,Kenilworth,Street,Oceanside,11572,649999,639000,Split Level,4,2.500,"Partial,Finished",1 Car Attached,11,13389.00,CL,1/09/2019,6/30/2019,4/24/2019,6/17/2019,104,Det,1,1,3092009
400,,Club,Court,Oceanside,11572,799000,665000,Colonial,4,2.500,Full,2 Car Attached,11,19588.00,CL,3/01/2019,12/31/2019,12/04/2019,2/11/2020,278,Det,1,1,3105006
178,,Murray,Drive,Oceanside,11572,639000,620000,Split Level,4,2.500,"Crawl,Unfinished",1 Car Attached,11,18147.00,CL,2/02/2019,8/01/2019,4/20/2019,6/28/2019,76,Det,1,1,3098048
2558,,Oceanside,Road,Oceanside,11572,719000,710000,Colonial,5,2.500,"Partial,Finished",2 Car Attached,11,0.00,CL,10/11/2016,10/11/2017,3/31/2017,3/30/2018,171,Det,1,1,2889425
138,,Cleveland,Avenue,Rockville Centre,11570,699000,677500,Tudor,5,2.000,"Full,Finished",2 Car Detached,11,11274.06,CL,5/31/2018,10/25/2018,10/19/2018,2/15/2019,141,Det,1,1,3034853
2437,,Rockville Centre,Parkway,Oceanside,11572,615000,610000,Split Level,4,3.000,"Full,Finished",1 Car Detached,11,12544.89,CL,10/31/2018,4/18/2019,1/22/2019,5/31/2019,83,Det,1,2,3077447
105,,Woods,Avenue,Rockville Centre,11570,725000,705000,Colonial,4,2.500,"Full,Finished",2 Car Attached,11,14712.07,CL,12/04/2017,7/27/2018,7/16/2018,9/25/2018,223,Det,1,1,2989241
246,,Dwight,Street,Oceanside,11572,659999,627000,Other,6,4.000,"None,Unfinished",1 Car Attached,11,14000.00,CL,4/25/2017,7/07/2017,5/26/2017,6/01/2017,31,Det,1,1,2932483
85,S,Forest,Avenue,Rockville Centre,11570,649000,630000,Colonial,4,1.500,"Full,Finished",2 Car Detached,11,12551.03,CL,11/18/2016,5/31/2017,1/24/2017,4/24/2017,67,Det,1,1,2897458
3810,,Carrel,Boulevard,Oceanside,11572,739000,705000,Hi Ranch,5,3.000,"None,Unfinished",1 Car Attached,11,17021.12,CL,6/15/2017,12/01/2017,7/24/2017,10/03/2017,39,Det,1,1,2947215
3810,,Greentree,Drive,Oceanside,11572,699000,667000,Splanch,4,2.500,"Partial,Finished",2 Car Attached,11,13049.14,CL,8/22/2017,2/07/2018,12/08/2017,3/29/2018,108,Det,1,1,2965194
227,,Arrow,Street,Oceanside,11572,679000,630000,Split Level,4,2.000,"Full,Finished",1 Car Attached,11,13229.19,CL,12/26/2017,12/26/2018,3/27/2018,6/27/2018,90,Det,1,1,2992885
3260,,Judith,Lane,Oceanside,11572,674999,670000,Split Level,4,3.000,"Full,Finished",2 Car Attached,11,19301.23,CL,5/19/2017,4/03/2018,10/26/2017,1/25/2018,160,Det,1,1,2939990
62,,Greystone,Road,Rockville Centre,11570,649000,625000,Colonial,3,3.500,"Full,Finished",1 Car Detached,11,13395.15,CL,6/13/2018,12/13/2018,7/20/2018,9/19/2018,37,Det,1,1,*1318550
2650,,Cornwell,Place,Oceanside,11572,679000,685000,Split Level,4,3.000,"Full,Finished",1 Car Attached,11,15191.56,CL,9/25/2018,3/22/2019,10/11/2018,1/10/2019,16,Det,1,1,3068132
2542,,Southard,Avenue,Oceanside,11572,749999,772500,Colonial,3,2.000,"Full,Finished",2 Car Detached,11,11826.25,CL,6/12/2018,12/31/2018,7/11/2018,11/05/2018,29,Det,1,1,3038620
3941,,Sally,Lane,Oceanside,11572,699000,696000,Splanch,4,2.500,"Partial,Finished",2 Car Attached,11,14635.00,CL,7/24/2017,7/23/2018,10/27/2017,1/12/2018,95,Det,1,1,2957619
3639,,Lorrie Dr,,Oceanside,11572,845000,792500,Splanch,5,3.000,"Partial,Finished",1 Car Attached,11,14746.29,CL,1/24/2018,5/31/2018,3/23/2018,5/30/2018,57,Det,1,1,2999112
117,,Rutland,Avenue,Rockville Centre,11570,609000,630000,Ranch,3,2.000,"Full,Finished",1 Car Attached,11,12148.96,CL,11/27/2017,4/25/2018,11/27/2017,12/28/2017,0,Det,1,1,2987987
584,,Patten,Avenue,Oceanside,11572,629000,615000,Hi Ranch,4,2.000,"None,Unfinished",1 Car Attached,11,10047.85,CL,6/07/2019,12/07/2019,8/12/2019,10/17/2019,66,Det,0,1,3136497
34,S,Kensington,Avenue,Rockville Centre,11570,699999,680000,Colonial,3,2.000,"Full,Finished",,11,14517.09,CL,8/22/2017,2/22/2018,9/15/2017,11/22/2017,24,Det,1,1,2965343
195,,Cleveland,Avenue,Rockville Centre,11570,639000,610000,Colonial,4,2.500,"Full,Finished",2 Car Detached,11,15908.42,CL,5/09/2019,11/25/2019,6/27/2019,8/05/2019,49,Det,1,1,3126995
79,,Gateway,Street,Rockville Centre,11570,674000,645000,Cape,4,2.500,"Full,Finished",1 Car Attached,11,14492.00,CL,1/22/2019,6/22/2019,3/02/2019,6/03/2019,39,Det,1,1,3095289
3426,,Riverside,Drive,Oceanside,11572,879000,850000,Contemporary,5,3.000,"None,Unfinished",1 Car Attached,11,16519.34,CL,8/01/2017,2/28/2018,8/22/2017,10/10/2017,21,Det,1,2,*1292065
3480,,Riverside,Drive,Oceanside,11572,709000,675000,Contemporary,4,3.000,"None,Unfinished",1 Car Attached,11,16777.47,CL,8/02/2017,1/31/2018,10/05/2017,1/09/2018,64,Det,1,1,2960238
3500,,Riverside,Drive,Oceanside,11572,749000,730000,Contemporary,4,2.000,"None,Unfinished",1 Car Attached,11,11577.80,CL,6/28/2017,1/01/2018,8/15/2017,10/27/2017,48,Det,1,1,2951019
349,,Clive,Avenue,Oceanside,11572,699000,670000,Colonial,5,3.000,"Full,Unfinished",1 Car Attached,11,10899.18,CL,1/03/2018,6/03/2018,3/13/2018,6/01/2018,68,Det,1,1,2994387
3500,,Frederick,Street,Oceanside,11572,795000,760000,Colonial,4,2.500,"Crawl,Unfinished",,11,16000.00,CL,8/02/2017,2/02/2018,10/20/2017,1/18/2018,79,Det,1,1,2960312
3524,,Woodward,Street,Oceanside,11572,1275000,1250000,Contemporary,6,4.500,"None,Unfinished",2 Car Attached,11,19055.30,CL,10/11/2018,8/31/2019,5/03/2019,10/22/2019,204,Det,1,1,3072469
3512,,Woodward,Street,Oceanside,11572,1299999,1270000,Contemporary,5,4.500,"Crawl,Unfinished",4+ Car Attached,11,31870.00,CL,2/15/2019,10/31/2019,8/19/2019,10/23/2019,184,Det,1,1,3101720
412,,Silver,Lane,Oceanside,11572,699000,675000,Hi Ranch,4,3.000,"Full,Finished",1 Car Attached,11,12147.19,CL,8/23/2018,2/23/2019,10/25/2018,12/18/2018,63,Det,1,2,3059883
152,,Vernon,Avenue,Rockville Centre,11570,639000,650000,Colonial,3,1.500,"Full,Finished",1 Car Detached,11,13524.05,CL,2/02/2017,8/26/2017,3/09/2017,4/21/2017,35,Det,1,1,2910907
6,,Olive,Court,Rockville Centre,11570,799000,785000,Split Level,4,3.000,"Full,Finished",2 Car Attached,11,17451.99,CL,11/12/2018,11/30/2019,4/15/2019,7/02/2019,153,Det,1,1,3080532
3201,,Brower,Avenue,Oceanside,11572,669000,640000,Colonial,4,3.000,"Full,Finished",1 Car Attached,11,17776.00,CL,5/13/2019,11/06/2019,7/09/2019,9/27/2019,57,Det,1,1,3128024
59,,Boyd,Drive,Westbury,11590,795000,780000,Cape,3,2.000,"Full,Finished",,11,9363.00,CL,12/11/2018,12/10/2019,4/23/2019,6/27/2019,132,Det,1,1,3086441
259,,Hill,Street,Mineola,11501,649000,630000,Cape,4,2.000,"Full,Finished",1 Car Attached,11,10649.00,CL,10/31/2017,2/28/2018,2/16/2018,2/16/2018,108,Det,1,1,2982139
8,,Gateway,,Rockville Centre,11570,629000,615000,Cape,4,2.000,"Full,Finished",1 Car Attached,11,15069.00,CL,7/05/2017,12/31/2017,7/19/2017,10/11/2017,14,Det,1,1,2952127
230,,Raff,Avenue,Carle Place,11514,599888,640000,Exp Cape,4,2.000,"None,Unfinished",1 Car Attached,11,10380.00,CL,6/07/2018,9/07/2018,6/15/2018,7/12/2018,8,Det,1,1,3037335
117,,Lexington,Street,Westbury,11590,749999,715000,Colonial,4,1.500,"Full,Partially Finished",1 Car Detached,11,11260.00,CL,8/01/2018,2/28/2019,10/03/2018,11/13/2018,63,Det,1,1,3053365
17,,Garson,Road,Carle Place,11514,695000,642500,Cape,5,2.500,"Full,Finished",1 Car Attached,11,9439.71,CL,11/11/2019,5/06/2020,1/17/2020,3/12/2020,67,Det,1,1,3179696
30,,Peachtree,Lane,Carle Place,11514,729000,695000,Colonial,4,3.000,"None,Unfinished",1 Car Attached,11,16203.50,CL,7/20/2018,1/20/2019,10/04/2018,1/11/2019,76,Det,1,1,3050142
2477,,Parkview,Place,Baldwin,11510,659000,659000,Colonial,4,3.000,"Full,Finished",2 Car Detached,11,18390.83,CL,12/15/2018,6/15/2019,1/21/2019,3/21/2019,37,Det,1,1,3087388
3817,,Illona,Lane,Oceanside,11572,639000,625000,Hi Ranch,4,2.500,"None,Unfinished",1 Car Attached,11,13107.31,CL,6/01/2019,12/01/2019,6/08/2019,9/09/2019,7,Det,1,1,3134055
354,,Parkway,Drive,Westbury,11590,879000,865000,Splanch,4,2.500,"Partial,Partially Finished",,11,13478.00,CL,6/19/2019,12/30/2019,9/03/2019,12/17/2019,76,Det,1,1,3140025
159,,Hendrickson,Avenue,Rockville Centre,11570,899000,870000,Split Level,5,3.000,"Full,Finished",2 Car Attached,11,25531.59,CL,7/21/2018,3/30/2019,1/16/2019,3/06/2019,179,Det,1,1,3050428
3433,,Harold,Street,Oceanside,11572,639900,630000,Split Level,3,2.500,"None,Unfinished",2 Car Attached,11,11480.00,CL,11/28/2018,6/30/2019,3/05/2019,5/24/2019,97,Det,1,1,3083676
356,,Mildred,Street,Oceanside,11572,669000,635000,Colonial,3,2.500,"Full,Finished",1 Car Detached,11,19172.18,CL,1/16/2017,5/16/2017,2/15/2017,5/05/2017,30,Det,1,1,2907015
219,,Fairfield,Avenue,Carle Place,11514,1098000,995000,Contemporary,4,3.500,"Full,Finished",1 Car Attached,11,9740.00,CL,10/24/2018,4/24/2019,1/16/2019,3/06/2019,84,Det,1,1,3075832
3457,,Park,Avenue,Oceanside,11572,699000,676000,Hi Ranch,4,3.000,"None,Unfinished",,11,14974.66,CL,8/09/2019,3/31/2020,11/01/2019,11/20/2019,84,Det,1,1,3154652
120,,Bruce,Terrace,Mineola,11501,599000,615000,Colonial,5,2.500,"Full,Finished",,11,14827.78,CL,11/10/2018,5/30/2019,11/28/2018,4/30/2019,18,Det,1,1,3080249
40,,Concord,Street,Westbury,11590,799000,790000,Exp Cape,4,3.000,"Full,Partially Finished",,11,13240.35,CL,12/15/2016,7/01/2017,3/06/2017,6/05/2017,81,Att,1,1,2901926
170,,Aspinwall,Street,Westbury,11590,729000,732500,Colonial,3,1.500,"Full,Finished",,11,15208.50,CL,3/04/2019,9/30/2019,3/25/2019,5/15/2019,20,Det,1,1,3106144
419,,Freeman,Avenue,Oceanside,11572,739000,715000,Split Level,5,4.000,"Crawl,Unfinished",2 Car Attached,11,16332.90,CL,8/31/2017,8/01/2018,6/01/2018,7/13/2018,274,Det,1,1,2967439
1,,Karen,Court,Westbury,11590,695000,690000,Hi Ranch,5,3.000,,2 Car Attached,11,12688.00,CL,4/08/2019,7/31/2019,7/12/2019,9/03/2019,95,Det,1,1,3117285
167,,Manchester,Street,Westbury,11590,689990,670000,Colonial,3,2.500,"Full,Partially Finished",,11,11816.00,CL,1/31/2019,6/30/2019,2/28/2019,4/10/2019,28,Det,1,1,3097459
19,,Titus,Avenue,Carle Place,11514,749000,755000,Colonial,3,1.500,Full,1 Car Attached,11,10834.99,CL,9/14/2019,2/10/2020,10/24/2019,12/12/2019,40,Det,1,1,3164527
86,,Knollwood,Drive,Carle Place,11514,719990,697500,Colonial,3,3.000,"Full,Finished",,11,9516.00,CL,4/16/2018,9/30/2018,6/22/2018,8/28/2018,67,Det,1,1,3021035
3959,,Greentree,Drive,Oceanside,11572,849000,800000,Splanch,4,2.500,"Partial,Finished",2 Car Attached,11,27263.00,CL,7/12/2019,12/31/2019,8/19/2019,10/23/2019,38,Det,1,1,3145325
12,,Duncan,Place,Oceanside,11572,729000,695000,Colonial,4,2.500,Full,1 Car Attached,11,10500.00,CL,5/22/2017,5/22/2018,7/08/2017,8/31/2017,47,Det,1,1,2940741
45,,Winding Road,,Rockville Centre,11570,789000,755000,Exp Ranch,5,4.000,"Full,Partially Finished",1 Car Attached,11,12828.93,CL,11/27/2017,11/13/2018,1/26/2018,2/28/2018,60,Det,1,1,2987784
71,,Greystone,Road,Rockville Centre,11570,789000,752000,Colonial,4,2.500,"Full,Finished",2 Car Attached,11,12435.91,CL,5/04/2017,10/09/2017,6/28/2017,8/15/2017,55,Det,1,1,2935079
140,,Seaman,Avenue,Rockville Centre,11570,689000,689000,Colonial,3,3.000,"Full,Finished",1 Car Attached,11,13075.66,CL,6/15/2017,12/08/2017,7/06/2017,8/28/2017,21,Det,1,1,2947183
4,,The Loch,,Rockville Centre,11570,699000,685000,Exp Cape,4,2.000,"Full,Finished",1 Car Attached,11,13574.17,CL,5/07/2018,5/02/2019,8/10/2018,10/15/2018,95,Det,1,1,3027608
11,,Kent Court,,Rockville Centre,11570,668000,690000,Cape,3,2.000,"Full,Partially Finished",1 Car Attached,11,10478.48,CL,5/05/2017,10/05/2017,5/06/2017,7/27/2017,1,Det,1,1,*1283718
3231,,Fulton,Avenue,Oceanside,11572,719000,705000,Colonial,4,2.500,"Crawl,Unfinished",1 Car Attached,11,9500.84,CL,12/07/2018,5/01/2019,4/15/2019,5/22/2019,128,Det,1,1,3085926
214,,Lindbergh,Avenue,Oceanside,11572,799000,770000,Split Level,4,2.500,"Full,Finished",,11,16358.63,CL,12/20/2018,3/20/2019,2/05/2019,4/09/2019,47,Det,1,1,3088253
4041,,Greentree,Drive,Oceanside,11572,899000,855000,Colonial,4,2.500,"None,Unfinished",2 Car Attached,11,13995.53,CL,1/31/2017,12/31/2017,12/11/2017,2/08/2018,314,Det,1,1,2910404
3536,,Woodward,Street,Oceanside,11572,725000,690000,Split Level,6,3.000,"Crawl,Unfinished",2 Car Attached,11,16289.89,CL,9/15/2017,4/01/2018,11/20/2017,1/17/2018,66,Det,1,1,2971385
115,,Webster,Street,Westbury,11590,750000,750000,Colonial,3,2.500,"Full,Partially Finished",1 Car Attached,11,10754.23,CL,10/25/2017,3/23/2018,11/06/2017,1/09/2018,12,Det,1,1,2981048
126,,Fairview,Avenue,Oceanside,11572,679000,670000,Colonial,4,3.000,"Partial,Finished",,11,7471.50,CL,7/24/2018,7/24/2019,4/04/2019,7/12/2019,254,Det,1,1,3051336
14,,Chelsea,Lane,Rockville Centre,11570,649999,640000,Cape,3,2.000,"Full,Finished",1 Car Attached,11,12860.72,CL,11/28/2018,5/28/2019,12/28/2018,4/30/2019,30,Det,1,1,3083586
186,,Waukena,Avenue,Oceanside,11572,724800,690000,Hi Ranch,5,3.500,"None,Unfinished",,11,14127.33,CL,4/08/2018,10/08/2019,9/17/2018,9/17/2018,162,Det,1,1,3018510
430,,Roslyn,Avenue,Carle Place,11514,649000,635000,Colonial,4,2.500,"Full,Partially Finished",1 Car Detached,11,7927.45,CL,7/15/2016,4/30/2017,1/19/2017,4/14/2017,188,Det,1,1,2869092
130,,Vernon,Avenue,Rockville Centre,11570,639000,642000,Colonial,3,1.500,"Full,Unfinished",1 Car Detached,11,12803.83,CL,9/02/2017,2/28/2018,9/26/2017,11/17/2017,24,Det,1,1,2967832
2847,,Stevens St,,Oceanside,11572,639999,615000,Splanch,4,2.500,"Partial,Finished",1 Car Attached,11,10654.00,CL,9/06/2017,12/06/2017,10/03/2017,12/15/2017,27,Det,1,1,2968512
2904,,Harvey,Avenue,Oceanside,11572,609000,606000,Colonial,4,2.000,"Full,Finished",2 Car Attached,11,11616.70,CL,8/30/2018,8/24/2019,4/02/2019,6/14/2019,215,Det,1,1,3061357
11,,Vernon,Avenue,Rockville Centre,11570,639000,625000,Colonial,3,1.500,"Full,Partially Finished",1 Car Detached,11,9714.00,CL,7/11/2018,1/11/2019,8/30/2018,11/15/2018,50,Det,1,1,3047367
2911,,Charles,Street,Oceanside,11572,629000,615000,Split Level,4,3.000,"None,Unfinished",,11,9345.16,CL,6/07/2018,12/07/2018,10/10/2018,12/14/2018,125,Det,1,1,3037566
47,,Terrell,Avenue,Oceanside,11572,989000,860000,Duplex,6,3.500,Full,2 Car Detached,11,16310.00,CL,3/31/2017,2/22/2018,9/16/2017,12/19/2017,169,Det,2,2,2925675
3597,,Lorrie,Drive,Oceanside,11572,849000,805000,Splanch,5,3.000,"Partial,Finished",1 Car Attached,11,24460.97,CL,3/29/2018,9/29/2018,7/31/2018,10/02/2018,124,Det,1,1,3015971
3992,,Greentree,Drive,Oceanside,11572,775000,765000,Splanch,4,3.500,"Partial,Finished",,11,15555.00,CL,6/27/2017,7/16/2018,7/16/2018,12/17/2018,384,Det,1,1,2950438
172,,Soper,Street,Oceanside,11572,829000,835000,Colonial,4,2.500,"Full,Unfinished",1 Car Attached,11,12000.00,CL,5/22/2018,11/08/2018,6/05/2018,12/27/2018,14,Det,1,1,3032603
3458,,Fairway,Road,Oceanside,11572,719000,680000,Split Level,5,3.500,"Full,Finished",2 Car Attached,11,12490.89,CL,10/24/2018,4/30/2019,1/05/2019,4/10/2019,73,Det,1,1,3076160
196,,Arrow,Street,Oceanside,11572,625000,615000,Split Level,4,3.500,"None,Unfinished",1 Car Attached,11,10273.29,CL,3/26/2019,9/26/2019,4/26/2019,9/12/2019,31,Det,1,2,*1341385
3336,,Knight,Street,Oceanside,11572,675000,650000,Splanch,4,2.500,"Full,Finished",1 Car Attached,11,14009.88,CL,12/22/2017,5/31/2018,2/09/2018,4/04/2018,49,Det,1,1,2992728
539,E,Links,Drive,Oceanside,11572,675000,661000,Hi Ranch,4,3.000,"None,Unfinished",2 Car Attached,11,12431.00,CL,9/05/2019,1/20/2020,11/25/2019,2/14/2020,81,Det,1,1,3161926
551,S,Links,Drive,Oceanside,11572,679000,636500,Hi Ranch,4,3.000,"None,Unfinished",2 Car Attached,11,12688.38,CL,8/08/2019,12/06/2019,9/06/2019,11/06/2019,29,Det,1,1,3154454
75,,Westlake,Court,Oceanside,11572,649000,647000,Colonial,4,2.500,"Full,Finished",1 Car Detached,11,12862.00,CL,11/29/2017,4/30/2018,12/18/2017,1/05/2018,19,Det,1,1,2988231
569,E,Derby,Drive,Oceanside,11572,689000,668000,Contemporary,5,3.000,"None,Unfinished",1 Car Attached,11,14282.32,CL,5/11/2017,10/31/2017,6/19/2017,9/06/2017,39,Det,1,1,2937451
9,,Midtown,Road,Carle Place,11514,699000,667000,Cape,4,2.000,"Full,Finished",1 Car Detached,11,13417.37,CL,6/08/2018,6/08/2019,8/13/2018,11/13/2018,66,Det,1,1,3037860
152,,Jeffery,Lane,Oceanside,11572,699900,699900,Splanch,5,2.500,"Full,Finished",2 Car Attached,11,12260.00,CL,3/30/2017,10/03/2017,4/14/2017,6/22/2017,15,Det,1,1,2925211
418,,Adeline,Street,Oceanside,11572,649000,649000,Hi Ranch,4,2.000,,1 Car Attached,11,14105.66,CL,8/21/2019,1/21/2020,9/10/2019,11/26/2019,20,Det,1,1,3158082
10,,Mc Gann,Drive,Rockville Centre,11570,1199000,1160000,Contemporary,5,3.000,"Full,Finished",2 Car Attached,11,28000.53,CL,3/16/2016,9/16/2016,6/09/2016,4/20/2017,85,Det,1,1,2836168
45,,Reid,Avenue,Rockville Centre,11570,799000,779000,Colonial,4,2.500,"Full,Partially Finished",1 Car Detached,11,17161.53,CL,5/04/2018,2/04/2019,7/12/2018,8/31/2018,69,Det,1,1,3026964
2987,,Stevens,Street,Oceanside,11572,878000,830000,Colonial,4,3.500,"Full,Finished",1 Car Attached,11,13235.55,CL,7/24/2017,1/24/2018,8/15/2017,10/24/2017,22,Det,1,1,2957624
25,,Lawson,Avenue,Rockville Centre,11570,639000,622000,Colonial,4,1.500,"Full,Partially Finished",1 Car Detached,11,10949.64,CL,10/23/2017,4/23/2018,12/12/2017,3/22/2018,50,Det,1,1,2980267
30,,Greystone,Road,Rockville Centre,11570,630000,630000,Colonial,4,1.500,"Full,Unfinished",1 Car Attached,11,16808.00,CL,8/22/2017,9/22/2017,8/23/2017,8/24/2017,1,Det,1,1,*1293722
578,E,Derby,Drive,Oceanside,11572,849000,807500,Colonial,4,3.000,"None,Unfinished",,11,13178.18,CL,4/11/2018,4/20/2018,4/11/2018,5/17/2018,0,Det,1,1,*1312000
3359,,Bayfield,Boulevard,Oceanside,11572,859000,843000,Colonial,4,2.500,"None,Unfinished",2 Car Attached,11,19250.00,CL,6/05/2019,12/05/2019,7/18/2019,9/04/2019,43,Det,1,1,*1348745
3947,,Greentree,Drive,Oceanside,11572,999000,960000,Splanch,4,3.500,"Partial,Finished",1 Car Attached,11,23306.00,CL,2/10/2016,8/31/2016,12/06/2016,5/10/2017,300,Det,1,1,2827655
116,,Vernon,Avenue,Rockville Centre,11570,849000,800000,Colonial,6,3.000,"Full,Finished",Detached,11,16985.69,CL,2/29/2016,3/01/2017,2/27/2017,4/24/2017,364,Det,1,1,2831539
552,S,Links,Drive,Oceanside,11572,675000,645000,Hi Ranch,4,3.000,"None,Unfinished",2 Car Attached,11,14347.20,CL,7/01/2016,7/01/2017,2/07/2017,4/25/2017,221,Det,1,1,2865789
83,,Harvard,Street,Westbury,11590,1099000,980000,Colonial,4,3.500,Full,2 Car Attached,11,0.00,CL,8/04/2016,8/30/2017,8/24/2017,9/18/2017,385,Det,1,1,2874105
3351,,Poplar,Street,Oceanside,11572,649000,625000,Split Level,4,3.000,"None,Unfinished",2 Car Attached,11,15285.30,CL,9/11/2016,3/11/2017,2/01/2017,3/24/2017,143,Det,1,1,2882353
12,,Koch,Place,Carle Place,11514,659000,650000,Colonial,4,3.000,"Full,Finished",2 Car Detached,11,11406.00,CL,9/12/2016,3/09/2017,2/02/2017,4/04/2017,143,Det,1,1,2882605
3947,,Greentree,Drive,Oceanside,11572,999000,960000,Splanch,4,3.500,"Partial,Finished",1 Car Attached,11,23306.00,CL,9/21/2016,3/20/2017,12/28/2016,5/10/2017,98,Det,1,1,2885106
592,S,Derby,Drive,Oceanside,11572,1099000,980000,Contemporary,7,4.500,"Full,Partially Finished",3 Car Attached,11,15678.94,CL,9/23/2016,3/31/2017,11/22/2016,4/11/2017,60,Det,1,1,2885602
3,,Mcgann,Drive,Rockville Centre,11570,1126000,1110000,Colonial,4,2.500,"Full,Finished",2 Car Attached,11,18633.47,CL,10/31/2016,4/30/2017,1/26/2017,7/19/2017,87,Det,1,1,2893450
2942,,Allon,,Oceanside,11572,889000,725000,Splanch,5,3.500,"Full,Finished",2 Car Attached,11,16890.00,CL,12/05/2016,5/31/2017,1/13/2017,3/24/2017,39,Det,1,1,2900050
3460,,Ocean,Avenue,Oceanside,11572,728000,715000,Hi Ranch,4,2.500,"None,Unfinished",2 Car Attached,11,11643.82,CL,1/19/2017,7/19/2017,2/10/2017,5/12/2017,22,Det,1,1,2907859
562,,Dover,Road,Oceanside,11572,850000,830000,Colonial,4,3.500,"Full,Unfinished",,11,0.00,CL,1/25/2017,1/25/2018,6/28/2017,8/25/2017,153,Det,1,1,2909159
145,,Virginia,Avenue,Oceanside,11572,679000,679000,Split Level,4,2.500,"None,Unfinished",1 Car Attached,11,11627.00,CL,2/13/2017,5/13/2017,4/25/2017,7/18/2017,70,Det,1,1,2913478
3947,,Greentree,Drive,Oceanside,11572,999000,960000,Splanch,4,3.500,"Partial,Finished",1 Car Attached,11,28349.59,CL,3/02/2017,9/20/2017,3/28/2017,5/10/2017,25,Det,1,1,2917908
3413,,Lindbergh,Avenue,Oceanside,11572,759000,735000,Hi Ranch,4,2.000,"None,Unfinished",2 Car Attached,11,17996.32,CL,3/08/2017,9/30/2017,6/26/2017,8/31/2017,109,Det,1,1,2920124
2708,,Harvey,Avenue,Oceanside,11572,699000,720000,Splanch,4,2.500,"Full,Partially Finished",1 Car Attached,11,13532.57,CL,4/02/2017,4/02/2018,5/05/2017,7/14/2017,33,Det,1,1,2926403
172,,Wrights,,Oceanside,11572,649900,645000,Splanch,4,2.500,"Full,Finished",1 Car Attached,11,10582.00,CL,4/21/2017,5/23/2017,5/12/2017,7/17/2017,21,Det,1,1,2931317
3375,,Elliott,Boulevard,Oceanside,11572,889000,850000,Contemporary,4,2.500,"None,Unfinished",1 Car Attached,11,15988.77,CL,4/26/2017,11/30/2017,6/07/2017,9/29/2017,42,Det,1,1,2932643
268,,Parkway,Drive,Westbury,11590,729000,705000,Split Level,3,2.500,"Full,Finished",1 Car Attached,11,16967.44,CL,4/27/2017,11/17/2017,6/27/2017,9/12/2017,61,Det,1,1,2932914
3605,,Mahlon Brower,Drive,Oceanside,11572,799000,775000,Colonial,4,2.500,"Crawl,Unfinished",1 Car Attached,11,13000.00,CL,5/05/2017,11/05/2017,7/07/2017,9/28/2017,63,Det,1,1,2935522
240,,Mott,Street,Oceanside,11572,799000,804000,Colonial,4,2.500,"Crawl,Unfinished",1 Car Detached,11,12174.00,CL,5/05/2017,11/05/2017,7/07/2017,1/25/2018,63,Det,1,1,2935525
3691,,Oceanside Road E,,Oceanside,11572,698000,685000,Hi Ranch,4,3.000,"None,Unfinished",1 Car Attached,11,11213.64,CL,5/15/2017,12/06/2017,6/26/2017,8/25/2017,42,Det,1,1,2938203
71,,Weidner,,Oceanside,11572,615000,607000,Exp Ranch,4,3.000,"None,Unfinished",,11,13733.32,CL,5/19/2017,6/19/2017,6/07/2017,9/29/2017,19,Det,1,1,2939360
117,,Jeffery,Lane,Oceanside,11572,639000,624000,Splanch,4,2.500,"Partial,Finished",2 Car Attached,11,12304.00,CL,5/24/2017,2/15/2018,12/18/2017,2/21/2018,208,Det,1,1,2941163
372,,Anchor,Avenue,Oceanside,11572,829000,765000,Colonial,4,2.500,"Crawl,Unfinished",1 Car Attached,11,12000.00,CL,6/12/2017,12/31/2017,7/25/2017,9/12/2017,43,Det,1,1,2946063
3831,E,Oceanside Rd,,Oceanside,11572,789000,789000,Hi Ranch,4,3.000,"None,Unfinished",,11,14691.74,CL,6/13/2017,6/30/2018,3/08/2018,5/18/2018,268,Det,1,1,2946679
3333,,Murdock,Avenue,Oceanside,11572,699000,658500,Contemporary,4,3.000,"None,Unfinished",1 Car Attached,11,14597.71,CL,6/14/2017,12/31/2017,10/19/2017,12/14/2017,127,Det,1,1,2947214
2937,,Roxbury,Road,Oceanside,11572,775888,740000,Tudor,6,2.550,"Partial,Partially Finished",,11,16359.73,CL,6/16/2017,6/16/2018,8/18/2017,4/16/2018,63,Det,1,1,2947686
49,,Lexington,Street,Westbury,11590,719000,749000,Cape,4,2.500,"Full,Finished",1 Car Attached,11,10765.64,CL,6/17/2017,1/15/2018,6/28/2017,9/05/2017,11,Det,1,1,2947831
351,,Dennis,Street,Oceanside,11572,719000,695000,Colonial,4,3.500,"Full,Finished",2 Car Attached,11,19989.55,CL,6/26/2017,12/23/2017,8/08/2017,9/26/2017,43,Det,1,1,2950191
310,,Concord,Avenue,Oceanside,11572,639900,615000,Split Level,3,2.000,"None,Unfinished",1 Car Attached,11,13228.38,CL,6/29/2017,7/31/2018,7/26/2017,10/12/2017,27,Det,1,1,2951186
139,,Thompson,Avenue,Oceanside,11572,649000,630000,Split Level,3,3.000,"None,Unfinished",,11,17442.00,CL,7/17/2017,1/31/2018,8/01/2017,10/16/2017,15,Det,1,1,2956051
552,,Dover,Road,Oceanside,11572,840000,845000,Colonial,4,3.500,Full,,11,0.00,CL,7/18/2017,7/18/2018,1/22/2018,3/14/2018,188,Det,1,1,2956388
3346,,Park,Avenue,Oceanside,11572,665000,660000,Colonial,5,2.500,"Full,Finished",1 Car Attached,11,16859.67,CL,7/19/2017,10/31/2018,8/29/2018,11/28/2018,406,Det,1,1,2956545
76,,Weidner,Avenue,Oceanside,11572,649000,610000,Colonial,5,2.000,"Crawl,Unfinished",,11,11887.63,CL,7/19/2017,4/15/2018,9/05/2017,10/23/2017,48,Det,1,1,2957084
424,,Kinsley,Court,Oceanside,11572,635000,610000,Split Level,3,2.500,"Partial,Finished",1 Car Attached,11,10890.00,CL,8/01/2017,1/25/2018,8/31/2017,11/03/2017,30,Det,1,1,2959779
314,,Rockaway,Avenue,Oceanside,11572,870000,830000,Colonial,4,3.500,"Full,Unfinished",,11,0.00,CL,8/09/2017,8/09/2018,8/10/2017,4/03/2018,1,Det,1,1,2962399
140,,Lexington,Street,Westbury,11590,799000,752500,Colonial,4,2.500,Partial,,11,9687.68,CL,8/11/2017,2/20/2018,9/26/2017,12/08/2017,46,Det,1,1,2962793
266,,Foxhurst,Road,Oceanside,11572,689000,689000,Colonial,5,4.000,"Full,Finished",1 Car Attached,11,14400.00,CL,8/17/2017,2/17/2018,9/08/2017,10/06/2017,22,Det,1,2,2964284
256,,Bayside,Avenue,Oceanside,11572,739000,720000,Colonial,4,2.500,"Crawl,Unfinished",1 Car Attached,11,0.00,CL,8/23/2017,2/23/2018,12/14/2017,2/22/2018,113,Det,1,1,2965682
2790,,River,Avenue,Oceanside,11572,799000,775000,Split Level,3,3.000,"Crawl,Unfinished",1 Car Attached,11,13909.46,CL,8/24/2017,8/24/2018,1/12/2018,3/16/2018,141,Det,1,1,2965844
230,,Stonehinge,Lane,Carle Place,11514,689000,675000,Cape,4,2.500,"Full,Partially Finished",2 Car Attached,11,7453.00,CL,9/06/2017,1/15/2018,10/25/2017,12/01/2017,49,Det,1,1,2968560
28,,Walsh,Lane,Westbury,11590,839000,800000,Cape,3,3.000,"Full,Finished",1 Car Detached,11,17277.00,CL,9/11/2017,3/11/2018,10/10/2017,12/01/2017,29,Det,1,1,2969869
14,,Leeds,Court,Rockville Centre,11570,709000,675000,Exp Cape,4,3.000,"Full,Partially Finished",1 Car Attached,11,16524.52,CL,9/11/2017,3/11/2018,11/03/2017,1/10/2018,53,Det,1,1,2970132
196,,Parkway,Drive,Westbury,11590,789000,765000,Cape,3,2.500,"Full,Unfinished",1 Car Attached,11,11372.94,CL,11/03/2017,7/15/2018,1/08/2018,3/21/2018,66,Det,1,1,2983057
3615,,Mahlon Brower,Drive,Oceanside,11572,715000,700000,Colonial,3,2.500,"Crawl,Unfinished",1 Car Attached,11,13000.00,CL,11/06/2017,4/06/2018,2/28/2018,5/18/2018,114,Det,1,1,2983576
20,,Roxbury,Road,Rockville Centre,11570,799000,785000,Colonial,3,2.500,Full,,11,20034.92,CL,11/24/2017,11/23/2018,2/08/2018,4/24/2018,76,Det,1,1,2987552
543,,Lakeview,Avenue,Rockville Centre,11570,777000,760000,Colonial,3,2.500,Full,,11,15614.92,CL,11/24/2017,11/23/2018,12/14/2017,3/05/2018,20,Det,1,1,2987554
2608,,Columbus,Avenue,Oceanside,11572,625000,615000,Exp Ranch,4,3.000,"Full,Finished",2 Car Attached,11,16347.26,CL,12/01/2017,6/01/2018,12/02/2017,1/17/2018,1,Det,1,1,2988759
143,,Webster,Street,Westbury,11590,609000,635000,Colonial,3,1.500,"Full,Partially Finished",1 Car Attached,11,11320.44,CL,12/06/2017,6/01/2018,1/02/2018,4/11/2018,27,Det,1,1,2989802
209,,Lexington,Street,Westbury,11590,679000,675000,Colonial,3,1.500,"Full,Unfinished",1 Car Attached,11,12636.24,CL,12/06/2017,6/30/2018,1/09/2018,2/21/2018,34,Det,1,1,2989881
5,,Canterbury,Court,Carle Place,11514,749000,727000,Hi Ranch,4,3.000,"Full,Finished",1 Car Attached,11,13652.72,CL,1/05/2018,7/03/2018,2/08/2018,6/25/2018,34,Det,1,1,2994627
159,,Cleveland,Avenue,Rockville Centre,11570,649000,670000,Colonial,4,2.500,"Full,Unfinished",2 Car Attached,11,15372.84,CL,1/08/2018,6/30/2018,2/05/2018,3/29/2018,28,Det,1,1,2995052
6,,Woods,Place,Rockville Centre,11570,697900,650000,Colonial,3,2.000,"Full,Partially Finished",2 Car Detached,11,13651.59,CL,1/10/2018,6/08/2018,3/15/2018,5/21/2018,63,Det,1,1,2995518
2675,,Evans,Road,Oceanside,11572,619000,615000,Colonial,6,4.000,"None,Unfinished",,11,12813.61,CL,1/12/2018,7/10/2018,3/20/2018,5/01/2018,67,Det,1,1,2996158
611,,Westbury,Avenue,Westbury,11590,679000,675000,Colonial,3,2.500,"Full,Finished",2 Car Detached,11,12850.15,CL,1/29/2018,9/15/2018,4/03/2018,6/21/2018,63,Det,1,1,3000149
493,,Nassau,Parkway,Baldwin,11510,638888,630000,Ranch,4,3.000,"Full,Finished",2 Car Attached,11,12679.00,CL,1/30/2018,1/29/2019,3/16/2018,5/15/2018,44,Det,1,2,3000442
326,W,Links,Drive,Oceanside,11572,659000,620000,Hi Ranch,4,3.000,"None,Unfinished",2 Car Attached,11,15963.00,CL,2/01/2018,7/28/2018,4/12/2018,8/29/2018,69,Det,1,1,3001077
67,S,Forest,Avenue,Rockville Centre,11570,664990,652000,Colonial,3,1.500,"Full,Unfinished",2 Car Detached,11,15074.00,CL,2/01/2018,8/01/2018,5/25/2018,8/31/2018,112,Det,1,1,3001949
109,,Murray,Drive,Oceanside,11572,699999,685000,Split Level,4,2.500,"None,Unfinished",1 Car Attached,11,16226.00,CL,2/12/2018,8/04/2018,3/02/2018,3/26/2018,18,Det,1,1,3004030
3824,E,Oceanside,Road,Oceanside,11572,699000,683000,Hi Ranch,4,2.500,Unfinished,2 Car Attached,11,10414.43,CL,2/13/2018,8/13/2018,3/26/2018,5/25/2018,40,Det,1,1,3004304
2601,,Hendrickson,Avenue,Oceanside,11572,655000,650000,Colonial,3,1.500,"Full,Unfinished",1 Car Detached,11,12687.00,CL,3/10/2018,9/05/2018,4/06/2018,6/14/2018,26,Det,1,1,3010881
3367,,Harold,Street,Oceanside,11572,749900,710000,Splanch,4,2.500,"Partial,Finished",2 Car Attached,11,13751.00,CL,3/13/2018,6/09/2018,5/04/2018,8/07/2018,52,Det,1,1,3011550
379,,Oceanside,Parkway,Oceanside,11572,619000,615000,Split Level,4,2.500,"Partial,Finished",1 Car Attached,11,10239.00,CL,3/23/2018,9/22/2018,4/13/2018,6/27/2018,21,Det,1,1,3014446
3014,,Davis,Place,Oceanside,11572,769000,755000,Splanch,4,2.500,"Partial,Finished",2 Car Attached,11,12116.89,CL,4/04/2018,9/30/2018,5/01/2018,6/27/2018,27,Att,1,1,3017628
578,,Lakeview,Avenue,Rockville Centre,11570,649000,620000,Colonial,3,2.500,Full,1 Car Attached,11,19447.26,CL,4/20/2018,7/20/2019,3/26/2019,7/31/2019,340,Det,1,1,3022375
3257,,Shore,Road,Oceanside,11572,649000,645000,Hi Ranch,4,3.000,"None,Unfinished",2 Car Attached,11,11965.45,CL,4/23/2018,4/21/2019,5/15/2018,9/27/2018,22,Det,1,1,3023220
3761,,Carrel,Boulevard,Oceanside,11572,699000,650000,Hi Ranch,5,3.000,"None,Unfinished",2 Car Attached,11,12747.00,CL,5/01/2018,11/01/2018,9/04/2018,10/29/2018,126,Det,1,1,3025598
63,,Intervale,,Rockville Centre,11570,639000,650000,Cape,4,2.000,"Full,Partially Finished",1 Car Attached,11,14273.51,CL,5/03/2018,11/03/2018,5/18/2018,7/09/2018,15,Det,1,1,3026760
245,,Robbyn,Lane,Oceanside,11572,739000,720000,Splanch,4,2.500,"Partial,Finished",,11,12177.00,CL,5/18/2018,11/16/2018,6/19/2018,9/27/2018,32,Det,1,1,3031678
351,,Rushmore,Avenue,Carle Place,11514,629000,620000,Colonial,4,1.500,"Full,Finished",1 Car Attached,11,18333.70,CL,6/01/2018,4/01/2019,10/04/2018,2/07/2019,125,Det,1,1,3035333
2608,,Parkview,Place,Baldwin,11510,649000,630000,Exp Cape,4,2.000,"Full,Finished",1 Car Attached,11,10452.60,CL,6/11/2018,3/11/2019,7/18/2018,9/21/2018,37,Det,1,1,3038614
66,,Lexington,Street,Westbury,11590,769000,730000,Colonial,3,2.500,"Full,Finished",,11,13045.23,CL,6/13/2018,1/15/2019,10/10/2018,12/07/2018,119,Det,1,1,3039316
2484,,Foxdale,Avenue,Oceanside,11572,699000,675000,Hi Ranch,4,3.000,"Crawl,Unfinished",,11,14191.89,CL,6/15/2018,12/15/2018,7/09/2018,10/03/2018,24,Det,1,1,3039862
493,,Griffin,Street,Oceanside,11572,790000,790000,Colonial,8,4.500,"Full,Finished",,11,13004.63,CL,6/19/2018,12/18/2018,7/06/2018,9/18/2018,17,Det,2,2,3040784
579,,Broadway,,Carle Place,11514,729000,715000,Cape,3,2.000,"Full,Finished",1 Car Detached,11,8500.00,CL,6/22/2018,11/07/2018,7/20/2018,10/12/2018,28,Det,1,1,3042286
3647,,Lorrie,Drive,Oceanside,11572,675000,647000,Splanch,4,2.500,"Partial,Finished",2 Car Attached,11,12661.00,CL,7/05/2018,1/04/2019,12/31/2018,3/12/2019,179,Det,1,1,3045569
10,,Dorset,Lane,Rockville Centre,11570,725000,730000,Exp Cape,3,2.500,"Full,Finished",1 Car Attached,11,12200.88,CL,7/05/2018,11/30/2018,7/30/2018,10/18/2018,25,Det,1,1,3045593
3595,,Mahlon Brower,Drive,Oceanside,11572,979000,960000,Colonial,5,3.500,,1 Car Detached,11,15403.61,CL,7/09/2018,1/15/2019,8/14/2018,10/04/2018,36,Det,1,1,3046336
75,,Renison,Drive,Westbury,11590,999000,950000,Colonial,5,3.000,"Full,Finished",2 Car Detached,11,22184.00,CL,7/17/2018,1/10/2019,8/25/2018,10/22/2018,39,Det,1,1,3049095
3440,,Ocean Harbor,Drive,Oceanside,11572,825000,765000,Splanch,4,3.000,"Partial,Unfinished",1 Car Attached,11,11381.00,CL,7/18/2018,2/28/2019,11/16/2018,2/19/2019,121,Det,1,1,3049254
160,E,Lexington,Avenue,Oceanside,11572,829000,790000,Split Level,3,3.000,"Full,Finished",1 Car Attached,11,12616.72,CL,7/21/2018,12/01/2018,9/18/2018,10/22/2018,59,Det,1,1,3050555
3465,,Fourth,Street,Oceanside,11572,739000,730000,Colonial,4,2.500,"Crawl,Unfinished",1 Car Attached,11,0.00,CL,7/29/2018,7/31/2019,2/18/2019,9/19/2019,204,Det,1,1,3052562
112,,Woodoak,Drive,Westbury,11590,639000,630000,Cape,4,2.000,Full,1 Car Attached,11,14279.34,CL,8/08/2018,4/01/2019,8/29/2018,10/31/2018,21,Det,1,1,3055361
475,,Chelsea,Road,Oceanside,11572,699000,675000,Colonial,3,2.500,"Full,Finished",1 Car Detached,11,11526.18,CL,8/22/2018,2/28/2019,1/10/2019,3/14/2019,141,Det,1,1,3059158
79,,Woodoak,Drive,Westbury,11590,925000,895000,Colonial,6,2.000,Full,2 Car Attached,11,15472.16,CL,8/24/2018,8/24/2019,1/23/2019,7/30/2019,152,Det,1,1,3059995
3356,,Harold,Street,Oceanside,11572,799000,775000,Colonial,3,2.500,"Full,Finished",1 Car Attached,11,14453.35,CL,8/30/2018,6/30/2019,1/11/2019,4/01/2019,134,Det,1,1,3061119
236,,Windsor,Avenue,Rockville Centre,11570,759000,739000,Colonial,4,2.500,"Full,Finished",2 Car Detached,11,14903.12,CL,10/18/2018,8/02/2019,7/08/2019,10/11/2019,263,Det,1,1,3074289
43,,Earl,Street,Westbury,11590,629000,605000,Colonial,3,2.500,"Full,Finished",1 Car Attached,11,15754.83,CL,10/19/2018,1/16/2019,11/09/2018,1/15/2019,21,Det,1,1,3074663
3942,,Sally,Lane,Oceanside,11572,699000,685000,Splanch,4,2.500,"Partial,Finished",2 Car Attached,11,18311.65,CL,10/22/2018,4/30/2019,3/28/2019,6/04/2019,157,Det,1,1,3075434
3506,,Frederick,Street,Oceanside,11572,799000,760000,Colonial,4,2.500,"None,Unfinished",,11,14000.00,CL,10/27/2018,4/30/2019,12/14/2018,3/04/2019,48,Det,1,1,3076715
479,,Gifford,Avenue,Oceanside,11572,639999,634000,Split Level,4,2.500,"None,Unfinished",2 Car Attached,11,14622.31,CL,10/31/2018,4/25/2019,11/29/2018,2/14/2019,29,Det,1,1,3077680
600,,Oaktree,Court,Oceanside,11572,929000,915000,Colonial,4,2.500,"Full,Unfinished",1 Car Attached,11,0.00,CL,7/09/2018,4/15/2019,4/12/2019,7/03/2019,277,Det,1,1,3080853
3278,,Shore,Road,Oceanside,11572,639000,630000,Hi Ranch,4,3.000,"None,Unfinished",2 Car Attached,11,10414.62,CL,11/13/2018,7/31/2019,2/07/2019,4/30/2019,86,Det,1,1,3081200
3050,,Fortesque,Avenue,Oceanside,11572,779000,750000,2 Story,4,2.500,"Full,Unfinished",,11,20000.00,CL,11/16/2018,4/16/2019,1/11/2019,5/14/2019,56,Det,1,1,3081918
85,,Irma,Drive,Oceanside,11572,629000,612500,Split Level,4,2.500,"Crawl,Unfinished",1 Car Attached,11,11435.30,CL,6/19/2018,6/19/2019,1/17/2019,2/26/2019,212,Det,1,1,3084471
74,,Woodoak,Drive,Westbury,11590,749000,715000,Cape,4,2.000,"Full,Finished",1 Car Detached,11,11500.79,CL,12/12/2018,8/15/2019,1/18/2019,4/26/2019,37,Det,1,1,3086719
117,W,Henrietta,Avenue,Oceanside,11572,659000,637500,Split Level,4,2.000,"None,Unfinished",1 Car Attached,11,14500.00,CL,1/30/2019,7/27/2019,2/25/2019,3/29/2019,26,Det,1,1,3097377
3000,,Oceanside,Road,Oceanside,11572,709000,681912,Colonial,4,3.500,"Full,Finished",2 Car Attached,11,10850.00,CL,2/06/2019,7/03/2019,3/12/2019,4/25/2019,33,Det,1,1,3099157
15,,Lexington,Street,Westbury,11590,799000,800000,Colonial,4,2.000,"Full,Finished",1 Car Attached,11,11820.04,CL,2/07/2019,8/15/2019,2/22/2019,5/29/2019,15,Det,1,1,3099444
3256,,Ocean Harbor,Drive,Oceanside,11572,749000,730000,Hi Ranch,4,3.000,"None,Unfinished",,11,12720.88,CL,2/14/2019,1/09/2020,4/09/2019,7/19/2019,53,Det,1,1,3101137
7,,Morningside,Drive,Westbury,11590,899000,905000,Duplex,6,4.550,"Partial,Unfinished",1 Car Attached,11,18745.78,CL,2/15/2019,5/01/2019,3/13/2019,4/26/2019,25,Det,2,2,3101537
285,W,Links,Drive,Oceanside,11572,849000,830000,Colonial,4,3.000,"None,Unfinished",1 Car Attached,11,16682.00,CL,2/17/2019,8/15/2019,2/28/2019,5/21/2019,11,Det,1,1,3101828
23,,Oriole,Way,Westbury,11590,629000,612500,Ranch,3,2.500,"Full,Finished",1 Car Attached,11,9100.23,CL,2/22/2019,9/30/2019,8/15/2019,10/17/2019,173,Det,1,1,3103254
17,,Van Buren,Court,Westbury,11590,789000,740000,Colonial,4,2.000,"Full,Finished",2 Car Detached,11,16053.45,CL,2/28/2019,8/30/2019,4/04/2019,7/17/2019,34,Det,1,1,3104641
665,,Westbury,Avenue,Westbury,11590,730000,720000,Colonial,4,2.500,"Partial,Finished",,11,16458.11,CL,3/01/2019,2/28/2020,3/25/2019,6/14/2019,23,Det,1,1,3105330
600,,Chelsea,Road,Oceanside,11572,819000,810000,Colonial,4,3.000,"None,Unfinished",,11,12400.00,CL,3/02/2019,9/09/2019,5/23/2019,7/12/2019,81,Det,1,1,3105525
70,,Kensington,Avenue,Rockville Centre,11570,699000,655000,Cape,3,2.000,Full,1 Car Attached,11,10056.18,CL,3/04/2019,9/04/2019,4/27/2019,7/16/2019,53,Det,1,1,3105723
509,,Ross,Place,Oceanside,11572,639000,639000,Split Level,4,2.000,"Crawl,Unfinished",,11,11108.00,CL,3/05/2019,9/05/2019,4/01/2019,8/23/2019,26,Det,1,1,3106217
3139,,Benjamin,Road,Oceanside,11572,659000,630000,Colonial,4,3.000,"Full,Finished",,11,14799.00,CL,3/26/2019,9/26/2019,9/18/2019,12/12/2019,176,Det,1,1,3112818
7,,Sicardi,Place,Carle Place,11514,649000,615000,Hi Ranch,6,3.000,"None,Unfinished",,11,11173.60,CL,3/29/2019,10/01/2019,4/25/2019,6/19/2019,27,Det,1,1,3113857
2,,11th,Street,Carle Place,11514,695000,670000,Colonial,3,2.500,"Full,Finished",4+ Car Attached,11,12212.00,CL,3/29/2019,9/24/2019,4/17/2019,5/23/2019,19,Det,1,1,3113923
359,,Marshall,Street,Oceanside,11572,659000,653000,Colonial,5,3.000,"Full,Finished",1 Car Attached,11,11175.03,CL,4/02/2019,9/24/2019,4/25/2019,7/01/2019,23,Det,1,1,3115024
5,,Tilrose,Avenue,Oceanside,11572,649000,640000,Colonial,8,4.000,"Full,Unfinished",1 Car Detached,11,36031.52,CL,4/02/2019,12/31/2019,4/18/2019,9/19/2019,16,Det,4,4,3115248
212,,Silverlake,Boulevard,Carle Place,11514,649900,649900,Cape,5,2.000,"Full,Unfinished",3 Car Detached,11,14060.00,CL,4/04/2019,8/13/2019,6/05/2019,9/05/2019,62,Det,1,1,3116089
4053,,Greentree,Drive,Oceanside,11572,1125000,1040000,Colonial,4,2.500,"None,Unfinished",1 Car Attached,11,14492.10,CL,4/04/2019,10/05/2019,5/27/2019,7/01/2019,53,Det,1,1,3116374
4,,Midtown,Road,Carle Place,11514,669000,694000,Cape,3,2.000,"Full,Partially Finished",1 Car Detached,11,12852.42,CL,4/11/2019,10/01/2019,5/21/2019,7/02/2019,40,Det,1,1,3118207
3400,,Ocean Harbor,Drive,Oceanside,11572,799000,775000,Splanch,4,3.000,"Partial,Finished",,11,12720.86,CL,4/29/2019,8/15/2019,5/21/2019,8/02/2019,22,Det,1,1,3123503
353,E,Links,Drive,Oceanside,11572,749000,740000,Split Level,4,2.500,"None,Unfinished",1 Car Attached,11,12447.12,CL,4/30/2019,10/17/2019,5/31/2019,8/27/2019,31,Det,1,1,3123780
330,W,Henrietta,Avenue,Oceanside,11572,615000,603000,Split Level,3,2.000,"Crawl,Unfinished",,11,11062.30,CL,5/01/2019,9/08/2019,7/11/2019,9/19/2019,71,Det,1,1,3124586
3329,,Murdock,Avenue,Oceanside,11572,799000,750000,Hi Ranch,4,4.000,,1 Car Attached,11,21403.64,CL,5/02/2019,4/30/2020,12/20/2019,3/06/2020,232,Det,1,2,3124649
521,,Glen,Court,Oceanside,11572,789000,715000,Hi Ranch,4,3.000,"None,Unfinished",1 Car Attached,11,12302.20,CL,5/14/2019,8/10/2019,9/11/2019,10/31/2019,120,Det,1,2,3128407
4,,Rodney,Place,Rockville Centre,11570,879000,830000,Colonial,5,3.000,"Full,Finished",2 Car Attached,11,20841.58,CL,7/09/2018,10/31/2019,8/08/2019,10/15/2019,395,Det,1,1,3128498
206,S,Long Beach,Road,Rockville Centre,11570,679000,665000,Colonial,5,3.000,"Full,Finished",2 Car Attached,11,11600.94,CL,5/15/2019,4/30/2020,7/17/2019,9/25/2019,63,Det,2,2,3128919
605,,Oaktree,Court,Oceanside,11572,799000,799000,Colonial,4,3.000,"Full,Unfinished",1 Car Attached,11,0.00,CL,7/09/2018,9/15/2019,8/09/2019,12/19/2019,396,Det,1,1,3129960
177,,Irma,Drive,Oceanside,11572,629000,602500,Split Level,4,4.000,"None,Unfinished",2 Car Attached,11,19854.17,CL,5/20/2019,10/31/2019,9/24/2019,11/26/2019,127,Det,1,1,3130417
123,,Whitney,Street,Westbury,11590,949000,925000,Colonial,4,2.500,"Full,Finished",1 Car Attached,11,17100.54,CL,5/21/2019,12/15/2019,6/14/2019,8/28/2019,24,Det,1,1,3130769
6,,Calais,Court,Rockville Centre,11570,619000,625000,Cape,4,2.000,"Full,Finished",1 Car Attached,11,12155.30,CL,6/06/2019,12/08/2019,6/21/2019,8/14/2019,15,Det,1,1,3135937
12,,Cromwell,Road,Carle Place,11514,679000,685000,Cape,4,2.000,"Full,Finished",1 Car Detached,11,11358.00,CL,6/07/2019,12/01/2019,6/17/2019,8/27/2019,10,Det,1,1,3136496
596,,Oaktree,Court,Oceanside,11572,929000,910000,Colonial,4,2.500,"Full,Unfinished",1 Car Attached,11,0.00,CL,6/20/2019,1/31/2020,9/26/2019,1/31/2020,98,Det,1,1,3140284
124,,Gordon,Avenue,Westbury,11590,625000,646500,Colonial,4,1.500,Full,,11,11056.90,CL,6/23/2019,12/22/2019,8/12/2019,11/06/2019,50,Det,1,1,3141220
214,,Silverlake,Boulevard,Carle Place,11514,799000,799000,Colonial,4,2.500,"Full,Finished",1 Car Attached,11,11215.92,CL,6/25/2019,12/25/2019,7/16/2019,10/11/2019,21,Det,1,1,3141757
315,,Virginia,Avenue,Oceanside,11572,669000,650000,Split Level,4,2.500,"None,Unfinished",1 Car Attached,11,19129.59,CL,5/10/2019,11/03/2019,9/25/2019,12/27/2019,138,Det,1,1,3145119
2892,,Davis,Street,Oceanside,11572,649990,645000,Colonial,5,2.500,"Full,Finished",2 Car Detached,11,15023.00,CL,7/09/2019,10/31/2019,9/24/2019,11/21/2019,77,Det,1,1,3145556
147,,Concord,Street,Westbury,11590,775000,760000,Colonial,5,2.500,"Full,Finished",2 Car Detached,11,12606.00,CL,7/19/2019,1/19/2020,1/03/2020,2/24/2020,168,Det,1,1,3148854
378,E,Links,Drive,Oceanside,11572,649000,630000,Split Level,4,2.500,"None,Unfinished",2 Car Attached,11,11701.00,CL,7/24/2019,11/15/2019,10/25/2019,1/08/2020,93,Det,1,1,3149907
2708,,Two Brothers,Court,Oceanside,11572,659000,625000,Hi Ranch,5,3.000,"Full,Finished",1 Car Attached,11,10869.00,CL,7/29/2019,10/29/2019,8/06/2019,11/05/2019,8,Det,1,1,3151228
147,,Chamberlin,Street,Oceanside,11572,789000,775000,Colonial,4,2.500,"Crawl,Unfinished",1 Car Attached,11,12559.80,CL,7/31/2019,12/31/2019,8/28/2019,12/16/2019,28,Att,1,1,3151922
114,,Aspinwall,Street,Westbury,11590,979000,910000,Colonial,5,2.500,"Full,Unfinished",1 Car Attached,11,12288.66,CL,7/31/2019,12/30/2019,10/17/2019,12/18/2019,78,Det,1,1,3152015
3420,,Frederick,Street,Oceanside,11572,759000,730000,Split Level,4,3.000,"Partial,Finished",1 Car Attached,11,12656.42,CL,7/31/2019,1/20/2020,8/27/2019,10/28/2019,27,Det,1,1,3152173
2901,,Beverly,Road,Oceanside,11572,778000,755000,Colonial,4,2.500,"Full,Partially Finished",1 Car Attached,11,14907.29,CL,9/03/2019,5/01/2020,11/18/2019,1/21/2020,76,Det,1,1,3160646
134,,Rockaway,Avenue,Westbury,11590,759000,735000,Duplex,6,3.000,"Full,Finished",,11,16819.03,CL,9/21/2019,5/29/2020,10/21/2019,12/31/2019,30,Det,2,2,3166536
50,,Merle,Avenue,Oceanside,11572,625000,610000,Colonial,3,2.500,"Partial,Finished",2 Car Detached,11,9759.44,CL,9/26/2019,3/26/2020,11/11/2019,12/18/2019,46,Det,1,1,3167845
195,,Elizabeth,Avenue,Oceanside,11572,699000,705000,Colonial,3,2.500,"Crawl,Unfinished",,11,11744.51,CL,10/08/2019,4/03/2020,11/08/2019,2/07/2020,31,Det,1,1,3171073
3489,,Westminster,Road,Oceanside,11572,619000,610000,Hi Ranch,4,2.500,"None,Unfinished",1 Car Attached,11,13235.00,CL,10/30/2019,7/29/2020,1/20/2020,3/17/2020,82,Det,1,1,3177218
62,,Franklin,Place,Oceanside,11572,679000,665000,Split Level,4,2.500,"Partial,Finished",2 Car Attached,11,14443.00,CL,11/13/2019,5/13/2020,12/23/2019,3/17/2020,40,Det,1,1,3180125
142,,Harris,Drive,Oceanside,11572,619000,605000,Hi Ranch,4,2.000,"None,Unfinished",1 Car Attached,11,12289.00,CL,11/24/2019,11/11/2020,1/11/2020,3/19/2020,48,Det,1,1,3182557
405,,Club,Court,Oceanside,11572,695000,660000,Hi Ranch,4,3.500,"Full,Finished",2 Car Attached,11,26779.48,CL,12/02/2019,6/30/2020,2/07/2020,2/20/2020,67,Det,1,1,3183697
2680,,Harrison,Avenue,Oceanside,11572,599000,610000,Split Level,3,1.500,"Full,Partially Finished",1 Car Attached,11,8638.60,CL,12/12/2019,6/06/2020,1/14/2020,3/20/2020,33,Det,1,1,3185818
75,,Perkins,Avenue,Oceanside,11572,899000,925000,Colonial,5,2.500,"Partial,Unfinished",,11,11442.90,CL,1/09/2020,4/09/2020,1/17/2020,3/13/2020,8,Det,1,1,3190518