St #,Dr,Street Name,Sfx,Town,Zip,ListPrice,SoldPrice,,Br,Bath,,,SD,Tot Tax,LSC,ListDate,ExpDate,ContDate,TitleDate,DOM,Det,#F,K,ML#
11,,Pine,Road,Syosset,11791,1579000,1475000,Colonial,4,3.000,Full,,2,25757.67,CL,1/13/2020,7/13/2020,2/08/2020,3/23/2020,26,Det,1,1,3191354
16,,Greenwood,Lane,Woodbury,11797,1588000,1410000,Contemporary,5,3.500,"Full,Unfinished",3 Car Attached,2,33949.40,CL,4/02/2018,8/31/2018,6/25/2018,9/21/2018,84,Det,1,1,3016832
94,,Stillwell,Lane,Woodbury,11797,1499777,1350000,Colonial,5,3.500,"Full,Unfinished",3 Car Attached,2,30994.00,CL,4/28/2017,10/31/2017,11/17/2017,2/09/2018,203,Det,1,1,2933429
35,,Westwood,Lane,Woodbury,11797,1490000,1415000,Colonial,5,3.500,"Full,Unfinished",3 Car Attached,2,34787.25,CL,3/30/2017,9/26/2017,7/31/2017,10/06/2017,123,Det,1,1,2925468
192,,Yukon,Drive,Woodbury,11797,1574999,1532500,Farm Ranch,6,4.500,"Partial,Unfinished",1 Car Attached,2,30374.48,CL,5/12/2017,11/08/2017,6/07/2017,9/07/2017,26,Det,1,1,2937773
6,,Hillcrest,Lane,Woodbury,11797,1995000,2175000,Colonial,5,4.500,"Full,Unfinished",3 Car Attached,2,0.00,CL,5/17/2017,5/31/2018,10/16/2018,10/16/2019,517,Det,1,1,2939164
18,,Windemere,Way,Woodbury,11797,1525000,1440000,Contemporary,6,4.000,Full,2 Car Attached,2,27163.67,CL,8/06/2018,6/30/2019,1/25/2019,3/14/2019,172,Det,1,1,3054749
4,,Turret,Lane,Woodbury,11797,1249888,1220000,Farm Ranch,6,4.500,"Partial,Finished",2 Car Attached,2,26499.72,CL,9/16/2017,9/01/2018,4/02/2018,6/29/2018,198,Det,1,1,2971529
105,,Cypress,Drive,Woodbury,11797,1324999,1300000,Colonial,5,4.500,"Full,Finished",2 Car Attached,2,28646.32,CL,6/02/2017,11/19/2017,6/24/2017,9/06/2017,22,Det,1,1,2943517
8,,Pine,Drive,Woodbury,11797,1788000,1630000,Exp Ranch,5,5.550,"Full,Finished",3 Car Attached,2,37865.71,CL,9/04/2019,2/28/2020,10/24/2019,1/31/2020,50,Det,1,1,3161145
115,,Northgate,Drive,Syosset,11791,1399999,1280000,Colonial,4,2.500,"Full,Finished",2 Car Attached,2,27505.76,CL,5/02/2018,11/30/2018,11/02/2018,1/08/2019,184,Det,1,1,3026247
21,,Fairbanks,Boulevard,Woodbury,11797,1999999,1900000,Traditional,4,4.500,"Full,Unfinished",,2,45235.53,CL,7/27/2018,5/31/2019,5/20/2019,9/05/2019,297,Det,1,1,3052139
10,,Kodiak,Drive,Woodbury,11797,1499999,1420000,Ranch,5,3.500,"Partial,Unfinished",2 Car Attached,2,27180.61,CL,7/08/2019,12/25/2019,8/06/2019,12/12/2019,29,Det,1,1,3144946
110,,Rodeo Drive,,Oyster Bay Cove,11791,1499888,1405000,Contemporary,5,3.550,"Full,Unfinished",3 Car Attached,2,29662.76,CL,10/27/2017,10/17/2018,5/08/2018,9/06/2018,193,Det,1,1,2981424
394,,Woodbury,Road,Woodbury,11797,1739000,1654000,Colonial,5,5.500,"Full,Finished",2 Car Attached,2,38072.15,CL,4/09/2018,10/02/2018,7/09/2018,10/11/2018,91,Det,1,1,3018660
20A,,Juneau,Boulevard,Woodbury,11797,1799888,1775000,Farm Ranch,5,4.000,"Full,Finished",2 Car Attached,2,25418.32,CL,4/10/2019,10/05/2019,9/20/2019,1/27/2020,163,Det,1,1,3117880
1296,,Ridge Road,,Laurel Hollow,11791,2199999,2025000,Colonial,5,5.500,"Full,Partially Finished",3 Car Attached,2,30504.58,CL,10/10/2017,3/25/2018,1/10/2018,4/16/2018,92,Det,1,1,2977406
3,,Woodbury Farms,Drive,Woodbury,11797,1789888,1765000,Colonial,5,3.500,"Full,Unfinished",3 Car Attached,2,30692.94,CL,4/25/2019,10/23/2019,8/02/2019,10/04/2019,99,Det,1,1,3122405
6,,Meadow,Road,Old Westbury,11568,2125000,1930000,Colonial,5,3.500,"Partial,Finished",2 Car Attached,2,34554.31,CL,5/14/2018,11/07/2018,12/04/2018,3/01/2019,204,Det,1,1,3029941
6,,The Rise,,Woodbury,11797,1329888,1237000,Farm Ranch,5,4.000,"Full,Finished",2 Car Attached,2,24464.56,CL,11/21/2017,5/31/2018,1/11/2018,2/27/2018,51,Det,1,1,2987066
8,,Beaufort,Lane,Woodbury,11797,2499888,2521000,Colonial,6,4.500,"Full,Unfinished",2 Car Attached,2,0.00,CL,7/23/2018,10/02/2019,2/15/2019,7/12/2019,207,Det,1,1,3050789
88,,Cypress,Drive,Woodbury,11797,1699999,1575000,Colonial,6,4.500,"Full,Finished",3 Car Attached,2,37013.26,CL,1/31/2018,7/31/2018,7/10/2018,8/24/2018,159,Det,1,1,3000705
388,,Titus,Way,E. Williston,11596,1299000,1215000,Colonial,4,2.500,"Full,Finished",1 Car Attached,2,20370.79,CL,6/21/2018,10/31/2018,8/01/2018,10/16/2018,41,Det,1,1,3041941
280,,Willis,Avenue,Muttontown,11791,1399000,1355000,Contemporary,5,3.500,"Full,Finished",2 Car Attached,2,24810.46,CL,2/27/2018,8/27/2018,5/11/2018,9/07/2018,72,Det,1,1,3007521
95,,Weeks,Road,E. Williston,11596,1349000,1280000,Colonial,4,2.500,"Full,Unfinished",1 Car Detached,2,0.00,CL,5/30/2018,6/30/2019,5/17/2019,6/19/2019,352,Det,1,1,3035055
50,,Field,Lane,Roslyn Heights,11577,2350000,2200000,Colonial,6,5.500,"Full,Unfinished",2 Car Attached,2,0.00,CL,9/09/2016,3/31/2017,1/19/2017,4/17/2017,132,Det,1,1,2881944
27,,Corncrib,Lane,Roslyn Heights,11577,2080000,1944550,Colonial,6,4.500,"Full,Finished",2 Car Attached,2,35904.00,CL,5/16/2017,11/18/2017,8/15/2017,9/19/2017,91,Det,1,1,2938776
1,,Sycamore,Lane,Roslyn Heights,11577,1749000,1749000,Colonial,5,4.500,"Full,Finished",2 Car Attached,2,46575.26,CL,3/27/2019,6/27/2019,3/28/2019,3/29/2019,1,Det,1,1,*1341699
73,,Bacon,Road,Old Westbury,11568,3995000,2850000,Contemporary,6,4.555,"Partial,Unfinished",3 Car Attached,2,96167.84,CL,10/13/2016,3/01/2019,2/19/2019,4/08/2019,859,Det,1,1,2890044
8,,Fox Meadow,Court,Woodbury,11797,1215000,1205000,Colonial,5,3.500,Full,2 Car Attached,2,30255.03,CL,11/08/2016,3/31/2017,3/13/2017,6/21/2017,124,Det,1,1,2895324
340,,Foxhunt,Crescent,Oyster Bay Cove,11791,1699000,1645000,Ranch,6,5.500,"Full,Finished",2 Car Attached,2,43125.60,CL,1/16/2017,9/16/2017,2/07/2017,5/23/2017,22,Det,1,1,2906905
11,S,Sagamore,Way,Jericho,11753,1600000,1340000,Colonial,4,3.550,"Full,Partially Finished",2 Car Attached,2,18698.56,CL,1/19/2017,12/31/2017,5/10/2017,11/20/2017,110,Det,1,1,2907850
30,,Orchard,Drive,E. Williston,11596,1795000,1785000,Colonial,4,3.000,"Full,Finished",2 Car Attached,2,21631.00,CL,1/28/2017,11/30/2017,3/03/2017,6/21/2017,34,Det,1,1,2909748
98,,Barnyard,Lane,Roslyn Heights,11577,2298000,2150000,Colonial,6,6.500,"Full,Finished",2 Car Attached,2,47958.11,CL,2/10/2017,2/10/2018,7/21/2017,8/08/2017,160,Det,1,1,2912998
12,,Meadow,Road,Old Westbury,11568,2395000,2300000,Exp Cape,4,4.550,"Full,Partially Finished",2 Car Attached,2,40128.78,CL,2/10/2017,8/10/2017,3/04/2017,7/31/2017,22,Det,1,1,2913037
125,,Sagamore,Drive,Syosset,11791,1998000,1900000,Colonial,6,5.500,"Full,Unfinished",3 Car Attached,2,39542.11,CL,2/14/2017,8/01/2017,4/25/2017,7/14/2017,69,Det,1,1,2913778
11,,Store Hill,Road,Old Westbury,11568,1499999,1406500,Contemporary,5,4.500,Full,,2,32148.89,CL,2/20/2017,12/31/2017,8/07/2017,10/25/2017,167,Det,1,1,2915080
265,,Foxhunt Crescent,,Oyster Bay Cove,11791,3750000,3200000,Colonial,5,4.500,"Full,Unfinished",2 Car Attached,2,40263.96,CL,3/20/2017,3/20/2018,6/12/2017,8/22/2017,84,Det,1,1,2922484
28,,Knoll,Lane,Roslyn Heights,11577,1998000,1950000,Colonial,4,4.550,"Full,Unfinished",,2,21527.00,CL,3/22/2017,11/21/2017,6/19/2017,7/28/2017,89,Det,1,1,2923191
5,,Old Farm,Lane,Old Westbury,11568,2299000,2150000,Contemporary,5,4.000,"Full,Finished",2 Car Attached,2,41645.58,CL,4/25/2017,5/01/2018,8/03/2017,11/07/2017,100,Det,1,1,2932436
90,,Northgate,Drive,Syosset,11791,1425000,1340000,Splanch,4,2.500,"Full,Finished",2 Car Attached,2,31182.77,CL,5/01/2017,11/01/2017,7/27/2017,9/20/2017,87,Det,1,1,2933727
2,,Sycamore,Drive,Woodbury,11797,1898000,1850000,Colonial,5,5.500,"Full,Unfinished",2 Car Attached,2,0.00,CL,4/20/2016,9/30/2017,8/15/2017,9/18/2017,482,Det,1,1,2942741
101,,Sterling,Court,Muttontown,11791,1549000,1385000,Colonial,5,4.000,"None,Unfinished",2 Car Attached,2,20711.40,CL,6/08/2017,3/31/2018,10/16/2017,12/14/2017,130,Det,1,1,2945332
41,,Clover,Lane,Roslyn Heights,11577,2295000,2180000,Colonial,6,5.500,"Full,Finished",2 Car Attached,2,47457.17,CL,7/11/2017,7/10/2018,10/27/2017,1/17/2018,108,Det,1,1,2954177
12,,Caumsett Farms,Lane,Woodbury,11797,1718000,1700000,Colonial,5,3.500,"Full,Finished",3 Car Attached,2,30097.00,CL,7/18/2017,1/17/2018,10/03/2017,12/08/2017,77,Det,1,1,2956192
1,,Campo,Circle,Old Westbury,11568,1298000,1280000,Ranch,5,5.000,"Full,Finished",,2,25863.04,CL,7/20/2017,10/31/2017,8/10/2017,10/31/2017,21,Det,1,1,2957045
62,,Schoolhouse,Lane,Roslyn Heights,11577,2595000,2375000,Colonial,6,6.500,"Full,Unfinished",2 Car Attached,2,0.00,CL,8/18/2017,8/18/2018,2/21/2018,4/23/2018,187,Det,1,1,2964545
1,,Carriage,Drive,Old Westbury,11568,2995000,2750000,Contemporary,5,5.500,"Partial,Finished",3 Car Attached,2,57478.47,CL,10/10/2017,10/10/2018,12/14/2017,4/24/2018,65,Det,1,1,2977425
29,,Pinetree,Lane,Old Westbury,11568,2495000,2400000,Contemporary,5,5.550,"Full,Finished",2 Car Attached,2,90386.00,CL,10/18/2017,10/15/2018,4/17/2018,6/18/2018,181,Det,1,1,2979460
77,,Barnyard,Lane,Roslyn Heights,11577,2495000,2425000,Colonial,6,6.500,"Full,Finished",2 Car Attached,2,49289.55,CL,12/01/2017,7/11/2018,12/22/2017,3/26/2018,21,Det,1,1,2988815
10,,Red Ground,Road,Old Westbury,11568,3995000,3450000,Colonial,10,6.550,Full,3 Car Attached,2,66722.65,CL,12/01/2017,11/03/2018,8/23/2018,11/02/2018,265,Det,1,1,2988908
75,,Coves,Run,Oyster Bay Cove,11791,1899999,1692500,Colonial,5,5.500,"Full,Finished",2 Car Attached,2,39212.41,CL,1/16/2018,6/30/2018,3/26/2018,6/18/2018,68,Det,1,1,2996839
70,,Dogleg,Lane,Roslyn Heights,11577,2398000,2250000,Colonial,7,6.500,"Full,Finished",,2,0.00,CL,1/31/2018,6/30/2018,6/25/2018,8/13/2018,144,Det,1,1,3000649
2000,,Knollwood,Lane,Muttontown,11791,2490000,2200000,Farm Ranch,5,4.000,"Full,Partially Finished",3 Car Attached,2,47552.46,CL,2/14/2018,2/14/2019,4/09/2018,8/16/2018,53,Det,1,1,3004601
5,,Hillcrest,Lane,Woodbury,11797,2499000,2380000,Colonial,5,4.500,Full,3 Car Attached,2,0.00,CL,8/07/2017,4/30/2019,2/22/2019,5/06/2019,564,Att,1,1,3015338
8,,Red Ground,Road,Old Westbury,11568,3595000,3500000,Colonial,6,7.500,"Full,Finished",3 Car Attached,2,66999.67,CL,4/09/2018,6/30/2020,11/27/2019,2/04/2020,597,Det,1,1,3018816
1,,Belmont Drive S.,,Roslyn Heights,11577,1399000,1350000,Contemporary,5,4.000,"Full,Finished",2 Car Attached,2,0.00,CL,4/12/2018,10/31/2018,6/06/2018,8/10/2018,55,Det,1,1,3020198
22,,Fairbanks,Boulevard,Woodbury,11797,1379000,1275000,Colonial,5,3.500,"Full,Finished",2 Car Attached,2,29284.98,CL,4/23/2018,6/23/2018,5/18/2018,9/24/2018,25,Det,1,1,3023131
31,,Kodiak,Drive,Woodbury,11797,1774999,1760000,Colonial,6,5.500,"Partial,Finished",,2,39371.00,CL,5/04/2018,11/15/2018,9/01/2018,11/09/2018,120,Det,1,1,3027001
9,,Arbor,Lane,Roslyn Heights,11577,1838000,1650000,Colonial,6,4.500,"Full,Finished",2 Car Attached,2,42287.08,CL,5/09/2018,11/07/2018,7/20/2018,10/26/2018,72,Det,1,1,3028692
173,,Plainview,Road,Woodbury,11797,1199000,1250000,Colonial,4,3.500,"Full,Finished",2 Car Attached,2,24947.45,CL,5/11/2018,11/08/2018,6/12/2018,9/12/2018,32,Det,1,1,3029458
1314,,Ridge,Road,Laurel Hollow,11791,3895000,3700000,Colonial,5,5.550,"Full,Finished",4+ Car Detached,2,53049.13,CL,5/23/2018,2/28/2019,6/15/2018,10/03/2018,23,Det,1,1,3033085
40,,Percheron,Lane,Roslyn Heights,11577,2950000,2620000,Colonial,5,4.500,"Full,Finished",2 Car Attached,2,61202.51,CL,5/29/2018,11/24/2018,8/23/2018,12/13/2018,86,Det,1,1,3034223
4,,Ridge,Drive,Old Westbury,11568,1999000,1867000,Split Level,6,4.500,"Full,Finished",2 Car Attached,2,24055.80,CL,5/31/2018,5/29/2019,7/02/2018,9/10/2018,32,Det,1,1,3035166
70,,Wynn,Court,Syosset,11791,1399000,1370000,Colonial,5,2.500,"Full,Partially Finished",2 Car Attached,2,38946.48,CL,7/10/2018,7/09/2019,7/31/2018,8/15/2018,21,Att,1,1,3046879
111,,Yukon,Drive,Woodbury,11797,1475000,1422500,Exp Ranch,5,5.500,"Partial,Finished",3 Car Attached,2,43618.00,CL,8/14/2018,5/31/2019,12/27/2018,3/26/2019,135,Det,1,1,3056780
21,,Field,Lane,Roslyn Heights,11577,2595000,2300000,Contemporary,5,5.500,"Full,Finished",2 Car Attached,2,51785.69,CL,8/21/2018,8/20/2019,1/18/2019,2/13/2019,150,Det,1,1,3058872
25,,Downing,Street,E. Williston,11596,1399000,1250000,Other,5,3.500,"Full,Finished",2 Car Attached,2,19316.00,CL,10/01/2018,9/26/2019,1/22/2019,4/30/2019,113,Det,1,1,3069524
37,,Spring,Court,Muttontown,11791,1699000,1665000,Colonial,4,4.000,Full,,2,33533.36,CL,10/12/2018,4/15/2019,11/19/2018,1/04/2019,38,Det,1,1,3072968
24,,The Grasslands,,Woodbury,11797,1359000,1300000,Colonial,5,3.500,Full,3 Car Attached,2,29441.88,CL,10/15/2018,10/15/2019,4/19/2019,6/19/2019,186,Det,1,1,3073555
1500,,Laurel Hollow Ro,,Laurel Hollow,11791,1399000,1389000,Colonial,5,3.500,"Full,Finished",2 Car Detached,2,21663.40,CL,10/17/2018,10/01/2019,11/15/2018,1/15/2019,29,Det,1,1,3074252
69,,Argyle,Road,Albertson,11507,1425000,1339000,Colonial,5,3.000,"Full,Unfinished",1 Car Attached,2,0.00,CL,11/15/2018,5/31/2019,3/08/2019,3/28/2019,113,Det,1,1,3081552
139,,Plainview,Road,Woodbury,11797,1399000,1320000,Colonial,5,5.500,"Full,Finished",2 Car Attached,2,47633.85,CL,12/06/2018,7/15/2019,4/11/2019,6/07/2019,125,Det,1,1,3085506
150,,Foxhunt,Crescent,Oyster Bay Cove,11791,1599000,1575000,Colonial,5,4.500,"Full,Finished",2 Car Attached,2,35982.59,CL,2/11/2019,2/11/2020,3/01/2019,6/07/2019,18,Det,1,1,3100179
51,,Warner,Lane,Syosset,11791,1535000,1428000,Colonial,5,4.500,"Partial,Finished",,2,44487.77,CL,4/01/2019,10/01/2019,4/18/2019,8/09/2019,17,Det,1,1,3114317
16,,Woodbury Farms,Drive,Woodbury,11797,1499999,1499999,Colonial,5,3.500,"Full,Finished",3 Car Attached,2,46723.32,CL,5/02/2019,11/02/2019,5/14/2019,8/15/2019,12,Det,1,1,3124621
6,,Carriage,Drive,Old Westbury,11568,4588000,3900000,Colonial,6,6.500,"Full,Unfinished",,2,0.00,CL,5/15/2019,2/13/2020,12/14/2019,1/31/2020,213,Det,1,1,3128751
9,,Juneau,Boulevard,Woodbury,11797,1525000,1485000,Colonial,7,6.500,"Full,Finished",2 Car Attached,2,31535.59,CL,5/16/2019,12/15/2019,7/24/2019,9/20/2019,69,Det,1,1,3129389
14,,Fairbanks,Boulevard,Woodbury,11797,1425000,1350000,Colonial,6,4.500,Full,2 Car Attached,2,37042.91,CL,7/11/2019,1/11/2020,8/10/2019,10/04/2019,30,Det,1,1,3146168
55,,Belmont,Circle,Syosset,11791,1249888,1249000,Colonial,5,4.500,"Full,Unfinished",1 Car Attached,2,0.00,CL,8/07/2019,11/07/2019,11/04/2019,12/20/2019,89,Det,1,1,3154098
459,,Cold Spring,Road,Laurel Hollow,11791,2600000,2650000,Colonial,6,4.500,Full,3 Car Attached,2,20139.00,CL,5/28/2019,11/28/2019,10/29/2019,2/14/2020,154,Det,1,1,3163026
52,,E. Kathleen Driv,,Syosset,11791,1279000,1220000,Colonial,6,4.500,"Full,Unfinished",2 Car Attached,2,0.00,CL,3/31/2017,4/30/2018,5/02/2017,1/16/2018,32,Det,1,1,*1303349
5,,Willets,Avenue,Syosset,11791,1450000,1438000,Colonial,5,4.000,"Full,Unfinished",2 Car Attached,2,0.00,CL,3/01/2018,6/30/2019,3/22/2018,3/06/2019,20,Det,1,1,*1337281
31,,Windemere,Way,Woodbury,11797,1749000,1550000,Contemporary,8,6.500,"Full,Finished",3 Car Attached,2,32593.88,CL,1/15/2016,4/30/2017,4/15/2017,11/20/2017,455,Det,1,1,2822049
57,,Dogleg,Lane,Roslyn Heights,11577,1800000,1730000,Colonial,6,4.500,Full,,2,32000.00,CL,3/09/2016,12/30/2017,3/23/2018,4/19/2018,743,Det,1,1,2834501
2,,Parkway,Drive,Roslyn Heights,11577,2580000,2518000,Colonial,6,4.500,"Full,Unfinished",,2,0.00,CL,4/07/2016,4/30/2017,7/20/2016,4/10/2017,104,Det,1,1,2842351
17,,Shadow,Lane,Woodbury,11797,2495000,2315000,Colonial,6,5.500,"Full,Unfinished",2 Car Attached,2,0.00,CL,9/13/2016,4/17/2017,2/23/2017,3/31/2017,163,Att,1,1,2882959
34,,Shadetree,Lane,Roslyn Heights,11577,2295000,2050000,Colonial,5,4.500,"Full,Unfinished",2 Car Attached,2,0.00,CL,9/29/2016,9/29/2017,5/08/2017,9/19/2017,221,Det,1,1,2886918
50,,Westgate,Road,Muttontown,11791,3295000,2900000,Colonial,5,5.500,"Full,Finished",3 Car Attached,2,60363.00,CL,10/20/2016,10/01/2017,7/27/2017,8/14/2017,280,Det,1,2,2891527
1543,,Laurel Hollow,Road,Laurel Hollow,11791,1349000,1235000,Colonial,6,4.500,"Full,Unfinished",2 Car Attached,2,33016.00,CL,11/22/2016,5/31/2017,3/21/2017,4/21/2017,118,Det,1,1,2898052
25,,Stirrup,Lane,Muttontown,11791,1400000,1375000,Colonial,6,4.500,"Partial,Finished",2 Car Attached,2,28493.82,CL,5/08/2016,12/31/2017,6/29/2017,8/15/2017,417,Det,1,1,2904543
3,,Chauncey,Place,Woodbury,11797,1688000,1550000,Colonial,5,3.500,"Full,Finished",3 Car Attached,2,39684.74,CL,1/10/2017,6/30/2017,4/05/2017,5/15/2017,84,Det,1,1,2905879
17,,Windsor,Drive,Old Westbury,11568,1895000,1500000,Contemporary,4,3.500,"Partial,Finished",3 Car Attached,2,49197.00,CL,1/23/2017,10/20/2017,4/19/2017,7/28/2017,85,Det,1,1,2908409
1952,,Midlane South,,Muttontown,11791,1428000,1258000,Colonial,5,5.000,"Full,Finished",3 Car Attached,2,40193.77,CL,1/23/2017,8/01/2017,4/20/2017,6/30/2017,86,Det,1,1,2908420
22,,Stratford,Place,Syosset,11791,1649000,1625000,Farm Ranch,6,5.000,"Full,Finished",2 Car Attached,2,27700.97,CL,2/01/2017,8/31/2017,2/15/2017,6/26/2017,14,Det,1,1,2910548
24,,Woodbury Farms,Drive,Woodbury,11797,1995000,1860000,Colonial,6,4.500,"Full,Unfinished",,2,42735.17,CL,2/08/2017,8/01/2018,4/23/2018,7/31/2018,438,Det,1,1,2912399
6,,Carriage,Drive,Old Westbury,11568,1600000,1400000,Contemporary,5,5.500,"Full,Unfinished",2 Car Attached,2,43966.00,CL,2/23/2017,2/28/2018,11/10/2017,1/19/2018,260,Det,1,1,2915837
27,,Club,Drive,Roslyn Heights,11577,1498000,1380000,Farm Ranch,5,4.000,"None,Unfinished",2 Car Attached,2,25122.16,CL,2/27/2017,10/30/2017,8/16/2017,10/06/2017,169,Det,1,1,2916722
3,,Windsor,Drive,Old Westbury,11568,2295000,2050000,Contemporary,5,4.500,"Full,Finished",3 Car Attached,2,42085.26,CL,3/06/2017,5/31/2017,4/28/2017,6/30/2017,52,Det,1,1,2918928
23,,The Pines,,Old Westbury,11568,2100000,1825000,Ranch,5,5.500,"Full,Finished",3 Car Attached,2,36000.00,CL,3/11/2017,3/11/2018,3/27/2017,6/23/2017,15,Det,1,1,2920537
23,,Azalea,Drive,Syosset,11791,1449000,1430000,Colonial,4,3.500,"Full,Unfinished",2 Car Attached,2,0.00,CL,3/15/2017,9/15/2017,4/19/2017,8/23/2017,35,Det,1,1,2921157
85,W,Coachman,Place,Muttontown,11791,1399000,1399000,Colonial,6,4.500,"Full,Finished",2 Car Attached,2,24842.00,CL,3/20/2017,9/20/2017,4/25/2017,6/26/2017,36,Det,1,1,2921963
5,,Shadetree,Lane,Roslyn Heights,11577,2200000,2200000,Colonial,6,6.500,"Full,Finished",,2,47088.00,CL,3/22/2017,10/01/2017,5/01/2017,7/31/2017,40,Att,1,1,2923011
61,,Percheron,Lane,Roslyn Heights,11577,2688000,2300000,Colonial,6,5.500,"Full,Finished",2 Car Attached,2,0.00,CL,3/23/2017,12/31/2017,5/03/2017,6/09/2017,41,Det,1,1,2923595
39,,Calvin,Avenue,Syosset,11791,1748888,1650000,Colonial,5,4.500,Full,2 Car Attached,2,0.00,CL,3/27/2017,6/30/2017,4/18/2017,6/20/2017,22,Det,1,1,2924185
115,W,Coachman,Place,Muttontown,11791,1695000,1540000,Colonial,6,5.500,"Full,Finished",2 Car Attached,2,41600.07,CL,3/28/2017,9/19/2017,8/11/2017,10/06/2017,136,Det,1,1,2924699
27,,Vista,,Laurel Hollow,11791,2595000,2250000,Post Modern,6,5.500,"Full,Finished",3 Car Attached,2,32041.80,CL,4/02/2017,9/30/2017,4/21/2017,6/26/2017,19,Det,1,1,2926106
25,,Hilltop,Court,Woodbury,11797,1299000,1280000,Colonial,4,2.550,"Full,Finished",2 Car Attached,2,17315.51,CL,4/03/2017,6/30/2017,5/15/2017,8/04/2017,42,Det,1,1,2926173
14,,Elizabeth,Drive,Laurel Hollow,11791,2349900,2151000,Colonial,5,3.500,"Full,Unfinished",2 Car Attached,2,20179.48,CL,4/03/2017,8/31/2018,6/30/2017,11/10/2017,88,Det,1,1,2926367
105,,Hickman,,Syosset,11791,1658000,1625000,Exp Ranch,4,3.500,"Full,Finished",2 Car Attached,2,23139.80,CL,4/07/2017,9/30/2017,5/01/2017,8/28/2017,24,Det,1,1,2927524
11,,Summit,Avenue,E. Williston,11596,1298000,1240000,Colonial,4,2.500,Full,,2,22405.00,CL,4/07/2017,12/30/2017,5/23/2017,8/15/2017,46,Det,1,1,2927664
499,,Cold Spring,Road,Laurel Hollow,11791,2600000,2409500,Colonial,6,5.500,Full,,2,0.00,CL,4/25/2017,10/31/2017,10/12/2017,11/17/2017,170,Det,1,1,2932326
1326,,Ridge,Road,Laurel Hollow,11791,2400000,2350000,Colonial,5,4.500,"Full,Partially Finished",3 Car Attached,2,36736.90,CL,4/28/2017,12/08/2017,5/31/2017,7/26/2017,33,Det,1,1,2933273
55,,Belvedere,Drive,Syosset,11791,2500000,2300000,Colonial,5,4.500,"Full,Finished",,2,51623.81,CL,4/04/2016,3/22/2018,2/20/2018,4/12/2018,687,Det,1,1,2934996
172,,Burtis,Lane,Muttontown,11791,1339000,1300000,Colonial,5,3.000,"Full,Finished",2 Car Attached,2,29961.19,CL,5/04/2017,5/04/2018,11/17/2017,2/09/2018,197,Att,1,1,2935058
1200,,Cove Edge,Road,Laurel Hollow,11791,1299000,1230000,Exp Cape,5,3.500,Full,2 Car Attached,2,18978.36,CL,5/09/2017,5/08/2018,10/16/2017,2/01/2018,160,Det,1,1,2936746
190,,Circle,Road,Muttontown,11791,2400000,2000000,Colonial,6,5.550,Full,3 Car Attached,2,74877.61,CL,5/17/2017,2/21/2018,1/12/2018,4/18/2018,240,Det,1,1,2939186
17,,High,Street,E. Williston,11596,1359000,1290000,Victorian,4,3.500,"Full,Partially Finished",,2,15418.00,CL,9/13/2017,6/28/2018,3/02/2018,5/02/2018,170,Det,1,1,2970799
1,,The Dell,,Woodbury,11797,1548000,1500000,Colonial,5,3.500,Full,2 Car Attached,2,36628.00,CL,10/06/2017,4/15/2018,11/22/2017,5/31/2018,47,Det,1,1,2976604
80,,Melanie,Lane,Syosset,11791,1349000,1285000,Colonial,6,4.500,"Full,Unfinished",2 Car Attached,2,21796.55,CL,10/11/2017,6/12/2018,3/12/2018,5/14/2018,152,Det,1,1,2977869
29,,Pasture,Lane,Roslyn Heights,11577,1799888,1550000,Colonial,5,4.500,"Full,Unfinished",2 Car Attached,2,44113.20,CL,10/25/2017,6/01/2018,5/21/2018,6/08/2018,208,Det,1,1,2980986
35,,Stone Hill,Drive,Muttontown,11791,4598000,4350000,Colonial,7,8.500,"Full,Unfinished",4+ Car Attached,2,79526.00,CL,10/31/2017,10/24/2018,1/31/2018,7/19/2018,92,Det,1,1,2982299
27,,Post,Avenue,E. Williston,11596,1789000,1550000,Colonial,4,2.500,Full,,2,30723.00,CL,11/03/2017,4/30/2018,2/12/2018,5/14/2018,101,Det,1,1,2983187
151,,Bacon,Road,Old Westbury,11568,1895000,1795000,Exp Ranch,6,4.500,"Partial,Finished",3 Car Attached,2,33549.00,CL,11/08/2017,5/08/2018,1/26/2018,5/17/2018,79,Det,1,1,2984255
49,,Sherman,Drive,Syosset,11791,1388000,1330000,Colonial,6,4.500,"Full,Unfinished",2 Car Attached,2,16027.35,CL,11/16/2017,5/15/2018,4/25/2018,6/25/2018,159,Det,1,1,2986215
6,,Bostwick,Lane,Old Westbury,11568,1500000,1212750,Contemporary,4,4.500,Full,,2,65224.50,CL,12/05/2017,3/01/2018,12/26/2017,1/31/2018,21,Det,1,1,2989947
35,,Fairbanks,Boulevard,Woodbury,11797,2588000,2600000,Colonial,5,4.500,"Full,Unfinished",3 Car Detached,2,0.00,CL,12/21/2017,9/28/2018,2/26/2018,12/10/2018,67,Det,1,1,2992429
178,,Forest,Drive,Jericho,11753,1398000,1350000,Colonial,6,4.500,"Full,Unfinished",2 Car Attached,2,0.00,CL,1/10/2018,5/31/2018,4/13/2018,6/19/2018,92,Det,1,1,2995809
1495,,Laurel Hollow,Road,Laurel Hollow,11791,1575000,1525000,Colonial,5,4.500,Full,3 Car Attached,2,36257.48,CL,1/16/2018,12/04/2018,3/30/2018,6/22/2018,72,Det,1,1,2996868
15,,Pleasant,Lane,Oyster Bay Cove,11771,4495000,4350000,Colonial,6,5.000,Full,,2,50833.66,CL,1/17/2018,11/11/2018,2/09/2018,3/29/2018,23,Det,1,1,2997291
12,,Fox Hollow,Lane,Old Westbury,11568,1450000,1300000,Ranch,3,2.500,"Full,Partially Finished",2 Car Attached,2,24173.00,CL,2/01/2018,11/30/2018,6/27/2018,10/19/2018,145,Det,1,1,3001133
7,,Nathan,Court,Syosset,11791,1288000,1288000,Colonial,5,3.500,Full,2 Car Attached,2,13191.00,CL,2/03/2018,2/02/2019,1/31/2019,3/26/2019,362,Det,1,1,3001707
90,,Stillwell,Lane,Woodbury,11797,1775000,1750000,Post Modern,6,5.500,"Full,Finished",3 Car Attached,2,44820.00,CL,2/05/2018,8/01/2018,2/18/2018,5/15/2018,13,Det,1,1,3001860
21,,Chelsea,Drive,Syosset,11791,1748888,1700000,Colonial,5,4.500,Full,2 Car Attached,2,0.00,CL,6/21/2017,10/31/2018,5/03/2018,6/26/2018,316,Det,1,1,3005480
1,,Cedarwood,Court,Laurel Hollow,11791,1850000,1835000,Farm Ranch,7,5.500,"Partial,Finished",2 Car Attached,2,29942.52,CL,2/19/2018,11/18/2018,3/06/2018,7/23/2018,15,Det,1,1,3005598
6,,Rodeo,Circle,Syosset,11791,1479000,1445000,Post Modern,6,4.500,"Full,Finished",2 Car Attached,2,36602.34,CL,2/24/2018,5/31/2018,4/26/2018,7/05/2018,60,Det,1,1,3006982
18,,Preston,Lane,Syosset,11791,1229000,1220000,Colonial,5,3.000,"Full,Unfinished",2 Car Attached,2,13264.95,CL,2/27/2018,8/28/2018,4/25/2018,6/25/2018,56,Det,1,1,3007768
48,,Hilltop,Drive,Laurel Hollow,11791,2400000,2355000,Colonial,6,5.500,Full,3 Car Attached,2,40137.10,CL,8/02/2017,8/08/2018,6/08/2018,7/24/2018,310,Det,1,1,3009491
12,,Bass Pond,Drive,Old Westbury,11568,2099000,1750000,Contemporary,5,5.550,"Full,Finished",3 Car Attached,2,45394.42,CL,3/12/2018,9/12/2018,4/06/2018,6/18/2018,25,Det,1,1,3011368
38,,Belmont,Circle,Syosset,11791,1248000,1225000,Colonial,4,2.500,"Full,Finished",2 Car Attached,2,25261.80,CL,3/15/2018,10/05/2018,4/25/2018,6/29/2018,41,Det,1,1,3012136
4,,Pleasant,Lane,Oyster Bay Cove,11771,3650000,3325000,Colonial,7,8.550,"Full,Finished",3 Car Attached,2,77939.22,CL,3/22/2018,9/12/2018,7/23/2018,8/30/2018,123,Det,1,1,3014208
19,,Meadow,Road,Old Westbury,11568,1725000,1600000,Farm Ranch,7,5.500,Full,2 Car Attached,2,31771.00,CL,3/26/2018,12/23/2018,11/14/2018,1/28/2019,233,Det,1,1,3014855
66,,Meadowbrook,Road,Syosset,11791,1479000,1479000,Colonial,4,3.500,"Full,Unfinished",2 Car Attached,2,29671.96,CL,3/26/2018,8/31/2018,4/18/2018,9/05/2018,23,Det,1,1,3015111
5,,Keri,Way,Woodbury,11797,1495000,1350000,Colonial,5,3.500,"Full,Finished",2 Car Attached,2,39299.79,CL,3/29/2018,12/31/2018,8/20/2018,11/08/2018,144,Att,1,1,3016154
6,,Debra,Court,Old Westbury,11568,1699000,1470000,Exp Ranch,5,4.000,Full,2 Car Attached,2,34184.96,CL,4/11/2018,6/30/2019,1/02/2019,3/08/2019,266,Det,1,1,3019758
359,,Cold Spring,Road,Syosset,11791,1299000,1250000,Exp Ranch,4,5.000,"Full,Finished",2 Car Attached,2,28162.94,CL,4/19/2018,11/01/2018,12/12/2018,2/28/2019,237,Det,1,1,3022247
11,,North,Street,Syosset,11791,1499000,1425000,Colonial,5,3.500,"Full,Unfinished",2 Car Attached,2,24613.38,CL,5/03/2018,11/03/2018,7/04/2018,8/15/2018,62,Det,1,1,3026623
350,,Annandale,Drive,Oyster Bay Cove,11791,1739000,1650000,Colonial,5,3.500,"Full,Finished",2 Car Attached,2,33304.22,CL,5/03/2018,10/31/2018,5/25/2018,7/13/2018,22,Det,1,1,3026768
1,,Foxhunt,Crescent,Oyster Bay Cove,11791,1669000,1600000,Colonial,5,4.550,"Full,Finished",4+ Car Attached,2,52265.00,CL,5/21/2018,9/30/2018,6/11/2018,7/19/2018,21,Att,1,1,3032252
18,,Pine,Drive,Woodbury,11797,1899000,1850000,Colonial,6,4.500,"Partial,Finished",3 Car Attached,2,42987.22,CL,5/27/2018,12/31/2018,10/03/2018,11/29/2018,129,Det,1,1,3033891
9,,Shannon,Drive,Woodbury,11797,1698888,1675000,Colonial,5,4.500,"Full,Finished",2 Car Attached,2,39770.66,CL,5/30/2018,8/30/2018,7/26/2018,11/14/2018,57,Det,1,1,3034700
5,,Haddington,Drive,Old Westbury,11568,1998000,1800000,Ranch,4,5.000,Full,3 Car Attached,2,33073.83,CL,6/05/2018,6/02/2019,9/12/2018,11/16/2018,99,Det,1,1,3036711
31,E,Hillside,Lane,Syosset,11791,1399000,1332500,Colonial,5,4.000,"Full,Unfinished",2 Car Attached,2,0.00,CL,6/08/2018,9/07/2018,7/05/2018,10/05/2018,27,Det,1,1,3037677
10,,Shannon,Drive,Woodbury,11797,1359000,1285000,Colonial,5,3.500,"Full,Unfinished",1 Car Attached,2,42887.97,CL,6/13/2018,1/11/2019,7/05/2018,9/13/2018,22,Det,1,1,3039147
14,,Holly,Drive,Syosset,11791,1399000,1350000,Colonial,5,3.000,"Full,Unfinished",2 Car Attached,2,12046.88,CL,6/14/2018,4/01/2019,7/19/2018,9/17/2018,35,Det,1,1,3039477
5,,Amber,Lane,Oyster Bay Cove,11771,2495000,2425000,Contemporary,6,5.550,Full,,2,33539.00,CL,6/15/2018,4/28/2019,12/20/2018,2/08/2019,188,Det,1,1,3040104
71,,Balsar,Court,Muttontown,11791,1499000,1400000,Colonial,4,3.500,"Partial,Finished",3 Car Attached,2,27015.27,CL,6/20/2018,9/20/2018,8/13/2018,10/12/2018,54,Det,1,1,3041582
15,,Wildwood,Drive,Laurel Hollow,11791,1599000,1550000,Colonial,5,6.500,Full,3 Car Attached,2,29676.00,CL,6/25/2018,5/31/2019,9/27/2018,3/27/2019,94,Det,1,1,3042691
41,,Stirrup,Lane,Roslyn Heights,11577,2188000,2000000,Colonial,6,4.500,"Full,Finished",,2,41475.00,CL,7/01/2018,5/04/2019,3/19/2019,8/19/2019,261,Det,1,1,3044843
25,,Saddle,Lane,Roslyn Heights,11577,2295000,2220000,Colonial,6,5.500,"Full,Finished",2 Car Attached,2,0.00,CL,7/04/2018,12/04/2018,11/01/2018,1/08/2019,120,Det,1,1,3045542
51,,Strawberry,Lane,Roslyn Heights,11577,2395000,2082500,Colonial,5,5.500,"Full,Unfinished",2 Car Attached,2,23467.27,CL,7/10/2018,1/15/2020,8/07/2019,10/25/2019,393,Det,1,1,3047456
34,,The Pines,,Old Westbury,11568,1995000,1800000,Post Modern,6,7.500,"Full,Finished",3 Car Attached,2,61155.23,CL,9/05/2018,7/19/2019,2/14/2019,5/24/2019,162,Det,1,1,3062542
38,,Cherry Ln E,,Syosset,11791,1349000,1300000,Farm Ranch,5,4.500,"Full,Finished",,2,25653.62,CL,9/07/2018,6/01/2019,2/14/2019,5/14/2019,160,Det,1,1,3063190
27,,Chauncey,Place,Woodbury,11797,1638000,1400000,Colonial,5,3.500,"Full,Finished",2 Car Attached,2,38457.00,CL,9/27/2018,6/30/2019,11/08/2018,3/08/2019,42,Det,1,1,3068719
60,,Coves,Run,Oyster Bay Cove,11791,1449000,1325000,Contemporary,5,4.500,"Full,Unfinished",3 Car Attached,2,29173.45,CL,10/31/2018,9/15/2019,8/30/2019,10/28/2019,303,Det,1,1,3077556
126,,Celia,Drive,Jericho,11753,1388000,1328000,Colonial,5,4.500,"Full,Unfinished",2 Car Attached,2,0.00,CL,11/05/2018,10/31/2019,4/29/2019,10/11/2019,174,Det,1,1,3079005
31,,Caumsett Woods,Lane,Woodbury,11797,1499000,1465000,Colonial,7,4.000,"Full,Finished",2 Car Attached,2,40788.00,CL,11/07/2018,4/06/2019,11/21/2018,2/27/2019,14,Det,1,1,3079573
17,,I.U. Willets,Road,Old Westbury,11568,1749900,1450000,Colonial,4,3.500,"Partial,Unfinished",,2,46693.23,CL,11/13/2018,5/13/2019,1/17/2019,3/14/2019,65,Det,1,1,3081018
6,,Kingwood,Court,Muttontown,11791,2699000,2387500,Colonial,6,5.500,Full,,2,66269.62,CL,1/31/2019,7/31/2019,5/10/2019,6/17/2019,98,Det,1,1,3097891
58,,Fountain,Lane,Jericho,11753,1399888,1298000,Colonial,5,3.000,"Full,Unfinished",1 Car Attached,2,0.00,CL,2/07/2019,8/15/2019,4/17/2019,7/25/2019,68,Det,1,1,3099426
15,,Wheatley,Road,Old Westbury,11568,4198000,3875000,Colonial,5,6.500,"Full,Unfinished",3 Car Attached,2,0.00,CL,2/07/2019,1/20/2020,7/30/2019,1/10/2020,172,Det,1,1,3099515
16,,Rodeo,Circle,Syosset,11791,1559000,1442000,Contemporary,5,4.500,"Full,Finished",2 Car Attached,2,27581.26,CL,2/28/2019,2/28/2020,4/12/2019,8/21/2019,42,Det,1,1,3104738
11,,School,Street,E. Williston,11596,1598000,1500000,Colonial,4,3.500,Full,,2,22747.00,CL,2/28/2019,12/01/2019,8/26/2019,11/08/2019,178,Det,1,1,3105172
32,,Renee,Road,Syosset,11791,1468000,1440000,Colonial,5,4.000,"Full,Unfinished",2 Car Attached,2,0.00,CL,3/02/2019,9/02/2019,4/09/2019,7/12/2019,37,Det,1,1,3105393
82,,Stillwell,Lane,Woodbury,11797,2298000,2303000,Colonial,7,7.500,"Full,Finished",3 Car Attached,2,54256.00,CL,3/06/2019,12/30/2019,3/19/2019,6/24/2019,12,Det,1,1,3106470
60,,Hunters,Drive,Muttontown,11791,1349000,1275000,Colonial,5,4.500,"Full,Finished",2 Car Attached,2,27928.54,CL,4/24/2019,10/24/2019,9/06/2019,12/10/2019,135,Det,1,1,3121981
23,,Fairview,Avenue,E. Williston,11596,1475000,1410000,Colonial,4,2.500,"Full,Finished",,2,29647.00,CL,5/01/2019,3/26/2020,5/23/2019,7/11/2019,22,Det,1,1,3124167
53,,Turf,Lane,Roslyn Heights,11577,1750000,2100000,Colonial,5,4.500,"Full,Finished",1 Car Detached,2,59245.00,CL,5/23/2019,6/22/2019,6/20/2019,7/31/2019,28,Det,1,1,3131685
19,,Alexander,Drive,Syosset,11791,1299000,1260000,Colonial,5,3.500,"Full,Unfinished",2 Car Attached,2,7583.00,CL,6/01/2019,5/31/2020,2/20/2020,3/17/2020,264,Det,1,1,3134152
6,,Turret,Lane,Woodbury,11797,1799000,1700000,Contemporary,5,4.500,"Full,Finished",,2,29558.62,CL,6/05/2019,6/01/2020,6/28/2019,11/26/2019,23,Att,1,2,3135469
11,,Hickman,Street,Syosset,11791,1460000,1420000,Colonial,4,3.500,"Partial,Finished",2 Car Attached,2,21878.10,CL,6/26/2019,6/26/2020,7/11/2019,9/12/2019,15,Det,1,1,3142148
55,,Coves Run,,Oyster Bay Cove,11791,2800000,2750000,Mediterranean,6,7.000,"Full,Finished",3 Car Attached,2,47621.00,CL,6/27/2019,6/25/2020,7/15/2019,9/19/2019,18,Det,1,1,3142313
4,,Seward,Drive,Woodbury,11797,1549000,1500000,Colonial,4,3.500,"Full,Finished",2 Car Attached,2,24978.00,CL,6/29/2019,6/29/2020,8/30/2019,11/08/2019,62,Att,1,1,3143106
3,,Pinetree,Lane,Old Westbury,11568,2295000,2100000,Contemporary,5,4.500,"Full,Unfinished",2 Car Attached,2,30243.00,CL,7/08/2019,12/31/2019,7/31/2019,11/19/2019,23,Det,1,1,3144847
70,,Wyoming,Court,Syosset,11791,1288000,1230000,Colonial,5,3.000,"Full,Unfinished",2 Car Attached,2,0.00,CL,7/08/2019,5/31/2020,11/19/2019,1/09/2020,134,Det,1,1,3145001
32,,Glendale,Drive,Oyster Bay Cove,11771,1399000,1315000,Colonial,5,3.500,"Full,Unfinished",2 Car Attached,2,36346.99,CL,7/26/2019,1/26/2020,12/13/2019,2/27/2020,140,Det,1,1,3150778
40,,Saddle,Lane,Roslyn Heights,11577,1999999,1710000,Colonial,6,5.500,"Full,Finished",2 Car Attached,2,51537.40,CL,8/06/2019,8/06/2020,10/18/2019,12/26/2019,73,Det,1,1,3153683
3,,Crocus,Drive,Syosset,11791,1449000,1380000,Colonial,5,3.500,Full,,2,0.00,CL,8/21/2019,2/21/2020,10/23/2019,12/03/2019,63,Det,1,1,3157905
470,,Annandale,Drive,Oyster Bay Cove,11791,1699000,1590000,Farm Ranch,6,6.000,"Full,Finished",3 Car Attached,2,50820.87,CL,10/22/2019,3/31/2020,1/03/2020,2/26/2020,73,Det,1,1,3174523
50,,Cedarfield,Road,Laurel Hollow,11791,1295000,1260000,Colonial,4,2.500,"Full,Finished",2 Car Attached,2,19931.31,CL,8/14/2017,4/30/2018,8/31/2017,10/24/2017,17,Det,1,1,*1293005
201,,Bristol,Drive,Woodbury,11797,1599995,1575000,Colonial,4,3.500,"Full,Unfinished",2 Car Attached,2,33372.37,CL,2/24/2018,8/24/2018,3/27/2018,7/18/2018,30,Det,1,1,*1307647
18,,White Oak Tree,,Laurel Hollow,11791,1730000,1730000,Farm Ranch,4,4.000,"Full,Finished",2 Car Attached,2,24737.42,CL,3/30/2018,8/30/2018,6/11/2018,7/30/2018,73,Det,1,1,*1322906
8,,Nome,Drive,Woodbury,11797,1765000,1525000,Colonial,7,3.550,"Partial,Unfinished",,2,34739.40,CL,11/21/2018,1/31/2019,11/26/2018,1/30/2019,5,Det,1,1,*1331897
28,,Greenwood,Lane,Woodbury,11797,1538000,1535000,Contemporary,5,4.500,"Full,Finished",3 Car Attached,2,29722.41,CL,3/30/2019,9/15/2019,4/04/2019,7/31/2019,5,Det,1,1,*1341863
203,,Sunset,Road,Oyster Bay Cove,11771,1995000,1730000,Other,3,3.500,"Full,Finished",2 Car Attached,2,21457.52,CL,12/04/2019,2/29/2020,12/06/2019,1/28/2020,2,Det,1,1,*1363643
1240A,,Moores Hill,Road,Laurel Hollow,11791,1649000,1500000,Colonial,6,7.550,Partial,4+ Car Attached,2,28048.97,CL,2/27/2016,2/28/2017,12/11/2016,4/13/2017,288,Det,1,1,2831355
123,,Bacon,Road,Old Westbury,11568,2498000,2275000,Contemporary,6,4.500,"Full,Finished",4+ Car Attached,2,49242.51,CL,4/22/2016,12/31/2018,6/11/2018,8/31/2018,780,Det,1,1,2846729
29,,Lilac,Drive,Syosset,11791,1425000,1376000,Colonial,5,3.550,"Full,Unfinished",2 Car Attached,2,0.00,CL,5/13/2016,1/31/2017,1/31/2017,10/24/2017,263,Att,1,1,2852530
7,,Hewlett,Drive,Old Westbury,11568,1788000,1680000,Colonial,4,4.500,"Full,Finished",2 Car Attached,2,32934.00,CL,6/01/2016,5/15/2017,12/13/2016,4/17/2017,195,Det,1,1,2857354
100,,Sagamore,Drive,Syosset,11791,1729000,1688000,Colonial,6,5.500,"Full,Finished",3 Car Attached,2,42210.00,CL,6/12/2016,10/25/2017,6/21/2017,10/24/2017,374,Det,1,1,2860591
52,,Church,Street,Syosset,11791,1359000,1320000,Colonial,5,4.000,"Full,Unfinished",2 Car Attached,2,0.00,CL,7/27/2016,4/30/2017,2/01/2017,6/19/2017,189,Det,1,1,2872320
192,,Old Westbury,Road,Old Westbury,11568,1545000,1460000,Colonial,5,3.500,"Full,Finished",2 Car Attached,2,36661.92,CL,9/12/2016,9/11/2017,8/30/2017,7/25/2018,352,Det,1,1,2882700
22,,Azalea,Drive,Syosset,11791,1399000,1350000,Colonial,6,4.500,"Full,Unfinished",2 Car Attached,2,0.00,CL,9/16/2016,12/16/2016,12/14/2016,7/07/2017,89,Att,1,1,2883768
2024,,Ridge,Road,Muttontown,11791,1495000,1417500,Traditional,4,3.500,"None,Unfinished",2 Car Attached,2,40656.00,CL,9/25/2016,2/15/2018,1/26/2018,5/07/2018,488,Det,1,1,2885840
80,,Tall Oak,Crescent,Oyster Bay Cove,11791,1598000,1520000,Contemporary,6,7.000,Full,4+ Car Attached,2,37601.72,CL,10/28/2016,4/08/2017,3/16/2017,6/28/2017,139,Det,1,1,2893139
39,,Pebble,Lane,Roslyn Heights,11577,2485000,2300000,Colonial,6,5.500,"Full,Unfinished",2 Car Attached,2,40749.00,CL,11/01/2016,10/17/2017,9/20/2017,12/08/2017,323,Det,1,1,2893821
7,,Grace,Drive,Old Westbury,11568,1850000,1775000,Colonial,7,5.555,"Full,Unfinished",3 Car Attached,2,46875.53,CL,11/16/2016,11/16/2018,2/20/2018,4/23/2018,461,Det,1,1,2896932
28,,Hill,Lane,Roslyn Heights,11577,2399000,2290000,Colonial,6,4.500,Full,2 Car Attached,2,0.00,CL,12/18/2016,12/18/2017,1/26/2017,4/21/2017,39,Det,1,1,2902372
90,,Coves,Run,Oyster Bay Cove,11791,2248000,1700000,Post Modern,5,3.550,"Full,Unfinished",2 Car Detached,2,38439.00,CL,12/27/2016,6/30/2017,2/10/2017,7/10/2017,45,Det,1,1,2903238
391,,Cold Spring,Road,Laurel Hollow,11791,1829000,1752000,Colonial,6,5.000,"Full,Unfinished",2 Car Attached,2,29997.32,CL,1/02/2017,9/23/2017,8/21/2017,11/17/2017,230,Det,1,1,2903904
69,,Burtis,Lane,Syosset,11791,2299000,2250000,Colonial,5,5.500,"Full,Unfinished",3 Car Attached,2,0.00,CL,1/06/2017,2/28/2018,11/02/2017,11/01/2018,299,Det,1,1,2905073
9,,Polo,Court,Woodbury,11797,1425000,1375000,Colonial,5,4.500,"Full,Finished",3 Car Attached,2,30838.00,CL,1/15/2017,7/11/2017,3/01/2017,5/12/2017,45,Det,1,1,2906822
1,,Bostwick,Lane,Old Westbury,11568,1600000,1565000,Colonial,6,4.550,"Full,Finished",2 Car Attached,2,52312.02,CL,2/03/2017,12/21/2019,9/20/2019,1/27/2020,958,Det,1,1,2911527
25,,Hillside,Lane,Syosset,11791,1338000,1265000,Ranch,4,3.000,"Full,Finished",2 Car Attached,2,25815.38,CL,2/07/2017,12/31/2017,3/24/2017,5/15/2017,44,Det,1,1,2912279
20,,Somerset,Place,Syosset,11791,1499000,1350000,Splanch,5,3.500,"Full,Finished",2 Car Attached,2,28773.76,CL,3/06/2017,12/31/2017,11/17/2017,3/05/2018,256,Att,1,1,2918763
4,,Azalea,Drive,Syosset,11791,1395000,1360000,Colonial,6,4.500,"Full,Unfinished",2 Car Attached,2,0.00,CL,3/07/2017,10/01/2017,5/22/2017,8/25/2017,75,Det,1,1,2919234
23,,Windemere,Way,Woodbury,11797,1648000,1539999,Colonial,6,5.500,"Full,Finished",2 Car Attached,2,40534.00,CL,3/09/2017,9/30/2017,5/08/2017,10/31/2017,59,Det,1,1,2919842
25,,Strawberry,Lane,Roslyn Heights,11577,1575000,1500000,Exp Ranch,5,4.000,"None,Unfinished",1 Car Attached,2,30122.00,CL,3/10/2017,9/12/2017,3/30/2017,6/26/2017,19,Det,1,1,2920401
60,,Bacon,Road,Old Westbury,11568,2489000,2400000,Colonial,5,5.500,"Partial,Unfinished",2 Car Attached,2,62493.53,CL,3/15/2017,3/01/2019,11/30/2018,1/25/2019,625,Det,1,1,2921221
1486,,Laurel Hollow Rd,,Laurel Hollow,11791,3990000,3550000,Estate,5,6.500,"Partial,Unfinished",,2,99133.00,CL,3/15/2017,10/31/2017,4/26/2017,8/21/2017,42,Det,1,1,2921371
15,,Shelter,Lane,Roslyn Heights,11577,1788000,1737500,Contemporary,7,7.550,"Full,Finished",2 Car Attached,2,45387.00,CL,3/22/2017,3/01/2018,9/29/2017,2/16/2018,191,Det,1,1,2923093
1560,,Laurel Hollow,Road,Laurel Hollow,11791,1399000,1300000,Traditional,5,4.500,"Partial,Unfinished",2 Car Attached,2,23643.06,CL,3/23/2017,3/01/2018,4/28/2017,7/21/2017,36,Det,1,1,2923399
110,,Hickman,Street,Syosset,11791,1299500,1250000,Ranch,4,3.000,"Partial,Finished",2 Car Attached,2,21565.64,CL,3/23/2017,12/30/2017,6/12/2017,9/12/2017,81,Det,1,1,2923431
61,,Percheron,Lane,Roslyn Heights,11577,2688000,2300000,2 Story,6,5.500,"Full,Finished",2 Car Attached,2,0.00,CL,3/23/2017,12/31/2017,5/03/2017,6/09/2017,41,Det,1,1,2923510
1,,Crossbow,Lane,Woodbury,11797,1228000,1215000,Colonial,6,4.550,"Full,Finished",2 Car Attached,2,36748.92,CL,3/27/2017,9/11/2017,6/06/2017,8/28/2017,71,Det,1,1,2924317
15,,Sherwood,Lane,Roslyn Heights,11577,1499000,1420000,Colonial,4,3.000,"None,Unfinished",2 Car Attached,2,32930.02,CL,3/28/2017,10/01/2017,8/22/2017,12/13/2017,147,Det,1,1,2924566
93,,Sterling,Court,Muttontown,11791,1988000,1800000,Traditional,5,5.500,"Partial,Finished",3 Car Attached,2,25089.98,CL,3/29/2017,3/29/2018,7/17/2017,10/24/2017,110,Det,1,1,2924959
One,,Horsemans,Lane,Muttontown,11791,1599000,1542500,Colonial,6,3.550,"Partial,Finished",2 Car Attached,2,26566.00,CL,4/03/2017,5/25/2017,4/26/2017,7/07/2017,23,Att,1,1,2926307
4,,Renee,Road,Syosset,11791,1388000,1350000,Colonial,4,3.500,"Full,Finished",1 Car Attached,2,31296.00,CL,4/03/2017,10/03/2017,5/12/2017,7/20/2017,39,Det,1,1,2926436
230,,Foxhunt,Crescent,Syosset,11791,1990000,1835000,Contemporary,5,4.500,"Full,Finished",3 Car Attached,2,30948.29,CL,4/14/2017,10/14/2017,5/01/2017,6/02/2017,17,Det,1,1,2929490
33,,Picardy,Lane,Laurel Hollow,11791,1999000,1875000,Colonial,6,6.550,"Full,Partially Finished",3 Car Attached,2,31896.84,CL,4/17/2017,12/10/2017,6/02/2017,8/07/2017,46,Det,1,1,2929683
1234,,Moores Hill,Road,Laurel Hollow,11791,2995000,2675000,Colonial,6,5.500,"Partial,Unfinished",3 Car Attached,2,46190.58,CL,4/18/2017,4/06/2018,7/11/2017,10/30/2017,84,Det,1,1,2930332
19,,Amber,Lane,Oyster Bay Cove,11771,1699000,1575000,Tudor,5,4.550,"Full,Finished",2 Car Attached,2,35964.36,CL,4/19/2017,11/15/2017,11/06/2017,3/30/2018,201,Det,1,1,2930814
9,,Haddington,Drive,Old Westbury,11568,2999000,2500000,Colonial,5,4.500,"Full,Finished",2 Car Attached,2,41439.00,CL,4/20/2017,6/30/2018,4/20/2018,5/14/2018,365,Att,1,1,2931063
11,,Clearmeadow,Court,Woodbury,11797,1649000,1450000,Contemporary,5,5.500,"Full,Finished",2 Car Attached,2,34639.05,CL,4/20/2017,12/29/2017,10/09/2017,11/17/2017,172,Det,1,1,2931105
15,,Clearmeadow,Lane,Woodbury,11797,1425000,1370000,Contemporary,6,3.500,"Full,Finished",3 Car Attached,2,34693.00,CL,4/23/2017,10/23/2017,5/22/2017,8/25/2017,29,Det,1,1,2931762
59,,Westwood,Court,Woodbury,11797,1588000,1415000,Contemporary,7,6.500,"Full,Finished",2 Car Attached,2,36152.00,CL,4/25/2017,4/24/2018,6/13/2017,9/08/2017,49,Att,1,1,2932322
43,,Springwood,Path,Laurel Hollow,11791,1320000,1300000,Colonial,4,4.500,"Full,Finished",3 Car Attached,2,28022.91,CL,4/26/2017,4/26/2018,7/24/2017,10/23/2017,89,Att,1,1,2932575
6,,Pine,Drive,Woodbury,11797,1850000,1600000,Colonial,6,6.500,Full,3 Car Attached,2,55055.35,CL,4/27/2017,10/27/2017,10/26/2017,12/15/2017,182,Det,1,1,2933097
10,,Woodbury Farms,Drive,Woodbury,11797,1749000,1715000,Colonial,5,4.500,"Full,Finished",,2,28854.69,CL,4/28/2017,1/25/2018,5/30/2017,8/17/2017,32,Det,1,1,2933212
34,,Hemlock,Lane,Roslyn Heights,11577,1888000,1700000,Colonial,6,4.500,Full,,2,35000.00,CL,5/04/2017,8/31/2017,6/02/2017,7/27/2017,29,Det,1,1,2935092
245,,Saddle,Lane,Muttontown,11791,1288000,1255000,Colonial,6,4.500,"Partial,Partially Finished",2 Car Attached,2,32234.00,CL,5/08/2017,12/31/2017,6/26/2017,8/22/2017,49,Det,1,1,2936176
18,,Barnyard,Lane,Roslyn Heights,11577,2950000,2700000,Colonial,6,5.500,"Full,Unfinished",2 Car Attached,2,0.00,CL,5/09/2017,11/30/2017,5/12/2017,7/06/2017,3,Det,1,1,2936615
18,,Oak,Lane,Roslyn Heights,11577,1650000,1580000,Colonial,5,3.500,"Full,Finished",2 Car Attached,2,23374.00,CL,5/11/2017,12/25/2017,12/12/2017,1/23/2018,215,Det,1,1,2937297
56,,Field,Lane,Roslyn Heights,11577,2226000,2130000,Colonial,5,5.500,"Full,Unfinished",2 Car Attached,2,0.00,CL,5/15/2017,12/15/2017,7/14/2017,8/25/2017,60,Att,1,1,2938462
30,,Coves Run,,Oyster Bay Cove,11791,1749000,1450000,Mediterranean,5,4.550,"Full,Finished",3 Car Attached,2,54532.83,CL,5/30/2017,7/26/2018,5/21/2018,8/06/2018,356,Det,1,1,2942874
15,,Shelter,Lane,Roslyn Heights,11577,1788000,1737500,Contemporary,7,7.550,"Full,Finished",2 Car Attached,2,45387.00,CL,3/22/2017,3/01/2018,9/29/2017,2/16/2018,191,Det,1,1,2945655
134,,Ira,Road,Syosset,11791,1239000,1239000,Colonial,4,2.500,"Full,Finished",1 Car Attached,2,24240.52,CL,6/15/2017,12/15/2017,6/26/2017,11/08/2017,11,Det,1,1,2947380
250,,Laurel,Lane,Laurel Hollow,11791,1999999,1800000,Traditional,6,6.500,"Partial,Finished",3 Car Attached,2,24863.40,CL,6/16/2017,5/31/2018,3/14/2018,5/21/2018,271,Det,1,1,2947750
30,,Tiber,Road,Oyster Bay Cove,11791,1299000,1250000,Colonial,5,5.500,"Full,Finished",2 Car Attached,2,31179.54,CL,6/23/2017,12/24/2017,8/30/2017,11/13/2017,68,Det,1,1,2949518
3,,Renee,Road,Syosset,11791,1350000,1275000,Colonial,6,4.500,"Full,Unfinished",2 Car Attached,2,0.00,CL,6/25/2017,9/25/2017,7/20/2017,12/04/2017,25,Att,1,1,2949960
1302,,Ridge,Road,Laurel Hollow,11791,2499999,2125000,Colonial,5,5.500,"Full,Finished",3 Car Attached,2,44523.59,CL,6/28/2017,11/30/2017,11/01/2017,12/29/2017,126,Det,1,1,2950863
121,,Percheron,Lane,Roslyn Heights,11577,1388888,1367500,Exp Ranch,3,2.000,"None,Unfinished",2 Car Attached,2,20775.68,CL,7/26/2017,10/26/2017,10/16/2017,2/13/2018,82,Att,1,1,2958493
113,,Schoolhouse,Lane,Roslyn Heights,11577,2095000,2095000,Colonial,5,5.500,"Full,Finished",2 Car Attached,2,43614.01,CL,8/03/2017,2/03/2018,9/11/2017,12/18/2017,39,Det,1,1,2960617
19,,The Pines,,Old Westbury,11568,2236000,2157000,Exp Ranch,5,6.500,"Full,Finished",2 Car Attached,2,47691.23,CL,8/03/2017,11/03/2017,9/25/2017,12/01/2017,53,Det,1,1,2960913
19,,The Pines,,Old Westbury,11568,2236000,2157000,Exp Ranch,5,6.500,"Full,Finished",2 Car Attached,2,47691.23,CL,8/04/2017,12/15/2017,9/25/2017,12/01/2017,52,Det,1,1,2961007
14,,Grace,Lane,Oyster Bay Cove,11771,1990000,1800000,Other,6,5.550,"Full,Finished",2 Car Attached,2,76918.00,CL,8/21/2017,7/31/2019,3/21/2019,5/03/2019,577,Det,1,1,2964984
3,,Candor,Drive,Woodbury,11797,1350000,1250000,Colonial,5,3.000,"Partial,Finished",,2,25462.39,CL,8/28/2017,2/28/2018,10/16/2017,12/21/2017,49,Det,1,1,2966546
94,,Syosset Circle,,Syosset,11791,1249000,1235000,Colonial,5,3.000,Full,2 Car Attached,2,14999.93,CL,9/05/2017,3/05/2018,10/20/2017,1/17/2018,45,Det,1,1,2968152
27,,Westwood,,Woodbury,11797,2359999,1675000,Ranch,8,9.500,"Full,Finished",3 Car Attached,2,44180.00,CL,9/08/2017,4/30/2018,2/23/2018,7/06/2018,168,Det,1,1,2969434
1,,Hill,Lane,Roslyn Heights,11577,1580000,1450000,Colonial,5,3.500,"None,Unfinished",2 Car Attached,2,22609.00,CL,9/21/2017,3/21/2018,1/02/2018,5/24/2018,103,Det,1,1,2973100
172,,Parkway,Drive,Roslyn Heights,11577,2383000,2250000,Colonial,5,4.500,"Full,Unfinished",2 Car Attached,2,0.00,CL,10/03/2017,9/07/2018,3/28/2018,4/18/2018,176,Det,1,1,2975672
6,,Magnolia,Lane,Woodbury,11797,1548000,1498000,Exp Ranch,4,3.500,"Full,Finished",2 Car Attached,2,20300.00,CL,10/10/2017,9/19/2018,12/01/2017,3/29/2018,52,Det,1,1,2977272
82,,Yukon,Drive,Woodbury,11797,1358000,1358000,Raised Ranch,6,3.000,"None,Unfinished",,2,30356.28,CL,10/10/2017,10/01/2018,10/31/2017,12/20/2017,21,Det,1,2,2977533
90,,Percheron,Lane,Roslyn Heights,11577,2226000,2050000,Colonial,5,5.500,"Full,Finished",2 Car Attached,2,0.00,CL,11/15/2017,8/14/2018,5/15/2018,6/28/2018,180,Det,1,1,2985797
1974,,Knollwood,Road,Muttontown,11791,3050000,3000000,Colonial,5,5.500,"Full,Partially Finished",3 Car Attached,2,60887.00,CL,11/17/2017,11/15/2018,3/01/2018,7/20/2018,104,Det,1,1,2986416
8,,Anita,Avenue,Syosset,11791,1549000,1350000,Colonial,6,4.500,"Full,Unfinished",2 Car Attached,2,0.00,CL,12/04/2017,7/01/2019,1/29/2019,2/15/2019,421,Det,1,1,2989330
10,,Terrace,Court,Old Westbury,11568,2300000,1970000,Farm Ranch,5,4.500,"Full,Partially Finished",2 Car Attached,2,40864.81,CL,12/04/2017,11/06/2018,6/13/2018,9/12/2018,190,Det,1,1,2989439
21,,Cherry Lane East,,Syosset,11791,1949000,1870000,Colonial,7,4.500,"Full,Unfinished",3 Car Attached,2,36530.09,CL,1/10/2018,7/30/2018,5/29/2018,8/03/2018,138,Att,1,1,2995693
191,,Split Rock,Road,Syosset,11791,1488000,1350000,Colonial,5,3.500,"Full,Finished",2 Car Attached,2,25138.75,CL,1/17/2018,12/31/2018,4/09/2018,6/20/2018,81,Det,1,1,2997122
88,,Candy,Lane,Syosset,11791,1288888,1260000,Colonial,5,4.000,"Full,Finished",1 Car Attached,2,11563.03,CL,1/28/2018,7/18/2018,2/20/2018,4/20/2018,23,Det,1,1,3000252
60,,Belvedere,Drive,Syosset,11791,1999000,1850000,Colonial,5,5.500,"Full,Finished",2 Car Attached,2,35401.22,CL,1/30/2018,7/30/2018,3/10/2018,7/31/2018,39,Det,1,1,3000407
161,,Old Westbury,Road,Old Westbury,11568,2100000,1500000,Colonial,5,5.500,"Full,Unfinished",3 Car Attached,2,65408.00,CL,1/29/2018,4/30/2018,2/19/2018,3/22/2018,21,Det,1,1,3000598
44,,Colgate,Lane,Woodbury,11797,1199000,1225000,Colonial,5,2.500,"Full,Finished",2 Car Attached,2,33871.00,CL,2/05/2018,8/05/2018,2/14/2018,5/23/2018,9,Det,1,1,3001946
28,,Hemlock,Lane,Roslyn Heights,11577,2588000,2450000,Colonial,5,5.500,"Full,Unfinished",2 Car Attached,2,0.00,CL,2/07/2018,12/18/2018,5/08/2018,6/19/2018,89,Det,1,1,3002791
41,,Evelyn,Lane,Syosset,11791,1288000,1263945,Colonial,5,3.000,Full,,2,9204.26,CL,2/12/2018,2/12/2019,5/14/2018,12/04/2018,90,Det,1,1,3004053
29,,Victor,Lane,Woodbury,11797,1399000,1225000,Colonial,5,4.500,"Partial,Partially Finished",2 Car Attached,2,23105.63,CL,2/23/2018,2/12/2019,6/18/2018,9/14/2018,114,Det,1,1,3006695
280,,Willis,Avenue,Muttontown,11791,1399000,1355000,Farm Ranch,5,3.500,"Full,Finished",2 Car Attached,2,24810.46,CL,2/27/2018,8/27/2018,5/11/2018,9/07/2018,72,Det,1,1,3007537
3,,Pironi,Court,Woodbury,11797,1399000,1225000,Colonial,5,3.500,"Full,Finished",,2,35766.32,CL,2/15/2017,6/02/2018,4/03/2018,5/10/2018,411,Det,1,1,3008242
150,,Christopher,Court,Woodbury,11797,1949000,1900000,Colonial,6,5.500,"Full,Finished",2 Car Attached,2,40521.74,CL,3/02/2018,9/04/2018,4/13/2018,8/30/2018,41,Det,1,1,3008856
34,,Bacon,Road,Old Westbury,11568,1599000,1575000,Exp Ranch,7,5.500,"Partial,Partially Finished",2 Car Attached,2,30848.93,CL,3/05/2018,12/31/2019,8/23/2019,11/25/2019,535,Att,1,1,3009271
21,,Clearmeadow,Lane,Woodbury,11797,1450000,1350000,Colonial,6,4.500,"Full,Finished",3 Car Attached,2,37607.00,CL,3/05/2018,9/30/2018,7/06/2018,10/03/2018,122,Det,1,1,3009446
25,,Towl Gate,Lane,Syosset,11791,1688000,1655000,Colonial,4,3.550,"Full,Finished",2 Car Attached,2,38233.71,CL,3/07/2018,7/07/2018,3/22/2018,7/11/2018,14,Det,1,1,3009811
39,,Convent,Road,Syosset,11791,1388000,1300000,Colonial,5,4.500,Full,2 Car Attached,2,0.00,CL,3/09/2018,3/09/2019,6/12/2018,8/28/2018,94,Det,1,1,3010646
27,,Woodland,Avenue,Syosset,11791,1399000,1325000,Colonial,5,4.500,"Full,Unfinished",2 Car Attached,2,0.00,CL,3/13/2018,9/13/2018,6/06/2018,8/01/2018,85,Det,1,1,3011500
20,,Red Ground,Road,Old Westbury,11568,2299000,2100000,Contemporary,6,5.500,"Full,Finished",2 Car Detached,2,47631.48,CL,3/13/2018,9/01/2018,5/23/2018,8/22/2018,71,Det,1,1,3011539
1222,,Moores Hill,Road,Laurel Hollow,11791,2895000,2700000,Colonial,4,4.500,"Full,Unfinished",4+ Car Attached,2,39201.92,CL,3/14/2018,8/31/2018,6/28/2018,10/09/2018,106,Det,1,1,3011866
40,,Lilac,Drive,Syosset,11791,1450000,1375000,Colonial,5,4.000,"Full,Unfinished",2 Car Attached,2,0.00,CL,3/19/2018,3/09/2019,7/24/2018,12/28/2018,127,Det,1,1,3013215
306,,Birchwood Park,Drive,Jericho,11753,1450000,1370000,Colonial,5,5.500,"Full,Finished",,2,17481.00,CL,3/24/2018,12/01/2019,7/11/2019,12/12/2019,474,Det,1,1,3014721
1,,Willow Pond,Road,Woodbury,11797,1555000,1387755,Estate,6,7.550,"Full,Partially Finished",,2,49904.54,CL,3/27/2018,8/30/2019,6/17/2019,10/22/2019,447,Det,1,1,3015258
50,,Stirrup,Lane,Muttontown,11791,1399000,1350000,Colonial,5,3.500,"Full,Finished",2 Car Attached,2,27700.17,CL,3/30/2018,9/19/2018,6/04/2018,7/27/2018,66,Det,1,1,3016287
53,,Burtis Lane,,Syosset,11791,1699998,1699998,Colonial,5,3.500,"Full,Finished",,2,37288.00,CL,4/05/2018,10/15/2018,5/04/2018,7/20/2018,29,Att,1,1,3017868
75,,Rodeo,Drive,Oyster Bay Cove,11791,1848000,1685000,Ranch,5,5.550,"Full,Finished",3 Car Attached,2,48488.38,CL,4/09/2018,10/31/2018,8/13/2018,9/20/2018,126,Att,1,1,3018665
6,,Split Rock,Lane,Syosset,11791,1475000,1470000,Colonial,4,2.500,"Full,Finished",2 Car Detached,2,24392.17,CL,4/12/2018,10/12/2018,4/23/2018,7/11/2018,11,Det,1,1,3019986
60,,Juniper,,Muttontown,11791,1595000,1490000,Contemporary,5,3.500,Full,2 Car Attached,2,27877.52,CL,4/12/2018,10/12/2018,7/13/2018,10/09/2018,92,Att,1,1,3020061
1,,Belmont Drive S.,,Roslyn Heights,11577,1399000,1350000,Contemporary,5,3.000,"Full,Finished",2 Car Attached,2,0.00,CL,4/12/2018,10/31/2018,6/05/2018,8/10/2018,54,Det,1,1,3020062
9,,Lilac,Drive,Syosset,11791,1495000,1380000,Colonial,5,5.000,"Full,Unfinished",2 Car Attached,2,0.00,CL,4/19/2018,4/19/2019,2/04/2019,3/29/2019,291,Det,1,1,3022269
21,,Sabine,Road,Oyster Bay Cove,11791,1725000,1650000,Colonial,6,4.500,"Full,Finished",2 Car Attached,2,36351.20,CL,4/20/2018,8/31/2018,5/14/2018,8/15/2018,24,Att,1,1,3022469
117,,Sterling,Court,Muttontown,11791,1388000,1238000,Colonial,5,3.500,"Full,Partially Finished",2 Car Attached,2,26544.76,CL,5/03/2018,5/03/2019,5/25/2018,7/31/2018,22,Att,1,1,3026544
33,,Westgate Rd,,Muttontown,11791,2799000,2400000,Colonial,6,6.500,"Full,Finished",3 Car Attached,2,57278.00,CL,5/02/2018,8/31/2018,5/14/2018,9/13/2018,12,Att,1,1,3026746
330,,Foxhunt Crescent,,Oyster Bay Cove,11791,1549998,1472500,Farm Ranch,5,5.500,"Full,Finished",,2,37297.00,CL,5/03/2018,5/03/2019,11/19/2018,3/01/2019,200,Att,1,1,3026829
14,,Amber,Lane,Oyster Bay Cove,11791,1499000,1315000,Contemporary,6,4.550,"Full,Finished",2 Car Attached,2,29461.43,CL,5/07/2018,10/18/2018,6/08/2018,7/11/2018,32,Det,1,1,3027906
8,,Cheshire,Avenue,Syosset,11791,1288000,1292950,Colonial,5,3.000,"Full,Unfinished",,2,14582.71,CL,5/08/2018,5/08/2019,5/22/2018,1/10/2019,14,Det,1,1,3028419
13,,Castle,Drive,Woodbury,11797,1299000,1223000,Colonial,6,3.500,"Full,Finished",2 Car Attached,2,33409.91,CL,2/01/2018,8/01/2018,7/23/2018,9/28/2018,171,Det,1,1,3029239
23,,Woodvale,Drive,Laurel Hollow,11791,1795000,1800000,Colonial,5,2.500,"Full,Unfinished",2 Car Attached,2,23576.96,CL,5/16/2018,1/05/2019,6/21/2018,8/13/2018,36,Det,1,1,3030575
115,,Bacon,Road,Old Westbury,11568,2998000,2775000,Estate,6,4.550,Partial,3 Car Attached,2,61561.71,CL,5/17/2018,5/18/2019,6/22/2018,8/30/2018,36,Det,1,1,3031023
24,,Orchard,Street,Syosset,11791,1475000,1300000,Colonial,5,4.000,"Full,Unfinished",2 Car Attached,2,0.00,CL,6/22/2018,5/08/2019,2/08/2019,5/01/2019,231,Det,1,1,3042173
188,,Shepherd,Lane,Roslyn Heights,11577,1699000,1675000,Colonial,5,5.500,Full,2 Car Attached,2,39384.00,CL,6/25/2018,12/28/2018,8/15/2018,10/24/2018,51,Det,1,1,3042792
1,,Sycamore,Lane,Roslyn Heights,11577,1695000,1570000,Colonial,5,4.500,"Full,Finished",2 Car Attached,2,44386.00,CL,6/28/2018,3/20/2019,10/24/2018,1/18/2019,118,Det,1,1,3043855
18,,Ursuline,Court,Oyster Bay Cove,11771,2099000,1775000,Contemporary,6,5.500,"Full,Finished",3 Car Attached,2,46806.76,CL,7/01/2018,12/01/2018,8/24/2018,10/29/2018,54,Det,1,1,3044612
100,,Christopher,Court,Woodbury,11797,1949000,1915000,Colonial,5,4.500,"Full,Unfinished",3 Car Attached,2,36570.69,CL,7/07/2018,12/31/2018,9/27/2018,6/27/2019,82,Det,1,1,3046086
14,,Pasture,Lane,Roslyn Heights,11577,1698000,1500000,Colonial,6,4.500,Full,2 Car Attached,2,34725.00,CL,8/01/2018,1/31/2019,1/16/2019,6/07/2019,168,Det,1,1,3053327
28,,Clover,Lane,Roslyn Heights,11577,2595000,2425000,Colonial,6,4.500,"Full,Unfinished",2 Car Attached,2,44862.73,CL,8/01/2018,3/31/2019,3/01/2019,7/05/2019,212,Det,1,1,3053329
4,,Pinewood,Road,Old Westbury,11568,1685000,1550000,Colonial,5,3.500,"Full,Partially Finished",3 Car Attached,2,37664.09,CL,8/03/2018,2/15/2019,9/05/2018,11/08/2018,33,Det,1,1,3054160
21,,Balsar,Court,Muttontown,11791,2448000,2400000,Colonial,6,5.500,"Full,Partially Finished",3 Car Attached,2,51178.75,CL,8/13/2018,2/13/2019,10/14/2018,1/30/2019,62,Det,1,1,3056495
111,,Yukon,Drive,Woodbury,11797,1475000,1422500,Exp Ranch,5,5.500,"Partial,Finished",3 Car Attached,2,43618.11,CL,8/13/2018,5/31/2019,12/27/2018,3/26/2019,136,Det,1,1,3056704
6,,Westwood,Lane,Woodbury,11797,1788000,1730000,Colonial,6,5.500,"Full,Finished",3 Car Attached,2,36644.96,CL,2/07/2018,12/31/2018,10/23/2018,1/15/2019,257,Det,1,1,3061024
2,,Clearmeadow,Lane,Woodbury,11797,1499000,1389000,Traditional,5,4.500,"Full,Finished",3 Car Attached,2,33004.54,CL,9/07/2018,9/07/2019,11/24/2018,1/22/2019,78,Det,1,1,3063355
7,,Meadow,Road,Old Westbury,11568,1099000,1201111,Ranch,5,3.500,Full,,2,36984.00,CL,9/11/2018,12/10/2018,10/04/2018,11/02/2018,23,Det,1,1,3064482
278,,Berry Hill,Road,Syosset,11791,1699000,1675000,Colonial,5,4.500,"Full,Unfinished",3 Car Attached,2,43262.29,CL,9/12/2018,3/15/2019,10/08/2018,11/29/2018,26,Det,1,1,3064722
12,,Bristol,Drive,Woodbury,11797,1299000,1209450,Colonial,5,3.500,"Partial,Unfinished",2 Car Attached,2,38629.92,CL,9/13/2018,3/06/2019,10/25/2018,2/26/2019,42,Det,1,1,3064994
6,,Tredwell,Drive,Old Westbury,11568,1670000,1525000,Colonial,5,4.000,"Full,Finished",2 Car Attached,2,35431.18,CL,9/21/2018,6/01/2019,3/26/2019,5/30/2019,186,Det,1,1,3067349
15,,Wisteria,Place,Syosset,11791,1495000,1370000,Colonial,6,4.500,"Full,Unfinished",2 Car Attached,2,0.00,CL,9/27/2018,9/27/2019,4/22/2019,7/15/2019,207,Det,1,1,3068745
1698,,Route 25A,,Laurel Hollow,11791,2300000,1950000,Colonial,6,5.500,"Full,Unfinished",4+ Car Attached,2,49667.44,CL,9/28/2018,9/22/2019,2/22/2019,3/22/2019,147,Det,1,1,3068932
20,,Timber Ridge,Drive,Laurel Hollow,11771,1850000,1700000,Colonial,4,2.500,"Full,Unfinished",2 Car Attached,2,27468.87,CL,10/16/2018,7/08/2019,11/27/2018,2/28/2019,42,Det,1,1,3073660
42,,Sabine,Road,Oyster Bay Cove,11791,2249000,2100000,Colonial,6,5.500,"Full,Unfinished",3 Car Attached,2,44238.50,CL,10/18/2018,4/10/2019,2/07/2019,6/25/2019,112,Det,1,1,3074146
41,,Cherry,Lane,Syosset,11791,2149000,2075000,Colonial,5,4.500,Full,2 Car Attached,2,29824.09,CL,7/22/2018,7/22/2019,4/02/2019,5/23/2019,254,Det,1,1,3084245
62,,Woodbury,Way,Syosset,11791,1388000,1315000,Colonial,5,3.000,"Full,Unfinished",2 Car Attached,2,0.00,CL,11/30/2018,6/01/2019,3/12/2019,4/05/2019,101,Det,1,1,3084264
3,,The Dell,,Woodbury,11797,1299000,1240000,Colonial,6,4.500,"Full,Finished",,2,36500.00,CL,12/01/2018,8/05/2019,7/31/2019,9/23/2019,241,Att,1,1,3084463
39,,Koenig,Drive,Oyster Bay Cove,11771,1698000,1500000,Traditional,5,6.500,"Full,Finished",3 Car Attached,2,45626.48,CL,7/05/2018,7/05/2019,3/13/2019,6/13/2019,251,Det,1,2,3085618
46,,Clover,Lane,Roslyn Heights,11577,2780000,2632500,Colonial,6,6.500,"Full,Partially Finished",2 Car Attached,2,0.00,CL,1/03/2019,10/18/2019,3/01/2019,5/20/2019,57,Det,1,1,3089961
79,,Forsythia,Lane,Jericho,11753,1298000,1225000,Split Level,5,3.500,"Full,Finished",2 Car Attached,2,16896.88,CL,1/04/2019,7/04/2019,3/08/2019,6/13/2019,63,Det,1,1,3090289
70,,Schoolhouse,Lane,Roslyn Heights,11577,2850000,2670000,Colonial,6,6.500,"Full,Unfinished",2 Car Attached,2,0.00,CL,1/04/2019,11/30/2019,4/12/2019,5/29/2019,97,Det,1,1,3090394
14,,Pine,Road,Syosset,11791,2199000,2085000,Colonial,5,5.500,"Full,Finished",2 Car Attached,2,30317.50,CL,1/08/2019,6/08/2019,5/22/2019,6/26/2019,133,Det,1,1,3091271
65,,Rodeo,Drive,Oyster Bay Cove,11791,1395000,1260000,Post Modern,5,4.500,"Full,Finished",2 Car Attached,2,35000.00,CL,1/12/2019,9/30/2019,3/01/2019,4/27/2019,48,Det,1,1,3092597
6,,Cypress,Drive,Woodbury,11797,1499000,1370000,Post Modern,5,4.000,"None,Unfinished",2 Car Attached,2,30926.44,CL,1/20/2019,7/14/2019,4/03/2019,7/09/2019,72,Det,1,1,3094720
12,,The Drawbridge,Road,Woodbury,11797,1299000,1230000,Colonial,5,2.500,"Full,Unfinished",2 Car Attached,2,25505.16,CL,1/21/2019,8/01/2019,2/25/2019,5/03/2019,35,Det,1,1,3094882
3,,Buckingham,Court,Muttontown,11791,2480000,1980000,Modern,6,5.500,"Full,Unfinished",2 Car Attached,2,45135.00,CL,1/24/2019,7/31/2020,2/10/2020,3/17/2020,382,Det,1,1,3095757
16,,David,Drive,Syosset,11791,1298888,1250000,Colonial,5,4.500,"Full,Finished",2 Car Attached,2,33360.94,CL,1/28/2019,7/29/2019,3/13/2019,4/26/2019,43,Det,1,1,3096530
15,,Tall Oak,Court,Oyster Bay Cove,11791,3150000,2890000,Colonial,6,7.500,"Full,Finished",4+ Car Attached,2,68376.00,CL,1/31/2019,7/28/2019,7/09/2019,8/28/2019,158,Det,1,1,3097553
15,,Tall Oaks,Court,Oyster Bay Cove,11791,3150000,2890000,Colonial,6,7.500,"Full,Finished",4+ Car Attached,2,68375.87,CL,2/04/2019,7/28/2019,7/09/2019,8/29/2019,154,Det,1,1,3098470
108,,Bacon,Road,Old Westbury,11568,1998000,1750000,Nantucket,4,3.500,"Full,Finished",2 Car Attached,2,28738.89,CL,2/05/2019,10/01/2019,3/29/2019,7/29/2019,51,Det,1,1,3098645
60,,Stirrup,Lane,Muttontown,11791,1288880,1225000,Colonial,5,3.550,"Partial,Finished",2 Car Attached,2,27232.52,CL,2/11/2019,8/11/2019,3/15/2019,5/06/2019,31,Det,1,1,3100675
4,,Whetmore,Drive,Syosset,11791,1650000,1600000,Colonial,5,4.500,"Full,Unfinished",2 Car Attached,2,48041.00,CL,2/19/2019,8/20/2019,3/13/2019,4/23/2019,21,Det,1,1,3102398
174,,Split Rock Road,,Syosset,11791,1349000,1310000,Colonial,4,3.500,"Partial,Partially Finished",,2,22105.15,CL,2/20/2019,8/14/2019,3/15/2019,6/26/2019,22,Att,1,1,3102637
475,,Split Rock,Road,Syosset,11791,2199000,2050000,Colonial,6,6.500,"Full,Partially Finished",3 Car Attached,2,58249.83,CL,2/20/2019,2/20/2020,5/30/2019,8/13/2019,98,Det,1,1,3102644
28,,Schoolhouse,Lane,Roslyn Heights,11577,2098000,2050000,Colonial,6,4.500,"Full,Unfinished",2 Car Attached,2,48985.00,CL,2/24/2019,10/23/2019,4/30/2019,8/29/2019,64,Det,1,1,3103540
1,,Woodbury Farms,Drive,Woodbury,11797,1888000,1818000,Colonial,5,4.500,"Full,Finished",3 Car Attached,2,33028.27,CL,2/25/2019,8/26/2019,5/02/2019,8/20/2019,65,Det,1,1,3103648
36,,Woodbury Farms,Drive,Woodbury,11797,1750000,1660000,Colonial,6,4.500,"Full,Finished",3 Car Attached,2,36992.04,CL,2/27/2019,8/30/2019,8/26/2019,11/01/2019,179,Det,1,1,3104522
9,,Knoll,Lane,Roslyn Heights,11577,1600000,1500000,Colonial,6,4.500,Full,,2,37169.00,CL,3/13/2019,8/30/2019,3/18/2019,9/26/2019,5,Det,1,1,3108890
342,,Barrow,Court,Woodbury,11797,1449000,1325000,Contemporary,6,5.500,"Full,Finished",2 Car Attached,2,33424.67,CL,3/15/2019,11/01/2019,8/01/2019,9/16/2019,139,Det,1,1,3109635
42,,Meadowbrook,Road,Syosset,11791,1688000,1550000,Colonial,5,4.500,"Full,Unfinished",2 Car Attached,2,0.00,CL,3/22/2019,3/22/2020,11/06/2019,2/18/2020,229,Det,1,1,3111873
1388,,Ridge,Road,Laurel Hollow,11791,1495000,1400000,Colonial,5,3.500,"Full,Partially Finished",4+ Car Detached,2,24599.18,CL,3/27/2019,3/15/2020,5/15/2019,6/14/2019,49,Det,1,1,3112957
19,,Windsor,Drive,Old Westbury,11568,1699000,1525000,Contemporary,5,4.500,"Partial,Partially Finished",3 Car Attached,2,65000.00,CL,4/15/2019,7/15/2019,4/19/2019,7/12/2019,4,Att,1,1,3119427
44,,Meritoria,Drive,E. Williston,11596,1480000,1450000,Colonial,4,2.500,"Full,Unfinished",2 Car Attached,2,21008.55,CL,4/23/2019,10/23/2019,5/25/2019,9/10/2019,32,Det,1,1,3121772
26,,Birchwood Park,Crescent,Jericho,11753,1485000,1375000,Colonial,5,5.500,"Full,Finished",1 Car Attached,2,24300.00,CL,4/30/2019,10/31/2019,5/29/2019,8/15/2019,29,Det,1,1,3124481
32,,Meadowbrook,Road,Syosset,11791,1699000,1562500,Colonial,5,3.500,"Full,Finished",2 Car Attached,2,0.00,CL,5/13/2019,4/08/2020,9/13/2019,10/07/2019,123,Det,1,1,3128097
14,,Woodbury Farms,Drive,Woodbury,11797,1849000,1835000,Colonial,6,4.500,"Full,Unfinished",3 Car Attached,2,33962.42,CL,5/13/2019,11/17/2019,7/22/2019,11/27/2019,70,Det,1,1,3128139
130,,Stirrup,Lane,Muttontown,11791,1699000,1610000,Colonial,5,5.500,"Full,Finished",2 Car Attached,2,29347.68,CL,5/13/2019,11/15/2019,8/09/2019,9/09/2019,88,Det,1,1,3128269
2,,Bradley,Court,Syosset,11791,2249000,2200000,Colonial,6,5.500,"Partial,Finished",2 Car Attached,2,42024.85,CL,5/13/2019,12/31/2019,7/05/2019,9/05/2019,53,Det,1,1,3128319
12,,Sycamore,Lane,Roslyn Heights,11577,2549000,2350000,Colonial,5,6.500,"Full,Finished",2 Car Attached,2,51480.18,CL,5/15/2019,12/31/2019,10/21/2019,12/27/2019,159,Det,1,1,3129009
12,,Sycamore,Lane,Roslyn Heights,11577,2549000,2350000,Colonial,5,6.500,"Full,Finished",2 Car Attached,2,51480.18,CL,5/15/2019,12/31/2019,10/21/2019,12/27/2019,159,Det,1,1,3129013
6 A,,Carriage,Drive,Old Westbury,11568,4588000,3900000,Colonial,6,6.500,"Full,Unfinished",,2,0.00,CL,5/16/2019,2/13/2020,12/16/2019,1/31/2020,214,Det,1,1,3129223
35,,Wynn,Court,Muttontown,11791,1998000,1950000,Colonial,6,5.555,"Full,Finished",3 Car Attached,2,54733.41,CL,6/04/2019,1/15/2020,11/25/2019,1/16/2020,174,Det,1,1,3134757
53,,Burtis,Lane,Syosset,11791,1879000,1850000,Colonial,5,3.500,"Full,Finished",3 Car Attached,2,36893.13,CL,6/19/2019,12/31/2019,7/03/2019,10/15/2019,14,Det,1,1,3139910
75,,Foxhunt,Crescent,Oyster Bay Cove,11791,1488000,1460000,Ranch,4,3.500,"Full,Unfinished",2 Car Attached,2,27723.05,CL,6/20/2019,12/31/2019,7/11/2019,10/29/2019,21,Det,1,1,3140403
8,,Clover,Lane,Roslyn Heights,11577,2800000,2700000,Colonial,6,6.500,"Full,Partially Finished",2 Car Attached,2,0.00,CL,6/22/2019,6/19/2020,8/22/2019,9/16/2019,61,Det,1,1,3140953
20,,Woodbury Farms,Drive,Woodbury,11797,2148000,2165000,Colonial,5,4.550,"Full,Finished",3 Car Attached,2,33195.00,CL,6/30/2019,3/27/2020,7/18/2019,12/06/2019,18,Det,1,1,3143181
43,,Sherwood,Lane,Roslyn Heights,11577,1999000,1875000,Colonial,6,4.500,"Full,Finished",3 Car Attached,2,36018.30,CL,7/02/2019,3/31/2020,12/05/2019,2/18/2020,156,Det,1,1,3143303
52,,Schoolhouse,Lane,Roslyn Heights,11577,2550000,2313000,Colonial,6,5.500,Full,,2,0.00,CL,7/03/2019,1/01/2020,10/23/2019,2/13/2020,112,Att,1,1,3144093
69,,Burtis,Lane,Syosset,11791,2490000,2450000,Colonial,5,5.500,"Full,Unfinished",3 Car Attached,2,57331.00,CL,7/05/2019,12/31/2019,7/16/2019,9/06/2019,11,Det,1,1,3144552
16,,Farm,Court,Muttontown,11791,1289000,1225000,Colonial,5,3.500,"Full,Finished",2 Car Attached,2,37493.65,CL,7/07/2019,6/02/2020,7/29/2019,8/30/2019,22,Det,1,1,3144780
18,,Spruce,Park,Syosset,11791,1225000,1205000,Farm Ranch,4,3.000,"Full,Finished",1 Car Attached,2,28575.82,CL,7/10/2019,12/31/2019,9/27/2019,11/08/2019,79,Det,1,1,3145989
14,,Caumsett Farms,Lane,Woodbury,11797,1750000,1700000,Colonial,5,3.000,"Full,Finished",,2,36046.00,CL,7/11/2019,12/31/2019,9/06/2019,11/12/2019,57,Att,1,1,3146376
4,,Victor,Lane,Woodbury,11797,1658000,1560000,Colonial,6,4.500,"Full,Unfinished",2 Car Attached,2,0.00,CL,8/05/2019,2/05/2020,8/07/2019,12/20/2019,2,Det,1,1,3153297
43,,Turf,Lane,Roslyn Heights,11577,1198000,1250000,Split Level,3,4.000,"Partial,Finished",2 Car Attached,2,16273.45,CL,8/06/2019,2/06/2020,8/29/2019,10/29/2019,23,Det,1,1,3153688
1436,,Ridge Road,,Laurel Hollow,11791,3199000,2900000,Colonial,7,7.500,Full,,2,71225.51,CL,3/15/2019,3/15/2020,11/08/2019,1/28/2020,238,Det,1,1,3165046
113,,Plainview,Road,Woodbury,11797,1690000,1500000,Colonial,5,4.500,"Full,Unfinished",3 Car Attached,2,40669.21,CL,9/17/2019,9/17/2020,10/22/2019,11/07/2019,35,Det,1,1,3165392
1634,,Stewart,Lane,Laurel Hollow,11791,1995000,1885000,Colonial,5,5.500,"Full,Partially Finished",3 Car Attached,2,42786.92,CL,8/09/2019,4/09/2020,10/30/2019,1/21/2020,82,Det,1,1,3169045