St #,Dr,Street Name,Sfx,Town,Zip,ListPrice,SoldPrice,,Br,Bath,,,SD,Tot Tax,LSC,ListDate,ExpDate,ContDate,TitleDate,DOM,Det,#F,K,ML#
1233,,Beech,Street,Atlantic Beach,11509,2200000,2055000,Contemporary,4,3.500,"Full,Finished",2 Car Attached,15,24473.92,CL,10/14/2017,1/01/2019,9/17/2018,12/03/2018,338,Det,1,1,2978517
5,,Emerson,Road,Brookville,11545,1488000,1270000,Farm Ranch,4,3.000,"Partial,Unfinished",2 Car Attached,15,37245.94,CL,3/31/2016,9/30/2017,4/19/2017,5/12/2017,384,Det,1,1,2840073
211,,Maytime,Drive,Jericho,11753,998888,975000,Split Level,4,2.500,"Full,Finished",1 Car Attached,15,16868.28,CL,2/15/2017,8/08/2017,4/10/2017,7/28/2017,53,Det,1,1,2913951
4,,Birchwood Park,Court,Jericho,11753,999888,963000,Exp Ranch,4,3.000,"Full,Partially Finished",1 Car Attached,15,20891.88,CL,4/11/2017,10/03/2017,5/10/2017,7/21/2017,29,Det,1,1,2928571
102,,Columbia,Drive,Jericho,11753,949999,949000,Colonial,4,2.500,"Full,Finished",1 Car Attached,15,16868.28,CL,3/07/2017,9/05/2017,3/28/2017,6/16/2017,20,Det,1,1,2919251
62,,Mellow,Lane,Jericho,11753,1089888,1070000,Split Level,4,3.000,"Full,Finished",2 Car Attached,15,12920.09,CL,4/16/2018,10/02/2018,5/14/2018,10/29/2018,28,Det,1,1,3020864
18,,Briar,Lane,Jericho,11753,1085000,1050000,Split Level,4,2.500,"Full,Partially Finished",2 Car Attached,15,17192.41,CL,6/08/2018,11/29/2018,7/20/2018,10/29/2018,42,Det,1,1,3037714
69,,Merry Lane,,Jericho,11753,1249888,1166500,Split Level,5,2.500,"Full,Partially Finished",2 Car Attached,15,15953.52,CL,1/02/2018,7/03/2018,4/13/2018,6/27/2018,100,Det,1,1,2993828
71,,Briarwood,Lane,Lawrence,11559,1849000,1750000,Colonial,7,5.000,"Full,Finished",2 Car Detached,15,14669.85,CL,6/01/2017,11/25/2017,6/29/2017,12/27/2017,28,Det,1,1,2943318
1770,,Bay,Boulevard,Atlantic Beach,11509,1750000,1750000,Colonial,4,2.550,"None,Unfinished",,15,18061.35,CL,1/10/2019,1/10/2020,1/10/2019,1/10/2019,0,Det,1,1,*1338536
1770,,Bay,Boulevard,Atlantic Beach,11509,2500000,2100000,Colonial,4,2.550,"Full,Unfinished",,15,18693.87,CL,1/23/2019,1/16/2020,2/01/2019,3/02/2019,9,Det,1,1,3095386
1233,E,Beech,Street,Atlantic Beach,11509,1175876,1100000,Contemporary,4,3.500,"None,Unfinished",2 Car Attached,15,16182.43,CL,10/11/2017,10/02/2018,4/18/2018,8/23/2018,189,Att,1,1,2977646
25,,Norgate,Road,Brookville,11545,1850000,1745000,Ranch,5,4.500,"Full,Partially Finished",3 Car Attached,15,43394.80,CL,3/13/2017,9/15/2017,4/06/2017,6/08/2017,24,Det,1,1,2920841
1885,,Muttontown,Road,Muttontown,11791,1800000,1500000,Colonial,7,5.500,"Full,Finished",3 Car Attached,15,55909.70,CL,7/23/2018,7/23/2019,6/18/2019,6/28/2019,330,Det,1,1,3123822
75,,Maytime,Drive,Jericho,11753,989000,980000,Split Level,4,3.000,"Full,Finished",2 Car Attached,15,17791.76,CL,3/21/2019,6/21/2019,4/01/2019,7/01/2019,11,Det,1,1,3111542
33,,Old Wheatley,Road,Brookville,11545,6888888,6200000,Colonial,7,7.550,"Full,Unfinished",3 Car Attached,15,0.00,CL,3/15/2017,12/01/2017,5/10/2017,8/24/2017,56,Det,1,2,*1278554
10,,Briarwood,Lane,Lawrence,11559,1069000,1125000,Colonial,5,3.000,"Full,Finished",2 Car Attached,15,11783.39,CL,9/12/2016,2/06/2017,10/04/2016,9/13/2017,22,Det,1,1,*1265056
312,,Jordan,Avenue,Woodmere,11598,1249000,1125000,Colonial,4,2.500,"Full,Unfinished",1 Car Attached,15,9612.82,CL,10/17/2018,11/30/2019,11/12/2018,7/03/2019,26,Det,1,1,*1329251
769,,Dumont,Place,N. Woodmere,11581,1198000,1141000,Colonial,5,4.000,"Full,Finished",2 Car Attached,15,9807.40,CL,9/07/2017,1/31/2018,10/16/2017,2/05/2018,39,Det,1,1,2969149
751,,Sherwood,Court,N. Woodmere,11581,1168000,1070000,Splanch,4,2.500,"Partial,Partially Finished",2 Car Attached,15,13726.71,CL,5/02/2018,10/31/2018,7/06/2018,9/28/2018,65,Det,1,1,3026450
681,,Golf,Drive,N. Woodmere,11581,1198000,1125000,Hi Ranch,6,3.500,"None,Unfinished",2 Car Attached,15,11373.73,CL,7/03/2017,11/01/2017,9/19/2017,1/03/2018,78,Det,1,1,2952051
8,,Sullivan,Drive,Jericho,11753,1099000,998000,Split Level,4,3.500,"Full,Finished",,15,14134.00,CL,10/02/2018,4/30/2019,3/02/2019,6/05/2019,151,Det,1,1,3070136
62,,Birchwood Park,Drive,Jericho,11753,968000,918000,Split Level,4,2.500,"Partial,Partially Finished",2 Car Detached,15,14969.00,CL,2/01/2018,8/15/2018,4/11/2018,5/24/2018,68,Det,1,1,3000963
142,,Birchwood Park,Drive,Jericho,11753,989000,989000,Split Level,4,2.500,"Full,Finished",2 Car Attached,15,16473.00,CL,5/16/2018,9/30/2018,6/21/2018,8/22/2018,36,Det,1,1,3030567
401,,Oceanpoint,Avenue,Cedarhurst,11516,1350000,1300000,Colonial,7,4.500,"Full,Finished",1 Car Attached,15,9167.78,CL,11/14/2015,11/14/2017,9/28/2016,9/27/2017,318,Det,1,1,*1269694
508,,Oceanpoint,Avenue,Cedarhurst,11516,999000,985000,Colonial,4,2.500,"Full,Finished",1 Car Detached,15,14686.05,CL,1/01/2017,10/31/2017,2/27/2017,6/21/2017,57,Det,1,1,*1276901
719,,Central,Avenue,Woodmere,11598,1099000,1040000,Colonial,8,4.500,Full,,15,20008.65,CL,9/18/2016,10/01/2017,9/05/2017,12/01/2017,352,Det,1,1,2884140
448,,Arlington,Road,Cedarhurst,11516,1175000,1130000,Colonial,6,4.500,"Full,Finished",1 Car Detached,15,15208.04,CL,10/29/2018,4/30/2019,12/07/2018,2/15/2019,39,Det,1,1,*1330535
584,,June,Place,N. Woodmere,11581,1189000,1189000,Colonial,6,3.000,"Full,Finished",1 Car Attached,15,13367.68,CL,3/13/2019,8/12/2019,3/26/2019,8/21/2019,13,Det,1,1,*1340011
230,,Centre,Street,Cedarhurst,11516,1499000,1400000,Colonial,5,4.500,"Full,Finished",,15,13420.47,CL,8/24/2018,3/01/2019,10/18/2018,4/05/2019,55,Det,1,1,*1325005
45,,Meadow,Lane,Lawrence,11559,1199000,1100000,Colonial,4,2.500,"Full,Unfinished",2 Car Detached,15,11178.37,CL,7/01/2019,12/31/2019,8/15/2019,10/24/2019,45,Det,1,1,*1355270
625,,Colfax,Place,N. Woodmere,11581,1250000,1210000,Split Level,5,4.500,"Full,Finished",2 Car Attached,15,18205.00,CL,6/24/2016,6/29/2017,7/03/2017,9/26/2017,374,Att,1,1,*1258625
216,,Harborview N,,Lawrence,11559,999000,1310000,Split Level,4,3.000,"Full,Finished",2 Car Attached,15,9268.60,CL,3/06/2017,9/06/2017,3/28/2017,5/16/2017,21,Det,1,1,*1277561
856,,Dickens,Street,Woodmere,11598,1490000,1410000,Exp Ranch,6,4.000,"None,Unfinished",1 Car Attached,15,14611.50,CL,5/07/2017,12/31/2017,5/25/2017,7/06/2017,18,Det,1,1,*1285820
769,W,Broadway,,Woodmere,11598,1495000,1500000,Colonial,6,4.500,"Full,Finished",1 Car Attached,15,19656.88,CL,2/20/2018,2/20/2020,11/19/2018,11/14/2019,272,Det,1,1,*1307313
524,,Arlington,Road,Cedarhurst,11516,1290000,1217000,Colonial,5,4.500,"Crawl,Unfinished",1 Car Detached,15,7249.38,CL,5/02/2018,4/25/2019,3/11/2019,6/20/2019,313,Det,1,1,*1314398
835,,Fiske,Street,Woodmere,11598,1650000,1523000,Split Level,7,3.555,"Partial,Finished",2 Car Attached,15,16607.13,CL,6/01/2018,12/31/2018,9/07/2018,1/08/2019,98,Det,1,1,*1326053
,,Saddle Ridge,Road,Old Westbury,11568,5998000,4850000,Colonial,7,7.555,"Full,Finished",3 Car Attached,15,111831.88,CL,4/10/2019,4/08/2020,12/13/2019,12/16/2019,247,Det,1,1,*1343143
5,,Dupont,Court,Brookville,11545,9995000,8300000,Colonial,8,11.555,"Full,Finished",4+ Car Attached,15,117345.90,CL,5/03/2016,5/10/2017,12/20/2016,5/02/2017,231,Det,1,2,2849552
16,,Horseshoe,Road,Old Westbury,11568,2499000,2350000,Contemporary,6,4.500,"Full,Finished",,15,47163.24,CL,5/23/2016,3/01/2017,2/10/2017,7/28/2017,263,Det,1,2,2855132
8,,Bridle Path,Court,Muttontown,11545,3899000,3685000,Colonial,8,7.555,Full,3 Car Attached,15,79371.83,CL,6/06/2016,6/03/2017,5/02/2017,9/01/2017,330,Det,1,1,2858847
179,,Brookville,Road,Brookville,11545,4500000,4500000,Colonial,5,5.500,Full,3 Car Attached,15,0.00,CL,6/07/2016,6/07/2017,6/15/2016,5/01/2017,8,Det,1,1,2859016
29,,Meadowood,Lane,Brookville,11545,1495000,1340000,Colonial,4,4.000,"Full,Unfinished",,15,29721.37,CL,7/07/2016,7/02/2018,9/29/2017,11/30/2017,449,Det,1,1,2866900
415,,Arbuckle,Avenue,Cedarhurst,11516,1490000,1300000,Colonial,7,4.500,"Full,Finished",1 Car Attached,15,10826.25,CL,9/14/2016,9/12/2017,9/30/2016,6/28/2017,16,Det,1,1,2883175
465,,Broadway,,Lawrence,11559,2999888,2650000,Colonial,9,5.550,"Full,Partially Finished",2 Car Detached,15,20932.26,CL,12/02/2016,4/03/2017,12/26/2016,5/01/2017,24,Det,1,1,2899834
191,,Granada,Street,Atlantic Beach,11509,1699000,1490000,Colonial,7,5.550,"None,Unfinished",3 Car Attached,15,38504.69,CL,12/28/2016,12/31/2017,11/01/2017,3/28/2018,307,Det,1,1,2903405
68,,Wheatley,Road,Old Westbury,11568,2100000,1800000,Contemporary,6,6.555,"Full,Unfinished",3 Car Attached,15,180664.00,CL,1/12/2017,7/01/2017,6/09/2017,7/19/2017,147,Det,1,1,2906298
3,,Herkimer,Avenue,Jericho,11753,1550000,1550000,Colonial,5,4.500,Full,2 Car Attached,15,0.00,CL,1/23/2017,1/23/2018,4/19/2017,10/02/2017,85,Det,1,1,2909236
32,,Chenango,Drive,Jericho,11753,1015000,975000,Splanch,3,2.500,"Partial,Finished",2 Car Attached,15,18894.16,CL,2/24/2017,8/01/2017,4/04/2017,6/20/2017,38,Det,1,1,2916160
11,,Ulster,Drive,Jericho,11753,925000,905000,Split Level,4,2.500,"Partial,Partially Finished",1 Car Attached,15,18584.63,CL,4/17/2017,8/31/2017,6/08/2017,8/14/2017,52,Det,1,1,2929690
33,,Merry,Lane,Jericho,11753,1498000,1498000,Split Level,6,4.550,Partial,,15,28391.52,CL,4/19/2017,10/19/2017,5/12/2017,7/17/2017,23,Det,1,1,2930452
7,,Madison,Avenue,Jericho,11753,1048000,950000,Exp Ranch,5,4.000,"Full,Finished",2 Car Attached,15,19155.65,CL,12/02/2016,7/19/2017,7/07/2017,7/12/2017,216,Det,1,1,2932747
2,,Pheasant Run,,Old Westbury,11568,2500000,2226000,Contemporary,4,4.550,"Partial,Finished",3 Car Attached,15,49072.82,CL,5/16/2017,11/15/2017,7/10/2017,10/16/2017,55,Det,1,1,2938819
18,,Seneca,Place,Jericho,11753,948000,905000,Split Level,4,2.500,"Partial,Finished",2 Car Attached,15,22945.83,CL,5/20/2017,10/01/2017,7/11/2017,9/28/2017,52,Det,1,1,2940251
6,,Craig,Street,Jericho,11753,999000,990000,Split Level,4,2.550,"Full,Partially Finished",1 Car Attached,15,20512.05,CL,5/31/2017,11/22/2017,6/19/2017,8/11/2017,19,Det,1,1,2942849
13,,Saddle Ridge,Road,Old Westbury,11568,2500000,2100000,Contemporary,6,7.500,"Full,Finished",1 Car Attached,15,126000.00,CL,6/20/2017,12/31/2017,12/29/2017,3/27/2018,192,Det,1,1,2948578
7,,Tompkins,Avenue,Jericho,11753,1079000,1000000,Split Level,4,2.500,"Partial,Finished",1 Car Attached,15,18232.95,CL,7/05/2017,10/31/2017,8/08/2017,11/15/2017,34,Det,1,1,2952469
342,,Edward,Avenue,Woodmere,11598,1390000,1220000,Colonial,5,4.500,"Full,Finished",1 Car Detached,15,14717.43,CL,7/06/2017,12/31/2017,10/08/2017,11/28/2017,94,Det,1,1,2952926
255,,Brookville,Road,Brookville,11545,4788888,4300000,Colonial,5,6.500,"Full,Finished",3 Car Attached,15,0.00,CL,8/02/2017,4/03/2018,1/23/2018,3/26/2018,174,Det,1,1,2960178
17,,Livingston,Street,Jericho,11753,1488000,1200000,Colonial,5,4.500,"Full,Finished",Attached,15,32000.00,CL,8/17/2017,12/31/2017,11/16/2017,11/20/2017,91,Det,1,1,2964243
80,,Orange,Drive,Jericho,11753,1588000,1550000,Colonial,5,4.500,Full,2 Car Attached,15,0.00,CL,8/24/2017,10/24/2017,9/27/2017,2/01/2018,34,Det,1,1,2965850
7,,Erie,Court,Jericho,11753,1048000,1030000,Splanch,5,3.500,"Partial,Finished",2 Car Attached,15,20949.13,CL,9/29/2017,4/17/2018,10/06/2017,11/20/2017,7,Det,1,1,2974841
18,,Sutton,Terrace,Jericho,11753,1068000,980000,Split Level,4,2.500,"Partial,Finished",2 Car Attached,15,18191.25,CL,12/01/2017,5/31/2018,3/23/2018,4/27/2018,111,Det,1,1,2988903
2,,Vista,Lane,Brookville,11545,4295000,3950000,Colonial,6,6.500,Full,3 Car Attached,15,46659.00,CL,12/11/2017,10/31/2018,10/30/2018,2/05/2019,322,Det,1,2,2990989
44,,Broadway,,Lawrence,11559,2450000,2060000,Colonial,6,3.500,"Full,Unfinished",,15,17915.23,CL,12/18/2017,6/04/2018,6/14/2018,5/10/2019,177,Det,1,1,2991976
62,,Elmtree,Lane,Jericho,11753,1399000,1253000,Colonial,5,4.000,Full,2 Car Attached,15,11000.00,CL,1/02/2018,7/15/2018,3/14/2018,8/23/2018,70,Det,1,1,2993867
103,,Hazelwood,Drive,Jericho,11753,998000,967500,Split Level,3,2.500,"Full,Finished",2 Car Attached,15,17104.04,CL,1/12/2018,1/06/2019,2/21/2018,4/11/2018,40,Det,1,1,2996263
3,,Madison,Avenue,Jericho,11753,1587888,1550000,Colonial,5,4.500,"Full,Finished",2 Car Attached,15,17794.00,CL,10/26/2017,9/09/2018,7/30/2018,8/29/2018,277,Det,1,1,3010778
2064,,Pacific,Boulevard,Atlantic Beach,11509,999000,980000,Colonial,4,2.500,"Crawl,Unfinished",1 Car Attached,15,14185.78,CL,4/10/2018,10/01/2018,10/05/2018,12/20/2018,178,Det,1,1,3019335
2,,Hawthorne,Lane,Lawrence,11559,2299999,2295000,Colonial,5,4.500,Full,2 Car Attached,15,13044.35,CL,4/23/2018,10/21/2018,7/03/2018,8/09/2018,71,Det,1,1,3023179
37,,Auerbach,Lane,Lawrence,11559,1365000,1250000,Colonial,6,6.500,"Full,Finished",2 Car Attached,15,18616.63,CL,5/03/2018,8/31/2018,8/07/2018,10/17/2018,96,Det,1,1,3026928
1,,Richmond,Avenue,Jericho,11753,1225000,1162500,Split Level,4,2.500,"Partial,Finished",,15,20715.00,CL,6/22/2018,12/22/2018,7/26/2018,9/27/2018,34,Det,1,1,3042128
16,,Rolling,Drive,Brookville,11545,1999988,1950000,Colonial,5,5.500,"Full,Finished",3 Car Attached,15,55721.60,CL,7/06/2018,3/05/2019,2/27/2019,3/29/2019,236,Det,1,1,3045823
9,,Orange,Drive,Jericho,11753,1590000,1500000,Colonial,6,4.500,"Full,Finished",2 Car Attached,15,12764.76,CL,7/19/2018,5/02/2019,11/18/2018,6/03/2019,122,Det,1,1,3049857
5,,Ulster,Drive,Jericho,11753,948000,930000,Split Level,4,3.000,"Partial,Partially Finished",1 Car Attached,15,19490.64,CL,7/23/2018,1/23/2019,8/06/2018,10/10/2018,14,Det,1,1,3050740
158,,Birchwood Park,Drive,Jericho,11753,1110000,995000,Split Level,4,3.000,"Partial,Finished",2 Car Attached,15,17030.34,CL,9/21/2018,3/13/2019,1/14/2019,4/18/2019,115,Det,1,1,3067069
22,,Chenango,Drive,Jericho,11753,1590000,1500000,Colonial,6,4.500,"Full,Finished",2 Car Attached,15,0.00,CL,11/29/2018,12/28/2019,2/06/2019,8/01/2019,69,Det,1,1,3084060
16,,Cowpath,,Brookville,11545,1449000,1100000,Cape,4,2.500,"Full,Unfinished",,15,28711.00,CL,1/09/2019,5/15/2019,3/11/2019,8/12/2019,60,Det,1,1,3091742
10,,Rolling,Drive,Brookville,11545,1199000,1400000,Colonial,5,3.500,"Full,Finished",2 Car Attached,15,35824.00,CL,1/23/2019,1/31/2020,2/15/2019,12/30/2019,23,Det,1,1,3095586
27,,Orange,Drive,Jericho,11753,1148000,1095000,Split Level,4,2.500,"Partial,Partially Finished",1 Car Attached,15,14366.00,CL,2/02/2019,7/02/2019,2/22/2019,4/30/2019,20,Det,1,1,3098483
50,,Rolling Hill,Lane,Old Westbury,11568,3475000,3150000,Colonial,6,5.500,"Full,Unfinished",3 Car Attached,15,66850.97,CL,2/05/2019,2/05/2020,5/03/2019,6/04/2019,86,Det,1,1,3098826
12,,Livingston,Avenue,Jericho,11753,1150000,1085000,Raised Ranch,5,4.000,"Full,Finished",2 Car Attached,15,23706.00,CL,3/11/2019,8/15/2019,6/28/2019,8/09/2019,109,Det,1,1,3107823
106,,Bounty,Lane,Jericho,11753,1098000,1075000,Split Level,4,3.000,"Partial,Finished",2 Car Attached,15,13137.60,CL,3/18/2019,9/12/2019,4/18/2019,9/11/2019,31,Det,1,1,3110079
19,,Herkimer,Avenue,Jericho,11753,999000,950000,Colonial,4,2.500,"Opt,Finished",2 Car Attached,15,14211.61,CL,4/01/2019,7/25/2019,7/22/2019,12/19/2019,112,Det,1,1,3114839
220,,Wheatley,Road,Old Westbury,11568,1399000,1228000,Other,6,5.500,"Partial,Unfinished",2 Car Attached,15,73616.00,CL,4/05/2019,3/18/2020,10/02/2019,11/25/2019,180,Det,1,1,3116272
71,,Hazelwood,Drive,Jericho,11753,1288000,1200000,Split Level,5,4.000,"Full,Finished",,15,24347.95,CL,5/02/2019,10/02/2019,9/30/2019,11/01/2019,151,Det,1,1,3124789
53,,Saratoga,Drive,Jericho,11753,1118000,1118000,Colonial,4,2.500,"Full,Finished",2 Car Attached,15,19163.00,CL,2/11/2019,8/15/2019,5/30/2019,8/06/2019,107,Det,1,1,3126326
327,,Coleridge,Road,Jericho,11753,945888,910000,Split Level,3,3.000,"Partial,Finished",1 Car Attached,15,18443.53,CL,5/21/2019,10/31/2019,6/18/2019,10/01/2019,28,Det,1,1,3130878
2,,Arborfields,Court,Old Westbury,11568,2599000,2380000,Colonial,6,4.500,"Full,Unfinished",3 Car Attached,15,0.00,CL,6/17/2019,12/31/2019,7/18/2019,7/29/2019,31,Det,1,1,3139222
10,,Schuyler,Drive,Jericho,11753,1050000,990000,Split Level,4,3.000,"Partial,Finished",2 Car Attached,15,16109.55,CL,7/17/2019,1/15/2020,9/06/2019,12/16/2019,51,Det,1,1,3148126
51,,Kings,Avenue,Atlantic Beach,11509,1999000,2100000,Other,6,5.500,"Full,Finished",,15,19173.00,CL,8/01/2019,6/30/2020,8/27/2019,10/11/2019,26,Det,1,1,3152269
7,,White,Drive,Cedarhurst,11516,1999999,1860000,Colonial,6,5.500,"Full,Finished",1 Car Attached,15,19466.35,CL,9/12/2019,2/01/2020,10/10/2019,1/06/2020,28,Det,1,1,3164034
6,,Hazelwood,Court,Jericho,11753,1098888,948000,Split Level,5,2.500,"Full,Unfinished",2 Car Attached,15,17042.93,CL,11/05/2019,4/30/2020,12/20/2019,2/19/2020,45,Det,1,1,3178240
543,,Derby,Avenue,Woodmere,11598,1350000,1329970,Colonial,7,4.500,"Full,Unfinished",1 Car Attached,15,0.00,CL,3/01/2015,12/31/2016,6/21/2016,6/20/2017,477,Det,1,1,*1224290
454,,Argyle,Road,Cedarhurst,11516,1200000,1150000,Colonial,5,3.500,"Crawl,Unfinished",1 Car Attached,15,0.00,CL,8/01/2016,8/31/2017,3/01/2017,5/30/2017,212,Det,1,1,*1277341
1275,,Park,Street,Atlantic Beach,11509,999000,980000,Colonial,6,3.500,"None,Unfinished",1 Car Attached,15,12511.55,CL,3/30/2017,9/30/2017,5/17/2017,8/02/2017,48,Det,1,1,*1280087
515,,Jorgen,Street,Lawrence,11559,1099000,975000,Colonial,5,3.000,"Full,Finished",1 Car Detached,15,11174.59,CL,5/08/2017,11/08/2017,5/30/2017,8/24/2017,22,Det,1,1,*1283932
116,,Causeway,,Lawrence,11559,2290000,2615000,Colonial,5,3.500,"Full,Finished",1 Car Detached,15,19216.70,CL,5/07/2017,10/27/2017,5/19/2017,10/24/2017,12,Det,1,1,*1284140
136,,Lefferts,Road,Woodmere,11598,1250000,1155000,Exp Ranch,4,3.500,"Crawl,Unfinished",,15,26500.00,CL,8/02/2017,12/13/2017,9/15/2017,11/30/2017,44,Det,1,1,*1292063
7,,Harborview,,Lawrence,11559,999000,1100000,Splanch,4,2.500,"Partial,Finished",1 Car Attached,15,10609.11,CL,9/17/2017,2/17/2018,9/28/2017,12/28/2017,11,Det,1,1,*1296932
12,,Hemlock,Drive,Brookville,11545,2900000,2900000,Colonial,5,4.550,"Partial,Finished",3 Car Attached,15,69353.75,CL,12/01/2017,5/31/2018,12/04/2017,12/08/2017,3,Det,1,1,*1302412
100,,Fulton,Street,Lawrence,11559,2000000,1965000,Colonial,5,3.500,"Full,Finished",2 Car Attached,15,10000.00,CL,11/01/2017,12/31/2018,11/19/2017,5/30/2018,18,Det,1,1,*1302906
34,,Briarwood,Lane,Lawrence,11559,1700000,1600000,Colonial,5,3.500,"Full,Finished",,15,13243.76,CL,12/25/2017,12/31/2018,1/10/2018,4/13/2018,16,Det,1,1,*1303707
20,,Herrick,Drive,Lawrence,11559,1150000,1150000,Tudor,5,3.500,Full,2 Car Detached,15,12723.10,CL,2/01/2018,6/30/2018,2/20/2018,5/09/2018,19,Det,1,1,*1307311
714,,Central,Avenue,Woodmere,11598,1388000,1380000,Contemporary,8,4.000,"None,Unfinished",2 Car Attached,15,20516.00,CL,4/08/2018,12/31/2018,5/01/2018,7/30/2018,23,Det,1,1,*1311676
74,,Harborview W,,Lawrence,11559,1259000,1350000,Splanch,4,2.500,"Partial,Finished",2 Car Attached,15,10725.14,CL,5/04/2018,9/03/2018,5/17/2018,8/28/2018,13,Det,1,1,*1314695
2,,Amberly,Road,Lawrence,11559,1900000,1850000,Colonial,6,4.500,"Full,Partially Finished",1 Car Attached,15,14105.21,CL,2/08/2018,12/31/2018,3/28/2018,8/20/2018,47,Det,1,1,*1318991
376,,Church,Avenue,Cedarhurst,11516,999000,985000,Exp Ranch,3,2.000,"Crawl,Unfinished",1 Car Attached,15,10382.98,CL,6/01/2018,12/31/2018,8/06/2018,2/21/2019,66,Det,1,1,*1323347
850,,Lawn,Place,Woodmere,11598,1490000,1400000,Split Level,6,4.500,"Full,Finished",2 Car Attached,15,23738.39,CL,6/21/2018,12/19/2018,8/20/2018,10/23/2018,60,Det,1,1,*1329862
,,Fulton,Avenue,Atlantic Beach,11509,2500000,2500000,Contemporary,5,5.500,"None,Unfinished",4+ Car Attached,15,0.00,CL,1/29/2019,2/28/2019,1/30/2019,1/30/2019,1,Det,1,1,*1336059
72,,Wheatley,Road,Old Westbury,11568,1350000,1275000,Split Level,5,3.000,Partial,2 Car Attached,15,46431.00,CL,5/01/2019,11/01/2019,5/02/2019,7/25/2019,1,Det,1,1,*1345061
221,N,Juniper,Circle,Lawrence,11559,1150000,1100000,Split Level,4,3.000,"Partial,Finished",2 Car Attached,15,10282.06,CL,5/01/2019,7/31/2019,5/02/2019,7/18/2019,1,Det,1,1,*1345186
131,,Harborview E,,Lawrence,11559,1600000,1475000,Split Level,4,3.000,"Full,Finished",1 Car Attached,15,12198.13,CL,11/16/2018,8/31/2019,2/14/2019,5/06/2019,90,Det,1,1,*1345759
240,,Pond Lane,Crossing,Lawrence,11559,1250000,1350000,Ranch,5,3.500,"Full,Unfinished",2 Car Attached,15,17346.06,CL,5/11/2019,11/10/2019,5/29/2019,9/20/2019,18,Det,1,1,*1346274
110,,Causeway,,Lawrence,11559,3750000,3350000,Colonial,4,2.550,"Crawl,Unfinished",2 Car Attached,15,21956.80,CL,9/25/2019,9/25/2020,11/26/2019,1/01/2020,62,Det,1,1,*1365100
136,,Sutton,Place,Lawrence,11559,2800000,2850000,Colonial,7,7.500,"None,Unfinished",1 Car Attached,15,15015.02,CL,7/01/2019,3/01/2020,9/25/2019,1/17/2020,86,Det,1,1,*1367504
92,,Meadow,Lane,Lawrence,11559,1250000,1200000,Colonial,9,4.500,"Full,Finished",2 Car Detached,15,20666.15,CL,9/02/2014,6/01/2017,3/31/2017,5/25/2017,941,Det,1,1,2702822
125,,Pine,Street,Woodmere,11598,1399000,1300000,Colonial,6,4.500,"Full,Finished",,15,11609.45,CL,12/03/2014,3/28/2017,10/13/2016,4/03/2017,679,Det,1,1,2724445
539,,Fairway,Drive,Woodmere,11598,1900000,1900000,Colonial,7,5.500,"Crawl,Unfinished",1 Car Attached,15,0.00,CL,6/22/2015,12/31/2018,12/23/2017,12/21/2018,915,Det,1,1,2774575
2150,,Ironwood,Road,Muttontown,11791,2895000,2838000,Colonial,7,5.500,"Partial,Finished",3 Car Attached,15,56858.66,CL,9/17/2015,9/08/2017,1/02/2017,6/30/2017,473,Att,1,1,2796837
1678,,Cedar Swamp,Road,Brookville,11545,1325000,1250000,Colonial,4,3.500,"Full,Finished",2 Car Attached,15,23128.30,CL,11/02/2015,5/02/2016,4/04/2016,3/31/2017,153,Det,1,1,2807823
1638,,Old Cedar Swamp,Road,Brookville,11545,2888000,2805000,Colonial,6,6.500,"Full,Finished",3 Car Detached,15,72496.00,CL,11/12/2015,9/15/2016,10/16/2018,10/04/2019,1068,Det,1,1,2810176
33,,Kettlepond,Road,Jericho,11753,3900000,3200000,Colonial,6,6.550,"None,Unfinished",,15,45747.46,CL,12/03/2015,12/31/2017,12/22/2017,1/22/2018,750,Det,1,1,2814386
357,,Buckingham,Road,Cedarhurst,11516,1400000,1400000,Colonial,5,4.555,"Full,Finished",1 Car Attached,15,0.00,CL,1/10/2016,1/10/2017,6/13/2017,10/03/2017,519,Det,1,1,2820538
420,,Adelberg,Lane,Cedarhurst,11516,1400000,1375000,Colonial,5,4.500,"Full,Unfinished",1 Car Attached,15,0.00,CL,1/10/2016,12/30/2016,10/16/2016,6/19/2017,279,Det,1,1,2820539
35,,Applegreen,Drive,Old Westbury,11568,7500000,6800000,Colonial,8,11.500,"Full,Finished",3 Car Attached,15,114160.00,CL,3/28/2016,3/02/2017,2/22/2017,6/06/2017,331,Det,1,1,2839229
1233,,Beech,Street,Atlantic Beach,11509,999000,925000,Contemporary,3,2.500,"None,Unfinished",2 Car Attached,15,19877.50,CL,5/02/2016,5/01/2017,3/03/2017,4/27/2017,305,Det,1,1,2849142
2,,Tappentown Lane,,Brookville,11545,1390000,1390000,Split Ranch,3,2.500,Partial,2 Car Attached,15,26000.00,CL,5/18/2016,5/18/2017,5/01/2017,8/11/2017,348,Det,1,1,2853959
5,,Norgate,Road,Brookville,11545,1999000,1850000,Colonial,5,4.500,"Full,Finished",2 Car Attached,15,37814.00,CL,6/02/2016,6/12/2017,2/20/2017,5/31/2017,263,Det,1,1,2857375
Lot#1,,Private,Road,Brookville,11545,4950000,4410000,Colonial,6,6.550,"Full,Finished",3 Car Attached,15,34665.32,CL,6/27/2016,5/05/2017,5/01/2017,10/09/2017,308,Det,1,1,2864445
3,,Brookville Ln So,,Brookville,11545,2495000,2400000,Other,5,3.550,"Full,Finished",2 Car Attached,15,26298.00,CL,9/28/2016,9/27/2017,6/02/2017,8/16/2017,247,Det,1,1,2886573
81,,Woodhollow,Court,Muttontown,11791,1925000,1875000,Ranch,4,3.550,"Full,Finished",2 Car Attached,15,29903.81,CL,10/13/2016,4/30/2017,2/15/2017,6/14/2017,125,Det,1,1,2889881
565,,Kenridge,Road,Lawrence,11559,1190000,995000,Colonial,4,3.500,"Full,Finished",2 Car Detached,15,20810.05,CL,11/06/2016,8/31/2017,5/30/2017,8/02/2017,205,Det,1,1,2894885
183,,Lakeside,Drive,Lawrence,11559,1250000,1200000,Exp Ranch,6,3.000,Unfinished,2 Car Attached,15,19536.30,CL,11/09/2016,10/04/2017,5/01/2017,9/13/2017,172,Det,1,1,2895446
45,,Magnolia Ln,,Jericho,11753,965000,928000,Split Level,4,2.500,"Full,Finished",2 Car Attached,15,16826.06,CL,1/04/2017,7/31/2017,2/13/2017,5/11/2017,40,Det,1,1,2904974
72,,Merry,Lane,Jericho,11753,988000,975000,Split Level,4,2.500,"Full,Finished",2 Car Attached,15,18711.26,CL,2/01/2017,7/17/2017,2/13/2017,6/12/2017,12,Det,1,1,2910852
2,,Herkimer,Avenue,Jericho,11753,1588000,1588000,Colonial,5,4.500,Full,,15,0.00,CL,3/03/2017,5/22/2017,5/16/2017,8/17/2017,73,Det,1,1,2918126
5,,Craig,Street,Jericho,11753,988000,970000,Split Level,4,2.500,"Full,Finished",1 Car Attached,15,22130.00,CL,3/27/2017,9/29/2017,4/24/2017,7/11/2017,28,Det,1,1,2924184
116,,Harrison,Street,Lawrence,11559,1049000,975000,Colonial,5,3.000,"Full,Unfinished",2 Car Detached,15,11950.00,CL,4/19/2017,9/30/2017,5/15/2017,8/08/2017,26,Det,1,1,2930516
9,,Maiden,Lane,Jericho,11753,978000,965000,Split Level,4,3.500,"Full,Finished",1 Car Attached,15,14490.68,CL,4/19/2017,10/31/2017,6/08/2017,6/23/2017,50,Det,1,1,2930522
65,,Merry,Lane,Jericho,11753,1098000,1048000,Split Level,5,4.000,"Full,Finished",1 Car Detached,15,19569.46,CL,4/19/2017,10/14/2017,6/13/2017,8/14/2017,55,Det,1,1,2930704
17,,Magnolia Ln,,Jericho,11753,958000,928000,Split Level,3,2.550,"Full,Finished",2 Car Attached,15,16118.00,CL,4/29/2017,10/31/2017,7/10/2017,8/15/2017,72,Det,1,1,2933586
24,,Maytime,Drive,Jericho,11753,1050000,985000,Split Level,4,2.500,"Full,Finished",2 Car Attached,15,17613.93,CL,5/02/2017,10/31/2017,6/05/2017,10/12/2017,34,Det,1,1,2934474
1942,,Midlane,,Muttontown,11791,1299000,1250000,Ranch,4,3.500,"Full,Finished",2 Car Attached,15,30811.00,CL,5/12/2017,11/12/2017,5/26/2017,8/24/2017,14,Det,1,1,2937690
7,,Ulster,Drive,Jericho,11753,1398000,1310000,Split Level,5,3.500,"Full,Finished",2 Car Attached,15,17585.80,CL,5/16/2017,11/25/2017,6/06/2017,10/02/2017,21,Det,1,1,2938919
183,,Maytime,Drive,Jericho,11753,948000,955000,Split Level,4,2.500,"Full,Finished",2 Car Attached,15,17782.74,CL,4/17/2017,10/31/2017,6/09/2017,8/08/2017,53,Det,1,1,2938976
23,,Sullivan,Drive,Jericho,11753,958000,955000,Split Level,4,2.500,"Full,Finished",1 Car Attached,15,13041.62,CL,5/19/2017,9/01/2017,6/15/2017,8/10/2017,27,Det,1,1,2939894
103,,Birchwood Park,Drive,Jericho,11753,948000,940000,Split Level,4,3.000,"Full,Finished",2 Car Attached,15,16079.93,CL,6/07/2017,9/06/2017,6/30/2017,8/31/2017,23,Det,1,1,2944856
2323,,Cedar Swamp,Road,Brookville,11545,2250000,1880000,Contemporary,7,5.500,"Full,Partially Finished",3 Car Attached,15,42475.40,CL,6/27/2017,6/08/2018,9/12/2017,12/15/2017,77,Det,1,1,2950463
284,,Linwood,Avenue,Cedarhurst,11516,999000,1030000,Colonial,5,4.500,"Full,Finished",1 Car Detached,15,9952.09,CL,6/27/2017,9/16/2017,7/26/2017,9/12/2017,29,Det,1,1,2950615
8,,Neubrech,Court,Jericho,11753,998999,970000,Splanch,4,2.500,"Full,Finished",2 Car Attached,15,13353.00,CL,6/28/2017,9/05/2018,9/23/2017,12/22/2017,87,Det,1,1,2950767
2098,,Edge,Road,Muttontown,11791,2825000,2710000,Colonial,5,4.550,"Full,Unfinished",3 Car Attached,15,30140.90,CL,7/20/2017,7/20/2018,8/31/2017,1/31/2018,42,Det,1,1,2956750
38,,Sullivan Drive,,Jericho,11753,1398000,1375000,Split Level,5,3.500,"Full,Finished",1 Car Attached,15,21018.51,CL,7/27/2017,11/30/2017,8/16/2017,11/16/2017,20,Det,1,1,2958636
9,,Clinton,Lane,Jericho,11753,1725000,1680000,Colonial,5,4.000,"Full,Finished",2 Car Attached,15,18528.55,CL,7/31/2017,1/31/2018,1/10/2018,4/13/2018,163,Det,1,1,2959500
10,,Ormond Park,Road,Brookville,11545,3490000,2800000,Estate,6,6.500,"Full,Finished",3 Car Attached,15,85183.33,CL,3/20/2017,3/20/2018,1/17/2018,3/08/2018,303,Det,1,1,2961798
27,,Middle,Lane,Jericho,11753,1385000,1250000,Split Level,4,4.000,"Full,Finished",1 Car Attached,15,25787.78,CL,8/28/2017,12/31/2017,10/06/2017,12/13/2017,39,Det,1,1,2966675
162,,Birchwood Park,Drive,Jericho,11753,1120000,990000,Split Level,5,3.500,"Full,Finished",1 Car Attached,15,19597.58,CL,8/30/2017,5/31/2018,2/13/2018,6/01/2018,167,Det,1,1,2966933
1233,,Beech,Street,Atlantic Beach,11509,1100000,999000,Contemporary,3,2.500,"Crawl,Unfinished",2 Car Attached,15,14211.99,CL,9/01/2017,4/01/2018,10/13/2017,12/20/2017,42,Det,1,1,2967449
1,,Kathy,Drive,Muttontown,11753,1348000,1275000,Colonial,5,3.500,"Full,Finished",2 Car Attached,15,22132.57,CL,9/20/2017,6/30/2018,6/22/2018,8/17/2018,275,Det,1,1,2972611
2,,Richmond,Avenue,Jericho,11753,998000,968000,Split Level,4,2.500,"Full,Finished",1 Car Attached,15,22298.79,CL,10/11/2017,4/30/2018,11/18/2017,4/03/2018,38,Det,1,1,2977566
39,,Briar,Lane,Jericho,11753,996000,948000,Split Level,3,2.500,"Full,Finished",2 Car Attached,15,18542.00,CL,11/11/2017,5/31/2018,3/14/2018,5/18/2018,122,Det,1,1,2985077
20,,16,Street,Jericho,11753,1048000,950000,Colonial,5,3.000,"Partial,Unfinished",1 Car Detached,15,0.00,CL,12/03/2017,12/31/2018,5/01/2018,7/31/2018,148,Det,1,1,2989192
173,,Acapulco,Street,Atlantic Beach,11509,999000,996333,Colonial,4,3.500,"None,Unfinished",2 Car Attached,15,0.00,CL,1/03/2018,7/04/2018,3/26/2018,6/11/2018,81,Det,1,1,2994245
58,,Sullivan,Drive,Jericho,11753,1649000,1610000,Colonial,5,4.500,"Full,Unfinished",1 Car Attached,15,0.00,CL,9/16/2017,5/31/2018,3/02/2018,5/08/2018,167,Det,1,1,2994335
67,,Karol,Place,Muttontown,11753,1680000,1575000,Ranch,5,4.000,"Partial,Finished",2 Car Attached,15,27654.14,CL,1/05/2018,7/15/2018,3/09/2018,8/20/2018,63,Det,1,1,2994584
5,,Maiden,Lane,Jericho,11753,978000,932001,Split Level,4,2.500,"Full,Finished",2 Car Attached,15,16853.56,CL,1/20/2018,7/20/2018,4/16/2018,10/19/2018,85,Det,1,1,2998048
4,,Ormond Park,Road,Brookville,11545,1689000,1500000,Colonial,6,5.500,Full,4+ Car Detached,15,0.00,CL,2/01/2018,2/01/2019,10/05/2018,12/04/2018,245,Det,1,1,3001208
34,,Ivy,Drive,Jericho,11753,1149000,1125000,Colonial,6,3.500,"Full,Partially Finished",1 Car Attached,15,23983.92,CL,2/01/2018,7/31/2018,2/15/2018,6/12/2018,14,Det,1,1,3001265
59,,Chenango,Drive,Jericho,11753,1375000,1309500,Colonial,5,3.500,"Full,Finished",2 Car Attached,15,19490.64,CL,2/08/2018,8/02/2018,9/05/2018,12/11/2018,208,Det,1,1,3003059
317,,Grant,Avenue,Woodmere,11598,1250000,1250000,Colonial,4,2.500,Full,2 Car Attached,15,9168.00,CL,2/11/2018,8/31/2018,2/26/2018,4/26/2018,15,Det,1,1,3003704
852,,Fiske,Street,Woodmere,11598,1798000,1700000,Colonial,6,5.500,"Crawl,Unfinished",1 Car Attached,15,15110.60,CL,2/15/2018,8/09/2018,3/27/2018,5/01/2018,39,Det,1,1,3004988
5,,Orchard,Lane,Old Westbury,11568,5099000,4325000,Colonial,7,8.550,"Full,Finished",3 Car Attached,15,112805.00,CL,2/17/2018,10/01/2018,5/12/2018,6/27/2018,83,Det,1,1,3005402
10,,Saratoga,Drive,Jericho,11753,1398000,1310000,Split Level,5,4.000,"Full,Finished",2 Car Attached,15,20212.00,CL,2/20/2018,8/20/2018,4/26/2018,5/29/2018,64,Det,1,1,3005870
28,E,Fern,Drive,Jericho,11753,1649000,1550000,Colonial,5,4.500,"Full,Unfinished",2 Car Attached,15,0.00,CL,3/15/2018,3/15/2019,3/12/2019,4/05/2019,362,Det,1,1,3012135
26,,Emerson,Road,Brookville,11545,3345000,2920000,Colonial,6,6.500,"Full,Finished",3 Car Attached,15,51121.24,CL,3/22/2018,3/14/2019,11/30/2018,2/11/2019,253,Det,1,1,3014262
19,,Saratoga,Drive,Jericho,11753,1588000,1570000,Colonial,5,4.500,"Full,Unfinished",2 Car Attached,15,0.00,CL,4/08/2018,7/30/2018,7/30/2018,8/31/2018,113,Det,1,1,3019205
15,,Quaker Ridge,Drive,Brookville,11545,1495000,1440000,Colonial,5,3.500,"Full,Unfinished",2 Car Attached,15,35774.50,CL,4/11/2018,4/11/2019,4/27/2018,7/23/2018,16,Att,1,1,3019501
120,,Hazelwood,Drive,Jericho,11753,1499000,1460000,Colonial,6,4.500,"Full,Unfinished",2 Car Attached,15,21124.36,CL,4/27/2018,10/24/2018,6/11/2018,6/29/2018,45,Det,1,1,3024564
9,,Black Rock,Road,Muttontown,11545,3999000,3500000,Colonial,8,6.555,"Full,Finished",3 Car Attached,15,83519.00,CL,5/01/2018,3/04/2019,10/16/2018,12/31/2018,168,Det,1,1,3025825
30,,Magnolia,Lane,Jericho,11753,977000,950000,Split Level,4,2.500,"Full,Finished",2 Car Attached,15,14422.75,CL,5/04/2018,9/30/2018,5/19/2018,8/03/2018,15,Att,1,1,3027314
64,,Merry,Lane,Jericho,11753,1055000,984000,Ranch,4,2.000,"Full,Finished",1 Car Attached,15,14142.84,CL,5/14/2018,11/10/2018,5/21/2018,8/13/2018,7,Det,1,1,3030076
32,,Middle Ln,,Jericho,11753,1056000,990000,Split Level,5,3.500,"Full,Finished",2 Car Attached,15,24529.02,CL,5/15/2018,11/14/2018,6/26/2018,7/31/2018,42,Det,1,1,3030379
5,,Rolling Hill,Road,Old Westbury,11568,1549000,1449000,Colonial,6,2.550,Partial,2 Car Attached,15,33918.04,CL,5/23/2018,5/23/2019,1/21/2019,2/18/2019,243,Det,1,1,3032956
100,,Madison,Place,Jericho,11753,1098000,969000,Splanch,4,3.000,"Partial,Finished",2 Car Attached,15,23777.68,CL,5/30/2018,11/23/2018,8/06/2018,10/30/2018,68,Det,1,1,3034473
24,,Tioga,Drive,Jericho,11753,1350000,1312500,Split Level,6,3.500,Full,1 Car Attached,15,21450.00,CL,6/01/2018,12/01/2018,9/10/2018,11/05/2018,101,Det,1,1,3035572
10,,Steuben,Drive,Jericho,11753,949000,920000,Split Level,4,2.500,"Full,Partially Finished",,15,13500.00,CL,6/09/2018,12/09/2018,7/18/2018,8/17/2018,39,Det,1,1,3038089
41,E,Fern,Drive,Jericho,11753,1098000,1070000,Hi Ranch,5,3.000,"None,Unfinished",2 Car Attached,15,24514.28,CL,6/11/2018,11/05/2018,10/11/2018,12/10/2018,122,Det,1,1,3038354
72,,Hedgerow,Lane,Jericho,11753,998999,991000,Split Level,3,2.500,"Full,Finished",2 Car Attached,15,15336.16,CL,6/19/2018,12/15/2018,9/10/2018,9/10/2018,83,Det,1,1,3040771
2,,Schuyler,Drive,Jericho,11753,995000,960000,Split Level,5,3.000,"Full,Finished",2 Car Attached,15,18827.70,CL,7/20/2018,1/18/2019,8/27/2018,11/06/2018,38,Det,1,1,3050340
10,,Warren,Lane,Jericho,11753,1245000,1165000,Split Level,5,3.500,"Full,Finished",1 Car Attached,15,21236.00,CL,7/30/2018,12/31/2018,10/24/2018,12/20/2018,86,Det,1,1,3052803
10,,Delaware,Avenue,Jericho,11753,1395000,1280000,Contemporary,5,3.500,"Full,Finished",2 Car Attached,15,28200.51,CL,8/03/2018,12/31/2018,12/14/2018,3/08/2019,133,Det,1,1,3054306
19,,Ivy,Drive,Jericho,11753,1588000,1500000,Colonial,5,4.500,"Full,Unfinished",2 Car Attached,15,0.00,CL,12/20/2017,9/15/2018,8/08/2018,11/02/2018,230,Det,1,1,3055949
42,,Margaret,Avenue,Lawrence,11559,1549000,1400000,Colonial,6,4.000,"Full,Finished",2 Car Detached,15,19467.53,CL,10/29/2018,4/08/2019,1/17/2019,3/13/2019,80,Det,1,1,3077023
5,,Westchester,Avenue,Jericho,11753,1048888,990000,Split Level,4,2.500,"Full,Finished",1 Car Attached,15,13543.84,CL,11/15/2018,11/06/2019,12/19/2018,2/28/2019,34,Det,1,1,3081393
43,,Ivy,Drive,Jericho,11753,1588000,1502000,Colonial,6,4.500,"Full,Unfinished",2 Car Attached,15,0.00,CL,12/01/2018,5/31/2019,3/01/2019,6/21/2019,90,Det,1,1,3084500
27,,Ormond Park,Road,Brookville,11545,2295000,2200000,Colonial,6,6.500,"Full,Finished",2 Car Attached,15,67093.00,CL,12/05/2018,5/31/2019,1/21/2019,2/14/2019,47,Det,1,1,3085241
4,,Madison,Place,Jericho,11753,1248000,1230000,Colonial,5,2.500,Full,2 Car Attached,15,26679.88,CL,12/10/2018,5/01/2019,2/22/2019,4/15/2019,74,Det,1,1,3086146
20,,Cortland,Avenue,Jericho,11753,925000,915000,Colonial,4,2.500,"Full,Finished",2 Car Attached,15,14009.27,CL,1/24/2019,7/24/2019,2/08/2019,3/28/2019,15,Det,1,1,3095742
14,,Westchester,Avenue,Jericho,11753,1248000,1188000,Colonial,5,3.500,"Partial,Unfinished",2 Car Attached,15,25092.17,CL,2/04/2019,9/30/2019,5/28/2019,8/13/2019,112,Det,1,1,3098394
634,,Atlantic,Avenue,Lawrence,11559,1499000,1330000,Colonial,6,3.500,"Crawl,Unfinished",1 Car Attached,15,15009.00,CL,2/07/2019,12/31/2019,7/29/2019,11/18/2019,171,Det,1,1,3099375
25,,Tioga,Drive,Jericho,11753,1238000,1188000,Split Level,3,3.000,"Partial,Unfinished",2 Car Attached,15,20842.68,CL,2/11/2019,11/11/2019,4/04/2019,7/02/2019,51,Det,1,1,3100397
42,,Vernon,Avenue,Atlantic Beach,11509,1125000,1060000,Colonial,3,3.000,"Full,Finished",1 Car Attached,15,13537.44,CL,2/27/2019,12/31/2019,8/05/2019,10/04/2019,158,Det,1,1,3104265
71,,Birchwood Park,Drive,Jericho,11753,1099999,1039000,Split Level,5,2.500,"Partial,Finished",2 Car Attached,15,16390.83,CL,3/04/2019,8/21/2019,4/04/2019,6/18/2019,30,Det,1,1,3105712
1,,Polo,Drive,Old Westbury,11568,3499999,3000000,Colonial,6,6.500,"Full,Finished",3 Car Attached,15,90993.00,CL,3/07/2019,3/01/2020,5/20/2019,6/10/2019,73,Det,1,1,3106898
19,,Middle,Lane,Jericho,11753,1100000,1035000,Split Level,3,2.500,"Partial,Finished",2 Car Attached,15,18756.83,CL,5/09/2019,10/29/2019,6/07/2019,8/19/2019,29,Det,1,1,3127295
378,,Longacre,Avenue,Woodmere,11598,999000,975000,Exp Ranch,6,4.000,"None,Unfinished",,15,11655.86,CL,5/23/2019,11/05/2019,7/19/2019,9/06/2019,57,Det,1,1,3131560
741,,Van Dam,Street,N. Woodmere,11581,950000,925000,Split Level,5,2.500,Full,2 Car Attached,15,10177.48,CL,5/26/2019,10/30/2019,6/13/2019,7/22/2019,18,Det,1,1,3132218
301,,Kirby,Avenue,Woodmere,11598,1999000,1955000,Colonial,5,4.550,"Full,Finished",1 Car Attached,15,25120.00,CL,6/01/2019,11/15/2019,10/11/2019,12/13/2019,132,Det,1,1,3134227
160,,Harborview North,,Lawrence,11559,1399000,1390000,Splanch,4,3.000,"Partial,Finished",2 Car Attached,15,13894.50,CL,6/05/2019,9/30/2019,6/27/2019,11/14/2019,22,Det,1,1,3135423
46,,Sullivan,Drive,Jericho,11753,1049000,999950,Split Level,3,2.500,Partial,2 Car Attached,15,24531.78,CL,6/05/2019,12/31/2019,8/28/2019,11/07/2019,84,Det,1,1,3135664
110,,Manhattan,Court,Jericho,11753,985000,935000,Colonial,4,2.500,"Full,Finished",1 Car Attached,15,17221.85,CL,7/01/2019,1/06/2020,7/18/2019,8/20/2019,17,Det,1,1,3143233
150,,Birchwood Park,Drive,Jericho,11753,1275000,1235000,Split Level,4,3.500,"Partial,Finished",2 Car Attached,15,25247.81,CL,7/10/2019,1/03/2020,8/21/2019,10/04/2019,42,Det,1,1,3145986
3,,Basile,Court,Woodmere,11598,1399000,1360000,Colonial,5,4.500,"Full,Finished",2 Car Attached,15,18602.98,CL,8/12/2019,12/31/2019,9/27/2019,1/14/2020,46,Det,1,1,3155216
754,,Van Dam,Street,N. Woodmere,11581,960000,945000,Split Level,4,2.500,"Partial,Finished",2 Car Attached,15,7324.18,CL,9/16/2019,3/31/2020,10/04/2019,12/12/2019,18,Det,1,1,3164780
100,,Woodhollow,Court,Muttontown,11791,1598000,1538000,Post Modern,5,5.500,"Full,Finished",3 Car Attached,15,41998.04,CL,10/17/2019,4/15/2020,11/21/2019,3/19/2020,35,Det,1,1,3173602
367,,Derby,Avenue,Woodmere,11598,939000,925000,Colonial,5,3.500,"Full,Finished",,15,9019.09,CL,10/25/2019,3/27/2020,10/31/2019,12/27/2019,6,Det,1,1,3175455
25,,Westmoreland,Drive,Jericho,11753,1218000,995000,Split Level,4,2.500,"Full,Finished",1 Car Attached,15,19443.54,CL,11/07/2019,1/31/2020,11/12/2019,2/06/2020,5,Det,1,1,3179359
1655,,Bay,Boulevard,Atlantic Beach,11509,1178000,1050000,Colonial,4,4.500,"Full,Finished",1 Car Attached,15,18436.00,CL,6/04/2016,7/01/2017,2/24/2017,5/17/2017,265,Det,1,1,2858419
17,,Windsor,Drive,Muttontown,11753,4875000,4200000,Contemporary,7,8.000,"Full,Finished",,15,95165.00,CL,6/07/2016,6/01/2017,4/01/2017,7/27/2017,298,Det,1,1,2859221
47,,Valley,Road,Old Westbury,11568,2888000,2500000,Colonial,6,5.500,Full,2 Car Attached,15,53027.83,CL,6/27/2016,12/31/2016,10/28/2016,3/31/2017,123,Det,1,1,2864580
61,,Bayberry,Road,Lawrence,11559,949000,940000,Splanch,5,3.000,"Partial,Unfinished",2 Car Attached,15,15118.06,CL,7/02/2016,12/31/2016,12/20/2016,10/31/2017,171,Det,1,1,2865948
7,,Cowpath,,Brookville,11545,3680000,3300000,Colonial,6,6.500,"Full,Finished",3 Car Attached,15,0.00,CL,7/26/2016,8/16/2017,8/08/2017,12/01/2017,378,Det,1,1,2872117
4,,Hemlock,Drive,Brookville,11545,2999999,2800000,Post Modern,5,6.500,"Full,Finished",4+ Car Attached,15,52215.73,CL,8/15/2016,8/03/2017,11/18/2016,6/30/2017,95,Det,1,1,2876491
342,,Warren,Drive,Woodmere,11598,999000,975000,Colonial,6,3.500,"None,Unfinished",1 Car Attached,15,12646.74,CL,8/24/2016,2/15/2017,10/20/2016,6/15/2017,57,Det,1,1,2878666
27,,Victorian,Lane,Brookville,11545,4300000,3880000,Colonial,5,7.500,"Full,Finished",3 Car Attached,15,0.00,CL,9/06/2016,9/01/2017,7/03/2017,9/26/2017,300,Det,1,1,2881108
30,,Tioga,Drive,Jericho,11753,959000,922000,Split Level,4,3.000,"Full,Finished",,15,20726.12,CL,9/08/2016,8/06/2017,11/03/2016,3/30/2017,56,Det,1,1,2881918
10,,Hastings,Road,Old Westbury,11568,7995000,7000000,Estate,6,5.550,"Full,Unfinished",3 Car Attached,15,240702.00,CL,10/06/2016,3/01/2018,11/03/2017,2/26/2018,393,Det,1,1,2888451
9,,Old Wheatley,Road,Brookville,11545,2999999,2660000,Colonial,5,4.500,"Full,Finished",3 Car Attached,15,70645.08,CL,10/10/2016,10/10/2017,6/13/2017,11/01/2017,246,Det,1,1,2889188
2,,Guys,Lane,Old Westbury,11568,2499000,2430000,Colonial,5,4.550,"Full,Finished",2 Car Attached,15,67044.71,CL,10/18/2016,10/01/2017,9/14/2017,11/30/2017,331,Det,1,1,2890926
5,,Coach,Lane,Muttontown,11791,1699000,1455000,Colonial,6,4.500,"Full,Unfinished",2 Car Attached,15,22942.23,CL,11/01/2016,4/30/2017,3/17/2017,6/23/2017,136,Det,1,1,2893629
53,,Mellow,Lane,Jericho,11753,1358000,1300000,Colonial,5,3.500,"Full,Finished",2 Car Attached,15,19872.00,CL,11/01/2016,10/25/2017,11/21/2016,3/23/2017,20,Det,1,1,2893739
5,,Trusdale,Drive,Old Westbury,11568,2688000,2200000,Colonial,6,5.550,"Full,Finished",3 Car Attached,15,57293.39,CL,11/02/2016,6/30/2017,4/11/2017,7/06/2017,160,Det,1,1,2894060
5,,Trusdale,Drive,Old Westbury,11568,2688000,2200000,Other,6,5.550,"Full,Finished",3 Car Attached,15,58142.09,CL,11/03/2016,6/30/2017,4/11/2017,7/05/2017,159,Det,1,1,2894397
38,,Hightop,Lane,Jericho,11753,979000,945000,Split Level,3,2.500,Full,2 Car Attached,15,15781.10,CL,11/21/2016,2/28/2017,12/21/2016,12/20/2017,30,Det,1,1,2897756
6,,Sealy,Drive,Lawrence,11559,949000,915000,Colonial,5,3.000,"Full,Unfinished",2 Car Attached,15,12379.33,CL,11/28/2016,8/31/2017,5/05/2017,7/07/2017,157,Det,1,1,2898719
134-5,,Wheatley,Road,Brookville,11545,1598000,1380000,Colonial,5,5.500,"Full,Unfinished",3 Car Attached,15,41395.70,CL,11/28/2016,8/31/2018,7/17/2018,9/21/2018,595,Det,1,1,2898776
35,,Maytime,Drive,Jericho,11753,979000,940000,Split Level,3,2.500,"Partial,Finished",2 Car Attached,15,19158.33,CL,1/03/2017,7/03/2017,1/18/2017,5/01/2017,15,Det,1,1,2904389
7,,Horseshoe,Road,Old Westbury,11568,2295000,2080000,Colonial,5,4.500,"Full,Finished",2 Car Attached,15,38230.06,CL,1/19/2017,12/08/2017,11/06/2017,12/12/2017,291,Det,1,1,2907788
235,,Briarwood,Crossing,Lawrence,11559,2500000,2132500,Colonial,10,6.500,"Full,Unfinished",,15,48185.05,CL,1/23/2017,1/22/2018,2/07/2017,5/12/2017,15,Att,1,1,2908413
2169,,Bellasonia,Court,Muttontown,11791,1900000,1750000,Contemporary,6,4.500,"Full,Partially Finished",3 Car Attached,15,32615.74,CL,1/26/2017,8/17/2017,3/16/2017,6/28/2017,48,Det,1,1,2909209
17,,Steuben,Drive,Jericho,11753,1425000,1395000,Colonial,4,3.500,"Full,Finished",,15,24001.25,CL,2/14/2017,6/30/2017,2/23/2017,4/14/2017,9,Det,1,1,2913711
50,,Woodhollow,Court,Muttontown,11545,3200000,3050000,Colonial,7,9.550,"Full,Unfinished",3 Car Detached,15,63274.24,CL,3/01/2017,3/01/2018,5/18/2017,6/20/2017,77,Det,1,2,2917498
33,,Wenwood,Drive,Brookville,11545,2795000,2500000,Ranch,5,6.500,"Partial,Finished",4+ Car Attached,15,40033.85,CL,3/01/2017,12/01/2017,6/01/2017,8/02/2017,91,Det,1,1,2917617
37,,Sullivan,Drive,Jericho,11753,993888,951888,Split Level,4,2.500,"Partial,Finished",2 Car Attached,15,16600.97,CL,3/15/2017,11/15/2017,4/14/2017,8/04/2017,30,Det,1,1,2921303
263,,Store Hill,Road,Old Westbury,11568,1750000,1500000,Colonial,5,3.500,"None,Unfinished",3 Car Attached,15,51790.00,CL,4/07/2017,8/07/2018,3/12/2018,4/23/2018,339,Det,1,1,2927637
59,,Middle,Lane,Jericho,11753,1050000,1055000,Split Level,4,2.500,"Full,Finished",,15,22232.00,CL,4/10/2017,10/09/2017,5/09/2017,7/28/2017,29,Det,1,1,2928161
1580,,Old Cedar Swamp,Road,Brookville,11545,1695000,1420000,Farm Ranch,5,2.500,"Full,Unfinished",2 Car Attached,15,27538.85,CL,4/18/2017,12/31/2017,11/29/2017,2/12/2018,225,Det,1,1,2930315
34,,Hightop,Lane,Jericho,11753,1098000,1055000,Split Level,5,4.000,"Partial,Finished",1 Car Attached,15,18261.07,CL,4/25/2017,10/30/2017,7/17/2017,10/26/2017,83,Det,1,1,2932263
16,,Pheasant Run,,Old Westbury,11568,2399000,2100000,Ranch,4,4.500,"Partial,Finished",,15,31729.00,CL,4/27/2017,12/20/2017,12/13/2017,12/22/2017,230,Det,1,1,2933084
76,,Hedgerow,Lane,Jericho,11753,1075000,990000,Split Level,5,3.000,Partial,2 Car Attached,15,19400.63,CL,5/02/2017,4/07/2018,5/18/2017,10/02/2017,16,Det,1,1,2934257
29,,Orange,Drive,Jericho,11753,949000,910500,Split Level,4,3.000,"Full,Finished",1 Car Attached,15,21778.24,CL,5/02/2017,10/24/2017,5/31/2017,7/28/2017,29,Det,1,1,2934375
1690,,Bay,Boulevard,Atlantic Beach,11509,6900000,5900000,Contemporary,5,5.500,"Crawl,Unfinished",2 Car Attached,15,33306.34,CL,5/11/2017,5/11/2018,6/29/2018,8/07/2018,414,Det,1,1,2937338
19,,Maytime,Drive,Jericho,11753,969000,915000,Split Level,4,3.000,"Partial,Finished",1 Car Attached,15,18683.11,CL,5/12/2017,11/30/2017,7/14/2017,9/11/2017,63,Det,1,1,2937723
200,,Hollywood,Crossing,Lawrence,11559,1695000,1650000,Exp Ranch,5,2.500,"Partial,Finished",2 Car Attached,15,1705000.00,CL,5/14/2017,11/14/2017,5/22/2017,8/11/2017,8,Det,1,1,2938066
10,,Wenwood,Drive,Brookville,11545,1995000,1725000,Contemporary,5,4.500,"Full,Unfinished",,15,30030.00,CL,5/16/2017,12/31/2017,9/29/2017,10/18/2017,136,Det,1,1,2938907
35,,Clocktower,Lane,Old Westbury,11568,3388000,2750000,Colonial,5,3.000,"Partial,Unfinished",4+ Car Detached,15,52078.14,CL,5/17/2017,12/01/2017,6/30/2017,7/17/2017,44,Det,1,1,2939296
50,,Orange,Drive,Jericho,11753,1258000,1210000,Split Level,5,3.500,"Partial,Finished",1 Car Attached,15,18908.23,CL,5/30/2017,5/22/2018,6/15/2017,8/18/2017,16,Det,1,1,2942270
5,,Warren,Lane,Jericho,11753,1250000,1200000,Colonial,5,2.500,"Full,Partially Finished",2 Car Attached,15,23269.50,CL,5/31/2017,11/30/2017,7/18/2017,9/15/2017,48,Det,1,1,2942811
15,,Schuyler,Drive,Jericho,11753,1028000,998000,Split Level,4,3.000,"Partial,Partially Finished",2 Car Attached,15,17276.00,CL,6/01/2017,12/31/2017,8/29/2017,1/11/2018,89,Det,1,1,2943003
18,,Westchester,Avenue,Jericho,11753,998000,965000,Splanch,7,3.500,"Full,Finished",,15,24169.89,CL,6/02/2017,10/02/2017,6/26/2017,9/18/2017,24,Det,1,1,2943657
68,,Hazelwood,Drive,Jericho,11753,938888,915000,Split Level,3,2.500,"Partial,Finished",2 Car Attached,15,16667.33,CL,6/06/2017,12/30/2017,6/28/2017,10/03/2017,22,Det,1,1,2944800
58,,Magnolia,Lane,Jericho,11753,988000,965000,Split Level,3,2.500,"Full,Finished",2 Car Attached,15,15746.25,CL,6/12/2017,12/10/2017,7/19/2017,9/20/2017,37,Det,1,1,2946362
10,,Linden,Street,Woodmere,11598,1350000,1170000,Colonial,4,3.000,"Full,Finished",1 Car Attached,15,12638.00,CL,6/19/2017,6/11/2018,8/08/2017,12/18/2017,50,Det,1,1,2948092
12,,Washington,Avenue,Lawrence,11559,1295000,1110000,Exp Ranch,5,3.000,"Crawl,Unfinished",2 Car Attached,15,11391.91,CL,6/19/2017,12/13/2017,7/13/2017,9/13/2017,24,Det,1,1,2948111
49,,Briarwood,Lane,Lawrence,11559,949000,918500,Splanch,5,3.500,Full,2 Car Attached,15,10451.71,CL,6/20/2017,12/31/2017,9/24/2017,12/04/2017,96,Det,1,1,2948577
,,Rolling Hill,Road,Old Westbury,11568,4300000,4000000,Colonial,6,5.550,"Full,Finished",3 Car Attached,15,57696.66,CL,6/23/2017,6/23/2018,10/19/2017,12/20/2017,118,Det,1,1,2949644
3,,Seneca,Place,Jericho,11753,999000,975000,Split Level,5,2.500,"Full,Finished",1 Car Attached,15,16178.91,CL,6/30/2017,11/30/2017,10/31/2017,1/22/2018,123,Det,1,1,2951390
10,,Putnam Ave,,Jericho,11753,950000,943500,Colonial,4,2.500,"Full,Finished",1 Car Attached,15,19345.88,CL,7/01/2017,7/05/2018,7/26/2017,10/20/2017,25,Att,1,1,2951798
12,,Rolling,Drive,Brookville,11545,2499500,2315000,Ranch,4,4.550,"Full,Finished",3 Car Attached,15,44603.95,CL,7/03/2017,12/31/2017,9/13/2017,12/04/2017,72,Det,1,1,2952049
27,,Emerson,Road,Brookville,11545,2398000,2120000,Ranch,5,5.500,"Partial,Finished",3 Car Attached,15,39556.36,CL,7/05/2017,6/01/2018,3/29/2018,5/09/2018,267,Det,1,1,2952311
5,,Coach,Lane,Muttontown,11791,1595000,1465000,Colonial,6,4.500,"Full,Unfinished",2 Car Attached,15,22614.94,CL,6/23/2017,6/23/2018,2/16/2018,3/16/2018,238,Det,1,1,2952838
11,,Clinton,Lane,Jericho,11753,995000,980000,Hi Ranch,3,2.500,"Full,Finished",,15,14293.73,CL,7/17/2017,11/17/2017,8/08/2017,10/20/2017,22,Det,1,1,2955903
21,,Hightop,Lane,Jericho,11753,1050000,992000,Ranch,4,2.500,"Full,Finished",2 Car Attached,15,15545.83,CL,7/24/2017,7/24/2018,12/15/2017,10/12/2018,144,Det,1,1,2957714
1740,,Cedar Swamp,Road,Brookville,11545,1799000,1650000,Ranch,4,4.500,"Full,Partially Finished",4+ Car Attached,15,47726.69,CL,7/25/2017,4/30/2018,3/30/2018,6/06/2018,248,Det,1,1,2958093
96,,Karol,Place,Muttontown,11753,1288000,1198000,Ranch,4,2.500,"Full,Finished",2 Car Attached,15,26569.96,CL,7/28/2017,1/31/2018,8/15/2017,10/30/2017,18,Det,1,1,2958974
235,,Ocean,Avenue,Lawrence,11559,1100000,1079000,Exp Ranch,3,3.000,"Partial,Unfinished",4+ Car Attached,15,22409.68,CL,8/01/2017,12/31/2017,8/10/2017,9/25/2017,9,Det,1,1,2959888
3,,Richmond,Avenue,Jericho,11753,988000,950000,Split Level,4,2.500,"Partial,Finished",2 Car Attached,15,18738.00,CL,8/04/2017,12/31/2017,10/05/2017,12/14/2017,62,Det,1,1,2960738
6,,Ormond Park,Road,Brookville,11545,1638000,1500000,Ranch,4,3.500,"Partial,Unfinished",2 Car Attached,15,24362.41,CL,8/07/2017,7/10/2018,10/13/2017,12/18/2017,67,Det,1,1,2961462
113,,Dutchess,Boulevard,Atlantic Beach,11509,1500000,1251000,Colonial,5,3.500,"None,Unfinished",1 Car Attached,15,16284.00,CL,8/22/2017,8/22/2018,11/07/2017,1/23/2018,77,Det,1,1,2965252
25,,20th,Street,Jericho,11753,1380000,1320000,Colonial,6,4.500,"Full,Unfinished",2 Car Attached,15,0.00,CL,4/28/2017,9/30/2018,3/29/2018,6/20/2018,335,Det,1,1,2970644
26,,Weyant,Drive,Cedarhurst,11516,950000,950000,Split Level,5,3.500,"Full,Finished",,15,8404.00,CL,8/04/2017,9/29/2018,10/08/2017,3/16/2018,65,Att,1,1,2974865
6,,Ormond Park,Road,Brookville,11545,1638000,1500000,Ranch,4,3.500,"Partial,Unfinished",2 Car Attached,15,24362.41,CL,10/04/2017,7/10/2018,10/13/2017,12/18/2017,9,Det,1,1,2976019
17,,Ormond Park,Road,Brookville,11545,2198000,2130000,Exp Ranch,5,4.550,"Full,Finished",3 Car Attached,15,49249.75,CL,10/03/2017,5/31/2018,5/15/2018,8/09/2018,224,Det,1,1,2976079
300,,Longwood,Crossing,Lawrence,11559,1979000,1535000,Tudor,4,4.000,"None,Unfinished",3 Car Detached,15,20201.67,CL,10/16/2017,8/25/2018,7/01/2018,11/19/2018,258,Det,1,1,2978779
383,,Oak,Avenue,Cedarhurst,11516,1599000,1325000,Colonial,8,5.500,"Full,Finished",1 Car Detached,15,16615.00,CL,10/20/2017,4/01/2018,12/07/2017,2/09/2018,48,Det,1,2,2979827
8,,Roads End,,Brookville,11545,2895000,2580000,Colonial,5,4.500,"Full,Unfinished",3 Car Attached,15,55384.00,CL,10/31/2017,9/29/2018,3/23/2018,5/03/2018,143,Det,1,1,2982284
28,,Pine,Street,Woodmere,11598,1850000,1700000,Colonial,7,4.500,"Full,Finished",,15,18161.06,CL,11/01/2017,2/28/2018,12/15/2017,5/11/2018,44,Det,1,1,2982418
2180,,Kirby,Lane,Muttontown,11791,1100000,1040000,Cape,3,3.500,"Partial,Partially Finished",2 Car Detached,15,31822.09,CL,11/08/2017,12/01/2017,11/13/2017,12/08/2017,5,Det,1,1,2984421
15,,Briar,Lane,Jericho,11753,1298000,1260000,Split Level,6,3.000,"Partial,Finished",2 Car Attached,15,20731.79,CL,11/10/2017,5/31/2018,11/22/2017,3/22/2018,12,Det,1,1,2984865
3,,Lewis,Avenue,Jericho,11753,1588000,1550000,Colonial,5,4.500,"Full,Unfinished",2 Car Attached,15,0.00,CL,11/17/2017,11/17/2018,3/29/2018,8/10/2018,131,Att,1,1,2986506
2010,,Bay,Boulevard,Atlantic Beach,11509,1600000,1400000,Contemporary,4,3.000,"Full,Unfinished",1 Car Attached,15,24920.00,CL,11/29/2017,8/31/2018,3/21/2018,6/27/2018,111,Det,1,1,2988352
29,,Suffolk,Boulevard,Atlantic Beach,11509,1995000,1930000,Contemporary,4,3.500,"Full,Finished",1 Car Attached,15,17000.00,CL,11/29/2017,12/31/2017,11/29/2017,11/29/2017,0,Det,1,1,2988443
136,,Lefferts,Road,Woodmere,11598,1250000,1155000,Exp Ranch,4,3.500,"Crawl,Unfinished",,15,26500.00,CL,8/02/2017,12/13/2017,11/15/2017,11/30/2017,105,Det,1,1,2988821
290,,Narragansett,Avenue,Lawrence,11559,1995000,1850000,Colonial,9,5.500,"Full,Unfinished",,15,28543.93,CL,12/18/2017,6/30/2018,1/05/2018,4/09/2018,18,Det,1,2,2991855
1536,,Old Cedar Swamp,Road,Brookville,11545,1999989,1600000,Colonial,5,3.500,"Partial,Partially Finished",2 Car Detached,15,39374.14,CL,12/18/2017,12/30/2018,6/27/2018,8/29/2018,190,Det,1,1,2991914
758,,Sherwood,Court,N. Woodmere,11581,1260000,1135000,Colonial,4,2.500,"Full,Finished",2 Car Attached,15,11761.59,CL,12/18/2017,7/20/2018,5/08/2018,7/09/2018,140,Det,1,1,2991950
55,,Hazelwood,Drive,Jericho,11753,949000,938000,Split Level,4,2.500,"Full,Finished",2 Car Attached,15,20300.80,CL,12/31/2017,6/30/2018,2/16/2018,4/16/2018,47,Det,1,1,2993517
17,,Holiday Pond,Road,Jericho,11753,1850000,1800000,Contemporary,5,3.500,"Full,Finished",2 Car Attached,15,41158.00,CL,6/16/2017,6/30/2018,3/09/2018,6/06/2018,266,Det,1,1,2994006
221,,Brookville,Road,Brookville,11545,1999000,1700000,Colonial,6,4.500,"Full,Unfinished",2 Car Detached,15,37425.01,CL,1/17/2018,1/17/2019,3/07/2018,4/06/2018,49,Det,1,1,2997233
51,,Woodhollow,Court,Muttontown,11791,2495000,2350000,Colonial,6,5.555,"Full,Finished",3 Car Attached,15,45849.39,CL,1/18/2018,12/10/2018,5/07/2018,6/21/2018,108,Det,1,1,2997625
28,,Meadowood,Lane,Brookville,11545,2499000,2400000,Colonial,5,5.555,"Full,Finished",2 Car Attached,15,46210.53,CL,1/22/2018,1/09/2019,5/22/2018,8/17/2018,119,Det,1,1,2998275
18,,Hazelwood,Drive,Jericho,11753,925000,920000,Split Level,3,2.000,"Full,Finished",,15,14110.00,CL,1/23/2018,9/30/2018,2/28/2018,3/30/2018,36,Det,1,1,2998676
260,,Breezyway,,Lawrence,11559,1950000,1700000,Colonial,8,3.500,"Full,Partially Finished",2 Car Detached,15,25535.11,CL,1/29/2018,1/29/2019,6/01/2018,9/06/2018,122,Att,1,1,3000081
19,,Marian,Lane,Jericho,11753,1198000,1130000,Colonial,5,3.500,"Partial,Finished",1 Car Attached,15,13583.03,CL,2/03/2018,6/01/2018,3/15/2018,5/07/2018,39,Det,1,1,3001646
115,,Wyckoff,Place,Woodmere,11598,1495000,1315000,Colonial,6,4.000,"Full,Partially Finished",1 Car Detached,15,13857.00,CL,2/06/2018,8/31/2018,6/28/2018,8/30/2018,141,Det,1,1,3002303
14,,Manor,Lane,Lawrence,11559,3599000,3150000,Colonial,6,5.550,Full,2 Car Attached,15,20599.00,CL,2/10/2018,12/01/2018,9/07/2018,12/17/2018,208,Det,1,1,3003635
,,Tatem Way,,Old Westbury,11568,4498000,3398000,Colonial,5,5.500,"Full,Finished",3 Car Attached,15,60522.58,CL,2/12/2018,8/01/2018,3/01/2018,3/27/2018,17,Det,1,1,3003814
270,,Breezyway,,Lawrence,11559,1875000,1720000,Colonial,6,5.550,"Partial,Unfinished",2 Car Attached,15,44227.57,CL,2/13/2018,8/31/2018,7/13/2018,10/11/2018,149,Det,1,1,3004337
790,,Central,Avenue,Woodmere,11598,1935000,1750000,Colonial,6,4.550,"Full,Finished",2 Car Detached,15,16809.94,CL,2/22/2018,6/22/2018,4/10/2018,7/03/2018,46,Det,1,1,3006394
194,,Birchwood Park,Drive,Jericho,11753,1138000,1070000,Split Level,6,4.000,"Partial,Finished",2 Car Attached,15,16249.53,CL,3/03/2018,6/03/2018,4/25/2018,7/25/2018,52,Det,1,1,3008961
3,,Lakeside,Drive,Lawrence,11559,1750000,1635000,Colonial,7,4.500,"Full,Finished",2 Car Attached,15,12213.00,CL,3/14/2018,9/30/2018,5/29/2018,10/16/2018,76,Det,1,1,3011821
16,,Hedgerow,Lane,Jericho,11753,958000,930000,Split Level,3,2.500,"Partial,Finished",2 Car Attached,15,17428.10,CL,3/21/2018,9/21/2018,4/17/2018,7/24/2018,27,Det,1,1,3013762
7,,Heather Hill,,Brookville,11545,3350000,3200000,Colonial,6,5.500,Full,3 Car Attached,15,45782.36,CL,3/26/2018,3/27/2020,8/09/2019,9/05/2019,501,Det,1,1,3014877
7,,Heather Hill,Road,Brookville,11545,3350000,3200000,Colonial,6,5.500,"Full,Unfinished",,15,45782.36,CL,3/26/2018,3/27/2020,8/12/2019,9/05/2019,504,Att,1,1,3014931
1934,,Midlane,,Muttontown,11791,2875000,2600000,Estate,6,5.500,"Full,Finished",4+ Car Attached,15,101809.72,CL,3/28/2018,9/28/2018,6/12/2018,7/09/2018,76,Det,1,1,3015696
6,,Cotillion,Court,East Hills,11576,1238000,1120000,Colonial,5,3.500,Full,2 Car Attached,15,31254.41,CL,4/03/2018,7/02/2018,4/16/2018,8/15/2018,13,Det,1,1,3016968
773,,Daniel,Street,Valley Stream,11581,930000,920000,Hi Ranch,4,3.000,"Full,Unfinished",,15,14115.00,CL,4/08/2018,3/24/2019,7/06/2018,9/13/2018,89,Det,1,1,3018560
461,,Muttontown Eastw,Road,Muttontown,11791,1999000,1820000,Ranch,4,3.550,"Full,Finished",3 Car Attached,15,50273.00,CL,4/09/2018,9/16/2018,2/01/2019,4/08/2019,298,Det,1,1,3018702
7,,Copperbeech,Lane,Lawrence,11559,1275000,1200000,Colonial,4,3.500,"Full,Finished",2 Car Attached,15,14016.14,CL,4/10/2018,9/30/2018,6/14/2018,8/13/2018,65,Det,1,1,3019072
3,,Rolling Hill,Road,Old Westbury,11568,1725000,1700000,Ranch,3,2.500,"Full,Partially Finished",,15,32462.73,CL,4/11/2018,10/11/2018,4/20/2018,8/06/2018,9,Det,1,1,3019212
97,,Wheatley,Road,Old Westbury,11568,2488000,1700000,Post Modern,6,5.500,"Full,Partially Finished",3 Car Attached,15,99278.00,CL,4/16/2018,10/31/2019,5/01/2019,10/21/2019,380,Det,1,1,3021115
66,,Karol,Place,Jericho,11753,2490000,2280000,Colonial,6,7.500,"Full,Finished",2 Car Attached,15,54468.00,CL,4/18/2018,5/23/2019,6/06/2018,7/18/2018,49,Det,1,1,3021902
36,,Bayberry,Road,Lawrence,11559,1250000,1185000,Splanch,5,3.000,"Partial,Unfinished",2 Car Attached,15,15198.00,CL,4/18/2018,10/17/2018,7/23/2018,11/20/2018,96,Det,1,1,3021943
19,,Niagara,Drive,Jericho,11753,1588000,1380000,Colonial,5,4.500,"Full,Unfinished",2 Car Attached,15,0.00,CL,4/20/2018,4/20/2019,2/04/2019,5/29/2019,290,Det,1,1,3022650
18,,Delaware,Avenue,Jericho,11753,1588000,1500000,Colonial,5,4.500,"Full,Unfinished",2 Car Attached,15,0.00,CL,4/21/2018,4/21/2019,12/01/2018,3/08/2019,224,Det,1,1,3022701
11,,Westchester,Avenue,Jericho,11753,1098000,999980,Colonial,5,3.500,"Partial,Finished",2 Car Attached,15,23217.86,CL,4/30/2018,4/25/2019,7/24/2018,11/01/2018,85,Det,1,1,3025307
1659,,Ocean,Boulevard,Atlantic Beach,11509,1499000,1275000,Contemporary,3,2.500,"Full,Unfinished",1 Car Attached,15,16819.20,CL,5/02/2018,3/31/2020,9/20/2019,10/22/2019,506,Att,1,1,3026283
595,W,Broadway,,Cedarhurst,11516,1999000,1500000,Colonial,5,3.000,"Full,Unfinished",,15,17161.00,CL,5/07/2018,11/15/2018,6/15/2018,8/17/2018,39,Det,1,1,3027840
8,,Lewis,Avenue,Jericho,11753,949000,920000,Raised Ranch,5,3.000,"Full,Finished",2 Car Attached,15,19151.78,CL,5/07/2018,4/26/2019,6/20/2018,7/26/2018,44,Det,1,1,3027843
17,,Clinton,Lane,Jericho,11753,1099000,1050000,Split Level,5,2.500,Partial,2 Car Attached,15,16544.19,CL,5/11/2018,11/02/2018,5/24/2018,8/10/2018,13,Det,1,1,3029298
547,,Halevy,Drive,Cedarhurst,11516,1199000,1125000,Colonial,4,3.500,"Full,Finished",1 Car Attached,15,15513.00,CL,5/13/2018,12/31/2018,6/12/2018,10/29/2018,30,Det,1,1,3029688
2,,Chestnut,Court,Muttontown,11545,1395000,1200000,Colonial,8,5.500,"Full,Unfinished",4+ Car Attached,15,37739.07,CL,5/16/2018,3/16/2020,11/26/2019,2/20/2020,559,Det,1,1,3030904
166,,Maytime,Drive,Jericho,11753,1288000,1200000,Colonial,4,2.500,"Full,Unfinished",1 Car Attached,15,0.00,CL,5/22/2018,5/22/2019,10/05/2018,5/29/2019,136,Det,1,1,3032471
31,,Briar,Lane,Jericho,11753,1050000,999000,Split Level,4,3.000,Partial,2 Car Attached,15,20890.18,CL,5/29/2018,5/08/2019,8/02/2018,9/05/2018,65,Det,1,1,3034378
60,,Nassau,Avenue,Atlantic Beach,11509,1299000,1115000,Colonial,5,4.000,"Full,Finished",2 Car Detached,15,17177.00,CL,5/31/2018,12/31/2018,7/31/2018,10/23/2018,61,Det,1,2,3035071
15,,Middle,Lane,Jericho,11753,1049000,990000,Split Level,4,2.500,"Partial,Finished",2 Car Attached,15,18823.00,CL,6/01/2018,12/31/2018,7/25/2018,11/06/2018,54,Det,1,1,3035330
132,,Lord,Avenue,Lawrence,11559,1399000,1300000,Hi Ranch,6,5.500,"None,Unfinished",1 Car Attached,15,15788.00,CL,6/04/2018,12/29/2018,7/04/2018,8/22/2018,30,Det,1,1,3036105
583,,Grant Place,,Cedarhurst,11516,1750000,1400000,Colonial,10,5.500,"Full,Finished",,15,5728.01,CL,6/07/2018,7/30/2018,7/09/2018,8/14/2018,32,Det,1,2,3037291
136,,Sutton,Place,Lawrence,11559,1295000,1218000,Exp Ranch,6,3.000,"Crawl,Unfinished",2 Car Attached,15,13944.00,CL,6/17/2018,11/27/2018,10/23/2018,2/28/2019,128,Det,1,1,3040259
736,,Bryant,Street,Woodmere,11598,2675000,2200000,Exp Ranch,6,3.550,"Full,Finished",2 Car Attached,15,18826.00,CL,6/18/2018,12/27/2018,10/23/2018,12/28/2018,127,Det,1,1,3040443
42,,Barrett,Road,Lawrence,11559,1350000,1200000,Split Level,8,5.000,,2 Car Attached,15,15090.62,CL,6/27/2018,3/15/2019,12/10/2018,2/26/2019,166,Det,1,1,3043315
1453,,Bay,Boulevard,Atlantic Beach,11509,1599000,1250000,Colonial,5,4.000,"None,Unfinished",2 Car Attached,15,0.00,CL,7/01/2018,12/31/2018,10/29/2018,12/07/2018,120,Det,1,1,3044577
355,,Wheatley,Road,Old Westbury,11568,3750000,3550000,Estate,9,6.500,"Full,Partially Finished",2 Car Detached,15,118045.00,CL,7/02/2018,12/31/2018,9/24/2018,12/03/2018,84,Det,1,2,3044653
800,,Bryant,Street,Woodmere,11598,1590000,1430000,Colonial,5,3.500,"Full,Finished",1 Car Detached,15,12830.00,CL,7/03/2018,12/15/2018,8/16/2018,11/29/2018,44,Det,1,1,3045171
226,,Oakwood,Avenue,Cedarhurst,11516,1799000,1650000,Colonial,7,5.500,"Full,Finished",2 Car Detached,15,13597.00,CL,7/04/2018,1/04/2019,9/20/2018,11/20/2018,78,Det,1,1,3045294
44,,Parkside,Drive,Jericho,11753,1180000,990000,Colonial,6,3.000,"Full,Finished",2 Car Attached,15,18061.61,CL,7/06/2018,2/06/2019,7/20/2018,2/27/2019,14,Det,1,1,3045965
418,,Woodbridge,Lane,Jericho,11753,1350000,990000,Colonial,5,4.000,"Full,Unfinished",2 Car Attached,15,0.00,CL,7/09/2018,7/31/2019,2/15/2019,5/02/2019,221,Det,1,1,3046719
782,,Wilson,Court,N. Woodmere,11581,899000,950000,Split Level,5,3.000,"Full,Finished",,15,14654.55,CL,7/10/2018,1/08/2019,8/03/2018,10/05/2018,24,Att,1,1,3047054
5,,Waverly,Place,Lawrence,11559,1590000,1300000,Colonial,4,3.500,"Full,Finished",1 Car Attached,15,12458.01,CL,7/11/2018,12/30/2018,8/19/2018,10/29/2018,39,Det,1,1,3047157
1,,Tatem Way,,Old Westbury,11568,2998000,2900000,Colonial,6,4.500,"Full,Finished",3 Car Attached,15,63680.00,CL,7/10/2018,7/10/2019,10/01/2018,11/09/2018,83,Det,1,1,3047420
33,,Emerson,Road,Brookville,11545,1588000,1372000,Other,3,2.500,"Partial,Finished",2 Car Attached,15,28682.95,CL,7/18/2018,7/10/2019,11/13/2018,2/22/2019,118,Det,1,1,3049511
55,,Erie,Avenue,Atlantic Beach,11509,930000,943500,Colonial,3,3.500,"Full,Unfinished",1 Car Detached,15,16218.61,CL,7/24/2018,12/31/2018,8/27/2018,11/23/2018,34,Det,1,1,3051114
54,,Maiden,Lane,Jericho,11753,989000,950000,Split Level,4,3.000,"Partial,Partially Finished",2 Car Attached,15,19178.96,CL,7/25/2018,12/31/2018,10/11/2018,12/20/2018,78,Det,1,1,3051363
7,,Steuben,Drive,Jericho,11753,1059000,975000,Split Level,6,4.000,"Partial,Finished",,15,22758.00,Cl,7/26/2018,10/31/2018,9/24/2018,10/24/2018,60,Det,1,1,3051708
54,,Hightop,Lane,Jericho,11753,1159000,1048000,Split Level,4,3.000,"Partial,Finished",1 Car Attached,15,17634.38,CL,7/26/2018,1/17/2019,12/03/2018,4/04/2019,130,Det,1,1,3051721
62,,Karol,Place,Muttontown,11753,1088888,1019000,Colonial,4,3.500,"Partial,Finished",2 Car Attached,15,18502.13,CL,3/23/2018,10/31/2018,8/24/2018,10/30/2018,154,Det,1,1,3052040
32,,Wenwood Drive,Drive,Brookville,11545,1599000,1460000,Modern,4,4.000,"Partial,Finished",2 Car Attached,15,22273.80,CL,8/02/2018,2/02/2019,9/12/2018,10/05/2018,41,Det,1,1,3053933
5,,Maclean,Drive,Brookville,11545,1600000,1528000,Contemporary,5,5.500,"Full,Finished",3 Car Attached,15,31739.39,CL,8/06/2018,1/30/2019,10/01/2018,3/01/2019,56,Att,1,1,3054613
26,,Hightop,Lane,Jericho,11753,1588000,1550000,Colonial,5,4.500,"Full,Unfinished",2 Car Attached,15,0.00,CL,8/10/2018,1/04/2019,8/18/2018,11/02/2018,8,Det,1,1,3056230
3,,Niagara,Drive,Jericho,11753,1535000,1350000,Colonial,5,4.500,Full,2 Car Attached,15,0.00,CL,8/10/2018,4/15/2019,4/12/2019,7/31/2019,245,Det,1,1,3056271
166,,Wildacre,Avenue,Lawrence,11559,2625000,2300000,Colonial,7,4.550,"Full,Unfinished",2 Car Detached,15,16296.00,CL,8/13/2018,6/28/2019,4/22/2019,11/19/2019,252,Det,1,1,3056840
785,S,Gate,Drive,N. Woodmere,11581,1150000,1055000,Colonial,4,2.500,"Full,Finished",,15,9661.13,CL,8/20/2018,2/09/2019,9/20/2018,12/27/2018,31,Att,1,1,3058414
3,,Meadow,Drive,Lawrence,11559,2800000,2525000,Colonial,6,6.500,Full,2 Car Attached,15,33534.74,CL,8/23/2018,8/20/2019,6/10/2019,8/02/2019,291,Det,1,1,3059510
45,,Merrall,Drive,Lawrence,11559,2195000,1800000,Colonial,4,2.550,"Full,Finished",2 Car Attached,15,13132.00,CL,8/22/2018,2/28/2019,11/08/2018,3/08/2019,78,Det,1,1,3059707
234,,Briarwood,Crossing,Lawrence,11559,4100000,3700000,Colonial,11,11.500,"Full,Finished",3 Car Attached,15,30887.55,CL,9/02/2018,6/30/2019,4/17/2019,6/19/2019,227,Det,1,1,3061729
753,,Longacre,Avenue,Woodmere,11598,1275000,1200000,Colonial,5,4.000,"Partial,Unfinished",1 Car Attached,15,16149.24,CL,9/03/2018,2/28/2019,12/20/2018,3/06/2019,108,Det,1,1,3061857
18,,Pine,Street,Woodmere,11598,1399000,1275000,Colonial,7,3.500,Full,1 Car Detached,15,13363.76,CL,9/18/2018,4/05/2019,2/01/2019,2/27/2019,136,Det,1,1,3066147
132,,Hazelwood,Drive,Jericho,11753,1535000,1410000,Colonial,5,4.500,"Full,Unfinished",2 Car Attached,15,0.00,CL,10/09/2018,10/09/2019,1/14/2019,4/04/2019,97,Det,1,1,3071823
28,,Orange,Drive,Jericho,11753,989000,940000,Ranch,3,3.000,"Full,Finished",2 Car Attached,15,12537.42,CL,10/11/2018,1/31/2019,12/22/2018,5/30/2019,72,Det,1,1,3072461
791,,Southgate,Drive,N. Woodmere,11581,1199500,1100000,Colonial,4,2.500,"Full,Finished",2 Car Attached,15,15464.51,CL,10/12/2018,3/20/2019,11/26/2018,1/23/2019,45,Det,1,1,3072781
1610,,Old Cedar Swamp,Road,Brookville,11545,1349000,1100000,Contemporary,5,3.500,Full,2 Car Attached,15,53956.40,CL,10/12/2018,4/30/2019,12/07/2018,4/16/2019,56,Det,1,1,3072860
18,,Briawood,Lane,Lawrence,11559,1349000,1290000,Colonial,4,3.000,"Full,Finished",1 Car Attached,15,14650.00,CL,11/01/2018,4/23/2019,1/14/2019,6/20/2019,74,Det,1,1,3078080
27,,Washington,Avenue,Lawrence,11559,1270000,1175000,Colonial,0,0.000,"Full,Unfinished",,15,11419.85,CL,11/14/2018,2/28/2019,12/13/2018,3/29/2019,29,Det,1,0,3081106
10,E,Fern,Drive,Jericho,11753,1578888,1537500,Colonial,5,4.500,"Full,Finished",,15,30500.00,CL,11/14/2018,11/14/2019,12/04/2018,1/02/2019,20,Att,1,1,3081139
1,,Emerson,Road,Brookville,11545,1399000,1300000,Ranch,3,3.500,"Full,Finished",2 Car Detached,15,29300.50,CL,11/27/2018,10/18/2019,2/25/2019,5/13/2019,90,Det,1,1,3083483
4,,Victorian,Lane,Brookville,11545,2459000,2243000,Other,4,4.500,"Full,Partially Finished",3 Car Attached,15,37419.27,CL,11/30/2018,11/05/2019,1/31/2019,4/19/2019,62,Att,1,1,3084216
102,,Wheatley,Road,Old Westbury,11568,2999999,2740000,Other,7,6.550,"Full,Finished",2 Car Attached,15,55033.39,CL,1/04/2019,6/03/2020,6/14/2019,8/08/2019,160,Det,1,1,3090374
70,,Barrett,Road,Lawrence,11559,1650000,1600000,Colonial,6,3.500,"Full,Finished",2 Car Attached,15,14751.00,CL,1/15/2019,8/30/2019,3/31/2019,5/28/2019,74,Det,1,1,3093695
3,,Tioga,Drive,Jericho,11753,1315000,1210000,Split Level,5,4.000,"Partial,Finished",,15,22275.00,CL,1/18/2019,7/18/2019,4/05/2019,6/25/2019,76,Det,1,1,3094498
62,,Magnolia,Lane,Jericho,11753,959999,935000,Split Level,3,2.500,"Partial,Finished",2 Car Attached,15,18703.00,CL,1/18/2019,7/18/2019,3/22/2019,6/21/2019,62,Det,1,1,3094515
2,,Horse Hill,Road,Brookville,11545,1849000,1834000,Colonial,5,3.550,"Full,Finished",2 Car Attached,15,35423.93,CL,1/19/2019,1/25/2020,1/29/2019,3/21/2019,10,Det,1,1,3094628
1,,Vista,Lane,Brookville,11545,3500000,2600000,Contemporary,8,10.550,"Full,Finished",3 Car Attached,15,160589.00,CL,1/23/2019,12/31/2019,12/23/2019,2/21/2020,334,Det,1,1,3095365
3,,Applegreen,Drive,Old Westbury,11568,2650000,2350000,Exp Ranch,5,4.500,"Full,Finished",3 Car Attached,15,44999.05,CL,1/30/2019,9/30/2019,8/07/2019,10/25/2019,188,Det,1,1,3097141
539,,Cedarhurst,Avenue,Cedarhurst,11516,1699000,1615000,Colonial,8,4.550,"Crawl,Unfinished",,15,15082.15,CL,1/31/2019,7/15/2019,6/28/2019,9/26/2019,147,Att,2,2,3097534
17,,Delaware,Avenue,Jericho,11753,1279000,1268000,Colonial,4,3.500,"Partial,Finished",1 Car Attached,15,22492.66,CL,2/11/2019,8/31/2019,3/11/2019,6/26/2019,27,Det,1,1,3100365
412,,Buckingham,Road,Cedarhurst,11516,1100000,985000,Hi Ranch,5,4.000,"Full,Finished",,15,9048.68,CL,2/14/2019,8/31/2019,8/27/2019,11/27/2019,193,Det,1,1,3101129
30,,Maiden,Lane,Jericho,11753,1248000,1160000,Split Level,4,3.000,"Full,Finished",2 Car Attached,15,18679.01,CL,2/19/2019,8/19/2019,6/05/2019,8/16/2019,105,Det,1,1,3102272
209,,Causeway,,Lawrence,11559,1699000,1750000,Exp Ranch,5,4.500,"Full,Finished",2 Car Attached,15,19314.24,CL,2/27/2019,8/18/2019,3/15/2019,6/14/2019,15,Att,1,1,3104357
15,,Yates,Lane,Jericho,11753,1098000,993000,Hi Ranch,3,3.000,"Partial,Finished",2 Car Attached,15,13729.09,CL,3/01/2019,8/23/2019,3/11/2019,7/03/2019,9,Det,1,1,3105069
36,,Peter,Court,Jericho,11753,1580000,1441000,Colonial,5,4.500,"Full,Unfinished",2 Car Attached,15,0.00,CL,3/01/2019,3/01/2020,3/15/2019,5/28/2019,13,Det,1,1,3105217
557,,Woodmere,Boulevard,Woodmere,11598,1100000,955000,Exp Ranch,5,4.000,"Crawl,Unfinished",2 Car Attached,15,16350.00,CL,3/03/2019,8/23/2019,8/12/2019,12/05/2019,161,Det,1,1,3105541
14,W,Lakeside,Drive,Lawrence,11559,1389000,1300000,Colonial,4,3.000,"Full,Finished",1 Car Attached,15,16915.47,CL,3/04/2019,3/05/2020,10/07/2019,12/27/2019,216,Det,1,1,3105763
335,,Roselle,Avenue,Cedarhurst,11516,998000,960000,Colonial,3,1.500,"Full,Unfinished",,15,8412.00,CL,3/03/2019,6/30/2019,5/09/2019,7/15/2019,66,Det,1,1,3105860
23,,Hazelwood,Drive,Jericho,11753,998000,960000,Split Level,4,3.000,"Partial,Finished",2 Car Attached,15,20126.66,CL,3/08/2019,9/30/2019,4/11/2019,7/09/2019,33,Det,1,1,3107334
3A,,Ivy,Court,Brookville,11545,1348000,1230000,Colonial,5,3.500,"Full,Unfinished",2 Car Attached,15,27833.46,CL,3/11/2019,7/31/2019,4/04/2019,10/23/2019,24,Att,1,1,3107859
7,,Madison,Avenue,Jericho,11753,1188888,1150000,Raised Ranch,5,4.000,"Full,Finished",,15,18059.00,CL,3/12/2019,9/12/2019,5/03/2019,6/28/2019,52,Det,1,1,3108190
1595,,Bay,Boulevard,Atlantic Beach,11509,1150000,980000,Colonial,5,5.000,"Full,Finished",2 Car Attached,15,19660.61,CL,3/12/2019,9/12/2019,4/19/2019,5/20/2019,38,Det,1,1,3108214
640,,Van Dam,Street,N. Woodmere,11581,999000,915000,Hi Ranch,4,3.000,"None,Unfinished",2 Car Attached,15,9104.34,CL,3/12/2019,8/31/2019,7/03/2019,9/03/2019,113,Det,1,2,3108218
639,,Golf,Drive,N. Woodmere,11581,1100000,930000,Hi Ranch,5,3.000,"None,Unfinished",,15,10682.00,CL,12/24/2018,9/12/2019,5/13/2019,7/31/2019,139,Det,1,1,3108306
35,,Hazelwood,Drive,Jericho,11753,938000,910000,Split Level,4,2.500,"Partial,Finished",,15,16945.00,CL,3/12/2019,6/12/2019,3/19/2019,5/15/2019,7,Det,1,1,3108565
138,,Maytime,Drive,Jericho,11753,969000,950000,Split Level,4,3.000,"Partial,Finished",2 Car Attached,15,21403.04,CL,3/21/2019,9/20/2019,6/11/2019,8/15/2019,82,Det,1,1,3111181
304,,Ocean,Avenue,Lawrence,11559,1850000,1475000,Colonial,8,4.500,"Full,Unfinished",1 Car Detached,15,22085.54,CL,3/25/2019,9/30/2019,6/17/2019,11/12/2019,84,Det,1,1,3112400
102,,Bounty,Lane,Jericho,11753,1038000,999000,Split Level,4,2.500,"Partial,Finished",,15,19893.14,CL,3/27/2019,12/31/2019,4/11/2019,9/12/2019,15,Det,1,1,3112861
23,,Victorian,Lane,Brookville,11545,1468000,1300000,Colonial,4,2.500,"Full,Partially Finished",2 Car Attached,15,23957.05,CL,3/27/2019,3/21/2020,6/27/2019,10/23/2019,92,Det,1,1,3112976
195,,Birchwood Park,Drive,Jericho,11753,1488000,1350000,Colonial,5,5.000,"Full,Finished",,15,32908.00,CL,4/01/2019,10/01/2019,5/10/2019,7/10/2019,39,Det,1,1,3114572
298,,Ocean,Avenue,Lawrence,11559,2298000,2150000,Colonial,10,3.500,"Full,Finished",2 Car Attached,15,23150.30,CL,4/02/2019,12/31/2019,11/29/2019,2/06/2020,241,Det,1,1,3114955
10,,Mellow,Lane,Jericho,11753,989000,985000,Split Level,3,2.500,"Partial,Finished",2 Car Attached,15,17480.43,CL,4/02/2019,5/02/2019,4/16/2019,6/06/2019,14,Att,1,1,3115020
19,,Horse Hill,Road,Brookville,11545,2699000,2352000,Colonial,6,5.500,"Full,Finished",3 Car Attached,15,45699.46,CL,4/10/2019,5/09/2020,6/13/2019,8/29/2019,64,Det,1,1,3118028
1471,,Park,Street,Atlantic Beach,11509,1700000,1600000,Other,5,4.500,"None,Unfinished",2 Car Attached,15,14538.16,CL,4/12/2019,9/30/2019,5/22/2019,7/08/2019,40,Det,1,1,3118939
38,,Valley,Road,Old Westbury,11568,1888888,1680000,Colonial,7,6.000,"Full,Finished",,15,34482.22,CL,4/17/2019,10/06/2019,9/30/2019,1/16/2020,166,Det,1,1,3120311
21,,Maiden,Lane,Jericho,11753,1078000,999000,Split Level,4,3.000,"Partial,Finished",,15,21636.54,CL,4/20/2019,10/20/2019,6/06/2019,8/30/2019,47,Det,1,1,3120998
148,,Harborview,,Lawrence,11559,1560000,1479000,Colonial,6,4.000,"Full,Finished",2 Car Attached,15,18592.00,CL,4/21/2019,10/21/2019,5/27/2019,12/23/2019,36,Det,1,1,3121072
98,,Birchwood Park,Drive,Jericho,11753,1098000,980000,Split Level,5,4.000,"Full,Finished",,15,19629.00,CL,4/29/2019,10/31/2019,6/01/2019,8/16/2019,33,Det,1,1,3123476
100,,Sealy,Drive,Lawrence,11559,1185000,999000,Splanch,5,3.500,Partial,2 Car Attached,15,12099.66,CL,5/05/2019,10/02/2019,5/31/2019,7/15/2019,26,Det,1,1,3125663
1951,,Bay,Boulevard,Atlantic Beach,11509,1375000,1125000,Colonial,5,4.500,"Full,Finished",2 Car Attached,15,15026.30,CL,5/07/2019,12/31/2019,8/22/2019,11/29/2019,107,Det,1,1,3126374
793,,Central Avenue,,Woodmere,11598,1799000,1800000,Colonial,7,4.500,"Full,Finished",Private Parking,15,24000.00,CL,5/08/2019,11/02/2019,5/15/2019,8/13/2019,7,Det,1,1,3126529
18,,Sandpiper,Court,Old Westbury,11568,2100000,2080000,Contemporary,6,5.500,"Full,Unfinished",2 Car Attached,15,34868.17,CL,5/09/2019,11/03/2019,5/23/2019,6/26/2019,14,Det,1,1,3127027
18,,Ormond Park,Road,Brookville,11545,1399000,1350000,Exp Ranch,7,5.500,"Full,Finished",2 Car Detached,15,34807.36,CL,1/02/2019,5/09/2020,1/06/2020,3/20/2020,369,Det,1,1,3127075
12,,23rd,Street,Jericho,11753,1188000,990000,Colonial,4,2.500,Full,1 Car Attached,15,0.00,CL,5/09/2019,5/09/2020,6/18/2019,8/12/2019,40,Det,1,1,3127076
30,,Old Wheatley,Road,Brookville,11545,2299000,2200000,Colonial,5,5.500,"Full,Finished",4+ Car Attached,15,44961.00,CL,5/18/2019,4/01/2020,9/30/2019,11/26/2019,135,Det,1,1,3130107
65,,Spruce,Street,Cedarhurst,11516,1299000,1075000,Colonial,4,3.500,"Full,Finished",Attached,15,13855.21,CL,5/19/2019,11/03/2019,7/25/2019,10/02/2019,67,Det,1,1,3130200
583,,Diane,Place,N. Woodmere,11581,1299000,1235000,Colonial,5,4.000,"Full,Finished",2 Car Attached,15,12278.14,CL,5/27/2019,9/30/2019,7/15/2019,9/20/2019,49,Det,1,1,3132265
89,,Orange,Drive,Jericho,11753,1549000,1330000,Colonial,5,5.000,Full,2 Car Attached,15,0.00,CL,6/01/2019,6/01/2020,7/19/2019,8/09/2019,48,Det,1,1,3134183
73,,Prospect,Avenue,Cedarhurst,11516,1199000,1100000,Colonial,6,3.500,"Full,Partially Finished",,15,10537.13,CL,6/02/2019,11/30/2019,8/15/2019,12/18/2019,74,Det,1,1,3134320
232,,Scott,Drive,Atlantic Beach,11509,939000,915000,Colonial,4,2.500,"None,Unfinished",2 Car Attached,15,13570.35,CL,6/07/2019,12/31/2019,6/21/2019,9/09/2019,14,Det,1,1,3136274
16,,Applegreen,Drive,Old Westbury,11568,2499000,2400000,Ranch,5,4.500,"Partial,Finished",2 Car Attached,15,45485.84,CL,6/08/2019,6/04/2020,8/13/2019,10/21/2019,66,Det,1,1,3136603
81,,Bounty,Lane,Jericho,11753,998000,958000,Split Level,3,2.500,"Partial,Finished",2 Car Attached,15,13604.55,CL,6/09/2019,12/15/2019,7/30/2019,12/03/2019,51,Det,1,1,3136646
19,,Putnam,Avenue,Jericho,11753,1099000,1038000,Split Level,4,3.500,"Partial,Finished",2 Car Attached,15,21214.35,CL,6/11/2019,12/10/2019,8/27/2019,10/24/2019,77,Det,1,1,3137353
828,,Addison,Street,Woodmere,11598,1450000,1420000,Colonial,5,4.500,"Full,Finished",1 Car Attached,15,12827.25,CL,6/14/2019,10/30/2019,9/15/2019,12/05/2019,93,Det,1,2,3138441
11,,Black Rock,Road,Muttontown,11545,3995000,3800000,Colonial,8,8.500,"Full,Finished",3 Car Attached,15,62589.53,CL,6/19/2019,6/10/2020,12/20/2019,3/18/2020,184,Det,1,1,3140157
1958,,Midlane Rd South,,Syosset,11791,4499000,4100000,Tudor,5,5.555,"Full,Finished",4+ Car Attached,15,57614.41,CL,6/24/2019,10/01/2019,8/02/2019,11/01/2019,39,Det,1,1,3141334
8,,Ivy,Lane,Lawrence,11559,1375000,1350000,Exp Ranch,3,2.500,"Full,Finished",2 Car Attached,15,17083.84,CL,6/26/2019,12/31/2019,8/09/2019,10/24/2019,44,Det,1,1,3142113
19,,Quail Run,,Old Westbury,11568,1600000,2000000,Contemporary,5,4.500,"Partial,Unfinished",3 Car Attached,15,66575.47,CL,6/28/2019,9/25/2019,8/09/2019,8/28/2019,42,Det,1,1,3142804
515,,Jorgen,Street,Lawrence,11559,1798000,1575000,Colonial,5,4.500,"Full,Finished",1 Car Detached,15,12525.49,CL,7/01/2019,12/24/2019,8/22/2019,10/11/2019,52,Det,1,1,3143289
100,,Rockland,Drive,Jericho,11753,1399000,1285000,Colonial,5,4.500,"Full,Unfinished",2 Car Attached,15,0.00,CL,7/03/2019,7/03/2020,8/07/2019,8/29/2019,35,Det,1,1,3144194
2184,,Kirby,Lane,Muttontown,11791,1350000,1260000,Colonial,4,3.500,"Full,Finished",2 Car Attached,15,17900.00,CL,8/02/2019,1/22/2020,10/09/2019,12/16/2019,68,Det,1,1,3152731
350,,Livingston,Place,Cedarhurst,11516,1350000,1225000,Colonial,4,3.500,"Full,Finished",1 Car Detached,15,10594.20,CL,8/06/2019,11/06/2019,11/04/2019,12/19/2019,90,Det,1,1,3153684
67,,Wheatley,Road,Old Westbury,11568,3989999,3750000,Colonial,6,7.550,"Full,Finished",3 Car Attached,15,83604.00,CL,8/11/2019,1/16/2021,11/04/2019,1/31/2020,85,Det,1,1,3155127
26,,Mulberry,Court,Jericho,11753,1100000,999900,Split Level,4,3.000,"Partial,Finished",2 Car Attached,15,14818.00,CL,8/23/2019,1/23/2020,10/15/2019,12/20/2019,53,Det,1,1,3158696
18,,St Lawrence,Place,Jericho,11753,1098000,999000,Split Level,4,2.500,"Partial,Finished",2 Car Attached,15,14085.77,CL,9/06/2019,3/04/2020,10/16/2019,3/11/2020,40,Det,1,1,3162124
106,,Dewey,Street,Jericho,11753,1198000,1100000,Colonial,5,4.000,"Partial,Finished",1 Car Attached,15,19029.62,CL,9/11/2019,1/30/2020,11/06/2019,1/31/2020,56,Det,1,1,3163329
106,,Dewey,Street,Jericho,11753,1198000,1100000,Colonial,5,4.000,"Full,Finished",1 Car Attached,15,19029.62,CL,9/24/2019,1/31/2020,1/13/2020,1/30/2020,111,Det,1,1,3167253
1,,Erie,Court,Jericho,11753,998880,970000,Colonial,5,3.500,"Full,Finished",2 Car Attached,15,24854.19,CL,7/01/2019,1/04/2020,11/13/2019,12/16/2019,135,Det,1,1,3169822
88,,Hazelwood,Drive,Jericho,11753,998000,958000,Split Level,3,3.500,"Partial,Finished",2 Car Attached,15,26000.00,CL,10/04/2019,3/30/2020,12/12/2019,2/05/2020,69,Det,1,1,3170114
77,,Queens,Avenue,Atlantic Beach,11509,949000,980000,Mediterranean,3,2.000,"Full,Unfinished",1 Car Detached,15,10165.00,CL,10/05/2019,4/05/2020,11/11/2019,1/16/2020,37,Det,1,1,3170400
8,,Stuyvesant,Place,Lawrence,11559,975000,1000000,Colonial,4,3.000,Full,1 Car Attached,15,17843.47,CL,10/11/2019,11/03/2019,10/31/2019,11/22/2019,20,Det,1,1,3172043
24,,Merit,Lane,Jericho,11753,1098000,1068000,Split Level,4,2.500,"Partial,Finished",2 Car Attached,15,19032.45,CL,10/12/2019,10/12/2020,10/25/2019,12/11/2019,13,Det,1,1,3172327
332,,Livingston,Place,Cedarhurst,11516,1089000,961000,Colonial,3,3.000,"Full,Finished",4+ Car Detached,15,13910.00,CL,11/01/2019,5/01/2020,12/11/2019,2/03/2020,40,Det,1,1,3177324
229,,Halsey Ave,,Jericho,11753,939999,920000,Split Level,3,2.000,"Full,Finished",1 Car Attached,15,10431.00,CL,11/16/2019,2/17/2020,1/29/2020,3/16/2020,74,Det,1,1,3181039
304,,Ocean,Avenue,Lawrence,11559,1599999,1425000,Colonial,8,4.500,"Full,Unfinished",1 Car Detached,15,21671.18,CL,1/01/2020,6/30/2020,1/27/2020,3/06/2020,26,Det,1,1,3188447