St #,Dr,Street Name,Sfx,Town,Zip,ListPrice,SoldPrice,,Br,Bath,,,SD,Tot Tax,LSC,ListDate,ExpDate,ContDate,TitleDate,DOM,Det,#F,K,ML#
240,,Bellmore,Road,East Meadow,11554,449000,449000,2 Story,5,3.000,"Full,Finished",,3,13946.29,CL,10/04/2018,10/04/2019,12/18/2018,12/19/2018,75,Det,1,2,3070590
407,,Robyn,Place,East Meadow,11554,459000,440000,Cape,3,2.000,Full,1 Car Detached,3,8311.00,CL,7/16/2018,7/16/2019,8/27/2018,11/15/2018,42,Det,1,1,3048847
2369,,Volante,Place,Westbury,11590,499000,407000,Cape,4,1.000,"None,Unfinished",,3,9548.00,CL,7/03/2018,9/30/2018,8/03/2018,9/21/2018,31,Det,1,1,3045196
E2243,,5th,Street,East Meadow,11554,419000,387000,Cape,4,2.000,"Full,Partially Finished",1 Car Detached,3,11377.00,CL,5/02/2017,1/01/2018,8/28/2017,1/19/2018,118,Det,1,1,*1283164
2669,N,Jerusalem,Road,East Meadow,11554,399000,380000,Colonial,4,2.000,"Partial,Unfinished",,3,10465.44,CL,3/20/2017,5/23/2017,4/05/2017,8/14/2017,16,Det,2,2,2922334
12,W,Cabot,Lane,Westbury,11590,479000,445000,Exp Ranch,4,2.000,"None,Unfinished",,3,10806.49,CL,6/27/2017,12/27/2017,7/28/2017,10/16/2017,31,Det,1,1,2950544
42,,Library,Lane,Bayville,11709,345000,345000,2 Story,1,1.000,"None,Unfinished",,3,6519.37,CL,8/17/2017,2/18/2018,10/30/2017,1/19/2018,74,Det,1,1,2964214
6,,Franklin,Avenue,Bayville,11709,399000,377500,Ranch,4,2.000,"Crawl,Unfinished",,3,9007.96,CL,4/11/2018,4/03/2019,5/10/2018,6/27/2018,29,Det,1,1,3019483
11,,August,Avenue,Bayville,11709,389000,365000,Colonial,3,2.000,"Crawl,Unfinished",1 Car Detached,3,9762.45,CL,5/15/2018,11/14/2018,7/16/2018,10/17/2018,62,Det,1,1,3030340
7,,Valley,Road,Bayville,11709,350000,325000,Other,4,1.000,"Partial,Unfinished",,3,9906.49,CL,9/05/2017,3/05/2018,9/13/2017,11/03/2017,8,Det,1,1,2968453
24,,June,Avenue,Bayville,11709,349000,359000,Ranch,2,1.000,"Crawl,Unfinished",,3,8378.12,CL,3/20/2019,9/30/2019,4/23/2019,5/30/2019,34,Det,1,1,3111037
200,,Friends,Lane,Westbury,11590,379777,375000,Exp Ranch,5,2.000,"None,Unfinished",,3,11469.66,CL,2/14/2017,8/10/2017,4/21/2017,7/11/2017,65,Det,1,1,2913773
395,,Wellington,Road,East Meadow,11554,429777,430000,Exp Ranch,3,2.000,"None,Unfinished",,3,10999.00,CL,5/23/2017,4/28/2018,6/07/2017,8/17/2017,15,Det,1,1,2940953
578,,Bernard,Street,East Meadow,11554,429777,430000,Exp Cape,4,2.000,"Full,Unfinished",1 Car Detached,3,11670.00,CL,10/23/2017,3/31/2018,3/02/2018,5/17/2018,130,Det,1,1,2980445
2123,,5th,Street,East Meadow,11554,389777,377000,Exp Cape,4,1.000,"Full,Finished",,3,9665.00,CL,7/16/2019,7/15/2020,8/19/2019,10/17/2019,34,Det,1,1,*1352655
98,W,Twig,Lane,Levittown,11756,355000,340000,Ranch,3,1.000,"None,Unfinished",,3,10907.40,CL,7/05/2018,12/31/2018,11/09/2018,1/10/2019,127,Det,1,1,3045450
628,,Evelyn,Avenue,East Meadow,11554,399999,401000,Ranch,3,1.000,"Crawl,Unfinished",,3,7619.00,CL,4/03/2018,1/03/2019,11/13/2018,1/17/2019,224,Det,1,1,3017180
2154,,Elderberry,Drive,Westbury,11590,435000,435000,Cape,4,2.000,"Full,Unfinished",,3,7850.58,CL,6/22/2019,6/22/2020,7/12/2019,9/17/2019,20,Det,1,1,3140950
2243,,Roosevelt,Avenue,East Meadow,11554,419000,400000,Colonial,3,1.500,Full,1 Car Attached,3,11246.87,CL,9/21/2016,5/31/2017,12/09/2016,3/24/2017,79,Det,1,1,2885164
2274,,2nd,Street,East Meadow,11554,450500,430000,Colonial,6,2.000,"Full,Unfinished",,3,17926.00,CL,8/14/2019,11/15/2019,9/27/2019,11/20/2019,44,Det,1,1,3156150
87,,Friends,Lane,Westbury,11590,429000,405000,Exp Cape,5,2.000,"None,Unfinished",,3,11328.00,CL,1/02/2018,7/31/2018,2/12/2018,4/03/2018,41,Det,1,1,2993751
9,,Cameo,Lane,Westbury,11590,449000,425000,Exp Cape,5,2.000,"None,Unfinished",,3,10195.47,CL,9/13/2017,12/31/2017,12/29/2017,5/16/2018,107,Det,1,1,*1295476
2376,,Salisbury,Road,Westbury,11590,439000,435000,Exp Ranch,4,2.000,"None,Unfinished",1 Car Attached,3,9915.01,CL,2/09/2018,8/30/2018,4/02/2018,7/16/2018,51,Det,1,1,3003463
37,W,Cabot,Lane,Westbury,11590,389900,366575,Exp Ranch,4,2.000,"None,Unfinished",1 Car Attached,3,7152.42,CL,8/21/2019,2/29/2020,8/31/2019,11/25/2019,10,Det,1,1,3158094
2431,,Oxford,Street,East Meadow,11554,429000,417000,Cape,3,1.000,"Full,Finished",,3,8069.00,CL,3/16/2018,9/16/2018,4/09/2018,5/04/2018,24,Det,1,1,3012791
181,,Friends,,Westbury,11590,389000,362000,Colonial,6,2.000,"None,Unfinished",Attached,3,12932.00,CL,7/19/2017,1/19/2018,9/22/2017,10/11/2017,65,Det,1,1,2956741
2450,,1st,Street,East Meadow,11554,399000,410000,Cape,4,1.000,"None,Unfinished",,3,8343.00,CL,1/30/2018,6/30/2018,2/23/2018,5/04/2018,24,Det,1,1,3000924
2732,,Concord,Drive,East Meadow,11554,429000,433000,Cape,4,2.000,"Full,Finished",1 Car Detached,3,12455.00,CL,2/09/2018,6/30/2018,2/23/2018,5/11/2018,14,Det,1,1,3003435
2197,,6th,Street,East Meadow,11554,439000,429500,Cape,4,2.000,Full,,3,10553.00,CL,1/27/2017,7/27/2017,2/27/2017,4/21/2017,31,Det,1,1,2909761
139,,Fairview,Avenue,East Meadow,11554,389000,380000,Ranch,3,1.000,"None,Unfinished",1 Car Detached,3,10233.00,CL,2/03/2017,8/27/2017,3/18/2017,5/05/2017,42,Det,1,1,2911341
2664,,Arleigh,Road,East Meadow,11554,399990,390000,Exp Ranch,3,1.500,"None,Unfinished",1 Car Detached,3,8612.00,CL,3/28/2017,9/28/2017,5/10/2017,9/25/2017,43,Det,1,1,2924664
2008,,Marion,Drive,East Meadow,11554,469000,375000,Cape,4,2.000,"Full,Partially Finished",1 Car Attached,3,9433.00,CL,7/19/2018,1/30/2019,8/24/2018,10/05/2018,36,Det,1,1,3049932
2348,,5th,Street,East Meadow,11554,424990,407000,Cape,4,2.000,"None,Unfinished",,3,7402.00,CL,2/05/2019,8/01/2019,3/12/2019,5/09/2019,34,Det,1,1,3098751
1749,,Glenmore,Avenue,East Meadow,11554,399000,380000,Colonial,3,1.000,"Full,Unfinished",1 Car Detached,3,13000.00,CL,10/11/2019,4/10/2020,11/04/2019,12/30/2019,24,Det,1,1,3172036
70,,Mountain,Avenue,Bayville,11709,475000,440000,Colonial,4,1.500,"Partial,Unfinished",2 Car Detached,3,9380.00,CL,4/27/2019,10/27/2019,5/23/2019,6/10/2019,26,Det,1,1,3123102
146,,Andrew,Avenue,East Meadow,11554,429000,435000,Ranch,3,1.000,"Full,Partially Finished",1 Car Detached,3,10407.00,CL,4/24/2017,4/24/2018,5/10/2017,6/28/2017,16,Det,1,1,2932082
46,,7th,Street,Locust Valley,11560,399000,410000,Colonial,2,1.500,"Full,Unfinished",2 Car Detached,3,10717.47,CL,3/27/2017,12/31/2017,4/20/2017,6/23/2017,24,Det,1,1,2924271
388,,Gates,Avenue,East Meadow,11554,415000,399000,Cape,3,2.000,"Full,Finished",,3,9032.00,CL,7/07/2017,7/07/2018,11/01/2017,11/30/2017,117,Det,1,1,2952671
2014,S,Central,Drive,East Meadow,11554,425000,414000,Exp Cape,3,1.500,"Full,Finished",1 Car Detached,3,11048.00,CL,2/17/2017,8/17/2017,3/20/2017,8/28/2017,30,Det,1,1,2914737
1477,,Prospect,Avenue,East Meadow,11554,419000,419000,Ranch,3,1.500,"Full,Finished",1 Car Detached,3,9260.76,CL,4/28/2017,10/22/2017,5/17/2017,7/26/2017,19,Det,1,1,2933299
1937,,School,Street,East Meadow,11554,429000,429000,Colonial,5,2.000,"Full,Partially Finished",1 Car Attached,3,11706.23,CL,3/19/2019,3/19/2020,4/15/2019,7/12/2019,27,Det,1,1,3110501
1777,Ne,Front,Street,East Meadow,11554,449000,418000,Cape,3,2.500,"Full,Finished",1 Car Detached,3,11021.00,CL,3/13/2017,3/13/2018,6/07/2017,8/11/2017,86,Det,1,2,2920847
181,,Friends,Lane,Westbury,11590,330000,310000,Colonial,4,2.000,"None,Unfinished",1 Car Attached,3,13459.13,CL,9/09/2014,5/27/2017,5/03/2017,7/13/2017,967,Det,1,1,2705417
2,,Cowl,Lane,Westbury,11590,375000,350000,Cape,4,2.000,"None,Unfinished",1 Car Attached,3,10479.00,CL,4/10/2017,7/10/2017,6/05/2017,6/08/2017,56,Det,1,1,2928110
408,,Argyle,Road,East Meadow,11554,430000,443000,Exp Ranch,3,2.000,"None,Unfinished",,3,11107.00,CL,10/31/2017,1/01/2018,11/29/2017,3/19/2018,29,Det,1,1,2982355
2494,,Marshall,Drive,East Meadow,11554,439999,430000,Cape,3,1.000,"None,Unfinished",1 Car Attached,3,10554.84,CL,6/01/2017,1/02/2018,6/27/2017,8/14/2017,26,Det,1,1,2943284
2245,,7th,Street,East Meadow,11554,399000,392000,Cape,4,1.000,"None,Unfinished",1 Car Detached,3,7631.92,CL,1/22/2018,7/20/2018,2/22/2018,8/16/2018,31,Det,1,1,2998640
683,,Blackstone,Avenue,East Meadow,11554,449000,449000,Cape,3,2.000,"Full,Finished",1 Car Attached,3,9134.01,CL,4/06/2017,10/01/2017,4/25/2017,8/18/2017,19,Det,1,1,2927466
1673,,Northern,Boulevard,Roslyn,11576,325900,325000,Antique/Hist,2,1.000,"None,Unfinished",,3,17039.77,CL,3/03/2019,6/01/2019,4/09/2019,6/20/2019,36,Det,1,1,3105551
1903,,Freeman,Avenue,East Meadow,11554,365000,395000,Cape,4,2.000,"Full,Partially Finished",,3,11402.57,CL,8/10/2018,11/08/2018,9/11/2018,9/26/2018,32,Det,1,1,3056424
56,,Mead,Lane,Westbury,11590,432900,420000,Ranch,4,1.500,"None,Unfinished",,3,11896.66,CL,1/05/2018,12/31/2018,2/15/2018,4/03/2018,41,Det,1,1,2994656
32,,Forest,Lane,Westbury,11590,379900,379900,Cape,4,3.000,"None,Unfinished",,3,8020.60,CL,5/03/2017,8/01/2017,5/19/2017,7/18/2017,16,Det,1,1,2935760
241,,Roslyn,Road,Roslyn Heights,11577,317000,257250,Colonial,2,1.000,"Crawl,Unfinished",,3,7539.25,CL,5/30/2017,11/30/2017,9/07/2017,9/30/2017,100,Det,1,1,2968756
2483,,1st,Avenue,East Meadow,11554,359900,341000,Cape,3,1.500,"None,Unfinished",2 Car Detached,3,11359.23,CL,2/02/2018,6/07/2018,4/12/2018,5/23/2018,68,Det,1,2,3001579
951,,Grand,Boulevard,Westbury,11590,399990,400000,Cape,4,2.000,"None,Unfinished",,3,9948.00,CL,10/06/2017,4/06/2018,10/23/2017,12/17/2017,17,Det,1,1,2976586
2463,,Lindy,Road,Westbury,11590,305000,301500,Ranch,2,1.000,"Full,Unfinished",1 Car Detached,3,7365.00,CL,9/26/2016,5/31/2017,10/26/2016,5/23/2017,30,Det,1,1,2886173
2542,,4th,Avenue,East Meadow,11554,399999,380000,Exp Cape,5,2.000,"Full,Partially Finished",1 Car Attached,3,10376.10,CL,1/18/2018,12/18/2018,3/19/2018,9/21/2018,59,Det,1,1,2997960
2194,,2nd,Street,East Meadow,11554,439000,435000,Colonial,3,1.500,"Full,Finished",,3,10206.89,CL,4/25/2017,12/25/2017,6/26/2017,8/31/2017,62,Det,1,1,2943575
1831,,Grant,Avenue,East Meadow,11554,439999,432000,Cape,4,2.000,"Full,Finished",1 Car Attached,3,9220.97,CL,5/22/2017,5/01/2018,7/21/2017,11/03/2017,60,Det,1,1,2949737
790,,Pleasant,Avenue,Westbury,11590,439999,440000,Ranch,3,2.000,"Full,Finished",1 Car Detached,3,8014.00,CL,5/22/2017,11/12/2017,9/29/2017,11/17/2017,130,Det,1,1,2956722
423,,Gates,Avenue,East Meadow,11554,429000,420000,Cape,4,1.000,"Full,Unfinished",,3,9558.00,CL,10/15/2018,3/24/2019,11/04/2018,1/07/2019,20,Sd,1,1,3073363
2621,,Dianne Ct.,,East Meadow,11554,439999,445000,Split Level,3,1.500,"Partial,Unfinished",,3,12269.00,CL,2/03/2019,11/01/2019,2/25/2019,5/24/2019,22,Det,1,1,3098188
2747,,Rowehl,Drive,East Meadow,11554,425000,425000,Exp Cape,5,2.000,"Full,Partially Finished",1 Car Attached,3,13013.04,CL,7/26/2017,1/26/2018,8/16/2017,12/12/2017,21,Det,1,1,2958454
1112,,Mirabelle,Avenue,Westbury,11590,449000,417000,Cape,4,2.000,"Full,Finished",,3,7341.11,CL,4/01/2018,7/01/2018,6/18/2018,9/14/2018,78,Det,1,1,3016513
1084,,Washington,Avenue,Westbury,11590,429000,440000,Exp Cape,4,2.000,"Full,Finished",1 Car Attached,3,9673.72,CL,5/30/2019,11/30/2019,6/28/2019,8/27/2019,29,Det,1,1,3133499
2053,,Park,Avenue,East Meadow,11554,469000,438000,Colonial,4,2.000,"Full,Partially Finished",,3,10805.48,CL,7/28/2019,1/26/2020,10/11/2019,1/16/2020,75,Det,1,1,3161707
394,,Starke,Avenue,East Meadow,11554,369999,365000,Colonial,2,1.500,"Full,Unfinished",,3,7403.09,CL,11/12/2018,7/31/2019,11/19/2018,12/07/2018,7,Det,1,1,3080624
2293,,7th,Street,East Meadow,11554,439000,430000,Colonial,4,2.000,"None,Unfinished",1 Car Detached,3,9812.90,CL,10/20/2019,10/20/2020,11/12/2019,12/17/2019,23,Det,1,1,3174434
2397,,Devon,Street,East Meadow,11554,449000,449000,Ranch,3,2.500,"Full,Finished",1 Car Attached,3,12251.00,CL,2/26/2018,6/30/2018,3/22/2018,6/21/2018,23,Det,1,1,3007409
1730,,Nostrand,Avenue,East Meadow,11554,429000,405000,Exp Cape,4,2.000,"Full,Partially Finished",,3,13237.08,CL,2/24/2017,8/30/2017,3/29/2017,6/06/2017,32,Det,1,1,2916366
19,,Merry,Lane,Westbury,11590,439000,420000,Exp Ranch,3,1.000,"None,Unfinished",1 Car Detached,3,9220.41,CL,10/02/2017,3/31/2018,11/01/2017,2/01/2018,30,Det,1,1,2975664
196,,Bellmore,Road,East Meadow,11554,425000,415000,Ranch,3,1.000,"None,Unfinished",1 Car Detached,3,10257.86,CL,3/28/2018,9/30/2018,4/24/2018,6/18/2018,27,Det,1,1,3015856
572,,Chamberlin,Street,East Meadow,11554,399999,410000,Cape,4,1.000,"Full,Finished",,3,10182.82,CL,8/20/2017,8/20/2018,9/25/2017,11/07/2017,36,Det,1,1,2965088
2585,,Arleigh,Road,East Meadow,11554,419000,419000,Ranch,3,1.000,"None,Unfinished",,3,10812.83,CL,3/10/2017,11/30/2017,4/12/2017,6/02/2017,32,Det,1,1,2920331
206,,Friends,Lane,Westbury,11590,446900,440000,Exp Ranch,4,2.000,"None,Unfinished",,3,11245.00,CL,7/19/2017,1/14/2018,10/12/2017,12/29/2017,85,Det,1,1,2956422
24,,16th,Street,Bayville,11709,299000,285000,Ranch,3,1.000,"None,Unfinished",1 Car Detached,3,9607.70,CL,6/12/2017,10/10/2017,8/08/2017,9/29/2017,57,Det,1,1,2946415
1989,N,Jerusalem,Road,East Meadow,11554,350000,261000,Ranch,3,1.500,"Full,Partially Finished",1 Car Attached,3,7000.00,CL,6/02/2017,12/01/2017,11/17/2017,3/23/2018,168,Att,1,1,2943715
2275,,7th,Street,East Meadow,11554,439000,420000,Exp Cape,4,1.000,"None,Unfinished",,3,10972.00,CL,6/20/2019,2/28/2020,8/01/2019,10/23/2019,42,Det,1,1,3140241
16,,8th,Street,Bayville,11709,429000,415000,Hi Ranch,5,2.000,"None,Unfinished",,3,8316.20,CL,4/29/2017,11/01/2017,8/04/2017,8/18/2017,97,Det,1,2,2933633
1810,,Prospect,Avenue,East Meadow,11554,399999,325000,Cape,4,3.555,"Full,Finished",1 Car Attached,3,13859.31,CL,2/10/2018,2/10/2019,1/11/2019,11/08/2019,335,Det,1,1,3003621
283,,Oltmann,Road,East Meadow,11554,409990,405000,Exp Cape,4,1.000,Full,1 Car Attached,3,11491.65,CL,1/24/2019,6/24/2019,2/14/2019,4/29/2019,21,Det,1,1,3095731
2655,,Park,Circle,East Meadow,11554,449000,445000,Cape,3,2.000,"Full,Finished",1 Car Attached,3,8849.00,CL,3/06/2019,9/07/2019,4/03/2019,6/07/2019,27,Det,1,1,3106427
1803,,Midland,Drive,East Meadow,11554,439000,445000,Ranch,3,2.000,"Full,Finished",1 Car Attached,3,8699.04,CL,8/16/2017,11/16/2017,9/08/2017,10/30/2017,23,Det,1,1,2964228
408,,Argyle,Road,East Meadow,11554,399000,370000,Exp Ranch,4,1.000,"None,Unfinished",,3,11107.37,CL,4/25/2017,10/24/2017,5/11/2017,6/12/2017,16,Det,1,1,2932592
812,,Bowling Green,Drive,Westbury,11590,399000,389000,Exp Cape,5,3.000,"None,Unfinished",1 Car Detached,3,13704.54,CL,7/11/2019,1/11/2020,8/01/2019,9/12/2019,21,Det,2,1,3146835
567,,Benito,Street,East Meadow,11554,399023,415000,Exp Cape,4,2.000,"Full,Unfinished",1 Car Detached,3,15723.46,CL,11/20/2019,4/30/2020,12/07/2019,1/15/2020,17,Det,1,1,3181705
140,,Rosalie,Drive,East Meadow,11554,340000,290000,Cape,3,2.000,"Full,Unfinished",1 Car Attached,3,10550.00,CL,10/31/2017,5/31/2018,11/01/2017,12/15/2017,1,Det,1,1,*1299471
16,,University,Road,Bayville,11709,295000,300000,Ranch,3,1.000,"Partial,Unfinished",,3,5110.29,CL,6/30/2018,1/31/2019,7/06/2018,9/28/2018,6,Det,1,1,3044384
208,,Bayville,Avenue,Bayville,11709,349000,340000,Cottage,2,1.000,"Full,Unfinished",,3,7264.57,CL,10/31/2018,10/30/2019,6/27/2019,9/26/2019,239,Det,1,1,3077563
10,,17th,Street,Bayville,11709,499000,385000,Colonial,4,2.000,"None,Unfinished",1 Car Attached,3,10316.84,CL,9/05/2019,2/08/2020,1/03/2020,3/11/2020,120,Det,1,1,3161804
89,,Cross,Street,Locust Valley,11560,349000,320500,Colonial,3,1.000,"Full,Partially Finished",,3,6548.65,CL,2/06/2019,2/03/2020,2/28/2019,7/25/2019,22,Det,1,1,3099102
2359,,Post,Street,East Meadow,11554,468000,450000,Cape,4,1.000,"Full,Unfinished",,3,10535.16,CL,5/13/2019,11/13/2019,7/05/2019,8/02/2019,53,Det,1,1,3128525
9,,Bell,Lane,Bayville,11709,380000,355000,Colonial,4,2.000,"Full,Unfinished",,3,10879.00,CL,3/08/2019,7/08/2019,4/09/2019,5/20/2019,31,Det,1,1,3107641
41,,Mitchell,Street,Locust Valley,11560,396000,388500,Cottage,1,1.000,"Full,Unfinished",,3,8690.00,CL,9/16/2017,8/29/2018,10/18/2017,1/19/2018,32,Det,1,1,2971528
886,,Fairfield,Avenue,Westbury,11590,405000,405000,Cape,4,1.000,"None,Unfinished",1 Car Detached,3,9872.00,CL,7/26/2017,6/20/2018,9/12/2017,10/17/2017,48,Det,1,1,2958357
24,,Forest,Lane,Westbury,11590,365000,340000,Cape,4,1.000,"None,Unfinished",1 Car Attached,3,10942.14,CL,9/07/2017,12/17/2017,9/07/2017,1/10/2018,0,Det,1,1,2969143
52,,Frances,Court,Levittown,11756,440000,420000,Split Level,3,3.000,"Partial,Finished",1 Car Attached,3,15220.58,CL,8/25/2018,8/24/2019,9/06/2018,2/26/2019,12,Det,1,1,3060068
448,,Oakdale,Road,East Meadow,11554,444900,440000,Ranch,3,1.500,"Full,Finished",1 Car Attached,3,11800.00,CL,9/20/2018,1/19/2019,1/04/2019,2/15/2019,106,Det,1,1,3066833
6,,Leona,Place,Locust Valley,11560,350888,290000,Cape,3,2.000,"Full,Finished",,3,5863.00,CL,8/14/2018,9/28/2019,2/26/2019,8/29/2019,196,Det,1,1,3056969
31,,Jackson,Avenue,Bayville,11709,359000,310000,Cape,3,1.000,"Full,Unfinished",,3,12086.22,CL,12/01/2016,4/24/2019,5/17/2018,8/06/2018,531,Det,1,1,2899455
2489,,Fir,Court,East Meadow,11554,459000,425000,Ranch,3,1.000,"None,Unfinished",,3,10217.00,CL,3/31/2019,2/28/2020,4/26/2019,6/12/2019,26,Det,1,1,3114248
10,,Wilson,Avenue,Bayville,11709,335000,300000,Cape,4,2.000,"Crawl,Unfinished",,3,6604.47,CL,7/05/2017,12/31/2017,7/31/2017,8/31/2017,26,Det,1,1,2952161
14,,Jackson,Avenue,Bayville,11709,449000,449000,Cape,4,2.000,"Full,Unfinished",2 Car Detached,3,11343.00,CL,3/14/2019,9/10/2019,6/11/2019,8/29/2019,89,Det,1,1,3108994
25,,Cedar,Avenue,Locust Valley,11560,425000,425000,Bungalow,3,1.000,Full,,3,11179.00,CL,3/28/2019,8/22/2019,3/29/2019,5/14/2019,1,Det,1,1,*1341748
18,,5,Street,Bayville,11709,429000,405000,Hi Ranch,5,2.000,"None,Unfinished",,3,10672.11,CL,6/01/2017,12/01/2017,8/01/2017,9/15/2017,61,Det,1,1,2943150
24,,Fifth,Street,Bayville,11709,365000,365000,Cottage,2,1.000,"Crawl,Unfinished",,3,6639.81,CL,8/11/2017,2/01/2018,11/24/2017,1/23/2018,105,Det,1,1,2962614
2157,,Manor,Court,East Meadow,11554,439000,435000,Cape,4,1.000,"None,Unfinished",1 Car Detached,3,8731.61,CL,4/29/2017,10/30/2017,4/29/2017,8/02/2017,0,Det,1,1,2933667
3,,Wood,Court,Bayville,11709,750000,450000,Colonial,5,3.500,Partial,,3,19700.00,CL,5/30/2018,5/29/2019,7/27/2018,3/20/2019,58,Det,1,1,3035307
1080,,Bowling Green,Drive,Westbury,11590,349000,351000,Ranch,2,1.000,"Full,Partially Finished",,3,8373.64,CL,6/27/2017,1/31/2018,10/03/2017,12/08/2017,98,Det,1,1,2950349
62,,Bette,Road,East Meadow,11554,459000,430000,Ranch,3,1.000,"Full,Finished",2 Car Detached,3,8801.67,CL,8/29/2017,2/28/2018,9/29/2017,11/21/2017,31,Det,1,1,2967173
444,,Chestnut,Lane,East Meadow,11554,409000,415000,Ranch,3,2.000,"Full,Unfinished",1 Car Detached,3,10757.81,CL,7/05/2017,12/30/2017,7/14/2017,8/02/2017,9,Det,1,1,2952141
45,,Rita,Drive,East Meadow,11554,429000,440000,Ranch,3,1.000,Full,,3,8607.00,CL,4/19/2018,4/19/2019,5/11/2018,7/02/2018,22,Det,1,1,3022036
11,,Tildean,Lane,Bayville,11709,429000,450000,Other,4,2.500,"Full,Partially Finished",2 Car Detached,3,9732.40,CL,6/11/2017,1/31/2018,7/24/2017,8/17/2017,43,Det,2,2,2946076
1784,,Albermarle,Avenue,East Meadow,11554,434700,417500,Colonial,6,2.000,"Full,Finished",1 Car Detached,3,14512.92,CL,6/27/2017,10/25/2017,7/31/2017,8/17/2017,34,Det,1,1,2950887
2282,,5th,Street,East Meadow,11554,399000,375000,Cape,3,2.000,"Full,Unfinished",1 Car Attached,3,8375.00,CL,2/17/2019,2/17/2020,3/08/2019,4/15/2019,19,Det,1,1,3101898
2353,,6th,Street,East Meadow,11554,430000,430000,Exp Cape,3,2.000,"None,Unfinished",1 Car Detached,3,10001.00,CL,9/05/2017,9/04/2018,11/20/2017,1/11/2018,76,Det,1,1,2967953
5,,Tildean,Lane,Bayville,11709,429000,420000,Other,2,2.000,"Full,Unfinished",,3,9477.00,CL,9/15/2017,12/31/2017,9/29/2017,11/22/2017,14,Det,1,1,2971438
300,,Cedar,Lane,East Meadow,11554,429000,450000,Ranch,3,2.000,"Full,Finished",1 Car Detached,3,6993.00,CL,11/10/2017,6/06/2018,11/20/2017,1/05/2018,10,Det,1,1,2984782
22,,Bay Beach,Avenue,Bayville,11709,349000,335000,Colonial,3,2.000,"Full,Unfinished",,3,8712.58,CL,6/23/2017,11/30/2017,11/10/2017,12/28/2017,140,Det,1,1,2949456
2283,,2nd,Street,East Meadow,11554,469990,440000,Colonial,3,1.000,"Full,Unfinished",,3,6945.00,CL,9/12/2019,9/10/2020,11/17/2019,1/16/2020,66,Det,1,1,3164105
33,,Branch,Lane,Levittown,11756,375000,365000,Ranch,4,1.000,"None,Unfinished",,3,7174.00,CL,9/13/2018,3/13/2019,10/03/2018,3/06/2019,20,Det,1,1,3065358
2269,,Plum Tree,Road,Westbury,11590,449999,435000,Cape,4,2.500,"Full,Finished",1 Car Detached,3,11498.00,CL,10/12/2016,4/30/2017,2/15/2017,4/11/2017,126,Det,1,1,2889653
55,,Hearth,Lane,Westbury,11590,439999,440000,Exp Cape,4,2.000,"None,Unfinished",,3,8953.00,CL,3/06/2017,9/15/2017,4/03/2017,7/14/2017,27,Det,1,1,2918896
8,,Cottonwood,Lane,Westbury,11590,369999,350000,Ranch,4,1.000,"None,Unfinished",1 Car Attached,3,9996.00,CL,9/26/2016,4/01/2017,2/16/2017,5/17/2017,143,Det,1,1,2886025
415,,Abington,Place,East Meadow,11554,439999,440000,Cape,4,2.000,"Full,Finished",,3,12372.00,CL,4/27/2018,7/30/2018,5/07/2018,7/12/2018,10,Det,1,1,3024631
2157,,Stewart,Avenue,Westbury,11590,439999,422500,Cape,4,2.000,"Full,Partially Finished",2 Car Attached,3,11050.00,CL,6/29/2018,2/28/2019,7/23/2018,9/13/2018,24,Det,1,1,3044166
832,,Bowling Green,Drive,Westbury,11590,469000,450000,Colonial,6,2.000,"None,Unfinished",,3,12293.00,CL,10/25/2016,7/30/2017,6/14/2017,8/29/2017,232,Det,1,1,2892537
999,,Washington,Avenue,Westbury,11590,469000,439000,Exp Cape,4,1.000,"Full,Finished",1 Car Detached,3,12314.00,CL,8/02/2019,2/28/2020,9/25/2019,12/18/2019,54,Det,1,1,3152830
2251,N,Plum Tree,Road,Westbury,11590,449999,425000,Cape,4,2.000,"Full,Partially Finished",1 Car Attached,3,10371.00,CL,9/16/2017,3/16/2018,10/27/2017,12/13/2017,41,Det,1,1,2971807
897,,Washington,Avenue,Westbury,11590,439999,420000,Exp Cape,4,2.000,"None,Unfinished",1 Car Detached,3,12221.00,CL,3/25/2019,9/30/2019,8/07/2019,11/17/2019,135,Det,1,1,3112216
15,W,Cabot,Lane,Westbury,11590,439999,425000,Ranch,3,1.500,"None,Unfinished",1 Car Attached,3,11832.00,CL,9/12/2018,3/30/2019,10/12/2018,1/04/2019,30,Det,1,1,3064428
521,,May,Lane,East Meadow,11554,375000,350000,Split Level,3,1.500,Full,1 Car Attached,3,13222.55,CL,3/03/2017,8/07/2017,3/29/2017,4/13/2017,25,Det,1,1,2918294
2640,,Beech,Street,East Meadow,11554,429888,410000,Cape,4,1.000,"Full,Partially Finished",1 Car Detached,3,10890.00,CL,12/22/2016,2/28/2017,1/27/2017,6/02/2017,36,Det,1,1,2903003
5,,Cross,Street,Locust Valley,11560,430000,370000,Colonial,3,1.000,"Full,Unfinished",,3,9083.43,CL,5/02/2017,5/02/2019,6/12/2018,6/25/2018,406,Det,1,1,2934497
1976,,Longfellow,Avenue,East Meadow,11554,464999,450000,Ranch,3,2.000,"Full,Unfinished",,3,12338.16,CL,10/12/2017,4/12/2018,12/01/2017,2/16/2018,50,Det,1,1,2977918
8,,Violet,Road,Bayville,11709,440000,445000,Raised Ranch,4,3.000,"None,Unfinished",2 Car Attached,3,10799.49,CL,3/27/2018,6/27/2018,4/03/2018,6/13/2018,7,Det,1,1,3015269
2356,,Marlboro,Street,East Meadow,11554,419900,404250,Cape,3,2.000,Full,2 Car Detached,3,13114.00,CL,5/15/2018,12/26/2018,10/25/2018,11/02/2018,163,Det,1,1,3030333
19,,Hernan,Avenue,Locust Valley,11560,420000,425000,Exp Cape,4,2.000,"Full,Unfinished",1 Car Detached,3,9178.00,CL,9/07/2016,4/01/2017,3/16/2017,5/31/2017,190,Det,1,1,2881636
546,,Carlton,Place,East Meadow,11554,409000,324450,Ranch,3,2.000,Full,,3,11262.00,CL,9/19/2017,12/18/2017,10/18/2017,11/02/2017,29,Det,1,1,2972288
2405,N,Jerusalem,Road,East Meadow,11554,479900,351750,Hi Ranch,5,3.000,"None,Unfinished",,3,14039.00,CL,5/23/2018,9/12/2018,6/21/2018,7/25/2018,29,Det,1,1,3032987
1562,,Benjamin,Avenue,East Meadow,11554,389000,410000,Cape,4,1.000,Full,1 Car Attached,3,9745.00,CL,2/13/2018,5/13/2018,3/13/2018,5/22/2018,27,Det,1,1,3004289
11,,Grange,Lane,Levittown,11756,330000,310000,Cape,4,2.000,"None,Unfinished",1 Car Attached,3,11803.00,CL,2/26/2019,7/24/2019,5/29/2019,7/29/2019,91,Det,1,1,3104189
91,,Page,Lane,Westbury,11590,374900,370000,Exp Ranch,4,3.000,"None,Unfinished",,3,17566.00,CL,4/01/2018,6/28/2018,4/27/2018,5/15/2018,26,Det,1,1,3016806
2512,,Poppy,Street,East Meadow,11554,319000,319000,Split Ranch,3,1.000,"Full,Unfinished",2 Car Attached,3,14432.00,CL,8/15/2017,11/13/2017,9/05/2017,12/05/2017,21,Det,1,1,2963822
2338,,1st,Street,East Meadow,11554,260000,335000,Cape,4,1.000,Full,,3,9823.00,CL,9/05/2017,12/04/2017,9/21/2017,10/12/2017,16,Det,1,1,2968720
2198,,7th,Street,East Meadow,11554,385000,400000,Cape,4,2.500,Full,1 Car Detached,3,12556.00,CL,1/10/2018,2/09/2018,2/08/2018,3/29/2018,29,Det,1,1,2995931
719,,Buchanan,Road,East Meadow,11554,364900,375000,Cape,3,1.000,Full,,3,10293.00,CL,3/15/2018,5/29/2018,4/18/2018,5/04/2018,34,Det,1,1,3012623
2007,,Salisbury Park,Drive,Westbury,11590,369000,375000,Exp Ranch,4,2.000,"Partial,Unfinished",,3,12416.00,CL,9/12/2018,12/07/2018,9/26/2018,10/08/2018,14,Det,1,1,3064459
177,,Bellmore,Road,East Meadow,11554,385000,385000,Colonial,3,2.000,"Full,Unfinished",,3,11528.00,CL,3/13/2017,6/07/2017,3/27/2017,7/05/2017,14,Det,1,1,2920880
1572,,Walter,Court,East Meadow,11554,241900,362850,Cape,4,2.000,Full,1 Car Attached,3,12477.80,CL,5/17/2018,8/17/2018,7/20/2018,7/30/2018,64,Det,1,1,3031617
68,,Cocks,Lane,Locust Valley,11560,282000,301000,Colonial,2,1.000,"Full,Unfinished",,3,9750.00,CL,3/27/2019,6/27/2019,5/01/2019,6/17/2019,35,Det,1,1,3113138
17,W,9th,Street,Locust Valley,11560,399000,372000,Colonial,5,2.000,"Full,Unfinished",2 Car Detached,3,9864.00,CL,9/22/2017,12/21/2017,11/13/2017,3/29/2018,52,Det,1,1,2973353
16,,Crystal,Lane,Westbury,11590,334500,360000,Cape,3,2.000,"None,Unfinished",,3,10894.00,CL,5/15/2018,9/11/2018,6/12/2018,9/05/2018,28,Det,1,1,3030311
1750,,Dannet,Place,East Meadow,11554,309999,301000,Colonial,2,1.000,"Full,Unfinished",,3,10779.00,CL,4/25/2019,9/24/2019,8/07/2019,8/28/2019,104,Det,1,1,3122456
3,,3rd,Street,Greenvale,11548,385000,410000,Colonial,2,1.000,Full,1 Car Detached,3,9403.65,CL,1/13/2020,4/07/2020,2/07/2020,3/09/2020,25,Det,1,1,3191329
23,,15th,Street,Bayville,11709,325000,325000,2 Story,3,2.000,"None,Unfinished",1 Car Attached,3,10168.94,CL,8/17/2017,2/16/2018,9/05/2017,5/16/2018,19,Det,1,1,2964266
1804,,Albermarle,Avenue,East Meadow,11554,434999,425000,Cape,3,2.000,"Full,Finished",2 Car Attached,3,13094.00,CL,9/22/2019,3/20/2020,12/09/2019,1/29/2020,78,Det,1,1,3166631
15,,Hicks,Street,Roslyn,11576,425000,425000,Colonial,2,2.000,"Full,Finished",1 Car Detached,3,8816.00,CL,10/10/2017,7/30/2018,12/07/2017,4/26/2018,58,Det,1,1,2977341
45,,Lace,Lane,Westbury,11590,450000,440000,Cape,4,2.000,"None,Unfinished",1 Car Attached,3,14476.55,Cl,5/23/2019,5/31/2020,7/01/2019,9/06/2019,39,Det,1,1,3131538
30,,Forest,Lane,Westbury,11590,424000,420000,Exp Cape,3,2.000,"None,Unfinished",,3,7530.00,CL,11/21/2016,11/21/2017,2/17/2017,4/21/2017,88,Det,1,1,2897982
67,,Hernan,Avenue,Locust Valley,11560,459000,425000,Cape,2,1.000,"Full,Unfinished",2 Car Detached,3,6788.52,CL,11/16/2017,11/16/2018,12/13/2017,2/06/2018,27,Det,1,1,2986295
2354,,Volante,Place,Westbury,11590,439000,435000,Cape,4,1.000,"Full,Partially Finished",1 Car Attached,3,10563.75,CL,6/06/2018,12/31/2018,8/22/2018,11/05/2018,77,Det,1,1,3036834
42,,Hearth,Lane,Westbury,11590,429900,407500,Cape,4,1.000,"None,Unfinished",,3,9332.00,Cl,12/04/2018,4/20/2019,1/17/2019,4/16/2019,44,Det,1,1,3085195
1920,,Chester,Drive,East Meadow,11554,457500,447000,Cape,4,1.000,"Full,Finished",Attached,3,9893.00,CL,2/17/2017,8/17/2017,5/05/2017,6/05/2017,76,Det,1,1,2914546
1804,,Albermarle,Avenue,East Meadow,11554,398888,365000,Exp Cape,3,2.000,"Full,Finished",,3,13984.13,CL,8/05/2018,12/31/2018,9/28/2018,11/02/2018,54,Det,1,1,3054542
117,,Saint Marks,Place,Roslyn Heights,11577,399999,375000,2 Story,3,1.000,Full,,3,11101.00,CL,10/11/2017,11/11/2017,10/12/2017,12/01/2017,1,Att,1,1,2977586
222,,Andrew,Avenue,East Meadow,11554,410000,415000,Ranch,3,1.000,"None,Unfinished",1 Car Detached,3,9256.90,CL,2/28/2017,12/31/2017,4/18/2017,7/27/2017,48,Det,1,1,2917085
312,,Hilda,Street,East Meadow,11554,399000,385000,Ranch,3,2.000,"Full,Finished",1 Car Attached,3,12130.07,CL,3/21/2017,12/31/2017,4/18/2017,5/05/2017,28,Det,1,1,2922941
12,,Lincoln,Avenue,Roslyn Heights,11577,558000,450000,Colonial,3,2.000,"Full,Unfinished",2 Car Detached,3,10719.00,CL,8/28/2017,2/28/2018,10/26/2017,1/19/2018,59,Det,1,1,*1294085
2515,,4th,Avenue,East Meadow,11554,415000,375000,Cape,4,1.000,"Full,Finished",,3,11286.11,CL,10/02/2017,4/02/2018,1/20/2018,4/19/2018,110,Det,1,1,2975335
31,,Riggs,Place,Locust Valley,11560,399000,418018,Colonial,3,2.000,"Full,Unfinished",,3,13024.45,CL,7/13/2017,1/15/2018,8/22/2017,10/20/2017,40,Det,2,2,2954966
107,E,Cypress,Lane,Westbury,11590,449990,440000,Exp Cape,3,2.000,"None,Unfinished",1 Car Attached,3,10539.35,CL,11/28/2017,2/28/2018,2/20/2018,5/03/2018,84,Det,1,1,2988102
98,,Rita,Drive,East Meadow,11554,429000,417500,Ranch,3,1.000,Full,1 Car Attached,3,10524.00,CL,4/06/2018,12/31/2018,7/18/2018,8/31/2018,103,Det,1,1,3017991
176 A,,Jefferson,Avenue,Roslyn Heights,11577,389000,370000,Bungalow,2,1.000,"Partial,Partially Finished",,3,7400.00,CL,2/28/2017,8/28/2017,5/02/2017,6/05/2017,62,Det,1,1,2917024
2732,,Concord,Drive,East Meadow,11554,300000,320000,Cape,4,1.000,"Full,Partially Finished",,3,12445.61,CL,11/20/2017,3/26/2018,11/30/2017,2/02/2018,10,Det,1,1,2986950
2481,,Fir,Court,East Meadow,11554,364777,340000,Exp Ranch,3,1.000,"None,Unfinished",1 Car Detached,3,10928.62,CL,3/23/2017,12/31/2017,4/20/2017,5/12/2017,28,Det,1,1,2923596
1790  #19,,Front,Street,East Meadow,11554,449000,440000,Townhouse,3,2.500,"Full,Finished",,3,8510.37,CL,5/17/2017,7/31/2017,7/14/2017,8/14/2017,58,Sd,1,1,2940099
7,,Garden,Street,Bayville,11709,449000,438000,Cape,4,1.000,"Full,Partially Finished",,3,10606.22,CL,5/04/2017,4/30/2018,6/08/2017,9/01/2017,35,Det,1,1,2935351
20,,College,Lane,Westbury,11590,439999,450000,Exp Ranch,4,2.000,"None,Unfinished",,3,12249.93,CL,2/05/2019,1/02/2020,3/01/2019,5/17/2019,24,Det,1,1,3098686
195,,Friends,Lane,Westbury,11590,429000,429000,Colonial,5,2.000,"None,Unfinished",1 Car Attached,3,12904.24,CL,9/19/2019,8/31/2020,10/02/2019,12/09/2019,13,Det,1,1,3166716
104,,Greenbelt,Lane,Levittown,11756,399888,410000,Ranch,5,1.500,"None,Unfinished",1 Car Attached,3,9691.04,CL,4/18/2019,10/18/2019,5/29/2019,7/29/2019,41,Det,1,1,3120510
82,,Pengon,Circle,East Meadow,11554,398888,300000,Exp Cape,4,2.000,"Full,Partially Finished",,3,10801.35,CL,3/01/2017,9/01/2017,3/24/2017,4/28/2017,22,Det,1,1,2917391
437,,Wellington,Road,East Meadow,11554,399000,390000,Ranch,3,1.000,"None,Unfinished",,3,11077.25,CL,8/08/2019,1/24/2020,8/23/2019,11/15/2019,15,Det,1,1,3154145
40,,Hernan,Avenue,Locust Valley,11560,469000,435000,Cape,2,2.000,"Full,Partially Finished",1 Car Attached,3,9840.37,CL,1/31/2017,8/31/2017,4/26/2017,6/08/2017,84,Det,1,1,2910313
4,,Page,Lane,Westbury,11590,389000,382000,Exp Cape,3,2.000,"None,Unfinished",1 Car Attached,3,12808.23,CL,8/02/2017,2/02/2018,8/28/2017,10/20/2017,26,Det,1,1,2960658
22,,Riggs,Place,Locust Valley,11560,399000,355000,Colonial,2,1.000,"Full,Unfinished",1 Car Detached,3,8935.80,CL,7/05/2016,6/25/2017,10/06/2016,3/24/2017,93,Det,1,1,2866139
2529,,Tonquin,Street,East Meadow,11554,439000,437000,Exp Cape,4,2.000,"Full,Unfinished",1 Car Attached,3,9520.00,CL,5/14/2018,1/30/2019,6/15/2018,8/23/2018,32,Det,1,1,3029977
104,,Land,Lane,Westbury,11590,459000,445000,Cape,4,2.000,"None,Unfinished",,3,13116.00,CL,5/15/2017,11/30/2017,6/28/2017,8/25/2017,44,Det,1,1,2939147
2427,,3rd,Avenue,East Meadow,11554,438999,435000,Cape,3,1.000,"None,Unfinished",,3,11323.00,CL,2/22/2017,8/22/2017,5/23/2017,7/27/2017,89,Det,1,1,2915666
2457,,Westley,Road,Westbury,11590,429000,420000,Exp Cape,3,1.000,"None,Unfinished",,3,7676.00,CL,10/25/2018,4/25/2019,2/15/2019,4/04/2019,113,Det,1,1,3076128
412,,Forest,Avenue,Locust Valley,11560,425000,425000,Colonial,3,1.000,"Full,Unfinished",2 Car Detached,3,6430.00,CL,11/07/2019,5/07/2020,11/21/2019,1/22/2020,14,Det,1,1,3178912
56,,12th,Street,Locust Valley,11560,399000,372500,Ranch,3,1.000,"Full,Partially Finished",,3,9179.53,CL,4/13/2017,10/13/2017,5/23/2017,8/04/2017,40,Det,1,1,2929069
19,,Mountain Avenue,,Bayville,11709,485000,445000,Ranch,3,1.500,"Full,Finished",,3,16003.34,CL,6/14/2017,5/15/2018,2/19/2018,3/21/2018,250,Att,1,1,2946981
76,,Cottonwood,Lane,Westbury,11590,419000,395000,Raised Ranch,4,2.000,"None,Unfinished",,3,10400.00,CL,12/17/2018,9/20/2019,1/14/2019,7/08/2019,28,Det,1,1,3087553
1065,,Grand,Boulevard,Westbury,11590,425000,430000,Colonial,4,2.000,"Full,Partially Finished",1 Car Attached,3,11273.75,CL,1/31/2018,7/31/2018,2/26/2018,4/10/2018,26,Det,1,1,3000796
1691,,Midland,Drive,East Meadow,11554,435000,440000,Ranch,3,2.000,"Full,Finished",1 Car Attached,3,8769.00,CL,3/16/2017,9/13/2017,5/05/2017,7/14/2017,50,Det,1,1,*1278553
2433,,4th,Avenue,East Meadow,11554,429000,400000,Cape,4,1.000,"None,Unfinished",1 Car Detached,3,10889.72,CL,5/21/2019,6/21/2020,6/11/2019,8/21/2019,21,Det,1,1,3131006
2359,,6th,Street,East Meadow,11554,429000,425000,Cape,4,2.000,"Full,Partially Finished",1 Car Attached,3,10685.00,CL,7/12/2017,12/31/2017,7/31/2017,9/20/2017,19,Det,1,1,2954271
1720,,Noble,Street,East Meadow,11554,350000,350000,Ranch,2,2.000,"Crawl,Unfinished",2 Car Detached,3,8411.37,CL,10/15/2018,2/28/2019,10/16/2018,12/13/2018,1,Det,1,1,*1329326
304,,Bayville,Avenue,Bayville,11709,439000,448000,Hi Ranch,4,2.000,"Full,Finished",1 Car Attached,3,10400.00,CL,9/20/2018,6/20/2019,3/21/2019,5/20/2019,182,Det,1,1,3067296
1825,,Maurice,Avenue,East Meadow,11554,499000,400000,Exp Cape,5,3.000,"Full,Unfinished",1 Car Attached,3,18821.15,CL,1/02/2019,7/31/2019,1/22/2019,4/12/2019,20,Det,1,1,3089549
880,,East Meadow,Avenue,East Meadow,11554,408000,420000,Ranch,3,1.000,"Full,Partially Finished",,3,9070.49,CL,1/11/2018,4/30/2018,2/01/2018,5/04/2018,21,Det,1,1,2995854
5,,9th,Street,Bayville,11709,420000,410000,Cape,3,1.000,Full,,3,10107.09,CL,11/06/2017,5/31/2018,1/24/2018,3/06/2018,79,Det,1,1,2983634
142,,Carol,Road,East Meadow,11554,459000,440000,Ranch,3,1.000,Full,1 Car Detached,3,12792.64,CL,5/13/2019,5/08/2020,9/09/2019,11/07/2019,119,Det,1,1,3128090
834,,Mirabelle,Avenue,Westbury,11590,429000,440000,Exp Cape,4,2.000,"None,Unfinished",1 Car Detached,3,11861.40,CL,3/20/2018,8/31/2018,3/27/2018,5/15/2018,7,Det,1,1,3013446
40,,Hidden,Lane,Westbury,11590,398000,365000,Cape,6,1.000,"None,Unfinished",,3,12298.00,CL,9/20/2017,4/30/2018,11/15/2017,1/24/2018,56,Det,1,1,2972747
23,,Lotus,Lane,Westbury,11590,445000,446500,Exp Ranch,3,2.000,"None,Unfinished",1 Car Attached,3,11468.00,CL,3/05/2017,9/04/2017,4/07/2017,5/31/2017,32,Det,1,1,2918770
2541,,Beech,Street,East Meadow,11554,395000,390000,Ranch,3,1.000,"None,Unfinished",1 Car Detached,3,7686.25,CL,11/02/2017,10/11/2018,11/08/2017,1/13/2018,6,Det,1,1,2982836
2296,,Devon,Street,East Meadow,11554,399000,422000,Colonial,5,2.000,"Full,Unfinished",1 Car Attached,3,15442.98,CL,3/17/2016,12/17/2019,4/24/2019,8/02/2019,1133,Det,1,1,2836650
402,,Argyle,Road,East Meadow,11554,429990,430000,Ranch,3,1.000,"None,Unfinished",,3,9054.31,CL,2/15/2018,8/07/2018,3/13/2018,5/29/2018,25,Det,1,1,3004752
2037,,Prospect,Avenue,East Meadow,11554,429000,442000,Exp Ranch,3,1.000,"Full,Finished",1 Car Detached,3,10105.42,CL,8/06/2017,2/28/2018,8/24/2017,10/24/2017,18,Det,1,1,2961513
2465,,Poppy,Street,East Meadow,11554,469000,435000,Cape,3,3.000,"Full,Finished",1 Car Detached,3,10315.61,CL,1/03/2019,12/18/2019,4/02/2019,6/04/2019,88,Det,1,1,3089886
2288,,7th,Street,East Meadow,11554,383000,393000,Cape,3,1.000,"None,Unfinished",,3,10433.31,CL,6/25/2018,12/31/2018,7/20/2018,9/21/2018,25,Det,1,1,3042614
400,,Chambers,Avenue,East Meadow,11554,429000,400000,Ranch,2,2.000,"Full,Finished",1 Car Attached,3,10251.41,CL,8/02/2019,2/29/2020,9/09/2019,11/20/2019,38,Det,1,1,3152727
1833,,Front,Street,East Meadow,11554,429000,415000,Colonial,4,1.500,"Full,Finished",,3,12648.72,CL,9/04/2019,12/31/2019,11/14/2019,3/06/2020,71,Det,1,1,3161289
189,,Wickshire,Drive,East Meadow,11554,399000,389000,Cape,4,2.000,"Full,Finished",1 Car Attached,3,12780.04,CL,3/01/2018,2/22/2019,6/11/2018,8/31/2018,101,Det,1,1,3008278
622,,Carman,Avenue,Westbury,11590,415000,417000,Ranch,3,2.000,"Full,Finished",1 Car Attached,3,12954.73,CL,7/05/2018,1/09/2019,8/17/2018,12/04/2018,43,Det,1,1,3045693
14,,Cobalt,Lane,Westbury,11590,419000,415000,Cape,4,2.000,"None,Unfinished",1 Car Attached,3,7777.25,CL,2/06/2017,8/06/2017,3/13/2017,5/24/2017,34,Det,1,1,2912087
86,,Greenbelt,Lane,Levittown,11756,449000,440000,Exp Ranch,3,1.000,"None,Unfinished",,3,12050.22,CL,5/07/2019,8/07/2019,5/24/2019,9/09/2019,17,Det,1,1,3126879
12,,Plymouth,Road,Bayville,11709,449888,449888,Ranch,3,2.000,"Full,Finished",,3,8095.30,CL,7/24/2018,2/01/2019,8/30/2018,12/05/2018,37,Det,1,1,3051315
1730,,Powers,Avenue,East Meadow,11554,435000,410000,Cape,2,2.000,Partial,,3,7640.00,CL,4/27/2018,10/25/2018,5/23/2018,7/13/2018,26,Det,1,1,3024546
2482,,5th,Street,East Meadow,11554,399000,395000,Cape,3,1.000,"None,Unfinished",1 Car Detached,3,10047.40,CL,4/05/2017,4/05/2018,5/05/2017,7/24/2017,30,Det,1,1,2926934
2471,,Poppy,Street,East Meadow,11554,399000,385000,Cape,2,1.000,"Full,Partially Finished",1 Car Detached,3,6818.00,CL,2/05/2019,8/05/2019,4/01/2019,6/03/2019,54,Det,1,1,3098731
267,,Starke,Avenue,East Meadow,11554,404000,404500,Cape,3,2.000,"Full,Finished",,3,12040.00,CL,5/22/2019,5/22/2021,9/14/2019,11/19/2019,115,Det,1,1,3131323
2609,,Kensington,Road,East Meadow,11554,439000,410000,Exp Ranch,3,2.000,"None,Unfinished",1 Car Detached,3,12289.00,CL,3/30/2017,3/28/2018,5/10/2017,7/26/2017,41,Det,1,1,2925273
179,,Bette,Road,East Meadow,11554,449900,449900,Ranch,3,1.000,"Full,Finished",1 Car Detached,3,11588.00,CL,10/13/2019,9/30/2020,11/18/2019,1/23/2020,36,Det,1,1,3172361
123,,Land,Lane,Westbury,11590,449888,445000,Ranch,4,1.000,"None,Unfinished",1 Car Attached,3,7394.04,CL,3/11/2019,11/11/2019,4/08/2019,5/28/2019,28,Det,1,1,*1339917
21,W,9th,Street,Locust Valley,11560,295000,210000,Ranch,1,1.000,"Full,Unfinished",,3,7905.24,CL,6/02/2017,6/02/2019,11/20/2017,11/19/2018,171,Det,1,1,2943691
2356,,1st,Street,East Meadow,11554,429999,420000,Cape,3,2.000,"Full,Partially Finished",,3,12048.19,CL,5/24/2017,11/24/2017,6/27/2017,8/04/2017,34,Det,1,1,2941314
1477,,Flower,Lane,East Meadow,11554,449999,440000,Ranch,3,2.000,"Full,Finished",,3,12091.73,CL,5/25/2017,11/25/2017,6/15/2017,8/24/2017,21,Det,1,1,2941477
2503,,Falcon,Street,East Meadow,11554,449000,449000,Exp Ranch,3,2.000,"Partial,Unfinished",,3,8063.00,CL,8/16/2017,2/16/2018,8/29/2017,11/27/2017,13,Det,1,1,2963905
96,,Twig,Lane,Levittown,11756,335000,325000,Ranch,4,1.000,"None,Unfinished",,3,10007.71,CL,4/04/2017,12/31/2017,5/09/2017,6/21/2017,35,Det,1,1,2926713
43,,Mountain,Avenue,Bayville,11709,429000,414000,Ranch,2,2.000,"Full,Finished",1 Car Attached,3,8316.00,CL,3/27/2017,9/26/2017,6/01/2017,8/10/2017,66,Det,1,1,2924202
567,,Maitland,Street,East Meadow,11554,379000,355000,Cape,3,2.000,"Full,Unfinished",1 Car Detached,3,10786.85,CL,1/28/2017,6/28/2017,4/20/2017,6/29/2017,81,Det,1,1,2909862
82,,Twig,Lane,Levittown,11756,439000,417000,Exp Ranch,5,2.000,"None,Unfinished",,3,8282.00,CL,8/09/2017,2/09/2018,9/25/2017,12/08/2017,47,Det,1,1,2961984
17,,Plaza,Road,Greenvale,11548,249999,249000,Cottage,1,1.000,"Crawl,Unfinished",,3,7141.00,CL,11/11/2016,11/30/2017,10/20/2017,1/03/2018,342,Det,1,1,*1269633
683,,Pleasant,Avenue,Westbury,11590,419000,420325,Ranch,3,1.000,"Full,Unfinished",,3,11605.29,CL,9/15/2017,8/30/2018,10/18/2017,11/29/2017,33,Det,1,1,2971379
1600,,Peters Gate,,East Meadow,11554,400000,450000,Cape,4,3.000,"Full,Finished",1 Car Attached,3,13464.25,CL,6/04/2019,11/30/2019,6/25/2019,8/26/2019,21,Det,1,1,3134826
2624,,Cypress,Avenue,East Meadow,11554,349000,375000,Ranch,4,2.000,"None,Unfinished",1 Car Detached,3,8554.73,CL,7/05/2017,1/05/2018,8/02/2017,10/04/2017,28,Det,1,1,2952533
32,,8th,Street,Locust Valley,11560,450000,435000,Ranch,3,1.000,"Full,Finished",1 Car Detached,3,12132.00,CL,4/16/2019,10/31/2019,6/13/2019,8/26/2019,58,Det,1,1,3119881
98,,Land,Lane,Westbury,11590,339900,354000,Cape,4,2.000,"None,Unfinished",1 Car Attached,3,11889.34,CL,1/18/2018,4/18/2018,2/20/2018,3/30/2018,33,Det,1,1,2997573
2143,,Salisbury Park,Drive,Westbury,11590,439900,440000,Cape,5,2.000,"None,Unfinished",1 Car Attached,3,13330.79,CL,9/16/2019,3/10/2020,11/12/2019,12/12/2019,57,Det,1,1,3164947
1,,Bench,Lane,Levittown,11756,359000,319000,Cape,4,2.000,"None,Unfinished",,3,10278.88,CL,5/05/2017,5/05/2018,5/16/2017,7/25/2017,11,Det,1,1,2935685
34,,Lindbergh,Street,Locust Valley,11560,438000,435000,Cape,3,1.000,Full,2 Car Detached,3,11271.00,CL,1/30/2017,5/05/2017,3/23/2017,7/06/2017,51,Det,1,1,2910224
2468,,Kenmore,Street,East Meadow,11554,271472,190000,Hi Ranch,3,1.500,"None,Unfinished",1 Car Attached,3,14859.97,CL,5/16/2018,8/14/2018,5/21/2018,6/06/2018,5,Det,1,1,3030810
958,,Merillon,Avenue,Westbury,11590,434900,420000,Colonial,4,3.000,"None,Unfinished",1 Car Detached,3,14646.26,CL,1/11/2019,6/21/2019,4/24/2019,6/14/2019,102,Det,1,1,3092813
1983,,Salisbury Park,Drive,Westbury,11590,409900,421000,Exp Ranch,4,3.000,"None,Unfinished",,3,13632.49,CL,1/23/2019,8/07/2019,5/03/2019,6/12/2019,99,Det,1,1,3095918
854,,Plum Tree,Road,Westbury,11590,499000,450000,Exp Ranch,5,4.000,"Full,Finished",1 Car Detached,3,15591.00,CL,5/01/2017,4/25/2019,6/14/2017,9/14/2017,44,Det,1,1,2934105
14,,Crown,Lane,Westbury,11590,399000,385000,Cape,4,1.000,"None,Unfinished",,3,10955.09,CL,8/08/2018,2/09/2019,9/21/2018,11/08/2018,44,Det,1,1,3060268
55,,Mist,Lane,Westbury,11590,425000,405000,Exp Cape,4,2.000,"None,Unfinished",1 Car Attached,3,11413.92,CL,8/08/2019,2/10/2020,11/01/2019,2/12/2020,85,Det,1,1,3154358
367,,Chambers,Avenue,East Meadow,11554,260900,308859,Cape,4,1.000,"Full,Unfinished",,3,11600.00,CL,3/24/2018,3/24/2019,5/09/2018,6/29/2018,46,Det,1,1,3014827
219,,St Johns Pl,,East Meadow,11554,380000,372000,Cape,4,2.000,Full,,3,12453.00,CL,3/15/2017,3/14/2019,11/14/2017,1/17/2018,244,Det,1,1,2921268
12,,Cobalt,Lane,Westbury,11590,389000,350000,Cape,4,1.000,"None,Unfinished",,3,9550.96,CL,1/12/2020,12/31/2020,1/23/2020,2/27/2020,11,Det,1,1,3191187
61,,Grace,Lane,Levittown,11756,325000,321092,Cape,4,2.000,"None,Unfinished",1 Car Attached,3,9311.00,CL,11/07/2019,2/07/2020,11/13/2019,11/27/2019,6,Det,1,1,3179203
33,,12th,Street,Locust Valley,11560,459000,450000,Ranch,2,2.000,"Full,Finished",1 Car Detached,3,8422.59,CL,9/11/2017,4/02/2018,10/05/2017,12/07/2017,24,Det,1,1,2969827
146,,Friends,Lane,Westbury,11590,364000,340000,Cape,4,2.000,"None,Unfinished",,3,12159.68,CL,3/13/2018,6/13/2018,5/07/2018,5/29/2018,55,Det,1,1,3012717
2038,,Prospect,Avenue,East Meadow,11554,429000,425000,Cape,3,2.000,"None,Unfinished",1 Car Detached,3,7502.30,CL,10/03/2018,4/02/2019,11/21/2018,2/05/2019,49,Det,1,1,3070228
11,,Faith,Lane,Westbury,11590,425000,425000,Cape,4,1.500,"None,Unfinished",1 Car Attached,3,9691.81,CL,2/23/2017,9/30/2017,3/17/2017,6/26/2017,21,Det,1,1,2916005
251,,Clearmeadow,Drive,East Meadow,11554,475000,425000,Split Level,6,3.000,"Full,Unfinished",1 Car Attached,3,13766.61,CL,11/13/2017,5/31/2018,2/28/2018,4/20/2018,107,Att,1,1,2985244
959,,Bowling Green,Drive,Westbury,11590,371000,339000,Cape,4,2.000,"None,Unfinished",,3,11947.00,CL,8/22/2019,11/18/2019,10/04/2019,11/11/2019,43,Det,1,1,3158311
572,,Oakdale,Road,East Meadow,11554,385000,380000,Other,5,2.000,"Full,Unfinished",,3,9498.00,CL,8/21/2019,11/06/2019,10/09/2019,10/22/2019,49,Det,2,2,3157822
2627,,Arleigh,Road,East Meadow,11554,392300,368000,Ranch,3,2.000,"None,Unfinished",,3,11101.00,CL,10/29/2019,1/21/2020,1/17/2020,2/17/2020,80,Det,1,1,3176283
2112,,5th,Street,East Meadow,11554,419990,415000,Cape,4,1.000,"Full,Partially Finished",1 Car Detached,3,10105.42,CL,6/26/2017,12/22/2017,11/16/2017,1/25/2018,143,Det,1,1,2950202
980,,Merillon,Avenue,Westbury,11590,419990,420000,Exp Cape,4,2.000,"Full,Partially Finished",1 Car Attached,3,10084.34,CL,5/24/2018,11/30/2018,7/18/2018,10/12/2018,55,Det,1,1,3033165
1948,,Lenox,Avenue,East Meadow,11554,410000,420000,Cape,3,1.000,"Full,Finished",,3,8652.60,CL,5/17/2017,11/14/2017,6/09/2017,8/14/2017,23,Det,1,1,2938961
1147,,Old Northern,Boulevard,Roslyn,11576,199000,210000,Colonial,2,1.000,"Full,Unfinished",,3,10601.82,CL,2/13/2017,2/13/2018,1/12/2018,3/15/2018,333,Det,1,1,2913891
2065,,Salisbury Park,Drive,Westbury,11590,469000,420000,Exp Ranch,4,2.000,"None,Unfinished",1 Car Attached,3,10685.46,CL,3/30/2018,3/30/2019,6/19/2018,8/14/2018,81,Det,1,1,3016260
2221,,4th,Street,East Meadow,11554,399000,400000,Colonial,3,1.500,"Full,Finished",1 Car Attached,3,8805.00,CL,8/20/2019,3/25/2020,9/27/2019,10/25/2019,38,Det,1,1,3157506
2500,,7th,Street,East Meadow,11554,449000,450000,Ranch,3,2.500,"Full,Finished",,3,10962.00,CL,6/19/2018,12/19/2018,7/20/2018,9/05/2018,31,Det,1,1,3041001
48,,Lion,Lane,Westbury,11590,429000,405000,Cape,4,2.000,"None,Unfinished",,3,12228.48,CL,5/14/2018,12/15/2018,7/19/2018,9/25/2018,66,Det,1,1,3029988
12,,Patience,Lane,Westbury,11590,429000,420000,Ranch,3,1.500,"None,Unfinished",1 Car Attached,3,11487.23,CL,4/12/2018,11/01/2018,5/23/2018,7/25/2018,41,Det,1,1,3019829
17,,March,Lane,Westbury,11590,429000,427500,Ranch,3,2.000,"None,Unfinished",1 Car Attached,3,11047.29,CL,1/30/2017,8/15/2017,2/28/2017,4/21/2017,29,Det,1,1,2909995
1860,,Mckinley,Avenue,East Meadow,11554,369000,375000,Ranch,3,1.000,"Full,Unfinished",,3,9475.24,CL,4/11/2018,3/09/2019,4/17/2018,5/31/2018,6,Det,1,1,3019515
1488,,Hemlock,Avenue,East Meadow,11554,424999,442000,Ranch,3,2.000,"Full,Finished",1 Car Detached,3,7403.00,CL,2/08/2018,2/08/2019,2/26/2018,5/04/2018,18,Det,1,1,3002901
2151,,Dofena,Lane,East Meadow,11554,439000,446000,Ranch,3,2.000,Full,,3,9689.95,CL,3/29/2017,9/23/2017,5/17/2017,7/14/2017,49,Att,1,1,2924986
2102,,7th,Street,East Meadow,11554,399000,394700,Cape,2,1.000,"Full,Unfinished",1 Car Detached,3,8770.00,CL,12/14/2017,6/10/2018,1/19/2018,3/12/2018,36,Det,1,1,2991402
468,,Poplar,Lane,East Meadow,11554,549000,425000,Colonial,4,2.500,"Partial,Unfinished",,3,8110.00,CL,12/05/2018,12/05/2019,4/01/2019,8/14/2019,116,Det,1,1,*1332617
2495,,Bush,Street,East Meadow,11554,440000,440000,Ranch,3,1.000,"None,Unfinished",1 Car Detached,3,5793.81,CL,4/01/2019,9/01/2019,4/26/2019,6/24/2019,25,Det,1,1,3114787
1667,,Northern,Boulevard,Roslyn,11576,325000,320000,Colonial,3,1.000,Partial,2 Car Detached,3,10677.15,CL,9/16/2016,12/31/2017,2/27/2017,2/26/2018,164,Det,1,1,2883854
435,,Sussex,Road,East Meadow,11554,429000,430000,Ranch,3,1.000,"None,Unfinished",,3,6445.84,CL,3/06/2019,11/14/2019,4/04/2019,6/06/2019,28,Det,1,1,3106436
1824,,Freeman,Avenue,East Meadow,11554,300000,300000,Colonial,3,2.000,,1 Car Detached,3,12443.65,CL,9/01/2017,8/01/2018,4/11/2018,5/15/2018,222,Det,1,1,*1296052
2,,Bud,Court,Bayville,11709,382500,302373,Colonial,3,1.500,Partial,,3,12000.00,CL,10/17/2018,1/16/2019,12/12/2018,12/28/2018,56,Det,1,1,3074127
833,,Surrey,Drive,East Meadow,11554,400000,383250,Colonial,3,2.000,Full,,3,16103.00,CL,7/12/2019,10/04/2019,9/23/2019,9/30/2019,73,Det,1,1,3147072
388,,Sussex,Road,East Meadow,11554,339000,338625,Ranch,3,1.000,"None,Unfinished",,3,11070.00,CL,12/18/2018,7/31/2019,5/30/2019,7/12/2019,162,Det,1,1,3087785
16,,Donald,Street,Roslyn Heights,11577,439000,425000,Cape,3,1.000,"Full,Unfinished",,3,8000.00,CL,11/20/2018,5/20/2019,12/26/2018,2/07/2019,36,Det,1,1,3082454
20,,Arlington,Lane,Bayville,11709,440000,440000,Hi Ranch,2,2.000,Partial,,3,6968.69,CL,12/05/2018,4/15/2019,2/07/2019,4/10/2019,64,Det,1,1,*1343245
153,,Betty,Road,East Meadow,11554,449999,370000,Cape,4,3.000,"Full,Finished",,3,9789.21,CL,1/29/2019,1/29/2020,2/27/2019,4/05/2019,29,Det,1,1,3096858
1789,,Park,Avenue,East Meadow,11554,409000,430000,Ranch,3,2.000,"Full,Finished",1 Car Attached,3,13677.09,CL,11/06/2019,11/02/2020,12/10/2019,1/29/2020,34,Det,1,1,3178355
18,,Pilgrim,Lane,Westbury,11590,400000,400000,Cape,4,2.000,"None,Unfinished",1 Car Attached,3,10971.83,CL,10/26/2017,10/26/2018,9/27/2018,1/16/2019,336,Det,1,1,2981368
714,,Morris,Court,East Meadow,11554,379999,368000,Split Level,3,2.500,Full,1 Car Attached,3,12134.79,CL,9/30/2017,3/19/2018,9/30/2017,12/20/2017,0,Det,1,1,*1296900
2491,,Ramona,Street,East Meadow,11554,449998,435000,Cape,4,2.000,"Full,Partially Finished",1 Car Detached,3,12491.72,CL,1/06/2018,7/06/2018,2/20/2018,5/07/2018,45,Det,1,1,*1303428
1976,,School,Street,East Meadow,11554,439000,442000,Ranch,3,2.000,Full,1 Car Detached,3,12558.00,CL,5/04/2018,11/04/2018,5/18/2018,7/23/2018,14,Det,1,1,*1314611
894,,Mirabelle,Avenue,Westbury,11590,350000,345000,Cape,4,1.000,"None,Unfinished",1 Car Detached,3,9312.46,CL,9/28/2018,3/28/2019,10/05/2018,12/14/2018,7,Det,1,1,*1328413
1925,,Lenox,Avenue,East Meadow,11554,399000,340000,Cape,3,2.000,"None,Unfinished",1 Car Attached,3,13496.23,CL,3/07/2019,3/11/2019,3/08/2019,4/01/2019,1,Det,1,1,*1339484
387,,Bellmore,Road,East Meadow,11554,419000,425000,Ranch,3,1.000,"Full,Partially Finished",1 Car Detached,3,8400.00,CL,9/03/2019,3/01/2020,10/07/2019,12/20/2019,34,Det,1,1,*1356767
19,,Prince,Lane,Westbury,11590,439999,428000,Exp Ranch,4,2.000,"None,Unfinished",1 Car Attached,3,10964.00,CL,9/17/2016,7/31/2017,2/06/2017,5/15/2017,142,Det,1,1,2884145
16,,16th,Street,Bayville,11709,299000,275000,Raised Ranch,3,2.000,"Full,Finished",1 Car Detached,3,6297.29,CL,10/24/2016,6/24/2017,6/16/2017,9/28/2017,235,Det,1,1,2892585
28,,North,Street,Locust Valley,11560,499000,439000,Colonial,3,1.000,"Full,Unfinished",2 Car Detached,3,11483.00,CL,11/08/2016,5/31/2017,3/14/2017,6/12/2017,125,Det,1,1,2895377
41,,14th,Street,Locust Valley,11560,518900,450000,Colonial,6,2.000,"Full,Unfinished",2 Car Detached,3,7443.00,CL,11/22/2016,11/21/2017,5/16/2017,7/01/2017,174,Det,1,1,2898083
87,,Twig,Lane,Levittown,11756,449999,442000,Exp Ranch,4,2.500,"None,Unfinished",1 Car Attached,3,10020.11,CL,12/01/2016,5/01/2017,3/14/2017,5/17/2017,102,Det,1,1,2899295
2402,,6th,Street,East Meadow,11554,469000,447000,Split Level,3,2.000,"Full,Finished",1 Car Attached,3,10819.00,CL,12/14/2016,6/30/2017,2/06/2017,5/12/2017,54,Det,1,1,2901865
2233,,6th,Street,East Meadow,11554,425000,412000,Cape,4,2.000,"Full,Partially Finished",2 Car Detached,3,9974.82,CL,1/24/2017,8/31/2017,3/15/2017,5/10/2017,49,Det,1,1,2908807
21,,July,Avenue,Bayville,11709,225000,200000,Duplex,3,1.000,Full,,3,6004.09,CL,1/30/2017,12/31/2017,4/25/2017,5/25/2017,84,Att,1,1,2910368
88,,Choir,Lane,Westbury,11590,369000,350000,Ranch,3,2.000,"None,Unfinished",1 Car Attached,3,10211.00,CL,2/08/2017,7/31/2017,3/20/2017,5/01/2017,39,Det,1,1,2912371
47,,Clearmeadow,Drive,East Meadow,11554,399000,400000,Cape,4,2.000,"Full,Partially Finished",1 Car Attached,3,10400.00,CL,2/11/2017,6/30/2017,3/23/2017,5/22/2017,39,Det,1,1,2913105
21,,2nd,Avenue,Bayville,11709,444900,430000,Split Level,3,3.000,"Partial,Unfinished",2 Car Attached,3,9415.00,CL,2/13/2017,9/30/2017,4/04/2017,6/22/2017,49,Det,1,1,2913363
509,,Lakeville,Lane,East Meadow,11554,459990,435000,Exp Ranch,3,2.000,"Full,Finished",1 Car Detached,3,11888.68,CL,2/15/2017,8/31/2017,5/04/2017,9/29/2017,77,Det,1,1,2913871
45,,Jeff,Court,Westbury,11590,449000,439000,Ranch,3,1.000,"Full,Finished",1 Car Attached,3,11695.71,CL,2/16/2017,8/30/2017,3/07/2017,4/25/2017,19,Det,1,1,2914155
22,,15th,Street,Bayville,11709,459000,450000,Other,4,2.000,"Crawl,Unfinished",1 Car Detached,3,11556.80,CL,2/24/2017,10/10/2017,6/13/2017,8/10/2017,108,Det,2,2,2916228
2388,,Madison,Drive,East Meadow,11554,449999,445000,Exp Ranch,5,2.000,"None,Unfinished",1 Car Attached,3,8220.61,CL,3/06/2017,9/06/2017,3/30/2017,5/31/2017,23,Det,1,1,2918926
247,,Concord,Avenue,East Meadow,11554,379000,360000,Exp Ranch,3,1.000,"Partial,Unfinished",,3,9829.95,CL,3/09/2017,9/30/2017,5/19/2017,7/18/2017,70,Det,1,1,2919973
835,,Bowling Green,Drive,Westbury,11590,409999,395000,Exp Cape,4,2.000,"None,Unfinished",1 Car Attached,3,10586.00,CL,3/08/2017,12/31/2017,6/01/2017,8/16/2017,84,Det,1,1,2920060
14,,Friends,Lane,Westbury,11590,438888,438888,Exp Ranch,4,2.000,"None,Unfinished",Attached,3,9645.00,CL,3/10/2017,12/31/2017,4/07/2017,6/07/2017,27,Det,1,1,2920295
128,,Diamond,Avenue,East Meadow,11554,339000,350000,Ranch,3,1.000,Full,,3,10060.14,CL,3/14/2017,7/13/2017,3/16/2017,4/24/2017,2,Det,1,1,2921230
1574,,Blaine,Avenue,East Meadow,11554,439000,430000,Ranch,3,2.000,"Full,Finished",,3,10300.00,CL,3/20/2017,3/19/2018,4/21/2017,8/25/2017,32,Det,1,2,2922289
13,,August,Avenue,Bayville,11709,469000,448800,Hi Ranch,3,2.000,"None,Unfinished",1 Car Attached,3,10617.94,CL,3/23/2017,9/24/2017,4/29/2017,7/17/2017,37,Det,1,1,2923545
26,,Hickory,Road,Bayville,11709,379000,387500,Exp Ranch,3,2.000,Full,2 Car Attached,3,13586.72,CL,3/28/2017,5/12/2017,7/12/2017,7/12/2017,106,Det,1,1,2924686
846,,Grand,Boulevard,Westbury,11590,389999,385000,Cape,4,1.000,"None,Unfinished",,3,7326.97,CL,4/02/2017,12/31/2017,5/12/2017,7/11/2017,40,Det,1,1,2926062
2514,,Falcon,Street,East Meadow,11554,368000,360000,Cape,3,3.000,"Full,Partially Finished",,3,12017.00,CL,4/03/2017,10/01/2017,5/17/2017,8/31/2017,44,Det,1,1,2926621
346,,Old Westbury,Road,East Meadow,11554,399990,380000,Cape,4,2.000,"Full,Finished",1 Car Attached,3,8277.94,CL,4/07/2017,10/07/2017,5/12/2017,7/25/2017,35,Det,1,1,2927711
26,,Grange,Lane,Levittown,11756,450000,450000,Exp Ranch,4,2.000,"None,Unfinished",,3,9269.17,CL,4/20/2017,10/31/2017,5/05/2017,7/21/2017,15,Det,1,1,2931029
1105,,Mirabelle,Avenue,Westbury,11590,419999,410000,Split Level,3,1.000,"Partial,Finished",2 Car Detached,3,11336.00,CL,4/27/2017,9/30/2017,5/15/2017,7/17/2017,18,Det,1,1,2933170
1544,,Prospect,Avenue,East Meadow,11554,474500,445000,Colonial,4,3.000,"Full,Finished",2 Car Detached,3,14425.93,CL,5/01/2017,11/01/2017,5/19/2017,6/28/2017,18,Det,1,1,2934156
22,,Sound Beach,Avenue,Bayville,11709,439000,415000,Colonial,3,3.000,"Full,Finished",1 Car Detached,3,9713.02,CL,5/09/2017,12/31/2017,7/20/2017,8/31/2017,72,Det,1,1,2936999
5,,Avenue B,,Locust Valley,11560,399000,387000,Ranch,3,1.000,"Full,Partially Finished",,3,9362.00,CL,5/11/2017,5/11/2018,5/24/2017,7/06/2017,13,Det,1,1,2937658
2410,,Jefferson,Street,East Meadow,11554,429000,421500,Cape,4,1.000,"Full,Partially Finished",1 Car Detached,3,9674.00,CL,5/17/2017,5/01/2018,6/15/2017,9/27/2017,29,Det,1,1,2939378
9,,August,Avenue,Bayville,11709,439000,420000,Other,3,2.000,"None,Unfinished",1 Car Attached,3,7671.27,CL,5/22/2017,12/31/2017,6/20/2017,8/15/2017,29,Det,1,1,2940516
2137,,Dofena,Lane,East Meadow,11554,429000,410000,Ranch,3,1.000,"Full,Finished",,3,10496.00,CL,5/26/2017,11/30/2017,7/07/2017,9/15/2017,42,Det,1,1,2941783
3,,Warren,Avenue,Bayville,11709,459900,438000,Colonial,3,2.000,"Full,Unfinished",,3,10794.85,CL,5/27/2017,8/31/2018,5/09/2018,7/27/2018,347,Det,1,1,2942047
40,,Mountain,Avenue,Bayville,11709,453000,430000,Ranch,3,2.000,"Full,Finished",1 Car Attached,3,6833.48,CL,5/30/2017,11/30/2017,7/30/2017,9/28/2017,61,Det,1,1,2942755
2545,,1st,Avenue,East Meadow,11554,399999,413000,Exp Ranch,3,1.000,"Full,Unfinished",1 Car Attached,3,8295.00,CL,6/02/2017,10/31/2017,6/14/2017,8/11/2017,12,Det,1,1,2943452
2395,,Post,Street,East Meadow,11554,375000,400000,Cape,4,2.000,"Full,Unfinished",1 Car Detached,3,11946.70,CL,6/01/2017,12/31/2017,6/21/2017,8/29/2017,20,Det,1,1,2943613
865,,Grand,Boulevard,Westbury,11590,449000,430000,Cape,5,2.000,"None,Unfinished",1 Car Detached,3,8276.14,CL,6/15/2017,12/15/2017,8/31/2017,1/26/2018,77,Det,1,1,2947418
1815,,Adelaide,Court,East Meadow,11554,395000,391648,Cape,4,2.000,"Full,Finished",2 Car Attached,3,13164.56,CL,6/16/2017,9/14/2017,8/31/2017,9/25/2017,76,Det,1,1,2947811
719,,Highview,Avenue,Westbury,11590,429000,415000,Exp Ranch,3,1.500,"Full,Finished",1 Car Detached,3,8455.28,CL,6/23/2017,11/24/2017,8/02/2017,1/03/2018,40,Det,1,1,2949562
31,,Library,Lane,Bayville,11709,494500,435000,Colonial,4,1.500,"Full,Unfinished",2 Car Detached,3,9456.48,CL,7/03/2017,12/31/2017,1/30/2018,3/13/2018,211,Det,1,1,2951959
2744,,Falcon,Street,East Meadow,11554,439999,440000,Exp Ranch,3,1.000,"Full,Finished",,3,9685.73,CL,7/06/2017,1/31/2018,8/01/2017,9/29/2017,26,Det,1,1,2952679
52,,Cobalt,Lane,Westbury,11590,439000,435000,Exp Ranch,3,2.000,"None,Unfinished",1 Car Attached,3,8797.44,CL,7/12/2017,12/31/2017,10/16/2017,12/21/2017,96,Det,1,1,2954256
2764,,Birch,Avenue,East Meadow,11554,399990,400000,Cape,2,1.000,"Full,Unfinished",1 Car Detached,3,7570.00,CL,7/13/2017,2/13/2018,8/11/2017,11/14/2017,29,Det,1,1,2955140
1991,,Marion,Drive,East Meadow,11554,429000,439000,Cape,3,2.000,"Full,Finished",1 Car Attached,3,10870.33,CL,8/16/2017,3/15/2018,9/01/2017,10/23/2017,16,Det,1,2,2963906
2498,,3rd,Avenue,East Meadow,11554,449000,400000,Cape,3,2.000,"Full,Partially Finished",1 Car Attached,3,11753.54,CL,8/22/2017,1/31/2018,10/31/2017,12/29/2017,70,Det,1,1,2965138
2389,,Stewart,Avenue,Westbury,11590,349999,320000,Cape,3,1.000,"None,Unfinished",,3,8558.00,CL,9/06/2017,5/01/2018,11/24/2017,12/28/2017,79,Det,1,1,2968476
1642,,Midland,Drive,East Meadow,11554,419000,430000,Cape,3,1.000,"Full,Finished",1 Car Attached,3,9336.00,CL,9/20/2017,2/28/2018,10/04/2017,12/18/2017,14,Det,1,1,2972417
1797,,Park,Avenue,East Meadow,11554,369000,350000,Cape,4,2.000,"Full,Unfinished",,3,9594.00,CL,10/03/2017,8/25/2018,10/16/2017,3/21/2018,13,Det,1,1,2975712
22,,Summitview,Drive,Bayville,11709,449000,450000,Colonial,4,3.000,"Partial,Unfinished",1 Car Attached,3,12419.46,CL,11/02/2017,10/31/2018,11/27/2017,2/22/2018,25,Det,1,1,2982970
146,,Bernice,Drive,East Meadow,11554,449000,250000,Cape,4,2.000,"Full,Finished",1 Car Attached,3,14480.00,CL,11/15/2017,5/15/2018,12/18/2017,3/01/2018,33,Det,1,1,2986137
877,,Merillon,Avenue,Westbury,11590,399999,383000,Exp Cape,4,1.000,"None,Unfinished",1 Car Detached,3,9417.39,CL,11/27/2017,5/30/2018,1/02/2018,2/27/2018,36,Det,1,1,2988092
670,,Hoover,Street,East Meadow,11554,459000,442500,Cape,3,2.000,"Full,Unfinished",2 Car Detached,3,12474.91,CL,12/03/2017,5/15/2018,1/22/2018,2/28/2018,50,Det,1,1,2989181
2132,,6th,Street,East Meadow,11554,449000,445000,Cape,3,2.000,"Full,Finished",1 Car Detached,3,11180.00,CL,12/07/2017,6/30/2018,1/08/2018,3/07/2018,32,Det,1,1,2990196
92,,Cross,Street,Locust Valley,11560,299000,335000,Ranch,3,2.000,"Full,Finished",,3,10777.54,CL,12/19/2017,12/19/2018,5/25/2018,11/13/2018,156,Det,1,1,2992181
61,,Lloyd,Court,East Meadow,11554,449000,410000,Cape,4,2.000,"Full,Partially Finished",1 Car Attached,3,11410.23,CL,12/28/2017,6/15/2018,2/05/2018,3/30/2018,39,Det,1,1,2993114
140,,Diamond,Avenue,East Meadow,11554,449500,429000,Ranch,3,1.000,"Full,Finished",1 Car Detached,3,10555.85,CL,1/03/2018,7/01/2018,2/02/2018,4/17/2018,30,Det,1,1,2994303
2395,,7th,Street,East Meadow,11554,399900,410000,Colonial,4,2.000,"Full,Unfinished",1 Car Attached,3,11964.10,CL,1/11/2018,6/15/2018,3/15/2018,3/29/2018,62,Det,1,1,2996056
31,,Mellow,Lane,Westbury,11590,429999,420000,Exp Ranch,4,2.000,"None,Unfinished",,3,10731.00,CL,7/09/2017,7/30/2018,2/15/2018,3/19/2018,221,Det,1,1,2999168
306,,Bayville,Avenue,Bayville,11709,414900,414900,Hi Ranch,3,2.000,"None,Unfinished",1 Car Attached,3,7168.29,CL,2/05/2018,9/30/2018,3/02/2018,4/18/2018,25,Det,1,1,3001950
2607,,Alder,Avenue,East Meadow,11554,399000,380000,Ranch,4,1.000,"None,Unfinished",1 Car Detached,3,10291.74,CL,2/06/2018,8/31/2018,4/12/2018,6/25/2018,64,Det,1,1,3002215
240,,Bellmore,Road,East Meadow,11554,349900,347500,2 Story,5,2.000,"Full,Finished",,3,12879.00,CL,2/12/2018,8/31/2018,6/14/2018,7/18/2018,121,Det,1,3,3004269
98,,Page,Lane,Westbury,11590,350000,350000,Cape,4,2.000,"Crawl,Unfinished",,3,11189.00,CL,2/16/2018,12/01/2018,3/27/2018,8/01/2018,38,Det,1,1,3005243
2,,Satinwood,Road,Bayville,11709,449990,410000,Ranch,3,1.000,"Full,Unfinished",2 Car Detached,3,6997.35,CL,2/21/2018,8/21/2018,5/01/2018,6/06/2018,68,Det,1,1,3006654
26,W,Cabot,Lane,Westbury,11590,458000,448000,Exp Ranch,3,2.000,"None,Unfinished",1 Car Attached,3,9040.00,CL,2/28/2018,8/02/2018,3/16/2018,6/22/2018,15,Det,1,1,3007728
257,,Peters,Avenue,East Meadow,11554,459000,437500,Cape,4,2.000,"Full,Finished",1 Car Attached,3,12432.17,CL,3/10/2018,9/10/2018,4/23/2018,7/12/2018,43,Det,1,1,3011110
2210,,Mcarthur,Street,East Meadow,11554,419000,440000,Exp Cape,4,1.000,"Full,Unfinished",1 Car Detached,3,8626.00,CL,3/14/2018,9/15/2018,3/30/2018,6/01/2018,16,Det,1,1,3012127
37,,Mountain,Avenue,Bayville,11709,299000,265000,Cottage,2,1.000,"Partial,Unfinished",,3,7949.84,CL,3/17/2018,12/31/2018,4/23/2018,7/16/2018,37,Det,1,1,3013165
437,,Green,Avenue,East Meadow,11554,419900,420000,Exp Cape,3,2.000,"Full,Finished",,3,8781.00,CL,3/20/2018,7/03/2018,5/08/2018,6/25/2018,49,Det,1,1,3013807
223,W,Cypress,Lane,Westbury,11590,409990,430000,Exp Ranch,4,2.000,"None,Unfinished",1 Car Attached,3,6464.42,CL,4/11/2018,4/15/2019,5/03/2018,7/16/2018,22,Det,1,1,3019718
15,,Locust,Place,Locust Valley,11560,415000,390000,Cottage,4,4.000,"Full,Partially Finished",,3,11051.20,CL,4/12/2018,10/13/2018,5/16/2018,7/05/2018,34,Det,1,1,3020021
71,,Carman,Avenue,East Meadow,11554,374900,355500,Exp Cape,4,3.000,"Full,Partially Finished",1 Car Attached,3,14271.23,CL,4/21/2018,4/20/2019,8/29/2018,9/14/2018,130,Det,1,1,3022928
23,,Lion,Lane,Westbury,11590,449999,428000,Exp Ranch,5,2.000,"None,Unfinished",,3,10289.98,CL,4/29/2018,12/31/2018,8/10/2018,11/30/2018,103,Det,1,1,3025048
18,,Perry,Avenue,Bayville,11709,449000,430000,Cape,3,2.000,"Full,Unfinished",2 Car Detached,3,11723.20,CL,5/18/2018,11/17/2018,6/21/2018,8/28/2018,34,Det,1,1,3031425
5,,5th,Street,Bayville,11709,259900,264000,Colonial,3,2.000,Full,,3,11407.33,CL,5/18/2018,11/18/2018,6/19/2018,7/10/2018,32,Det,1,1,3031522
206,,Bayville,Avenue,Bayville,11709,406500,383250,Victorian,3,3.000,"Full,Unfinished",,3,8607.35,CL,5/22/2018,12/28/2018,11/02/2018,11/14/2018,164,Det,1,1,3032507
521,,Albert,Street,East Meadow,11554,409000,315000,Cape,4,2.000,"Full,Partially Finished",1 Car Detached,3,12267.30,CL,5/22/2018,6/10/2019,3/01/2019,3/08/2019,283,Det,1,1,3032711
4,,August,Avenue,Bayville,11709,409900,390000,Hi Ranch,3,2.000,"None,Unfinished",,3,7871.73,CL,5/31/2018,4/15/2019,8/30/2018,10/09/2018,91,Det,1,1,3035075
1865,,Stuyvesant,Avenue,East Meadow,11554,414990,395000,Tudor,3,3.000,"Full,Finished",2 Car Detached,3,8652.95,CL,6/14/2018,12/31/2018,10/13/2018,11/21/2018,121,Det,1,1,3039672
2351,,Westley,Road,Westbury,11590,439999,430000,Exp Cape,3,1.000,"None,Unfinished",1 Car Attached,3,6548.00,CL,6/15/2018,3/31/2019,8/09/2018,10/09/2018,55,Det,1,1,3039979
39,,Canyon,Lane,Westbury,11590,445000,440000,Split Level,3,1.500,"Full,Unfinished",,3,13444.61,CL,6/18/2018,2/28/2019,11/07/2018,5/02/2019,142,Det,1,1,3040307
25,,Lace,Lane,Westbury,11590,349900,340000,Exp Ranch,4,2.000,"None,Unfinished",,3,13494.98,CL,6/25/2018,3/23/2019,1/30/2019,3/18/2019,219,Det,1,1,3043483
72,,Florence,Court,East Meadow,11554,469000,440000,Cape,4,2.000,"Full,Finished",1 Car Attached,3,9597.19,CL,7/10/2018,1/31/2019,8/30/2018,11/16/2018,51,Det,1,1,3047636
5,,Cross,Street,Locust Valley,11560,489000,450000,Colonial,3,1.000,"Full,Unfinished",1 Car Attached,3,8000.00,CL,8/02/2018,2/02/2019,8/30/2018,9/28/2018,28,Det,1,1,3053944
2607,,Alder,Street,East Meadow,11554,419000,402000,Ranch,4,1.000,"None,Unfinished",1 Car Detached,3,10291.74,CL,8/03/2018,3/13/2019,10/19/2018,12/07/2018,77,Det,1,1,3054127
975,,Linden,Avenue,Westbury,11590,419999,360000,Cape,2,1.000,Full,,3,9842.38,CL,8/05/2018,5/01/2019,10/11/2018,12/13/2018,67,Det,1,1,3054527
1819,,Grant,Avenue,East Meadow,11554,449000,440000,Cape,3,2.000,"Full,Partially Finished",1 Car Attached,3,11973.00,CL,8/08/2018,2/08/2019,9/12/2018,12/14/2018,35,Det,1,1,3055425
134,,Dorothy,Drive,East Meadow,11554,459000,450000,Exp Cape,4,2.000,"Full,Finished",1 Car Attached,3,11189.02,CL,7/29/2018,1/31/2019,10/12/2018,12/06/2018,75,Det,1,1,3064755
3,,Cyrus Point,Lane,Bayville,11709,299000,290000,Cottage,3,1.000,"Full,Unfinished",,3,7644.54,CL,10/30/2018,5/15/2019,11/27/2018,2/06/2019,28,Det,1,1,3077389
386,,Chambers Ave,,East Meadow,11554,390000,389000,Cape,3,2.000,"Full,Unfinished",1 Car Detached,3,8305.77,CL,11/27/2018,2/19/2019,12/20/2018,1/24/2019,23,Det,1,1,3083417
1863,,Cole,Drive,East Meadow,11554,459000,450000,Exp Ranch,3,2.000,"Full,Finished",1 Car Attached,3,12220.71,CL,9/24/2018,3/31/2019,2/12/2019,3/21/2019,141,Det,1,1,3087977
2174,,Prospect,Avenue,East Meadow,11554,419999,439000,Exp Cape,4,1.000,"Full,Unfinished",1 Car Detached,3,12984.50,CL,1/07/2019,7/31/2019,2/11/2019,6/19/2019,35,Det,1,1,3090911
29,,Plymouth,Road,Bayville,11709,349000,332000,Cottage,2,1.000,"Full,Unfinished",2 Car Detached,3,11837.00,CL,1/07/2019,9/30/2019,3/12/2019,7/31/2019,63,Det,1,1,3091764
42,,Greenbelt,Lane,Levittown,11756,429999,425000,Ranch,3,1.500,"None,Unfinished",,3,8634.11,CL,1/16/2019,6/15/2019,4/01/2019,5/02/2019,74,Det,1,1,3093941
2418,,Marlboro,Street,East Meadow,11554,399000,392500,Ranch,3,1.000,"Partial,Unfinished",1 Car Detached,3,10875.00,CL,2/05/2019,8/01/2019,3/04/2019,4/11/2019,27,Det,1,1,3098763
217,,Cypress,Lane,Westbury,11590,419000,425000,Cape,4,1.000,"None,Unfinished",1 Car Attached,3,8736.99,CL,2/10/2019,8/10/2019,3/29/2019,6/20/2019,46,Det,1,1,3100109
63,,Perry,Avenue,Bayville,11709,399900,370000,Colonial,3,1.000,"Full,Unfinished",2 Car Detached,3,12637.33,CL,2/20/2019,8/15/2019,4/29/2019,6/28/2019,67,Det,1,1,3103352
31,,East Broadway,,Roslyn,11576,545000,415000,Antique/Hist,3,1.000,"Full,Unfinished",,3,9061.81,CL,2/28/2019,6/28/2019,6/07/2019,7/31/2019,98,Det,1,1,3104933
282,,Cameo,Court,East Meadow,11554,399000,415000,Hi Ranch,3,2.550,"None,Unfinished",,3,13933.74,CL,3/06/2019,6/06/2019,3/20/2019,5/29/2019,13,Det,1,1,3106524
15,,2nd,Avenue,Bayville,11709,289750,350000,Colonial,4,2.000,"Crawl,Unfinished",1 Car Detached,3,11387.61,CL,3/14/2019,6/12/2019,4/05/2019,5/16/2019,22,Det,1,1,3109252
540,,Bellmore,Avenue,East Meadow,11554,344500,407500,Split Level,3,2.000,"Partial,Unfinished",2 Car Attached,3,14935.41,CL,3/17/2019,3/15/2020,4/18/2019,5/24/2019,32,Det,1,1,3109978
882,,Grand,Boulevard,Westbury,11590,445000,430000,Cape,4,1.000,"None,Unfinished",1 Car Attached,3,10790.00,CL,3/19/2019,10/14/2019,4/08/2019,6/13/2019,20,Det,1,1,3110640
22,,Cobalt,Lane,Westbury,11590,425000,430000,Cape,4,1.000,"None,Unfinished",1 Car Attached,3,11353.25,CL,3/29/2019,9/14/2019,6/28/2019,8/29/2019,91,Det,1,1,3113825
20,,Perry,Avenue,Bayville,11709,449900,433500,Colonial,3,1.500,"Full,Unfinished",,3,8182.00,CL,4/05/2019,10/05/2019,8/07/2019,9/20/2019,124,Det,1,1,3116450
113,,Cypress,Lane,Westbury,11590,475000,450000,Exp Cape,4,2.000,"None,Unfinished",2 Car Detached,3,15261.50,CL,4/10/2019,10/31/2019,10/30/2019,1/28/2020,203,Det,1,1,3117946
926,,Westbury,Drive,Westbury,11590,399000,370000,Ranch,3,1.500,"Full,Unfinished",1 Car Attached,3,8489.23,CL,4/25/2019,4/22/2020,5/11/2019,7/23/2019,16,Det,1,1,3122494
8,,Franklin,Avenue,Bayville,11709,479000,400000,Cape,3,1.500,Full,,3,7096.37,CL,5/06/2019,12/31/2019,7/18/2019,11/01/2019,73,Det,1,1,3125878
636,,Pine,Lane,East Meadow,11554,439000,430000,Ranch,3,2.000,"Full,Unfinished",1 Car Attached,3,8123.34,CL,5/08/2019,12/31/2019,5/24/2019,8/13/2019,16,Det,1,1,3126723
7,,Cane,Lane,Westbury,11590,375000,390000,Exp Ranch,5,2.000,"None,Unfinished",,3,9205.35,CL,5/09/2019,12/31/2019,6/17/2019,8/29/2019,39,Det,1,1,3127052
2385,,Salisbury,Road,Westbury,11590,449000,433200,Cape,4,1.000,"None,Unfinished",,3,8964.33,CL,5/14/2019,11/30/2019,6/20/2019,6/20/2019,37,Det,1,1,3128534
31,,Lotus,Lane,Westbury,11590,459500,450000,Exp Ranch,4,2.000,"None,Unfinished",,3,13511.57,CL,5/28/2019,11/28/2019,7/01/2019,8/30/2019,34,Det,1,1,3132401
115,,Aaron,Drive,East Meadow,11554,479000,446000,Cape,4,2.000,"Full,Unfinished",1 Car Detached,3,11750.00,CL,6/06/2019,12/28/2019,7/11/2019,9/18/2019,35,Det,1,1,3135742
8,,Wilson,Avenue,Bayville,11709,355000,360000,Cape,3,3.000,"Crawl,Unfinished",,3,5344.68,CL,6/06/2019,6/05/2020,6/26/2019,12/17/2019,20,Det,1,1,3135777
174,,Wickshire,Drive,East Meadow,11554,314900,410000,Cape,4,2.000,"Full,Partially Finished",2 Car Attached,3,13326.54,CL,6/06/2019,6/05/2020,7/27/2019,9/30/2019,51,Att,1,1,3136187
46,,Perry,Avenue,Bayville,11709,389000,390000,Colonial,3,1.000,Full,,3,4883.77,CL,6/07/2019,12/07/2019,7/05/2019,9/06/2019,28,Det,1,1,3136487
2764,,Nira,Avenue,East Meadow,11554,399999,400000,Ranch,3,1.000,"Full,Finished",1 Car Attached,3,6939.00,CL,6/08/2019,12/08/2019,7/12/2019,8/30/2019,34,Det,1,1,3136565
2174,,Central,Drive,East Meadow,11554,429000,420000,Ranch,3,2.000,"Full,Finished",1 Car Attached,3,11762.50,CL,6/08/2019,2/07/2020,10/30/2019,1/09/2020,144,Det,1,1,3136676
30,,13th,Street,Locust Valley,11560,405000,375000,Colonial,2,1.500,"Partial,Partially Finished",,3,8175.87,CL,6/13/2019,12/12/2019,9/05/2019,10/31/2019,84,Det,1,1,3138580
30,,Middle,Lane,Westbury,11590,439999,435000,Exp Ranch,3,2.000,"None,Unfinished",1 Car Attached,3,12335.92,CL,6/18/2019,12/31/2019,9/16/2019,12/06/2019,90,Det,1,1,3139474
11,,Branch,Lane,Levittown,11756,424900,425000,Exp Ranch,4,2.000,"None,Unfinished",,3,9061.00,CL,6/27/2019,6/27/2020,7/15/2019,8/28/2019,18,Det,1,1,3142331
31,,Library,Lane,Bayville,11709,448000,445000,Colonial,4,1.500,"Full,Unfinished",2 Car Detached,3,10061.19,CL,6/28/2019,6/24/2020,7/03/2019,9/05/2019,5,Det,1,1,3142679
2431,,3rd,Avenue,East Meadow,11554,419000,410000,Cape,4,2.000,"None,Unfinished",,3,9337.00,CL,7/01/2019,11/17/2019,8/15/2019,11/07/2019,45,Det,1,1,3143302
656,,Carman,Avenue,Westbury,11590,469000,435000,Colonial,4,3.000,"Partial,Unfinished",,3,11141.88,CL,7/11/2019,6/15/2020,10/04/2019,11/18/2019,85,Det,1,1,3146363
540,,Benito,Street,East Meadow,11554,425000,415000,Cape,3,1.000,"Full,Unfinished",,3,8811.00,CL,7/23/2019,12/31/2019,10/25/2019,1/13/2020,94,Det,1,1,3149734
104,,Page,Lane,Westbury,11590,389900,395000,Exp Ranch,6,3.000,"None,Unfinished",,3,15915.40,CL,8/02/2019,11/01/2019,9/25/2019,10/16/2019,54,Det,1,1,3152738
44,,Martin,Lane,Westbury,11590,419000,360000,Cape,4,1.500,"None,Unfinished",1 Car Attached,3,8462.00,CL,8/03/2019,3/15/2020,12/02/2019,2/27/2020,121,Det,1,1,3153000
2632,,Forest,Avenue,East Meadow,11554,399999,419000,Ranch,3,1.500,"None,Unfinished",,3,8467.11,CL,8/09/2019,2/09/2020,8/19/2019,10/16/2019,10,Det,1,1,3154864
2469,,1st,Street,East Meadow,11554,449000,410000,Cape,4,1.000,"None,Unfinished",,3,12431.83,CL,9/02/2019,2/04/2020,10/24/2019,12/17/2019,52,Det,1,1,3160600
1758,,North,Drive,East Meadow,11554,478888,450000,Ranch,3,2.000,"Full,Finished",,3,15019.31,CL,9/09/2019,3/09/2020,11/26/2019,1/27/2020,78,Det,1,1,3162584
17,,Branch,Lane,Levittown,11756,435000,416200,Exp Ranch,4,1.500,"None,Unfinished",1 Car Attached,3,10600.00,CL,9/16/2019,12/31/2019,10/18/2019,1/30/2020,32,Det,1,1,3164826
37,,Prince,Lane,Westbury,11590,325000,320000,Exp Ranch,4,0.000,"None,Unfinished",,3,17093.00,CL,9/19/2019,9/19/2020,9/19/2019,11/06/2019,0,Det,1,0,3166082
41,,Patience,Lane,Westbury,11590,379000,381000,Ranch,4,1.000,"None,Unfinished",1 Car Attached,3,7439.56,CL,9/24/2019,3/29/2020,11/15/2019,1/31/2020,52,Det,1,1,3167504
1815,,Nostrand,Avenue,East Meadow,11554,350000,340000,Colonial,2,1.000,"Full,Unfinished",1 Car Detached,3,12093.27,CL,10/03/2019,4/01/2020,11/16/2019,12/20/2019,44,Det,1,1,3170089
968,,Salisbury Park,Drive,Westbury,11590,479000,435000,Colonial,3,2.000,"Full,Unfinished",2 Car Detached,3,11149.09,CL,10/08/2019,3/19/2020,11/25/2019,12/10/2019,48,Det,1,1,3171019
958,,Mirabelle,Avenue,Westbury,11590,432000,405000,Cape,4,1.500,"None,Unfinished",2 Car Detached,3,9504.56,CL,10/19/2019,4/17/2020,12/05/2019,12/31/2019,47,Det,1,1,3174032
2201,,Elderberry,Drive,Westbury,11590,424900,390000,Cape,4,1.000,"Full,Unfinished",1 Car Attached,3,9587.16,CL,10/28/2019,1/26/2020,12/17/2019,1/10/2020,50,Det,1,1,3176160
37,,Prince,Lane,Westbury,11590,475000,430000,Exp Ranch,4,2.500,"None,Unfinished",,3,17093.00,CL,11/22/2019,11/22/2020,12/12/2019,1/21/2020,20,Det,1,1,3182298
915,,Maple,Lane,East Meadow,11554,429990,396500,Cape,4,2.000,"Full,Unfinished",1 Car Detached,3,12120.00,CL,12/09/2019,5/20/2020,1/06/2020,3/02/2020,28,Det,1,1,3185282