St #,Dr,Street Name,Sfx,Town,Zip,ListPrice,SoldPrice,,Br,Bath,,,SD,Tot Tax,LSC,ListDate,ExpDate,ContDate,TitleDate,DOM,Det,#F,K,ML#
480,,Clocks,Boulevard,Massapequa,11758,599990,545000,Victorian,7,4.000,"Partial,Unfinished",,6,19323.03,CL,5/09/2018,5/09/2019,9/03/2018,10/10/2018,117,Det,1,1,3028728
32,,Roosevelt,Drive,East Norwich,11732,625000,660000,Split Level,4,2.500,"Full,Unfinished",2 Car Attached,6,11833.82,CL,4/05/2019,7/05/2019,4/30/2019,7/26/2019,25,Det,1,1,3116198
20,,Ross,Lane,East Norwich,11732,599000,570000,Cape,4,2.000,"Full,Partially Finished",1 Car Detached,6,9437.68,CL,1/29/2018,7/28/2018,2/16/2018,4/20/2018,18,Det,1,1,3000155
14,,Rush,Place,Oyster Bay,11771,529000,535000,Colonial,3,2.000,"Full,Partially Finished",,6,10336.65,CL,1/30/2018,7/30/2018,2/23/2018,4/20/2018,24,Det,1,1,3000486
3604,,Marinor,Street,Seaford,11783,579777,579777,Hi Ranch,6,3.000,"None,Unfinished",1 Car Attached,6,11229.00,CL,7/07/2017,12/31/2017,7/27/2017,12/05/2017,20,Det,1,1,2953284
3762,,Franklin,Avenue,Seaford,11783,714777,685000,Colonial,5,3.500,"Full,Finished",,6,16345.00,CL,6/05/2017,6/05/2018,9/26/2017,1/18/2018,113,Det,2,2,2944219
2028,,Paddock,Road,Seaford,11783,519000,505000,Cape,4,1.000,"Full,Unfinished",1 Car Attached,6,11700.00,Cl,4/12/2018,10/12/2019,6/05/2019,9/06/2019,419,Det,1,1,3020157
69,,Highwood,Road,Oyster Bay,11771,749999,735000,Split Level,4,3.000,"Partial,Finished",2 Car Attached,6,12088.27,CL,10/19/2018,4/08/2019,1/31/2019,5/10/2019,104,Det,1,1,3074645
3856,,Clark,Street,Seaford,11783,739000,740000,Contemporary,4,3.500,"Full,Finished",1 Car Attached,6,16789.19,CL,3/19/2018,6/30/2018,3/19/2018,5/23/2018,0,Det,1,1,*1309833
3803,,Park,Avenue,Seaford,11783,649900,635000,Colonial,5,3.000,"Full,Unfinished",1 Car Attached,6,11989.80,CL,7/21/2017,1/21/2018,8/22/2017,11/07/2017,32,Det,1,1,2957264
4048,,Driscoll,Lane,Seaford,11783,529000,520000,Split Level,3,1.500,"Full,Partially Finished",1 Car Attached,6,12209.95,CL,12/30/2016,6/30/2017,2/14/2017,5/25/2017,46,Det,1,1,2903688
2301,,Mattituck,Avenue,Seaford,11783,529000,529000,Hi Ranch,3,2.000,"None,Unfinished",1 Car Attached,6,13464.98,CL,5/09/2017,11/30/2017,6/06/2017,9/27/2017,28,Det,1,1,2936914
1834,,Jackson,Avenue,Seaford,11783,649000,615000,Tudor,4,1.500,Full,2 Car Detached,6,12503.24,CL,1/25/2018,10/09/2018,4/12/2018,6/12/2018,76,Det,1,1,2999263
3677,,Marinor,Street,Seaford,11783,539000,539000,Hi Ranch,5,3.000,"None,Unfinished",1 Car Attached,6,12394.58,CL,4/01/2019,10/30/2019,7/21/2019,9/18/2019,111,Det,1,1,3132455
4006,,New York,Avenue,Seaford,11783,599900,595000,Hi Ranch,5,2.000,"Full,Finished",1 Car Attached,6,11725.36,CL,6/06/2019,12/31/2019,8/26/2019,11/21/2019,81,Det,1,1,3136219
2328,,Pine,Street,Seaford,11783,479000,490000,Exp Cape,4,2.000,"None,Unfinished",1 Car Detached,6,12969.02,CL,6/05/2017,12/05/2017,6/26/2017,10/12/2017,21,Det,1,1,2944358
3827,,Hollis,Lane,Seaford,11783,539000,534000,Split Level,3,3.000,"Full,Unfinished",1 Car Attached,6,13126.80,CL,6/30/2019,12/31/2019,10/17/2019,1/11/2020,109,Det,1,1,3143530
2718,,Bryant,Drive,Seaford,11783,625000,625000,Hi Ranch,4,2.000,"None,Unfinished",2 Car Attached,6,12031.55,CL,4/25/2018,10/30/2018,5/09/2018,8/15/2018,14,Det,1,1,3023709
2706,,Bryant,Drive,Seaford,11783,779000,760000,Raised Ranch,5,3.500,"None,Unfinished",2 Car Attached,6,14754.51,CL,1/22/2019,7/15/2019,3/18/2019,6/14/2019,54,Det,1,1,3095102
7,,Ivy,Street,Oyster Bay,11771,539000,539000,Hi Ranch,4,3.000,"None,Unfinished",,6,11599.00,CL,9/25/2018,3/24/2019,10/22/2018,1/11/2019,27,Det,1,1,3068427
8,,Mill River,Road,East Norwich,11732,759000,700000,Colonial,4,2.500,"Full,Unfinished",2 Car Attached,6,16733.00,CL,10/06/2016,9/05/2017,5/31/2017,7/11/2017,237,Det,1,1,2888398
52,,Maxwell,Avenue,Oyster Bay,11771,679000,680000,Other,6,3.000,"Full,Unfinished",,6,8821.16,CL,7/27/2019,12/31/2019,9/16/2019,11/07/2019,51,Det,3,3,3151089
2607,,Island Channel,Road,Seaford,11783,699000,640000,Hi Ranch,4,3.000,"None,Unfinished",1 Car Attached,6,12333.55,CL,8/16/2018,6/15/2019,1/07/2019,2/26/2019,144,Det,1,1,3057693
25,,Laurel Cove,Road,Oyster Bay Cove,11771,899999,750000,Ranch,4,3.000,"Full,Unfinished",2 Car Attached,6,16876.99,CL,7/18/2018,1/17/2019,11/19/2018,3/08/2019,124,Det,1,1,3049326
2146,,Pine,Street,Wantagh,11793,508000,497000,Cape,4,1.000,"Full,Partially Finished",1 Car Detached,6,10454.21,CL,2/14/2019,10/13/2019,4/15/2019,6/07/2019,59,Det,1,1,3101095
2142,,Willoughby,Avenue,Wantagh,11793,537999,537000,Colonial,3,1.500,Full,1 Car Detached,6,10351.00,CL,5/09/2019,8/10/2019,8/07/2019,10/04/2019,90,Det,1,1,3127613
3819,,Locust,Avenue,Seaford,11783,549999,540000,Colonial,5,2.000,"None,Unfinished",1 Car Attached,6,11898.00,CL,11/20/2017,2/20/2018,1/26/2018,3/27/2018,67,Det,1,1,2986990
3748,,Mill,Road,Seaford,11783,599000,589000,Exp Ranch,3,3.000,"Full,Finished",1 Car Attached,6,18000.00,CL,2/28/2018,7/31/2018,3/01/2018,5/03/2018,1,Det,1,1,3007838
2074,,Guildford Park,Drive,Seaford,11783,515000,511500,Split Level,4,3.000,"Full,Partially Finished",1 Car Attached,6,13704.00,CL,4/15/2018,10/15/2018,6/11/2018,8/13/2018,57,Det,1,1,3021179
36,,Auburn,Lane,East Norwich,11732,599999,550000,Hi Ranch,4,2.500,"None,Unfinished",2 Car Attached,6,10067.00,CL,9/13/2019,3/12/2020,10/15/2019,12/16/2019,32,Det,1,1,3164183
3898,,Jane,Court,Seaford,11783,698800,670000,Colonial,4,2.000,"None,Unfinished",,6,16156.00,CL,11/02/2018,2/18/2019,12/19/2018,4/05/2019,47,Det,1,1,3078233
61,,Old Sunrise,Highway,Massapequa,11758,899000,700000,Duplex,13,6.000,"Full,Finished",,6,14928.00,CL,12/09/2018,6/30/2019,2/20/2019,4/01/2019,73,Det,4,4,3086322
3893,,Mill,Road,Seaford,11783,689000,700000,Colonial,4,2.500,"Full,Finished",1 Car Detached,6,10436.13,CL,4/10/2017,10/04/2017,5/02/2017,7/17/2017,22,Det,1,1,2928242
2351,,Jackson,Avenue,Seaford,11783,639000,640000,Hi Ranch,4,3.000,"None,Unfinished",2 Car Attached,6,14987.22,CL,5/31/2017,12/31/2017,6/19/2017,7/27/2017,19,Det,1,1,2943623
1726,,Washington,Avenue,Seaford,11783,499000,490000,Exp Ranch,4,2.000,"Full,Unfinished",1 Car Detached,6,13247.00,CL,4/10/2017,12/06/2017,6/10/2017,6/29/2017,61,Det,1,1,2928053
2216,,Maple,Street,Wantagh,11793,499000,495000,Exp Cape,4,2.000,"Full,Partially Finished",,6,12677.00,CL,1/17/2018,6/01/2018,2/15/2018,3/21/2018,29,Det,1,1,2997384
38,,Locust,Lane,Oyster Bay,11771,699000,675000,Colonial,3,2.500,"Full,Partially Finished",2 Car Detached,6,11551.33,CL,10/27/2018,4/27/2019,2/04/2019,5/21/2019,100,Det,1,1,3076791
10,,Johnson,Court,East Norwich,11732,639000,620000,Ranch,3,2.000,"Full,Finished",1 Car Attached,6,9788.08,CL,7/12/2019,12/31/2019,8/14/2019,10/04/2019,33,Det,1,1,3146590
15,,Hilltop,Lane,Oyster Bay,11771,799000,795000,Split Level,5,3.000,"Partial,Finished",2 Car Attached,6,13413.38,CL,2/12/2018,8/31/2018,2/22/2018,5/03/2018,10,Det,1,1,3003760
436,,Centre Island,Road,Centre Island,11771,739000,625000,Ranch,3,2.000,"None,Unfinished",2 Car Attached,6,12910.00,CL,2/19/2017,7/19/2017,7/12/2017,11/16/2017,142,Det,1,1,2914900
2405,,Maple,Street,Seaford,11783,599000,570000,Splanch,4,2.500,"Partial,Finished",1 Car Attached,6,12364.00,CL,5/17/2017,11/17/2017,6/12/2017,8/28/2017,26,Det,1,1,2939039
20,,Gailview,Drive,Oyster Bay,11771,575000,560000,Exp Cape,4,2.000,"Full,Finished",1 Car Attached,6,11408.96,CL,4/04/2019,7/04/2019,4/27/2019,7/02/2019,23,Det,1,1,3116157
3801,,Hudson,Avenue,Seaford,11783,529000,529000,Exp Cape,4,2.000,"Full,Partially Finished",1 Car Attached,6,11666.37,CL,3/13/2019,3/13/2020,4/04/2019,5/21/2019,22,Det,1,1,*1342531
3545,,Woodward,Avenue,Seaford,11783,739000,739000,Colonial,4,3.000,"Full,Unfinished",1 Car Attached,6,0.00,CL,9/07/2017,1/07/2018,11/03/2017,1/05/2018,57,Det,1,1,2968933
2886,,Shore,Road,Seaford,11783,590000,582500,Hi Ranch,4,3.000,"None,Unfinished",2 Car Attached,6,15784.62,CL,11/13/2018,8/08/2019,5/20/2019,8/14/2019,187,Det,1,1,3080825
11,,Kellogg,Street,Oyster Bay,11771,489000,484000,Colonial,4,2.000,"Full,Unfinished",,6,10323.81,CL,4/03/2017,7/03/2017,5/24/2017,8/10/2017,51,Det,1,1,2926190
3633,,Nimrod,Street,Seaford,11783,639000,620000,Colonial,5,2.500,"None,Unfinished",1 Car Attached,6,15466.69,CL,1/15/2017,12/31/2019,2/03/2017,3/07/2019,426,Det,1,1,*1273377
890,,Oyster Bay,Road,East Norwich,11732,529000,502500,Cape,3,2.000,"Full,Partially Finished",1 Car Detached,6,8017.43,CL,4/17/2017,10/17/2017,5/11/2017,7/11/2017,24,Det,1,1,2929682
3995,,Darby,Lane,Seaford,11783,709000,672500,Colonial,4,2.500,"None,Unfinished",,6,19685.01,CL,1/29/2018,5/29/2018,3/26/2018,6/27/2018,55,Det,1,1,3000344
2124,,Pine,Street,Wantagh,11793,549999,520000,Hi Ranch,4,2.000,"None,Unfinished",1 Car Attached,6,8659.00,CL,4/11/2017,8/11/2017,7/31/2017,8/29/2017,111,Det,1,2,2928468
3890,,Illona,Lane,Seaford,11783,599000,585000,Hi Ranch,5,3.000,"None,Unfinished",1 Car Attached,6,17314.91,CL,2/13/2018,6/13/2018,4/09/2018,6/27/2018,54,Det,1,1,3004364
57,,Floyd,Place,East Norwich,11732,679000,679000,Colonial,4,2.000,"Full,Unfinished",2 Car Detached,6,10500.00,CL,10/18/2017,4/17/2018,1/12/2018,6/08/2018,86,Det,1,1,2979349
2472,S,Seamans Neck,Road,Seaford,11783,525000,525000,Duplex,6,3.000,"Full,Unfinished",2 Car Detached,6,18344.00,CL,2/18/2017,5/17/2017,3/27/2017,5/12/2017,36,Det,2,2,2914726
27,,Irving,Place,Oyster Bay,11771,589000,520000,Duplex,4,2.000,"Full,Unfinished",,6,10520.00,CL,1/09/2018,9/19/2018,8/23/2018,12/20/2018,225,Det,2,2,2995218
206,,School,Street,Oyster Bay,11771,719000,700000,Colonial,5,3.000,"Full,Partially Finished",4+ Car Detached,6,7248.00,CL,9/17/2018,6/12/2019,11/16/2018,1/22/2019,60,Det,1,1,3065628
135,,Radcliff Dr,,East Norwich,11732,670000,647500,Colonial,6,2.000,"Full,Finished",,6,10783.00,CL,10/02/2017,6/30/2018,2/07/2018,5/08/2018,128,Det,1,1,2975263
70,,Timothy,Lane,East Norwich,11732,699000,645000,Cape,3,2.500,"Full,Unfinished",1 Car Detached,6,9637.51,CL,12/19/2017,6/19/2018,1/22/2018,3/16/2018,34,Det,1,1,2992264
167,,Radcliff,Drive,East Norwich,11732,699000,666200,Split Level,3,2.500,"Full,Finished",1 Car Attached,6,10957.54,CL,3/31/2017,9/30/2017,5/01/2017,6/30/2017,31,Det,1,1,2925689
20,,Cherry Brook,Place,Great Neck,11020,609000,580000,Exp Cape,3,2.000,"Full,Finished",,6,10612.94,CL,4/13/2019,10/13/2019,5/20/2019,8/14/2019,37,Det,1,1,3119105
3625,,Marinor,Street,Seaford,11783,539990,535000,Hi Ranch,3,2.000,"None,Unfinished",2 Car Attached,6,10574.89,CL,2/05/2019,8/04/2019,3/09/2019,6/27/2019,32,Det,1,1,3098601
2051,,Paddock,Road,Seaford,11783,529990,520000,Colonial,7,2.000,"Full,Finished",1 Car Attached,6,13031.11,CL,3/10/2017,9/10/2017,3/24/2017,6/14/2017,13,Det,1,1,2920114
3662,,Hilaire,Way,Seaford,11783,649000,628000,Colonial,5,3.000,"None,Unfinished",,6,13802.00,CL,4/08/2019,10/07/2019,7/11/2019,9/26/2019,94,Det,1,1,3117035
18,,South,Drive,Manhasset,11030,799000,725000,Exp Cape,3,2.500,"Full,Finished",1 Car Attached,6,12815.70,CL,3/04/2019,6/03/2019,4/18/2019,5/21/2019,44,Det,1,1,3105922
2381,,Maple,Street,Seaford,11783,529000,500000,Colonial,4,2.500,"Full,Unfinished",1 Car Attached,6,14551.65,CL,3/22/2019,6/12/2019,5/23/2019,6/26/2019,62,Det,1,1,3111798
2550,S,Seamans Neck,Road,Seaford,11783,695000,680000,Hi Ranch,3,2.500,"None,Unfinished",,6,12087.00,CL,2/28/2018,7/31/2018,3/31/2018,6/14/2018,30,Det,1,1,3008041
3915,,South,Street,Seaford,11783,639990,650000,Colonial,4,2.500,"Full,Unfinished",1 Car Attached,6,0.00,CL,11/05/2019,6/30/2020,12/02/2019,2/07/2020,27,Att,1,1,3178229
3585,,Woodward,Avenue,Seaford,11783,489000,515000,Ranch,3,2.000,"Full,Partially Finished",1 Car Attached,6,10207.71,CL,4/20/2017,10/20/2017,5/03/2017,7/06/2017,13,Det,1,1,2931147
2311,S,Seamans Neck,Road,Seaford,11783,529000,505000,Colonial,4,2.500,"None,Unfinished",,6,18487.08,CL,9/26/2016,9/30/2017,4/07/2017,6/19/2017,193,Det,1,1,2886161
33,,Sideview,Drive,Oyster Bay,11771,479000,485000,Split Level,3,2.000,"Full,Unfinished",1 Car Attached,6,11400.57,CL,1/28/2019,1/23/2020,2/08/2019,4/03/2019,11,Det,1,1,3096503
381,,Mill River,Road,Oyster Bay,11771,739000,720000,Ranch,2,2.000,"Partial,Unfinished",,6,16099.25,CL,9/01/2019,12/31/2019,9/19/2019,11/22/2019,18,Det,1,1,3161221
57,,Orchard,Street,Oyster Bay,11771,649000,600000,Duplex,4,3.500,"Partial,Unfinished",,6,11083.15,CL,12/11/2018,12/11/2019,3/16/2019,5/01/2019,94,Att,2,2,3086499
178,,Anstice,Street,Oyster Bay,11771,529000,517000,Colonial,3,2.000,Full,,6,7217.31,CL,9/27/2016,9/27/2017,6/07/2017,8/22/2017,253,Det,1,1,2886457
3787,,Clark,Street,Seaford,11783,529000,510000,Colonial,5,2.500,"Full,Finished",1 Car Attached,6,11361.00,CL,6/24/2019,1/05/2020,8/29/2019,10/28/2019,66,Det,1,1,3141357
1562,,Washington,Avenue,Seaford,11783,579000,575000,Exp Cape,4,2.000,"Crawl,Unfinished",,6,16913.49,CL,10/22/2018,4/22/2019,1/02/2019,2/11/2019,72,Det,1,1,3083707
4032,,Park,Drive,Seaford,11783,625000,615000,Split Level,3,2.500,Partial,2 Car Attached,6,14469.83,CL,5/23/2019,11/16/2019,6/28/2019,9/11/2019,36,Det,1,1,3131633
6,E,Lincoln,Avenue,Massapequa,11758,649990,649990,Colonial,3,2.500,"Crawl,Unfinished",,6,18243.97,CL,8/03/2017,2/03/2018,11/01/2017,1/31/2018,90,Det,1,1,2960631
3835,,Beechwood,Place,Seaford,11783,549999,540000,Split Level,5,2.500,"Full,Finished",,6,15383.05,CL,10/11/2017,10/11/2018,12/04/2017,2/16/2018,54,Det,1,1,2977882
2089,,Willoughby,Avenue,Wantagh,11793,539000,523000,Cape,3,2.500,"Full,Unfinished",,6,13450.00,CL,9/25/2019,3/25/2020,11/06/2019,3/18/2020,42,Det,1,1,3167716
30,,Sampson,Street,Oyster Bay,11771,709000,700000,Split Level,3,3.000,Partial,2 Car Attached,6,15401.00,CL,8/08/2018,8/06/2019,4/16/2019,6/27/2019,251,Det,1,1,3055393
92,,Roosevelt,Drive,East Norwich,11732,688000,670000,Ranch,3,2.000,"Full,Unfinished",2 Car Attached,6,10706.67,CL,9/11/2019,3/11/2020,10/16/2019,12/06/2019,35,Det,1,1,3163637
424,,Centre Island,Road,Oyster Bay,11771,599999,550000,Colonial,3,1.500,"None,Unfinished",2 Car Detached,6,13522.75,CL,4/20/2017,10/19/2017,5/03/2017,5/22/2017,13,Det,1,1,2931108
3568,,Locust,Avenue,Seaford,11783,509000,500000,Exp Ranch,3,2.000,"Full,Finished",1 Car Attached,6,10374.32,CL,6/13/2017,12/14/2017,7/12/2017,9/05/2017,29,Det,1,1,2946592
40,,Richard,Road,East Norwich,11732,650000,640000,Cape,4,2.000,"Full,Partially Finished",1 Car Detached,6,6753.70,CL,4/06/2018,9/30/2018,5/04/2018,7/20/2018,28,Det,1,1,3018225
1882,,Monroe,Avenue,Seaford,11783,699999,690000,Colonial,4,4.000,"Full,Finished",2 Car Detached,6,16273.79,CL,4/01/2019,10/31/2019,9/09/2019,10/24/2019,161,Det,1,1,3114726
2146,,Saddle,Path,Seaford,11783,519000,505000,Ranch,3,2.000,"Full,Finished",1 Car Attached,6,11708.10,CL,9/05/2017,3/30/2018,11/10/2017,2/13/2018,66,Det,1,1,2968005
2101,,Natalie,Boulevard,Seaford,11783,499000,500000,Split Level,4,3.000,"Partial,Unfinished",,6,11380.73,CL,4/20/2017,10/31/2017,5/19/2017,7/13/2017,29,Det,1,1,2931203
423,,Mill River,Road,Oyster Bay,11771,725000,690000,Cottage,3,2.000,"Full,Unfinished",2 Car Detached,6,15100.00,CL,2/18/2019,2/11/2020,4/26/2019,7/10/2019,66,Det,1,1,3102105
67,,Walnut,Avenue,East Norwich,11732,515000,500000,Colonial,3,2.000,"Full,Unfinished",1 Car Detached,6,9114.95,CL,5/03/2017,9/29/2017,6/08/2017,8/08/2017,36,Det,1,1,2934619
25,,Vernon,Avenue,East Norwich,11732,479000,501000,Ranch,3,1.000,"Full,Partially Finished",2 Car Detached,6,9310.97,CL,2/13/2017,6/08/2017,3/01/2017,3/28/2017,16,Det,1,1,2913267
2364,,Maple,Avenue,Seaford,11783,599000,595000,Colonial,4,3.000,,1 Car Detached,6,15955.00,CL,10/03/2017,9/19/2018,11/28/2017,2/26/2018,56,Det,1,1,2982096
3839,,Martin,Court,Seaford,11783,649000,625000,Split Level,3,3.000,"Full,Finished",2 Car Attached,6,15978.19,CL,5/23/2019,7/31/2019,6/30/2019,10/22/2019,38,Det,1,1,3131505
4047,,Raymond,Street,Seaford,11783,500000,508500,Colonial,4,3.000,"Full,Finished",1 Car Detached,6,12365.74,CL,9/06/2016,5/31/2017,3/07/2017,4/21/2017,182,Det,1,1,2881348
4020,,Fulton,Court,Seaford,11783,550000,555000,Hi Ranch,4,2.000,"None,Unfinished",1 Car Attached,6,10483.21,CL,10/01/2017,4/01/2018,10/25/2017,12/29/2017,24,Det,1,2,2975623
211,,Mill River,Road,Oyster Bay,11771,599000,575000,Hi Ranch,5,4.000,"Full,Finished",1 Car Attached,6,10056.25,CL,1/16/2017,1/16/2018,5/01/2017,6/29/2017,104,Det,1,1,2907094
2461,,Jackson,Avenue,Seaford,11783,750000,750000,Raised Ranch,6,4.000,"None,Unfinished",,6,0.00,CL,5/01/2017,11/01/2018,2/01/2018,2/01/2019,276,Det,1,1,2934134
12,,Singworth,Street,Oyster Bay,11771,749000,720000,Colonial,4,2.500,"Full,Finished",,6,13328.38,CL,4/09/2019,9/30/2019,7/24/2019,9/26/2019,106,Det,1,1,3117443
314,,Mill Hill,Road,Mill Neck,11765,899999,800000,Colonial,4,3.550,,Detached,6,65281.09,CL,4/13/2017,12/31/2017,12/01/2017,1/10/2018,232,Det,1,1,2929019
31,,Gilbert,Court,East Norwich,11732,579000,540000,Split Level,3,2.000,"Full,Finished",1 Car Attached,6,7407.34,CL,3/30/2017,8/30/2018,5/23/2018,6/27/2018,419,Det,1,1,*1279992
10-12-14,,Orchard,Street,Oyster Bay,11771,725000,525000,Other,9,3.000,"Full,Unfinished",,6,20551.80,CL,6/08/2017,12/08/2017,9/01/2017,1/10/2018,85,Att,3,3,*1287091
3937,,Mill,Road,Seaford,11783,454900,491000,Ranch,3,1.000,"Full,Partially Finished",,6,13479.97,CL,4/29/2018,10/31/2018,5/29/2018,7/17/2018,30,Det,1,1,*1313935
861,,Oyster Bay,Road,East Norwich,11732,559000,550000,Split Level,4,1.500,Full,,6,9638.68,CL,5/21/2018,5/20/2019,6/20/2018,8/21/2018,30,Det,1,1,*1319471
794,,Connecticut View,Drive,Oyster Bay,11771,739000,739000,Cape,3,2.000,"Full,Unfinished",,6,10400.00,CL,3/25/2019,1/31/2020,4/03/2019,5/29/2019,9,Det,1,1,*1341194
92,,Lancia,Drive,East Norwich,11732,590000,590000,Hi Ranch,4,2.500,"None,Unfinished",2 Car Attached,6,10035.15,CL,4/05/2019,4/15/2019,4/05/2019,4/05/2019,0,Det,1,1,*1342559
2093,,Willoughby,Avenue,Wantagh,11793,489999,490000,Cape,3,1.000,Full,1 Car Detached,6,8279.00,CL,4/09/2019,10/31/2019,5/01/2019,6/13/2019,22,Det,1,1,*1343017
2217,,Fir,Street,Wantagh,11793,579000,572000,Split Level,3,1.500,"Partial,Unfinished",1 Car Attached,6,9244.50,CL,9/27/2019,4/01/2020,10/20/2019,1/06/2020,23,Det,1,1,*1358731
3617,,Ladonia,Street,Seaford,11783,499000,498000,Exp Cape,4,2.000,"Full,Finished",2 Car Detached,6,10688.00,CL,7/06/2016,1/06/2017,12/20/2016,3/24/2017,167,Det,1,1,2866561
3805,,Tiana,Street,Seaford,11783,649000,645000,Colonial,4,2.500,"Crawl,Unfinished",1 Car Attached,6,15000.00,CL,8/22/2016,3/01/2017,9/20/2017,3/14/2018,394,Det,1,1,2878048
3984,,Darby,Lane,Seaford,11783,599000,580000,Hi Ranch,3,2.500,"None,Unfinished",1 Car Attached,6,15823.65,CL,9/30/2016,3/29/2017,12/05/2016,7/18/2017,66,Det,1,1,2887282
2399,,Langen,Drive,Seaford,11783,559000,545000,Split Level,4,2.500,"Crawl,Unfinished",1 Car Attached,6,16536.25,CL,11/02/2016,5/15/2017,2/28/2017,5/08/2017,118,Det,1,1,2893947
2593,,Neptune,Avenue,Seaford,11783,549000,510000,Hi Ranch,4,2.000,"None,Unfinished",1 Car Attached,6,14292.77,CL,11/28/2016,11/28/2017,2/03/2017,4/24/2017,67,Det,1,1,2898772
7,,Clark,Drive,Great Neck,11020,765000,700000,Colonial,3,1.000,"Full,Partially Finished",,6,8760.00,Cl,12/15/2016,6/15/2017,2/17/2017,4/28/2017,64,Det,1,1,2902075
3850,,Oxford,Lane,Seaford,11783,499000,485000,Split Level,4,2.000,"Partial,Finished",1 Car Attached,6,14678.00,CL,1/12/2017,9/12/2017,3/10/2017,5/12/2017,57,Det,1,1,2906413
3968,,Jerusalem,Avenue,Seaford,11783,529000,515000,Split Level,4,3.000,"Partial,Finished",,6,14997.29,CL,1/18/2017,6/18/2017,4/18/2017,6/23/2017,89,Det,1,1,2907885
42,,Singworth,Street,Oyster Bay,11771,549995,537250,Split Level,3,1.000,"Partial,Unfinished",2 Car Attached,6,11727.00,CL,1/24/2017,1/24/2018,2/22/2017,4/07/2017,29,Det,1,1,2908691
2530,,Peconic,Avenue,Seaford,11783,525000,508000,Hi Ranch,3,3.000,"None,Unfinished",,6,12767.39,CL,1/26/2017,7/26/2017,4/03/2017,5/15/2017,66,Det,1,2,2909343
54,,Soundview,Avenue,Oyster Bay,11771,699000,710000,Split Level,4,2.500,"Full,Finished",2 Car Attached,6,13976.65,CL,2/06/2017,6/09/2017,2/10/2017,5/05/2017,4,Det,1,1,2911975
3603,,Ocean,Avenue,Seaford,11783,549999,545000,Hi Ranch,4,3.000,"None,Unfinished",1 Car Attached,6,15327.07,CL,2/20/2017,11/20/2017,4/28/2017,7/28/2017,66,Det,1,1,2915122
23,,Sideview,Drive,Oyster Bay,11771,520000,518500,Cape,4,2.000,"Full,Finished",1 Car Attached,6,9485.45,CL,2/27/2017,9/30/2017,3/17/2017,5/12/2017,17,Det,1,1,2916747
11,,Woodland,Road,Oyster Bay,11771,675000,690000,Split Level,4,3.000,Partial,2 Car Attached,6,14228.16,CL,3/22/2017,9/09/2017,4/11/2017,7/06/2017,20,Det,1,1,2923225
3904,,Jerusalem,Avenue,Seaford,11783,499988,500000,Split Level,3,1.500,"Full,Finished",,6,12240.87,CL,3/27/2017,3/19/2018,4/14/2017,7/13/2017,18,Det,1,1,2924264
44,,Hill,Drive,Oyster Bay,11771,675000,645000,Nantucket,4,2.000,"Partial,Finished",1 Car Attached,6,11365.74,CL,3/28/2017,9/25/2017,4/10/2017,6/20/2017,13,Det,1,1,2924565
3712,,Terrapin,Place,Seaford,11783,559000,550000,Colonial,4,2.500,"None,Unfinished",1 Car Attached,6,12507.84,CL,3/28/2017,9/28/2017,4/24/2017,7/21/2017,27,Det,1,1,2925494
2508,,Abbey,Lane,Seaford,11783,559000,535000,Hi Ranch,3,1.500,"Full,Finished",,6,11770.10,CL,4/07/2017,10/07/2017,6/19/2017,8/18/2017,73,Att,1,1,2927632
2561,,Kevin,Road,Seaford,11783,619000,610000,Splanch,4,2.500,Partial,,6,14218.25,CL,4/17/2017,9/13/2017,6/07/2017,9/22/2017,51,Det,1,1,2929926
54,,Sugar Toms,Lane,East Norwich,11732,649000,627500,Contemporary,4,2.500,"Full,Finished",2 Car Attached,6,9641.24,CL,4/19/2017,3/03/2018,7/12/2017,9/01/2017,84,Det,1,1,2930842
22,,Locust,Lane,Oyster Bay,11771,649000,675000,Colonial,3,3.000,"Partial,Partially Finished",1 Car Attached,6,9186.00,CL,4/20/2017,4/20/2018,5/09/2017,6/16/2017,19,Att,1,1,2931109
866,,Heights,Place,Oyster Bay,11771,699000,655000,Colonial,4,2.000,"None,Unfinished",2 Car Detached,6,6833.93,CL,2/02/2017,8/31/2017,6/13/2017,1/12/2018,130,Det,1,1,2934019
6,,Summit,Court,Oyster Bay,11771,679000,640000,Hi Ranch,4,2.500,Unfinished,2 Car Attached,6,14888.00,CL,5/05/2017,9/30/2017,8/08/2017,10/10/2017,95,Det,1,1,2935418
2055,,Seamans Neck,Road,Seaford,11783,599000,538000,Colonial,5,3.500,"Full,Unfinished",,6,11864.23,CL,5/12/2017,11/12/2017,8/09/2017,10/23/2017,89,Det,2,2,2938071
3573,,Anglers,Place,Seaford,11783,584999,580000,Colonial,4,2.000,"None,Unfinished",,6,11371.20,CL,5/30/2017,5/11/2018,8/11/2017,11/02/2017,73,Det,1,1,2942245
58,,Burtis,Avenue,Oyster Bay,11771,649000,590000,Victorian,6,2.500,"Full,Finished",2 Car Detached,6,13945.81,CL,6/01/2017,6/01/2018,11/16/2017,1/17/2018,168,Det,2,2,2943073
2062,,Stirrup,Path,Seaford,11783,599000,582500,Colonial,6,3.000,"Full,Finished",1 Car Detached,6,15963.00,CL,6/06/2017,6/06/2018,7/13/2017,11/03/2017,37,Det,2,2,2944713
86,,Roosevelt,Avenue,Massapequa,11758,499000,499000,Colonial,4,2.500,"Full,Unfinished",1 Car Attached,6,11724.83,CL,6/13/2017,9/06/2017,7/06/2017,8/30/2017,23,Det,1,1,2946517
2026,,Azalea,Court,Seaford,11783,574999,567000,Hi Ranch,4,3.000,"None,Unfinished",2 Car Attached,6,10998.88,CL,6/15/2017,11/15/2017,8/14/2017,10/26/2017,60,Det,1,1,2947426
18,,Floyd,Place,East Norwich,11732,649900,625000,Tudor,3,2.500,Full,2 Car Detached,6,12025.85,CL,6/22/2017,12/22/2017,9/07/2017,10/27/2017,77,Det,1,1,2949322
18,,Francesca,Drive,Oyster Bay,11771,629000,588000,Split Level,4,2.500,"Full,Finished",1 Car Attached,6,11656.06,CL,7/06/2017,5/30/2018,12/29/2017,4/23/2018,176,Det,1,1,2952844
9,,Clark,Drive,Great Neck,11020,749000,675000,Cape,3,1.500,"Full,Unfinished",1 Car Attached,6,7100.00,CL,7/15/2017,1/30/2018,9/18/2017,2/01/2018,65,Det,1,1,2955465
3871,,Clark,Street,Seaford,11783,539000,535000,Split Level,3,2.000,"Full,Finished",1 Car Attached,6,13449.28,CL,7/13/2017,12/31/2017,8/14/2017,11/06/2017,32,Det,1,1,2955550
6,,Mott,Street,Massapequa,11758,519000,505000,Colonial,4,2.500,"Full,Unfinished",1 Car Attached,6,12000.00,CL,7/20/2017,7/18/2018,12/12/2017,2/16/2018,145,Det,1,1,2957048
10,,Locust,Avenue,East Norwich,11732,638000,530000,Cape,4,2.000,"Full,Unfinished",1 Car Attached,6,12280.67,CL,7/28/2017,5/25/2018,3/09/2018,8/14/2018,224,Det,1,1,2959395
80,,Capitol Heights,Road,Oyster Bay,11771,850000,790000,Colonial,4,2.500,"Full,Unfinished",2 Car Attached,6,0.00,CL,7/31/2017,12/31/2017,9/24/2017,11/15/2017,55,Det,1,1,2959474
2673,,Neptune,Avenue,Seaford,11783,534800,501000,Hi Ranch,4,2.000,Full,2 Car Attached,6,14582.00,CL,8/08/2017,2/10/2018,9/12/2017,10/27/2017,35,Det,1,1,2961869
26,,Walnut,Avenue,East Norwich,11732,549000,535000,Colonial,2,1.500,"Full,Partially Finished",,6,8296.88,CL,8/25/2017,2/26/2018,11/02/2017,1/31/2018,69,Det,1,1,2966107
101-103,,Ivy,Street,Oyster Bay,11771,549000,550000,Other,6,2.000,"Full,Unfinished",,6,11054.00,CL,8/29/2017,2/28/2018,10/09/2017,12/15/2017,41,Det,2,2,2966813
1988,,Seamans Neck,Road,Seaford,11783,609000,600000,Colonial,4,2.500,"Full,Unfinished",1 Car Attached,6,14893.06,CL,9/08/2017,3/31/2018,1/22/2018,3/12/2018,136,Att,1,1,2969385
3554,,Shore,Place,Seaford,11783,499000,499000,Hi Ranch,4,2.000,"None,Unfinished",1 Car Attached,6,10037.06,CL,9/13/2017,3/13/2018,10/30/2017,12/19/2017,47,Det,1,1,2970660
3794,,Lincoln,Street,Seaford,11783,639000,620000,Colonial,4,2.500,"Full,Unfinished",1 Car Attached,6,12570.00,CL,9/18/2017,3/14/2018,10/31/2017,1/12/2018,43,Det,1,1,2971974
4070,,Chestnut,Street,Seaford,11783,695000,680000,Colonial,6,2.000,"Full,Finished",1 Car Attached,6,13150.00,CL,9/25/2017,3/31/2018,11/07/2017,1/17/2018,43,Det,1,1,2973767
2050,,Azalea,Court,Seaford,11783,564000,559000,Colonial,4,2.500,"Full,Finished",1 Car Attached,6,15637.32,CL,8/10/2017,2/28/2018,11/17/2017,1/10/2018,99,Det,1,1,2974611
3341,,Jackson,Avenue,Wantagh,11793,545000,535000,Exp Cape,4,2.000,"Full,Finished",2 Car Detached,6,14892.68,CL,10/02/2017,10/02/2018,11/03/2017,1/19/2018,32,Det,1,1,2975312
17,,Weeks,Avenue,Oyster Bay,11771,589000,582500,Colonial,3,2.000,Full,,6,11870.00,CL,10/02/2017,3/19/2018,1/08/2018,3/28/2018,98,Det,1,1,2975380
110,,Clocks,Boulevard,Massapequa,11758,819000,780000,Colonial,4,4.000,"Crawl,Unfinished",,6,20692.60,CL,10/02/2017,3/29/2018,11/20/2017,10/01/2018,49,Det,1,1,2975523
3828,,Condit,Street,Seaford,11783,549000,549000,Exp Cape,4,2.500,"Full,Finished",,6,14457.84,CL,10/09/2017,4/01/2018,10/16/2017,1/26/2018,7,Det,1,1,2977184
65,,Sandy Hill,Road,Oyster Bay,11771,699000,690000,Cottage,3,1.500,"Full,Finished",,6,14369.00,CL,10/23/2017,4/23/2018,2/21/2018,4/16/2018,121,Det,1,1,2980330
111,N,Radcliff,Drive,East Norwich,11732,759000,765000,Colonial,5,3.500,"Full,Finished",,6,14544.74,CL,11/01/2017,9/01/2018,11/28/2017,2/26/2018,27,Det,1,1,2982614
29,,Roosevelt,Boulevard,Massapequa,11758,569999,510000,Colonial,4,2.500,"Crawl,Unfinished",2 Car Attached,6,22528.09,CL,11/02/2017,7/15/2018,5/01/2018,8/03/2018,180,Det,1,1,2982723
36,,Whitney,Avenue,East Norwich,11732,725000,690000,Hi Ranch,5,3.000,,,6,12683.00,CL,11/02/2017,5/02/2018,3/14/2018,4/23/2018,132,Det,1,1,2982861
1799,,Washington,Avenue,Seaford,11783,500000,495000,Split Level,4,3.000,"Full,Finished",2 Car Attached,6,18591.00,CL,11/06/2017,5/06/2018,1/03/2018,3/28/2018,58,Det,1,1,2983677
144,,Berry Hill,Road,Oyster Bay,11771,679000,647000,Colonial,4,2.500,"Full,Finished",2 Car Detached,6,13150.26,CL,11/06/2017,10/01/2018,4/19/2018,7/05/2018,163,Det,1,1,2983698
56,,Summers,Street,Oyster Bay,11771,569500,530000,Colonial,3,2.000,"Full,Partially Finished",2 Car Detached,6,9572.13,CL,11/07/2017,11/07/2018,4/26/2018,7/05/2018,169,Det,1,1,2984378
1778,,Collins,Street,Seaford,11783,599000,593000,Split Level,4,2.500,"Partial,Finished",1 Car Attached,6,12947.00,CL,11/09/2017,4/30/2018,12/01/2017,2/14/2018,22,Det,1,1,2984920
3850,,Condit,Street,Seaford,11783,479000,485000,Exp Cape,4,2.000,"Full,Partially Finished",1 Car Detached,6,10907.82,CL,11/28/2017,5/20/2018,12/05/2017,3/19/2018,7,Det,1,1,2988168
2288,,Penatiquit,Avenue,Seaford,11783,525000,516500,Hi Ranch,6,3.000,"None,Unfinished",,6,12179.70,CL,12/11/2017,6/15/2018,1/19/2018,4/17/2018,39,Det,1,1,2990710
10,,Highwood,Road,East Norwich,11732,739900,737500,Split Level,4,3.000,"Full,Finished",1 Car Attached,6,10940.00,CL,12/19/2017,5/19/2018,1/11/2018,3/12/2018,23,Det,1,1,2992121
3967,,Sunset,Avenue,Seaford,11783,519000,497000,Hi Ranch,5,2.000,"None,Unfinished",,6,15504.42,CL,1/18/2018,7/31/2018,2/06/2018,5/04/2018,19,Det,1,1,2997715
2526,S,Seamans Neck,Road,Seaford,11783,525000,520000,Split Level,4,3.000,"Partial,Finished",1 Car Detached,6,15912.90,CL,1/19/2018,7/19/2018,3/27/2018,4/27/2018,66,Det,1,1,2997878
3682,,Bayview,Street,Seaford,11783,519000,490000,2 Story,6,2.000,"Crawl,Unfinished",1 Car Attached,6,12585.00,CL,1/26/2018,3/03/2018,4/02/2018,5/11/2018,65,Det,1,2,2999753
48,,Park,Avenue,Oyster Bay,11771,528000,482000,Duplex,3,2.000,"Full,Unfinished",2 Car Detached,6,10826.01,CL,1/29/2018,7/30/2018,3/07/2018,5/14/2018,37,Det,1,1,2999997
46,,Hill,Drive,Oyster Bay,11771,619000,610000,Split Level,3,2.500,"Full,Unfinished",1 Car Attached,6,13211.69,CL,2/19/2018,8/08/2018,4/11/2018,7/02/2018,50,Det,1,1,3005559
2642,S,Seamans Neck,Road,Seaford,11783,649000,622000,Splanch,4,2.500,"Partial,Finished",2 Car Attached,6,12146.78,CL,3/02/2018,8/30/2018,4/23/2018,6/08/2018,51,Det,1,1,3008694
3834,,Oxford,Lane,Seaford,11783,679500,675000,Split Level,4,2.000,"Full,Finished",1 Car Attached,6,9793.13,CL,3/07/2018,2/19/2019,11/07/2018,3/19/2019,245,Det,1,1,3010018
2050,,Azalea,Court,Seaford,11783,585000,585000,Colonial,4,2.500,"Full,Finished",1 Car Attached,6,16404.36,CL,3/14/2018,2/27/2019,3/28/2018,5/17/2018,14,Det,1,1,3011933
2351,,Pine,Street,Seaford,11783,539000,543000,Colonial,3,2.500,"None,Unfinished",1 Car Detached,6,11407.00,CL,3/15/2018,9/14/2018,5/09/2018,8/28/2018,55,Det,1,1,3012647
2683,S,Seamans Neck,Road,Seaford,11783,569000,569000,Splanch,4,2.500,"Partial,Unfinished",2 Car Attached,6,12712.49,CL,3/20/2018,7/16/2018,3/26/2018,5/30/2018,6,Det,1,1,3013652
2694,,Bryant,Drive,Seaford,11783,599000,585000,Hi Ranch,3,2.500,"None,Unfinished",,6,10930.00,CL,4/05/2018,12/05/2018,5/29/2018,8/10/2018,54,Det,1,1,3017831
86,,Vernon,Avenue,East Norwich,11732,519000,510000,Colonial,3,1.500,"Partial,Unfinished",1 Car Detached,6,9598.47,CL,4/09/2018,4/09/2019,4/27/2018,6/18/2018,18,Det,1,1,3018642
3859,,Fulton,Avenue,Seaford,11783,489999,500000,Exp Cape,5,2.000,"Full,Finished",,6,12261.99,CL,4/13/2018,10/30/2018,5/14/2018,7/05/2018,31,Att,1,1,3020407
2403,,Oakdale,Avenue,Seaford,11783,599999,599999,Colonial,3,2.500,"Crawl,Unfinished",1 Car Attached,6,14000.00,CL,4/18/2018,10/16/2018,8/20/2018,10/31/2018,124,Det,1,1,3021623
107,,Yorkshire,Drive,East Norwich,11732,629000,610000,Exp Cape,4,1.500,"Full,Finished",2 Car Attached,6,11508.10,CL,1/11/2018,7/07/2018,6/05/2018,7/25/2018,144,Det,1,1,3023924
3743,,Clark,Street,Seaford,11783,499000,510000,Split Level,3,3.000,"Partial,Finished",2 Car Attached,6,10467.94,CL,4/25/2018,10/10/2018,5/02/2018,8/20/2018,7,Det,1,1,3023963
264,,Peachtree,Drive,East Norwich,11732,749000,729000,Colonial,4,2.500,"Full,Unfinished",2 Car Attached,6,11085.00,CL,5/03/2018,11/03/2018,6/05/2018,8/21/2018,33,Det,1,1,3026364
3906,,Elayne,Court,Seaford,11783,649000,650000,Hi Ranch,4,3.000,"None,Unfinished",1 Car Attached,6,12377.20,CL,5/04/2018,12/01/2018,5/18/2018,7/12/2018,14,Det,1,1,3027177
2917,,Shore,Road,Seaford,11783,629888,612500,Colonial,4,2.500,"Crawl,Unfinished",,6,13621.47,CL,5/11/2018,12/31/2018,8/28/2018,11/14/2018,109,Det,1,1,3029303
6,,Coral,Cove,East Norwich,11732,639999,630000,Ranch,3,3.000,"Full,Finished",1 Car Attached,6,7919.99,CL,5/13/2018,11/13/2018,6/29/2018,9/28/2018,47,Det,1,1,3029659
2099,,Paddock,Road,Seaford,11783,515000,495000,Ranch,3,1.000,"Full,Unfinished",,6,9504.11,CL,5/15/2018,11/15/2018,6/14/2018,9/24/2018,30,Att,1,1,3030208
206,,Radcliff,Drive,East Norwich,11732,559000,520000,Split Level,3,2.500,"Partial,Unfinished",1 Car Attached,6,7928.00,CL,5/16/2018,1/31/2019,8/03/2018,12/14/2018,79,Att,1,1,3030875
164,,Sugar Toms,Lane,East Norwich,11732,839000,790000,Colonial,5,3.000,"Partial,Finished",2 Car Attached,6,19281.06,CL,5/16/2018,5/16/2019,3/12/2019,5/16/2019,300,Det,1,1,3030978
3994,,Fulton,Avenue,Seaford,11783,509999,550000,Cape,4,2.000,"Full,Finished",1 Car Attached,6,14647.00,CL,5/21/2018,12/31/2018,6/02/2018,7/05/2018,12,Det,1,1,3031968
3933,,Maplewood,Drive,Seaford,11783,519000,510000,Exp Ranch,3,2.000,"Full,Finished",1 Car Detached,6,14187.67,CL,5/21/2018,10/30/2018,9/17/2018,11/30/2018,119,Det,1,1,3032307
4030,,Driscoll,Lane,Seaford,11783,579000,610000,Split Level,3,2.000,"Full,Partially Finished",2 Car Attached,6,9710.79,CL,5/25/2018,10/01/2018,6/13/2018,8/16/2018,19,Det,1,1,3033461
23,,Locust,Avenue,East Norwich,11732,559000,535000,Colonial,3,1.500,Full,1 Car Detached,6,10762.30,CL,5/28/2018,3/31/2019,8/29/2018,11/09/2018,93,Det,1,1,3033966
3980,,Park Ave,,Seaford,11783,749000,737000,Tudor,3,2.500,"Full,Finished",,6,9272.00,CL,5/30/2018,11/30/2018,6/20/2018,7/24/2018,21,Att,1,1,3034748
3791,,Charles,Court,Seaford,11783,559999,544000,Split Level,3,2.500,"Full,Finished",2 Car Attached,6,13100.00,CL,5/31/2018,5/31/2019,6/21/2018,8/27/2018,21,Det,1,1,3035033
3654,,Somerset,Drive,Seaford,11783,719990,695000,Contemporary,4,2.500,"Crawl,Unfinished",1 Car Attached,6,13800.50,CL,6/05/2018,11/30/2018,7/12/2018,8/29/2018,37,Det,1,1,3036527
2389,,Penatiquit,Avenue,Seaford,11783,529888,490000,Colonial,5,2.000,"None,Unfinished",1 Car Attached,6,11027.56,CL,6/13/2018,12/31/2018,9/19/2018,11/20/2018,98,Det,1,1,3039295
3806,,Charles,Court,Seaford,11783,599000,580000,Colonial,4,1.500,"Full,Partially Finished",,6,12097.40,CL,6/14/2018,12/31/2018,9/19/2018,11/20/2018,97,Det,1,1,3039478
3789,,Marilyn,Drive,Seaford,11783,559000,559000,Cape,5,2.000,"Full,Unfinished",1 Car Attached,6,10269.78,CL,6/15/2018,12/15/2018,7/13/2018,10/12/2018,28,Det,1,1,3040107
31,,Allen,Drive,Great Neck,11020,599999,590000,Cape,4,1.000,"Full,Unfinished",,6,7732.00,CL,6/21/2018,12/11/2018,8/02/2018,12/06/2018,42,Det,1,1,3041723
38,,Capitol Heights,Road,Oyster Bay,11771,678000,670000,Colonial,4,2.000,"Full,Unfinished",1 Car Detached,6,7538.77,CL,6/30/2018,12/30/2018,8/08/2018,9/07/2018,39,Det,1,1,3044489
8,,Whitney,Avenue,East Norwich,11732,518000,500000,Ranch,3,2.000,"Full,Finished",1 Car Attached,6,10603.23,CL,7/05/2018,6/30/2019,8/13/2018,9/20/2018,39,Det,1,1,3045515
3828,,Wilburne,Avenue,Seaford,11783,599999,600000,Colonial,4,2.500,Full,,6,16529.31,CL,7/05/2018,7/05/2019,7/18/2018,9/27/2018,13,Det,1,1,3045886
70,,Hill,Drive,Oyster Bay,11771,739000,712000,Split Level,4,2.500,"Full,Finished",1 Car Attached,6,13899.00,CL,7/11/2018,1/10/2019,8/14/2018,9/24/2018,34,Det,1,1,3047417
2134,,Wantagh Park,Drive,Wantagh,11793,675000,655000,Split Level,4,2.000,"Partial,Finished",1 Car Attached,6,11421.74,CL,7/11/2018,1/11/2019,8/07/2018,12/07/2018,27,Det,1,1,3047461
29,,Auburn,Lane,East Norwich,11732,749900,736500,Colonial,4,2.500,"Full,Finished",1 Car Attached,6,11649.00,CL,7/12/2018,9/15/2018,8/08/2018,11/02/2018,27,Det,1,1,3047615
110,,Briarcliff,Road,East Norwich,11732,649000,620000,Split Level,3,2.500,Full,1 Car Attached,6,10553.00,CL,7/16/2018,1/09/2019,10/12/2018,12/04/2018,88,Det,1,1,3048530
2550,,Harvard,Lane,Seaford,11783,489000,500000,Hi Ranch,4,2.000,"None,Unfinished",2 Car Attached,6,14931.00,CL,7/16/2018,3/16/2019,7/31/2018,1/31/2019,15,Det,1,1,3048583
3761,,Hudson,Avenue,Seaford,11783,724999,710000,Colonial,4,2.500,Full,1 Car Attached,6,21207.23,CL,7/16/2018,7/15/2019,12/10/2018,3/29/2019,147,Det,1,1,3048809
3800,,Lincoln,Street,Seaford,11783,689000,700000,Colonial,4,3.000,Full,,6,14154.78,CL,7/24/2018,1/24/2019,8/08/2018,10/25/2018,15,Det,1,1,3051212
42,,Udall,Drive,Great Neck,11020,619000,619000,Duplex,5,3.000,"Full,Finished",,6,9399.00,CL,7/26/2018,10/31/2018,8/09/2018,8/30/2018,14,Det,2,2,3051724
46,,Park,Avenue,Oyster Bay,11771,649000,613000,Colonial,3,2.500,"Full,Finished",1 Car Detached,6,10551.71,CL,8/09/2018,12/31/2018,10/11/2018,1/24/2019,63,Det,1,1,3055860
51,,Roosevelt,Drive,East Norwich,11732,729000,695000,Ranch,3,3.000,Full,2 Car Attached,6,9638.29,CL,4/18/2018,10/09/2018,9/24/2018,12/05/2018,159,Det,1,1,3057359
3834,,Voorhis,Lane,Seaford,11783,539000,528000,Split Level,3,1.500,"Full,Finished",1 Car Attached,6,12817.88,CL,8/21/2018,8/21/2019,9/27/2018,11/02/2018,37,Det,1,1,3059379
206,,East Shore,Road,Great Neck,11023,809000,800000,Colonial,3,2.500,"Full,Unfinished",2 Car Detached,6,14021.00,CL,9/04/2018,10/31/2018,9/21/2018,2/15/2019,17,Det,2,2,3062201
2160,,Spruce,Street,Wantagh,11793,539000,510000,Cape,5,2.000,"Full,Partially Finished",,6,14516.00,CL,9/17/2018,3/17/2019,11/13/2018,1/24/2019,57,Det,1,1,3065816
3642,,Somerset,Drive,Seaford,11783,526000,520000,Colonial,3,2.000,"Crawl,Unfinished",,6,16850.63,CL,9/17/2018,3/01/2019,12/18/2018,4/05/2019,92,Det,1,1,3065829
1691,,Seamans Neck,Road,Seaford,11783,529000,515000,Split Level,3,2.500,"Full,Finished",2 Car Attached,6,12077.39,CL,9/18/2018,3/10/2019,10/23/2018,1/15/2019,35,Det,1,1,3066177
127,,Hillside,Avenue,Manhasset,11030,699999,675000,Colonial,3,1.000,"Full,Unfinished",1 Car Detached,6,8877.00,CL,9/21/2018,1/31/2019,11/05/2018,1/14/2019,45,Det,1,1,3067048
82,E,Main,Street,Oyster Bay,11771,695000,695000,Colonial,4,2.000,"Full,Unfinished",,6,11598.00,CL,10/02/2018,7/05/2019,10/30/2018,3/14/2019,28,Det,1,1,3070114
20,,Bayview,Court,Manhasset,11030,699000,670000,2 Story,2,1.000,Full,,6,9607.00,CL,10/09/2018,4/04/2019,10/31/2018,11/19/2018,22,Att,1,1,3071941
3625,,Naomi,Street,Seaford,11783,522900,495000,Cape,4,2.000,"Crawl,Unfinished",1 Car Attached,6,9375.00,CL,10/12/2018,3/18/2019,12/24/2018,1/31/2019,73,Det,1,1,3072779
2345,,Maple,Street,Seaford,11783,469000,485000,Colonial,3,2.000,"Crawl,Unfinished",1 Car Detached,6,12922.70,CL,11/01/2018,10/10/2019,11/26/2018,3/15/2019,25,Det,1,1,3077818
3676,,Ionia,Street,Seaford,11783,499000,491000,Hi Ranch,4,2.000,"None,Unfinished",1 Car Attached,6,11681.51,CL,11/08/2018,8/07/2019,1/16/2019,3/08/2019,69,Det,1,1,3079831
128,,Radcliff,Drive,East Norwich,11732,639995,625000,Cape,4,2.000,Full,,6,8097.78,CL,11/13/2018,12/14/2018,3/25/2019,3/25/2019,131,Det,1,1,3080990
104,,Sugar Toms,Lane,East Norwich,11732,639000,625000,Hi Ranch,5,4.500,"None,Unfinished",2 Car Attached,6,13429.00,CL,11/15/2018,5/15/2019,12/05/2018,1/28/2019,20,Det,1,1,3081427
3853,,New York,Avenue,Seaford,11783,699000,650000,Colonial,4,3.500,"Full,Finished",1 Car Attached,6,14845.00,CL,12/03/2018,12/03/2019,1/08/2019,3/15/2019,36,Det,1,1,3084834
3900,,Sands Lane,,Seaford,11783,599000,530000,2 Story,3,3.000,"None,Unfinished",,6,13545.79,CL,12/08/2018,5/18/2019,2/25/2019,5/17/2019,79,Det,1,1,3086047
89,,Kellogg,Street,Oyster Bay,11771,788500,770000,Colonial,4,3.500,"Full,Unfinished",2 Car Attached,6,16824.00,CL,12/28/2018,10/25/2019,8/05/2019,10/15/2019,219,Det,1,1,3089068
128,,Radcliff,Drive,East Norwich,11732,639995,625000,Cape,4,2.000,Full,,6,7845.25,CL,1/10/2019,3/11/2019,2/01/2019,3/25/2019,22,Det,1,1,3092259
2361,,Penatiquit,Avenue,Seaford,11783,679000,642000,Colonial,4,3.000,"None,Unfinished",1 Car Attached,6,14917.00,CL,1/14/2019,7/14/2019,3/09/2019,4/04/2019,54,Det,1,1,3092789
49,,Floyd,Place,East Norwich,11732,699000,695000,Colonial,4,2.500,"Full,Unfinished",1 Car Attached,6,11138.00,CL,1/15/2019,7/01/2019,2/26/2019,5/10/2019,42,Det,1,1,3093300
6204,,Northern,Boulevard,East Norwich,11732,649999,650000,Split Level,3,1.500,"Partial,Partially Finished",1 Car Attached,6,7422.87,CL,1/22/2019,7/22/2019,2/14/2019,8/28/2019,23,Det,1,1,3095018
2,,Trebor,Road,Massapequa,11758,538000,538000,2 Story,4,4.000,"Full,Finished",,6,11744.00,CL,1/31/2019,7/31/2019,5/22/2019,8/15/2019,110,Det,1,1,3097566
2128,,Bit,Path,Seaford,11783,599000,629000,Exp Cape,4,3.500,"Partial,Unfinished",1 Car Attached,6,18712.03,CL,2/04/2019,10/31/2019,4/16/2019,6/04/2019,70,Det,1,1,3098421
32,,Park,Avenue,Oyster Bay,11771,595000,569000,Cape,3,2.000,Full,,6,10475.00,CL,2/12/2019,8/05/2019,3/22/2019,4/23/2019,37,Det,1,1,3100587
81,,Peachtree Dr,,East Norwich,11732,599000,550000,Colonial,3,3.000,"Full,Partially Finished",2 Car Attached,6,15074.85,CL,2/15/2019,2/14/2020,4/01/2019,5/24/2019,44,Det,1,1,3101464
179,,School,Street,Oyster Bay,11771,650000,645000,Colonial,3,2.000,"Full,Unfinished",3 Car Detached,6,11479.91,CL,2/23/2019,8/22/2019,7/25/2019,10/03/2019,151,Det,1,1,3103445
3829,,Beechwood,Place,Seaford,11783,688900,650000,Split Level,4,4.000,Full,,6,12726.92,CL,2/27/2019,6/30/2019,4/18/2019,6/04/2019,49,Det,1,1,3104439
3405,,Walters,Avenue,Wantagh,11793,499990,515000,Cape,3,1.000,Full,1 Car Detached,6,11021.24,CL,3/04/2019,11/30/2019,3/24/2019,7/25/2019,19,Det,1,1,3105751
3457,,1st,Place,Seaford,11783,489000,510000,Hi Ranch,3,2.550,"None,Unfinished",1 Car Attached,6,13386.62,CL,3/05/2019,9/01/2019,3/18/2019,4/30/2019,12,Det,1,1,3106307
3811,,Charles,Court,Seaford,11783,618000,595000,Colonial,4,1.500,Full,1 Car Attached,6,11527.25,CL,3/18/2019,12/31/2019,4/11/2019,7/15/2019,24,Det,1,1,3110126
2588,,Seminole,Avenue,Seaford,11783,599000,570000,Colonial,4,3.000,"Crawl,Unfinished",1 Car Attached,6,16212.00,CL,3/18/2019,3/16/2020,5/16/2019,10/04/2019,59,Det,1,1,3110275
2197,,Pine,Street,Wantagh,11793,549999,560000,Colonial,3,2.000,Full,1 Car Detached,6,12377.44,CL,3/26/2019,3/25/2020,4/15/2019,7/18/2019,20,Det,1,1,3112551
21,,Roosevelt,Drive,East Norwich,11732,735000,700000,Ranch,3,3.000,"Full,Finished",,6,10391.00,CL,3/27/2019,10/27/2019,7/03/2019,8/21/2019,98,Det,1,1,3113119
3886,,Worthmor,Drive,Seaford,11783,537000,495000,Ranch,4,2.000,"Full,Partially Finished",,6,12622.00,CL,3/27/2019,12/27/2019,7/24/2019,9/26/2019,119,Det,1,1,3113208
34,,Peerless,Drive,Oyster Bay,11771,549000,520000,Colonial,3,2.500,"Full,Unfinished",1 Car Attached,6,12402.33,CL,3/29/2019,9/29/2019,5/01/2019,7/18/2019,33,Det,1,1,3114493
3802,,Hollis,Lane,Seaford,11783,550000,515000,Split Level,3,1.500,"Full,Finished",1 Car Attached,6,12000.00,CL,4/03/2019,10/03/2019,5/18/2019,7/18/2019,45,Det,1,1,3115674
4055,,Judge,Court,Seaford,11783,669990,699000,Split Level,3,2.500,"Partial,Finished",,6,19784.00,CL,4/04/2019,7/04/2019,5/02/2019,6/18/2019,28,Det,1,1,3116399
12,,Gailview,Drive,Oyster Bay,11771,599900,600000,Split Level,3,1.500,"Full,Partially Finished",1 Car Attached,6,12114.73,CL,4/05/2019,8/05/2019,4/23/2019,5/08/2019,18,Det,1,1,3116526
2374,,Oakdale,Avenue,Seaford,11783,589000,585500,Splanch,4,1.500,"Partial,Unfinished",1 Car Attached,6,11979.29,CL,4/08/2019,10/08/2019,9/03/2019,11/18/2019,148,Det,1,1,3117110
3685,,Nimrod,Street,Seaford,11783,749999,749000,Colonial,4,2.500,"Crawl,Unfinished",2 Car Attached,6,14334.47,CL,1/07/2019,1/07/2020,8/15/2019,10/11/2019,219,Det,1,1,3118019
3872,,Beechwood,Place,Seaford,11783,488888,490000,Ranch,3,1.000,"Full,Finished",,6,10998.00,CL,4/12/2019,12/12/2019,4/30/2019,6/27/2019,18,Det,1,1,3118976
5,,Vernon,Avenue,East Norwich,11732,769000,735000,Split Level,4,2.000,"Full,Finished",1 Car Attached,6,13335.84,CL,3/07/2019,9/04/2019,5/10/2019,6/21/2019,63,Det,1,1,3120701
2375,,Langen,Drive,Seaford,11783,559000,586000,Split Level,4,2.000,"Crawl,Unfinished",1 Car Attached,6,13441.78,CL,5/02/2019,10/31/2019,5/22/2019,8/23/2019,20,Det,1,1,3124081
47,,Sand,Street,Massapequa,11758,499990,490000,Exp Cape,5,2.000,"Full,Partially Finished",,6,9621.83,CL,5/08/2019,11/06/2019,6/20/2019,7/31/2019,43,Det,1,1,3126701
3542,,Shore,Place,Seaford,11783,559000,527500,Hi Ranch,5,3.000,"None,Unfinished",1 Car Attached,6,12051.25,CL,5/08/2019,7/31/2019,6/21/2019,8/15/2019,44,Det,1,2,3126803
86,,Sugar Toms,Lane,East Norwich,11732,558000,535000,Hi Ranch,3,2.500,"Full,Finished",2 Car Attached,6,7855.80,CL,5/10/2019,5/10/2020,7/31/2019,9/19/2019,82,Det,1,1,3127553
99,,Clocks blvd,,Massapequa,11758,650000,645000,Exp Cape,5,2.000,"None,Unfinished",,6,14417.45,CL,5/13/2019,1/15/2020,7/01/2019,9/23/2019,49,Det,1,1,3127964
3845,,Mill,Road,Seaford,11783,595000,596000,Ranch,2,2.000,"Full,Finished",1 Car Attached,6,11196.90,CL,5/15/2019,11/30/2019,6/06/2019,9/26/2019,22,Det,1,1,3128896
1734,,Park,Drive,Seaford,11783,625000,610000,Split Level,4,2.500,"Crawl,Unfinished",1 Car Attached,6,16882.29,CL,5/16/2019,9/15/2019,6/27/2019,9/11/2019,42,Det,1,1,3129264
3855,,Harbor,Boulevard,Seaford,11783,569000,570000,Split Level,3,2.000,"Partial,Unfinished",,6,10692.69,CL,5/20/2019,11/21/2019,6/18/2019,10/16/2019,29,Det,1,1,3130504
3730,,Somerset,Drive,Seaford,11783,624999,615000,Colonial,4,2.500,"None,Unfinished",1 Car Attached,6,12137.15,CL,5/22/2019,11/09/2019,6/08/2019,9/27/2019,17,Det,1,1,3131212
4049,,Driscoll,Lane,Seaford,11783,509800,505000,Colonial,4,2.500,"Full,Unfinished",1 Car Attached,6,18534.00,CL,5/23/2019,2/23/2020,8/14/2019,10/17/2019,83,Det,1,1,3131885
1378,,Wooded,Lane,Seaford,11783,639999,615000,Hi Ranch,4,2.000,"None,Unfinished",,6,12309.65,CL,5/29/2019,11/29/2019,8/19/2019,10/28/2019,82,Det,1,1,3132944
5,,Clifford,,East Norwich,11732,649000,634000,Colonial,3,1.500,"Full,Finished",1 Car Detached,6,11234.00,CL,5/31/2019,12/31/2019,6/13/2019,8/16/2019,13,Det,1,1,3133689
100,,Mill River,,Oyster Bay,11771,749000,650000,Colonial,4,3.500,"Full,Finished",2 Car Attached,6,18320.00,CL,6/01/2019,12/31/2019,8/26/2019,12/02/2019,86,Det,1,1,3134106
1436,,Harland,Drive,Seaford,11783,589000,570000,Colonial,4,2.500,"Partial,Unfinished",,6,9494.00,CL,6/11/2019,12/11/2019,8/22/2019,11/21/2019,72,Att,1,1,3137491
81,,Peachtree,Drive,East Norwich,11732,765000,750000,Colonial,4,4.000,"Full,Finished",2 Car Attached,6,14262.03,CL,6/13/2019,11/11/2019,7/12/2019,8/26/2019,29,Att,1,1,3138248
58,,Hill,Drive,Oyster Bay,11771,729000,700000,Split Level,3,2.500,"Full,Partially Finished",1 Car Attached,6,12736.36,CL,6/17/2019,6/12/2020,8/06/2019,10/16/2019,50,Det,1,1,3138932
1982,,Jackson,Avenue,Seaford,11783,699000,670000,Exp Ranch,5,5.000,"Full,Finished",2 Car Detached,6,19120.81,CL,6/17/2019,9/30/2019,8/30/2019,10/21/2019,74,Det,1,1,3139165
3909,,Keily,Drive,Seaford,11783,529950,535000,Exp Ranch,5,2.000,"Full,Partially Finished",1 Car Detached,6,11565.00,CL,6/25/2019,12/27/2019,7/17/2019,8/27/2019,22,Det,1,1,3141678
44,,Hill,Drive,Oyster Bay,11771,679000,680000,Split Level,4,2.000,"Full,Partially Finished",1 Car Attached,6,12551.00,CL,6/25/2019,1/25/2020,9/24/2019,12/12/2019,91,Det,1,1,3141829
2,,Walnut,Avenue,East Norwich,11732,699000,650000,Exp Cape,2,2.500,"Partial,Finished",,6,14518.00,CL,6/27/2019,12/31/2019,7/30/2019,9/30/2019,33,Det,1,1,3142519
3554,,Wadena,Street,Seaford,11783,505000,505000,Modern,3,2.000,"Full,Finished",,6,13201.43,CL,7/01/2019,7/01/2020,7/04/2019,9/25/2019,3,Det,1,1,3143268
2705,,Beaver Turn,,Seaford,11783,539900,515000,Colonial,4,3.000,"Full,Finished",2 Car Detached,6,14866.65,CL,6/30/2019,6/30/2020,8/19/2019,12/11/2019,50,Det,1,2,3143628
3622,,Marjorie,Lane,Seaford,11783,599000,570000,Colonial,5,2.500,"Full,Partially Finished",1 Car Detached,6,11664.00,CL,7/02/2019,12/31/2019,8/16/2019,11/13/2019,45,Det,1,1,3143937
2552,,Neptune,,Seaford,11783,499000,510000,Modern,3,1.500,"Crawl,Unfinished",,6,12000.00,CL,7/03/2019,11/30/2019,11/22/2019,11/25/2019,142,Det,1,1,3144019
190,,Ivy,Street,Oyster Bay,11771,549000,560000,Hi Ranch,4,2.000,"None,Unfinished",2 Car Attached,6,11087.67,CL,7/10/2019,12/31/2019,8/02/2019,9/12/2019,23,Det,1,1,3146088
2,,Whippet,Lane,East Norwich,11732,425000,560000,Colonial,3,1.550,"None,Unfinished",2 Car Attached,6,9210.13,CL,7/15/2019,1/15/2020,8/15/2019,9/24/2019,31,Det,1,1,3147240
29,,Grace,Street,Oyster Bay,11771,519000,490000,Cape,3,2.000,"Full,Finished",,6,9959.00,CL,8/01/2019,2/28/2020,9/04/2019,11/04/2019,34,Det,1,1,3152306
100,,Singworth,Street,Oyster Bay,11771,695000,665000,Cape,4,3.000,"Full,Finished",,6,10368.94,CL,8/04/2019,9/01/2020,9/25/2019,10/28/2019,52,Det,1,1,3153251
3886,,Jerusalem Avenue,,Seaford,11783,549000,525000,Split Level,4,1.500,"Full,Finished",,6,10171.10,CL,8/16/2019,2/16/2020,12/07/2019,1/30/2020,113,Det,1,1,3157043
2103,,Willoughby,Avenue,Wantagh,11793,525000,530000,Cape,4,1.000,"Full,Unfinished",,6,12639.00,CL,8/22/2019,2/15/2020,9/18/2019,12/13/2019,27,Det,1,1,3158321
3681,,Ionia,Street,Seaford,11783,599999,560000,Colonial,4,2.000,"Crawl,Unfinished",2 Car Detached,6,12382.00,CL,8/25/2019,8/25/2020,9/23/2019,12/19/2019,29,Det,1,1,3159155
2542,,Nelson,Drive,Seaford,11783,549000,525000,Ranch,4,1.500,"Full,Finished",2 Car Attached,6,14700.00,CL,8/30/2019,3/29/2020,9/25/2019,1/22/2020,26,Det,1,1,3160097
20,,Crescent Cove,Circle,Seaford,11783,699999,705000,Colonial,3,2.500,"Crawl,Unfinished",2 Car Attached,6,17411.32,CL,9/26/2019,4/01/2020,10/25/2019,12/06/2019,29,Det,1,1,3167886
2620,,Ocean,Avenue,Seaford,11783,525000,525000,Colonial,4,1.500,"Crawl,Unfinished",1 Car Attached,6,17223.81,CL,10/02/2019,4/01/2020,10/24/2019,1/06/2020,22,Det,1,1,3169237
3804,,Lincoln,Street,Seaford,11783,539999,516050,Raised Ranch,3,1.000,"Full,Finished",1 Car Attached,6,12726.92,CL,10/11/2019,4/10/2020,1/04/2020,2/12/2020,85,Det,1,1,3172210
347,,Harbor View,Drive,Centre Island,11771,629000,600000,Ranch,3,2.000,"Full,Partially Finished",1 Car Attached,6,14095.56,CL,10/17/2019,4/17/2020,11/25/2019,1/23/2020,39,Det,1,1,3173548
11,,Walnut,Avenue,East Norwich,11732,699000,620000,Cape,3,2.500,"Partial,Unfinished",,6,9893.00,CL,10/21/2019,10/21/2020,12/03/2019,3/10/2020,43,Det,1,1,3174281
11,,Highwood,Road,East Norwich,11732,649000,615000,Split Level,4,3.000,"Full,Finished",2 Car Attached,6,11160.74,CL,11/01/2019,1/31/2020,12/09/2019,2/06/2020,38,Det,1,1,3177261
2526,,Adams,Court,Seaford,11783,625000,620000,Hi Ranch,4,2.000,"None,Unfinished",2 Car Attached,6,9000.00,CL,11/05/2019,9/04/2020,1/27/2020,3/12/2020,83,Det,1,1,3178449
3810,,Mansfield,Drive,Seaford,11783,479000,491000,Cape,4,2.000,"Full,Finished",,6,12962.00,CL,7/21/2017,1/20/2018,8/02/2017,9/22/2017,12,Det,1,1,*1296400
9,,Highwood,Road,East Norwich,11732,650000,701500,Split Level,3,3.000,"Partial,Unfinished",2 Car Attached,6,9016.94,CL,11/17/2017,6/02/2018,11/29/2017,4/02/2018,12,Det,1,1,*1300902
4008,,Hudson,Avenue,Seaford,11783,529990,530000,Split Level,3,2.500,"Partial,Finished",2 Car Attached,6,10762.23,CL,3/09/2019,10/09/2019,4/11/2019,5/15/2019,32,Det,1,1,*1339776
15,,Cliff,Drive,Bayville,11709,520000,495000,Cape,2,1.500,Full,,6,4591.49,CL,11/16/2018,6/30/2019,2/03/2019,5/13/2019,79,Det,1,1,*1346358
,,Harland,Road,Seaford,11783,729000,700000,Colonial,4,2.500,"Full,Unfinished",2 Car Attached,6,0.00,CL,3/22/2015,3/22/2016,3/14/2016,6/20/2017,822,Det,1,1,2746769
6,,Seawanhaka,Place,Oyster Bay,11771,769000,725000,Hi Ranch,4,3.000,"None,Unfinished",2 Car Attached,6,12523.00,CL,5/17/2016,2/01/2017,1/17/2017,5/11/2017,245,Det,1,1,2853539
6244,,Northern,Boulevard,East Norwich,11732,589000,550000,Colonial,4,3.000,"Full,Partially Finished",1 Car Attached,6,9603.74,CL,6/26/2016,3/31/2017,2/17/2017,7/03/2017,236,Det,1,1,2864723
112,,Yorkshire,Drive,East Norwich,11732,549000,535000,Colonial,4,2.000,"Full,Finished",,6,10231.67,CL,7/20/2016,2/20/2017,1/18/2017,4/17/2017,182,Det,1,1,2870198
55,,Tooker,Avenue,Oyster Bay,11771,599000,585600,Colonial,3,2.000,"Full,Unfinished",,6,12308.63,CL,10/25/2016,4/21/2017,2/14/2017,4/05/2017,112,Det,1,1,2892401
869,,Oyster Bay,Road,East Norwich,11732,499999,495000,Split Level,4,1.500,"Full,Finished",1 Car Attached,6,9586.66,CL,11/09/2016,9/01/2017,6/13/2017,10/02/2017,215,Det,1,1,2895383
68,,Colonial,Drive,Massapequa,11758,499000,490000,Colonial,4,2.500,"Full,Unfinished",1 Car Attached,6,15974.00,CL,12/04/2016,5/20/2017,3/03/2017,5/10/2017,89,Det,1,1,2900014
2372,,Aron,Drive,Seaford,11783,519990,490000,Split Level,3,1.500,"Full,Finished",1 Car Attached,6,9835.19,CL,12/09/2016,5/07/2017,4/29/2017,6/21/2017,140,Det,1,1,2901302
83,,Lancia,Drive,East Norwich,11732,679000,660000,Colonial,4,2.500,"Full,Unfinished",2 Car Attached,6,12026.00,CL,1/15/2017,10/12/2017,2/06/2017,3/27/2017,22,Det,1,1,2906810
2362,,Penatiquit,Avenue,Seaford,11783,499000,495000,Exp Cape,4,3.000,"None,Unfinished",1 Car Attached,6,16919.00,CL,1/20/2017,7/15/2017,2/11/2017,4/13/2017,22,Det,1,1,2908089
1,,Agnes,Street,Oyster Bay,11771,575000,575000,Ranch,3,3.000,"Full,Finished",2 Car Attached,6,11958.00,CL,1/29/2017,6/30/2017,2/11/2017,4/28/2017,13,Det,1,1,2909870
2361,,Mattituck,Avenue,Seaford,11783,549000,550000,Colonial,4,3.000,"Full,Partially Finished",1 Car Attached,6,13010.00,CL,3/02/2017,8/27/2017,3/20/2017,5/24/2017,17,Det,1,1,2917944
111,,Gaynor,Avenue,Manhasset,11030,769900,795000,Cape,4,2.000,Full,,6,15559.00,CL,3/08/2017,6/06/2017,3/27/2017,5/30/2017,18,Det,1,1,2919672
151,W,Main,Street,Oyster Bay,11771,549000,535000,Colonial,3,1.500,"Full,Partially Finished",2 Car Detached,6,14621.13,CL,3/29/2017,9/30/2017,4/25/2017,7/12/2017,27,Det,1,1,2925403
4060,,Driscoll,Lane,Seaford,11783,569990,575000,Split Level,4,2.500,"Full,Finished",1 Car Attached,6,8930.00,CL,3/31/2017,9/30/2017,4/21/2017,7/31/2017,21,Det,1,1,2926105
3846,,Hickory,Street,Seaford,11783,549000,545000,Hi Ranch,4,3.000,"None,Unfinished",1 Car Attached,6,12444.42,CL,4/03/2017,4/03/2018,4/23/2017,6/19/2017,20,Det,1,1,2926291
12,,Peachtree,Drive,Oyster Bay,11771,748500,725000,Split Level,4,3.000,"Partial,Finished",2 Car Attached,6,14332.57,CL,4/20/2017,7/30/2017,6/07/2017,7/24/2017,48,Det,1,1,2930690
104,W,Main,Street,Oyster Bay,11771,750000,750000,Colonial,4,4.500,"Partial,Finished",3 Car Detached,6,21192.00,CL,4/25/2017,5/31/2018,5/29/2018,8/10/2018,399,Det,1,1,2932424
3796,,Morton,Lane,Seaford,11783,499777,500000,Split Level,3,1.500,Full,1 Car Attached,6,10498.91,CL,4/27/2017,10/26/2017,6/01/2017,7/24/2017,35,Det,1,1,2932908
3811,,Brooklyn,Avenue,Seaford,11783,499990,525000,Colonial,4,2.000,"Full,Partially Finished",1 Car Attached,6,11634.00,CL,4/25/2017,10/24/2017,5/12/2017,6/30/2017,17,Det,1,1,2933006
41,,Sideview,Drive,Oyster Bay,11771,539000,505000,Split Ranch,3,2.000,"Full,Unfinished",,6,8563.25,CL,5/07/2017,11/15/2017,8/02/2017,11/17/2017,87,Det,1,1,2936382
47,,Pine Hollow,Road,Oyster Bay,11771,690000,650000,Colonial,8,4.000,"Full,Unfinished",,6,14123.00,CL,5/09/2017,11/29/2017,9/27/2017,4/16/2018,141,Det,1,4,2936689
2106,,Alan,Drive,Seaford,11783,549999,565000,Exp Cape,5,2.000,"Full,Finished",,6,12270.98,CL,5/16/2017,5/14/2018,6/19/2017,9/06/2017,34,Att,1,1,2938593
1842,,Monroe,Avenue,Seaford,11783,629000,615000,Hi Ranch,4,4.000,"Full,Finished",1 Car Attached,6,12177.00,CL,5/22/2017,9/22/2017,8/17/2017,10/11/2017,87,Det,1,2,2941095
50,,Ridge,Drive,Manhasset,11030,835000,790000,Colonial,3,1.000,"Full,Finished",2 Car Detached,6,8686.00,CL,6/03/2017,5/31/2018,1/24/2018,3/19/2018,235,Det,1,1,2943847
2291,,Mattituck,Avenue,Seaford,11783,555000,550000,Colonial,4,3.000,"Full,Finished",1 Car Detached,6,14177.10,CL,6/12/2017,12/05/2017,7/20/2017,8/15/2017,38,Det,1,1,2946085
4005,,Hudson,Avenue,Seaford,11783,549990,490000,Split Level,4,4.000,"Full,Partially Finished",2 Car Attached,6,13888.61,CL,6/12/2017,12/31/2017,9/08/2017,11/08/2017,88,Det,1,1,2946157
40,,Melbourne,Street,Oyster Bay,11771,669000,625000,Colonial,4,2.500,"Full,Unfinished",2 Car Detached,6,12717.07,CL,6/19/2017,12/15/2017,8/15/2017,12/01/2017,57,Det,1,1,2948103
6,,Mott,Street,Massapequa,11758,519000,505000,Colonial,4,2.500,"Full,Unfinished",1 Car Attached,6,12000.00,CL,7/18/2017,7/18/2018,12/12/2017,2/22/2018,147,Det,1,1,2956096
106,,Radcliff,Drive,East Norwich,11732,635000,607500,Cape,4,2.000,Full,1 Car Attached,6,7204.26,CL,7/20/2017,1/02/2018,10/02/2017,12/29/2017,74,Att,1,1,2956838
2526,,Oak,Court,Seaford,11783,719000,670000,Hi Ranch,4,2.500,"None,Unfinished",2 Car Attached,6,10043.00,CL,8/14/2017,2/28/2018,10/24/2017,1/17/2018,71,Det,1,1,2963101
3518,,Woodward,Avenue,Wantagh,11793,509777,495000,Hi Ranch,5,2.000,"None,Unfinished",,6,11329.19,CL,9/04/2017,6/19/2018,9/15/2017,12/28/2017,11,Det,1,2,2967925
3678,,Wadena,Street,Seaford,11783,509990,506000,Colonial,5,3.000,"Crawl,Unfinished",1 Car Attached,6,16219.44,CL,9/06/2017,3/23/2018,2/15/2018,6/07/2018,162,Det,1,1,2968468
2592,,Kevin,Road,Seaford,11783,739999,715000,Splanch,4,2.500,"Partial,Finished",2 Car Attached,6,12695.97,CL,9/08/2017,3/25/2018,2/01/2018,5/24/2018,146,Det,1,1,2969453
3927,,Maplewood,Drive,Seaford,11783,689999,689999,Colonial,4,2.500,"Full,Finished",1 Car Detached,6,13418.00,CL,9/09/2017,2/01/2018,9/27/2017,2/16/2018,18,Det,1,1,2969530
35,,Gabriele,Drive,East Norwich,11732,749000,710000,Split Level,4,2.000,"Partial,Unfinished",1 Car Attached,6,8772.86,CL,9/11/2017,3/12/2018,10/07/2017,11/22/2017,26,Det,1,1,2970097
5,,Clark,Drive,Great Neck,11020,859000,700000,Tudor,4,3.000,"Full,Finished",3 Car Detached,6,8500.00,CL,10/02/2017,5/01/2018,12/22/2017,3/02/2018,81,Det,1,1,2975701
38,,Capitol Heights,Road,Oyster Bay,11771,515000,490000,Colonial,3,1.000,"Full,Unfinished",1 Car Detached,6,7605.12,CL,10/03/2017,3/31/2018,10/26/2017,12/18/2017,23,Det,1,1,2975783
85,,Circle,Road,Muttontown,11791,795000,750000,Cape,6,4.500,"Full,Unfinished",3 Car Detached,6,28471.00,CL,10/03/2017,4/30/2018,12/13/2017,4/10/2018,71,Det,1,1,2975909
19,,Bayview,Court,Manhasset,11030,750000,775000,Townhouse,2,1.500,Full,,6,9553.13,CL,10/02/2017,4/01/2018,10/17/2017,11/16/2017,15,Sd,1,1,2976137
2108,,Natalie,Boulevard,Seaford,11783,619999,612500,Split Level,3,2.500,"Partial,Finished",2 Car Attached,6,12767.39,CL,10/20/2017,5/20/2018,11/01/2017,1/10/2018,12,Det,1,1,2980117
2,W,The Hollows,,Muttontown,11771,649996,681000,Exp Ranch,6,4.500,"Partial,Unfinished",2 Car Attached,6,20750.00,CL,10/25/2017,10/31/2018,4/01/2018,4/14/2018,158,Det,1,1,2981545
16,,Deusenberg,Drive,East Norwich,11732,749000,749000,Colonial,3,2.500,"Partial,Unfinished",2 Car Attached,6,13267.01,CL,11/01/2017,10/20/2018,11/15/2017,2/20/2018,14,Det,1,1,2982644
9,,Berry Hill,Road,Oyster Bay,11771,695000,635000,Victorian,4,2.500,"Full,Unfinished",,6,9725.00,CL,11/03/2017,12/31/2018,5/07/2018,6/13/2018,185,Det,1,1,2983154
177,E,Main,Street,Oyster Bay,11771,595000,615000,Colonial,4,1.500,"Full,Unfinished",2 Car Detached,6,10798.00,CL,11/13/2017,5/01/2018,12/11/2017,2/27/2018,28,Det,1,1,2985304
8,,Sagamore,Road,East Norwich,11732,639000,615000,Split Level,4,2.500,Partial,1 Car Attached,6,12976.55,CL,11/24/2017,5/30/2018,3/21/2018,5/14/2018,116,Det,1,1,2987472
2290,,Penatiquit,Avenue,Seaford,11783,499000,485000,Hi Ranch,4,2.000,"None,Unfinished",,6,10389.05,CL,11/29/2017,11/29/2018,12/21/2017,2/23/2018,22,Det,1,2,2988356
2472,,Cedar,Street,Seaford,11783,650000,640000,Colonial,4,2.500,"None,Unfinished",1 Car Detached,6,0.00,CL,9/23/2017,1/31/2018,1/10/2018,2/15/2018,109,Det,1,1,2989741
3796,,Hollis,Lane,Seaford,11783,679990,649000,Split Level,4,2.000,"Partial,Finished",1 Car Attached,6,11726.17,CL,12/18/2017,11/15/2018,3/19/2018,11/14/2018,90,Det,1,2,2992003
23,,Underhill,Avenue,Oyster Bay,11771,668000,650000,Hi Ranch,5,2.000,"None,Unfinished",,6,14674.08,CL,1/09/2018,1/31/2019,4/13/2018,6/14/2018,93,Det,1,1,2995349
2019,,Paddock,Road,Seaford,11783,579000,575000,Colonial,4,2.000,"Full,Partially Finished",,6,12271.00,CL,1/24/2018,7/02/2018,1/30/2018,5/29/2018,6,Det,1,1,2998919
44,,Lancia,Drive,East Norwich,11732,759000,765000,Ranch,3,3.000,"Full,Finished",2 Car Attached,6,9930.16,CL,1/29/2018,7/29/2018,2/23/2018,3/29/2018,25,Det,1,1,3000146
2098,,Saddle,Path,Seaford,11783,559000,591000,Colonial,4,2.000,"Full,Partially Finished",1 Car Attached,6,13280.00,CL,2/04/2018,2/04/2019,2/21/2018,4/17/2018,17,Det,1,2,3001769
44,,Cord,Place,East Norwich,11732,769500,775000,Colonial,4,3.500,"Full,Finished",1 Car Attached,6,8769.03,CL,2/14/2018,12/12/2018,2/26/2018,3/22/2018,12,Det,1,1,3004444
255,,Hillcrest,Lane,Upper Brookville,11771,950000,775000,Ranch,0,0.000,"Full,Unfinished",2 Car Attached,6,19365.47,CL,3/03/2018,8/31/2018,3/24/2018,7/18/2018,20,Det,1,1,3009073
2635,,Bryant,Drive,Seaford,11783,619500,615000,Hi Ranch,4,3.000,"None,Unfinished",2 Car Attached,6,13463.50,CL,11/09/2017,5/09/2018,3/23/2018,5/22/2018,133,Det,1,1,3009395
1645,,Pinewood,Road,Seaford,11783,539000,525000,Ranch,3,2.000,"Full,Finished",1 Car Detached,6,14367.00,CL,3/14/2018,9/10/2018,3/28/2018,5/02/2018,14,Det,1,1,3011809
3608,,Tonopah,Street,Seaford,11783,629000,615000,Split Level,4,3.500,"None,Unfinished",1 Car Attached,6,10740.66,CL,3/23/2018,9/20/2018,4/17/2018,7/16/2018,25,Det,1,1,3014610
71,,Roosevelt,Drive,East Norwich,11732,775000,765000,Split Level,4,2.500,"Partial,Finished",2 Car Attached,6,11387.50,CL,4/02/2018,7/29/2018,4/06/2018,11/07/2018,4,Det,1,1,3016723
4062,,Remsen,Street,Seaford,11783,499999,515000,Hi Ranch,4,2.000,"None,Unfinished",1 Car Attached,6,11367.00,CL,4/05/2018,10/05/2018,5/16/2018,7/30/2018,41,Det,1,1,3017790
3526,,Locust,Avenue,Wantagh,11793,774999,767000,Colonial,4,2.500,"Full,Unfinished",1 Car Attached,6,0.00,CL,4/09/2018,12/31/2018,9/04/2018,10/22/2018,148,Det,1,1,3018725
3522,,Locust,Avenue,Wantagh,11793,799999,795000,Colonial,4,2.500,"Full,Unfinished",1 Car Attached,6,0.00,CL,4/09/2018,12/31/2018,5/16/2018,9/21/2018,37,Det,1,1,3018748
253,,Peachtree,Drive,East Norwich,11732,695000,675000,Ranch,3,2.000,"Full,Partially Finished",2 Car Attached,6,12882.01,CL,4/13/2018,10/15/2018,6/06/2018,7/25/2018,54,Det,1,1,3020254
1751,,Jefferson,Street,Seaford,11783,469999,500000,Ranch,3,2.000,"Full,Finished",1 Car Detached,6,12624.10,CL,4/16/2018,4/13/2019,4/25/2018,7/27/2018,9,Det,1,1,3020951
3808,,Morton,Lane,Seaford,11783,515000,504000,Split Level,3,1.500,"Full,Unfinished",1 Car Attached,6,12731.46,CL,4/25/2018,9/30/2018,6/04/2018,7/31/2018,40,Att,1,1,3023799
15,,Spring,Street,Oyster Bay,11771,539000,505000,Duplex,4,2.000,"Full,Unfinished",,6,11261.00,CL,4/26/2018,10/25/2018,6/04/2018,6/29/2018,39,Det,2,2,3024453
93,,Singworth,Street,Oyster Bay,11771,775000,730000,Ranch,3,2.000,"Full,Unfinished",2 Car Attached,6,9627.75,CL,4/27/2018,10/23/2018,8/22/2018,10/04/2018,117,Det,1,1,3024681
2297,,Washington,Avenue,Seaford,11783,749990,749000,Colonial,4,2.500,"Full,Unfinished",1 Car Attached,6,0.00,CL,4/28/2018,10/28/2018,7/16/2018,10/10/2018,79,Det,1,1,3024917
2144,,Parkside,Drive,Seaford,11783,499990,535000,Exp Cape,4,2.000,"None,Unfinished",,6,10649.00,CL,5/01/2018,10/26/2018,5/25/2018,8/21/2018,24,Det,1,1,3025600
890,,Hilltop,Road,Oyster Bay,11771,625000,585000,Colonial,3,1.500,"Full,Unfinished",,6,6927.96,CL,1/27/2018,11/15/2018,9/28/2018,11/08/2018,243,Det,1,1,3026897
127A,,Cove,Road,Oyster Bay,11771,699000,650000,Colonial,4,2.000,"None,Unfinished",1 Car Attached,6,9918.00,CL,5/04/2018,12/28/2018,8/06/2018,8/13/2018,94,Det,1,1,3027187
2542,,Aron,Drive,Seaford,11783,749000,749000,Hi Ranch,4,3.000,"None,Unfinished",,6,17299.98,CL,5/15/2018,11/15/2018,10/19/2018,12/12/2018,157,Det,1,1,3030864
2648,,Ocean,Avenue,Seaford,11783,519000,530000,Hi Ranch,4,2.000,"None,Unfinished",1 Car Attached,6,11001.33,CL,5/17/2018,5/17/2019,6/04/2018,9/17/2018,18,Det,1,1,3030966
1407,,Seamans Neck,Road,Seaford,11783,619000,600000,Hi Ranch,4,3.000,"Full,Finished",,6,13874.97,CL,5/31/2018,11/30/2018,6/22/2018,8/21/2018,22,Att,1,1,3034862
25,,Sideview,Drive,Oyster Bay,11771,585000,575000,Cape,4,2.000,"Full,Finished",1 Car Attached,6,12114.93,CL,5/31/2018,11/25/2018,10/12/2018,1/30/2019,134,Det,1,1,3034975
41,,Florence,Avenue,Oyster Bay,11771,670000,650000,Colonial,3,1.500,"Full,Unfinished",,6,11820.00,CL,6/02/2018,12/31/2018,7/31/2018,10/12/2018,59,Det,1,1,3035855
2094,,North,Drive,Seaford,11783,474990,490000,Exp Cape,4,2.000,"None,Unfinished",1 Car Attached,6,11633.00,CL,6/07/2018,6/07/2019,6/19/2018,9/06/2018,12,Det,1,1,3037694
57,,Simcoe,Street,Oyster Bay,11771,649999,615000,Colonial,3,2.500,Full,,6,12515.00,CL,6/08/2018,3/31/2019,9/14/2018,2/05/2019,98,Det,1,1,3037722
3873,,Hickory,Street,Seaford,11783,549000,525000,Colonial,4,2.000,"Partial,Finished",1 Car Detached,6,15446.50,CL,6/26/2018,10/08/2018,7/26/2018,10/03/2018,30,Det,1,1,3042949
3900,,Elayne,Court,Seaford,11783,599000,590000,Hi Ranch,4,3.000,"None,Unfinished",,6,12865.00,CL,7/09/2018,1/09/2019,8/17/2018,10/17/2018,39,Det,1,1,3046484
264,,Schenck,Avenue,Great Neck,11021,798000,730000,Colonial,2,1.500,"Partial,Unfinished",2 Car Detached,6,12329.92,CL,7/19/2018,10/19/2018,8/10/2018,10/18/2018,22,Det,1,1,3049560
56,,Locust,Lane,Oyster Bay,11771,499999,499999,Colonial,2,1.000,Partial,1 Car Detached,6,7889.00,CL,7/16/2018,7/16/2019,8/16/2018,10/09/2018,31,Att,1,1,3051123
2449,,Archer,Street,Seaford,11783,719000,635000,Colonial,4,2.500,"Crawl,Unfinished",2 Car Attached,6,0.00,CL,7/26/2018,7/26/2019,1/18/2019,2/15/2019,176,Det,1,1,3051897
3878,,Franklin,Avenue,Seaford,11783,499000,521000,Cape,4,2.000,"Full,Unfinished",,6,10566.00,CL,7/26/2018,8/31/2018,8/07/2018,10/24/2018,12,Det,1,1,3052019
3854,,Voorhis,Lane,Seaford,11783,529000,505000,Split Level,4,1.500,"Partial,Finished",,6,13871.86,CL,8/01/2018,8/01/2019,8/31/2018,11/05/2018,30,Det,1,1,3053358
2455,,Archer,Street,Seaford,11783,739000,715000,Colonial,4,2.500,"Crawl,Unfinished",2 Car Attached,6,0.00,CL,7/31/2018,7/31/2019,2/19/2019,3/29/2019,203,Det,1,1,3053426
2465,,Adler,Place,Seaford,11783,739000,723000,Colonial,4,2.500,"Crawl,Unfinished",2 Car Attached,6,0.00,CL,7/31/2018,7/31/2019,11/27/2018,1/18/2019,119,Det,1,1,3053433
2154,,Spruce,Street,Wantagh,11793,479000,496000,Cape,4,2.000,"Full,Finished",,6,10432.00,CL,8/01/2018,2/28/2019,8/24/2018,10/10/2018,23,Det,1,1,3053502
7,,Hilltop,Lane,Oyster Bay,11771,809000,765000,Colonial,5,2.500,"Full,Finished",2 Car Attached,6,14031.14,CL,8/21/2018,2/10/2019,9/21/2018,11/05/2018,31,Det,1,1,3058971
233,,Sugar Toms,Lane,East Norwich,11732,819000,799000,Ranch,4,3.000,"Full,Partially Finished",2 Car Attached,6,14503.24,CL,8/23/2018,5/31/2019,3/28/2019,6/27/2019,217,Det,1,1,3059417
116,,Simcoe,Street,Oyster Bay,11771,585000,540000,2 Story,4,2.000,"Full,Unfinished",2 Car Detached,6,12720.03,CL,8/24/2018,8/11/2019,10/01/2018,11/30/2018,38,Det,2,2,3059818
71,,Oak Hill,Drive,East Norwich,11732,679000,650000,Ranch,3,3.000,"Full,Finished",2 Car Attached,6,10057.84,CL,9/01/2018,2/28/2019,10/19/2018,1/09/2019,48,Det,1,1,3061610
3578,,Widgeon,Place,Seaford,11783,599999,600000,Hi Ranch,4,2.000,"Full,Finished",2 Car Attached,6,9759.00,CL,9/08/2018,3/08/2019,3/15/2019,6/17/2019,188,Det,1,1,3063569
2178,,Pine,Street,Wantagh,11793,499000,485000,Ranch,3,1.000,"Full,Finished",1 Car Attached,6,12921.69,CL,9/10/2018,3/10/2019,11/28/2018,2/07/2019,79,Det,1,1,3063993
7,,Ivy,Street,Oyster Bay,11771,539000,539000,Hi Ranch,4,3.000,"None,Unfinished",,6,11599.00,CL,9/26/2018,3/24/2019,10/23/2018,1/10/2019,27,Det,1,1,3068417
3896,,Voorhis,Lane,Seaford,11783,525000,520000,Split Level,3,1.500,"Partial,Unfinished",,6,10730.00,CL,9/28/2018,4/01/2019,10/11/2018,11/14/2018,13,Det,1,1,3069108
10,,Hilltop,Lane,Oyster Bay,11771,779000,755000,Colonial,4,2.500,"Full,Finished",2 Car Attached,6,14429.25,CL,10/04/2018,6/27/2019,3/12/2019,5/20/2019,159,Det,1,1,3070899
2321,,Maple,Street,Seaford,11783,549999,555000,Colonial,3,2.000,"Full,Partially Finished",,6,10347.31,CL,10/11/2018,10/11/2019,10/25/2018,12/20/2018,14,Det,1,1,3072401
3864,,Hollis,Lane,Seaford,11783,659000,659000,Split Level,3,3.000,Full,1 Car Attached,6,14064.00,CL,10/16/2018,6/30/2019,11/28/2018,1/15/2019,43,Det,1,1,3073889
3771,,Niami,Street,Seaford,11783,499000,495000,Colonial,4,2.500,"Crawl,Unfinished",1 Car Attached,6,13721.67,CL,4/10/2018,3/28/2019,10/22/2018,1/10/2019,195,Det,1,1,3074338
45,,Florence,Avenue,Oyster Bay,11771,739000,736500,Colonial,3,2.500,"Full,Unfinished",1 Car Detached,6,15024.38,CL,10/18/2018,10/18/2019,1/15/2019,2/26/2019,89,Det,1,1,3074408
3627,,Nimrod,Street,Seaford,11783,589000,575000,Split Ranch,4,2.000,"Crawl,Unfinished",2 Car Attached,6,21629.00,CL,10/17/2018,10/17/2019,4/26/2019,6/28/2019,191,Det,1,1,3074460
2,,Peachtree,Drive,Oyster Bay,11771,769000,740000,Split Level,4,3.000,"Full,Finished",2 Car Attached,6,10248.00,CL,10/22/2018,10/22/2019,2/04/2019,8/02/2019,105,Det,1,1,3075459
2070,,Pine,Street,Wantagh,11793,499000,495000,Cape,4,2.000,Full,1 Car Detached,6,9103.00,CL,11/09/2018,5/31/2019,12/04/2018,2/12/2019,25,Det,1,1,3080004
49,,West,Drive,Manhasset,11030,800000,670000,Colonial,5,4.000,"Full,Partially Finished",,6,15179.00,CL,11/23/2018,11/21/2019,12/03/2018,3/22/2019,10,Det,1,1,3082837
15,,Locust,Lane,Oyster Bay,11771,649000,579000,Colonial,3,1.500,"Full,Unfinished",2 Car Attached,6,15273.82,CL,12/11/2018,12/31/2019,12/02/2019,2/12/2020,356,Det,1,1,3086557
119,,Spray,Street,Massapequa,11758,489000,485000,Hi Ranch,4,1.500,"None,Unfinished",2 Car Attached,6,12800.71,CL,1/14/2019,7/14/2019,2/04/2019,3/19/2019,21,Det,1,1,3092997
914,,Oyster Bay,Road,East Norwich,11732,559000,529500,Split Level,3,2.500,"None,Unfinished",,6,13283.07,CL,10/26/2017,6/30/2019,3/08/2019,5/02/2019,498,Det,1,1,3093080
3926,,Fulton,Avenue,Seaford,11783,559000,559000,Cape,3,2.500,"Full,Unfinished",,6,11579.00,CL,1/20/2019,1/20/2020,7/22/2019,11/20/2019,182,Det,1,1,3094859
3800,,Charles,Court,Seaford,11783,569000,585000,Split Level,3,2.500,"Full,Finished",2 Car Attached,6,12413.98,CL,1/23/2019,6/30/2019,2/06/2019,5/08/2019,14,Det,1,1,3095349
30,,Locust,Avenue,East Norwich,11732,615000,610000,Colonial,3,1.500,"Partial,Partially Finished",,6,8792.40,CL,1/24/2019,7/25/2019,3/13/2019,6/17/2019,47,Det,1,1,3096078
49,,Kellogg,Street,Oyster Bay,11771,549000,530000,Duplex,5,2.000,"Full,Unfinished",,6,12742.73,CL,1/31/2019,5/10/2019,3/29/2019,6/27/2019,56,Det,2,2,3097576
3862,,Keily,Drive,Seaford,11783,569000,569000,Colonial,4,2.000,"Full,Partially Finished",,6,11574.10,CL,1/31/2019,9/30/2019,2/28/2019,6/05/2019,28,Det,1,1,3097627
2109,,Bit,Path,Seaford,11783,599999,565000,Split Level,3,2.500,"Full,Finished",,6,12554.00,CL,2/01/2019,1/01/2020,7/18/2019,8/29/2019,166,Det,1,1,3098216
2423,,Langen,Drive,Seaford,11783,574000,569000,Split Level,3,2.000,"Crawl,Unfinished",1 Car Attached,6,11776.58,CL,2/06/2019,1/30/2020,2/26/2019,4/11/2019,20,Det,1,1,3098934
3767,,Mill,Road,Seaford,11783,489000,489000,Exp Ranch,3,2.000,"Full,Partially Finished",1 Car Attached,6,9875.54,CL,2/18/2019,8/07/2019,3/14/2019,5/31/2019,23,Det,1,1,3101989
3584,,Verona,Place,Seaford,11783,489999,482500,Cape,3,2.000,"Full,Finished",2 Car Detached,6,9748.00,CL,2/19/2019,12/11/2019,3/20/2019,6/28/2019,28,Det,1,1,3102332
3878,,Darby,Lane,Seaford,11783,529000,530600,Raised Ranch,3,1.500,"Full,Finished",1 Car Attached,6,14100.00,CL,2/28/2019,8/09/2019,4/02/2019,6/24/2019,32,Det,1,1,3104855
75,,Oak Hill,Drive,East Norwich,11732,699000,625000,Split Level,4,3.000,"Partial,Unfinished",2 Car Attached,6,10400.49,CL,3/25/2019,12/18/2019,6/14/2019,8/19/2019,81,Det,1,1,3112132
2389,,Spruce,Street,Seaford,11783,525000,525000,Colonial,4,2.000,"Crawl,Unfinished",1 Car Detached,6,13737.87,CL,3/25/2019,9/24/2019,5/09/2019,6/18/2019,45,Det,1,1,3112215
1732,,Washington,Avenue,Seaford,11783,579000,560000,Colonial,4,2.500,"Full,Finished",1 Car Detached,6,18777.42,CL,3/25/2019,9/25/2019,4/30/2019,8/01/2019,36,Det,1,1,3112325
2207,,Willoughby,Avenue,Wantagh,11793,719999,723000,Colonial,4,2.500,"Full,Finished",1 Car Attached,6,11707.90,CL,3/25/2019,9/30/2019,4/05/2019,6/19/2019,11,Det,1,1,3112334
1841,,Washington,Avenue,Seaford,11783,599000,560000,Colonial,5,3.500,"Partial,Unfinished",,6,17476.10,CL,3/30/2019,12/01/2019,11/04/2019,3/20/2020,219,Det,1,1,3113998
155,W,Radcliff,Drive,East Norwich,11732,669000,660000,Exp Cape,4,2.000,"Full,Partially Finished",,6,8700.51,CL,3/31/2019,9/01/2019,5/17/2019,8/01/2019,47,Det,1,1,3114226
146,,Sugar Toms,Lane,East Norwich,11732,575000,544000,Split Level,4,2.000,"Full,Partially Finished",1 Car Attached,6,9658.17,CL,4/05/2019,12/31/2019,5/08/2019,7/18/2019,33,Det,1,1,3116484
3685,,Nimrod,Street,Seaford,11783,749999,749000,Colonial,4,2.500,"Crawl,Unfinished",2 Car Attached,6,0.00,CL,4/12/2019,4/12/2020,8/15/2019,10/11/2019,125,Det,1,1,3118627
3766,,Marilyn,Drive,Seaford,11783,619999,615000,Exp Cape,4,2.000,"Full,Finished",1 Car Attached,6,14142.21,CL,4/12/2019,8/30/2019,4/29/2019,6/10/2019,17,Det,1,1,3118890
83,,Maxwell,Avenue,Oyster Bay,11771,599898,585000,2 Story,5,2.000,"Full,Unfinished",2 Car Detached,6,8847.98,CL,4/12/2019,8/31/2019,6/04/2019,10/02/2019,53,Det,2,2,3118994
3639,,Gwenn,Gate,Seaford,11783,579999,567000,Colonial,4,2.000,"None,Unfinished",1 Car Attached,6,12137.00,CL,4/25/2019,10/25/2019,7/24/2019,10/11/2019,90,Det,1,1,3122285
100,,Simcoe,Street,Oyster Bay,11771,649000,630000,Exp Cape,4,2.000,"Full,Finished",2 Car Detached,6,9403.48,CL,4/24/2019,4/01/2020,5/16/2019,7/24/2019,22,Det,1,1,3122340
102,,Berry Hill,Road,Oyster Bay,11771,675000,655000,Colonial,4,3.000,"Full,Partially Finished",,6,10656.00,CL,5/02/2019,11/02/2019,6/20/2019,8/27/2019,49,Det,1,1,3124752
3835,,Condit,Street,Seaford,11783,499900,483000,Colonial,3,2.500,"Full,Unfinished",,6,15647.84,CL,5/03/2019,8/16/2019,5/21/2019,8/29/2019,18,Det,1,1,3125080
14,,Blueberry,Lane,Oyster Bay,11771,789000,740000,Colonial,4,2.500,"Partial,Finished",,6,15185.00,CL,5/06/2019,8/31/2019,6/10/2019,8/16/2019,35,Det,1,1,3125939
3893,,Wansers,Lane,Seaford,11783,639000,630000,Colonial,5,1.500,"Full,Finished",2 Car Detached,6,13057.28,CL,5/08/2019,9/25/2019,8/12/2019,10/03/2019,96,Det,1,1,3126891
1480,,Roth,Road,Seaford,11783,539000,537000,Exp Cape,3,2.000,"Full,Partially Finished",,6,14048.31,CL,5/12/2019,12/25/2019,7/23/2019,9/25/2019,72,Det,1,1,3128017
3859,,Maple,Street,Seaford,11783,499999,525000,Colonial,3,2.000,"Full,Finished",,6,9770.00,CL,5/14/2019,12/31/2019,5/31/2019,7/09/2019,17,Det,1,1,3128457
19,,Pearl,Street,Oyster Bay,11771,599000,599000,Colonial,3,2.000,"Full,Unfinished",,6,8812.00,CL,5/24/2019,11/24/2019,6/27/2019,8/21/2019,34,Det,1,1,3132007
3560,,Wadena,Street,Seaford,11783,499999,485000,Split Level,3,2.000,"Crawl,Unfinished",1 Car Attached,6,11467.56,CL,6/02/2019,5/10/2020,6/27/2019,8/22/2019,25,Det,1,1,3134295
2357,,Melvin,Place,Seaford,11783,574999,569000,Colonial,4,2.500,"Crawl,Unfinished",,6,14025.00,CL,6/03/2019,6/01/2020,11/01/2019,2/13/2020,151,Att,1,1,3134398
15,,Whitney,Avenue,East Norwich,11732,589000,575000,Colonial,2,2.000,"Full,Finished",1 Car Detached,6,10021.00,CL,6/02/2019,12/02/2019,6/25/2019,9/04/2019,23,Det,1,1,3135388
100,,Sunny Hill,Drive,East Norwich,11732,599989,550000,Ranch,3,2.000,"Full,Unfinished",2 Car Attached,6,9987.24,CL,6/10/2019,12/10/2019,7/03/2019,9/24/2019,23,Det,1,1,3137557
3677,,Nimrod,Street,Seaford,11783,674900,665000,Colonial,4,3.000,"Crawl,Unfinished",1 Car Detached,6,12188.00,CL,6/17/2019,6/20/2020,10/09/2019,12/06/2019,114,Det,1,1,3139320
3919,,Franklin,Avenue,Seaford,11783,499000,499000,Exp Cape,4,2.000,"Full,Partially Finished",1 Car Attached,6,12744.00,CL,6/18/2019,12/17/2019,7/09/2019,8/26/2019,21,Det,1,1,3139398
223,,Anstice,Street,Oyster Bay,11771,635000,635000,Colonial,3,2.000,"Full,Finished",2 Car Detached,6,10078.00,CL,6/20/2019,2/16/2020,7/26/2019,8/16/2019,36,Det,1,1,3140663
160,,Peachtree,Drive,East Norwich,11732,728000,710000,Colonial,4,2.500,"Full,Unfinished",2 Car Attached,6,11638.00,CL,6/07/2019,12/05/2019,7/16/2019,9/24/2019,39,Det,1,1,3141640
7,,Floyd,Place,East Norwich,11732,550000,525000,2 Story,3,2.000,"Full,Partially Finished",1 Car Detached,6,7391.23,CL,6/26/2019,10/31/2019,10/31/2019,1/15/2020,127,Det,1,1,3141997
2606,,Bryant,Drive,Seaford,11783,649000,640000,Splanch,3,2.500,"Partial,Finished",2 Car Attached,6,11023.03,CL,6/26/2019,12/31/2019,9/25/2019,11/15/2019,91,Det,1,1,3142159
22,,Francesca,Drive,Oyster Bay,11771,649000,649000,Split Level,3,3.000,"Partial,Finished",Private Parking,6,12646.00,CL,7/04/2019,12/31/2019,7/11/2019,2/12/2020,7,Det,1,1,3144345
2082,,Alan,Drive,Seaford,11783,499999,495000,Exp Cape,4,2.000,"Full,Partially Finished",1 Car Attached,6,11981.00,CL,7/09/2019,12/31/2019,8/02/2019,10/10/2019,24,Det,1,1,3145477
71,,Maxwell,Avenue,Oyster Bay,11771,549000,520000,Colonial,3,2.500,"Partial,Unfinished",2 Car Detached,6,10845.08,CL,7/30/2019,7/23/2020,8/20/2019,12/10/2019,21,Det,1,1,3150853
3584,,Ladonia,Street,Seaford,11783,588000,565000,Split Level,3,2.000,"Crawl,Unfinished",2 Car Detached,6,10506.22,CL,8/19/2019,12/31/2019,1/07/2020,3/06/2020,141,Det,1,1,3157190
3820,,Waverly,Avenue,Seaford,11783,674999,649500,Colonial,4,2.500,Full,1 Car Attached,6,11179.00,CL,8/20/2019,12/19/2019,11/01/2019,12/27/2019,73,Det,1,1,3157647
1346,,Sidney,Court,Seaford,11783,699900,670000,Hi Ranch,5,3.000,"Full,Finished",1 Car Attached,6,13909.20,CL,9/03/2019,3/02/2020,11/22/2019,2/26/2020,80,Det,1,2,3160737
3876,,Hollis,Lane,Seaford,11783,629990,600000,Split Level,3,1.500,"Full,Finished",1 Car Attached,6,12313.78,CL,8/27/2019,11/24/2019,10/25/2019,12/23/2019,59,Det,1,1,3167669
3767,,Mill,Road,Seaford,11783,499990,509000,Exp Ranch,3,2.000,"Full,Finished",1 Car Attached,6,9875.54,CL,10/02/2019,3/31/2020,10/24/2019,1/30/2020,22,Det,1,1,3169324
2712,,Beaver Turn,,Seaford,11783,629000,630000,Hi Ranch,3,3.000,"None,Unfinished",2 Car Attached,6,13978.00,CL,10/08/2019,9/10/2020,10/22/2019,2/06/2020,14,Det,1,1,3171094
3847,,Voorhis,Lane,Seaford,11783,520000,499000,Split Level,3,1.500,"Partial,Unfinished",,6,13132.00,CL,10/17/2019,10/21/2020,1/24/2020,3/03/2020,99,Det,1,1,3173659
3863,,Hickory,Street,Seaford,11783,649999,650000,Hi Ranch,5,3.000,"None,Unfinished",1 Car Detached,6,13428.00,CL,10/29/2019,9/26/2020,12/16/2019,3/13/2020,48,Det,1,2,3176402
12,,Furman,Place,East Norwich,11732,799000,770000,Ranch,4,3.000,"Full,Finished",2 Car Detached,6,10477.01,CL,11/03/2019,10/24/2020,12/13/2019,2/21/2020,40,Det,1,1,3177729
90,,Sugar Toms,Lane,East Norwich,11732,548888,570000,Raised Ranch,3,2.500,"Opt,Unfinished",2 Car Attached,6,8584.36,CL,11/05/2019,5/05/2020,12/27/2019,2/12/2020,52,Det,1,1,3178138
2142,,North,Drive,Seaford,11783,499000,523000,Cape,4,2.000,"None,Unfinished",,6,10136.32,CL,11/06/2019,6/01/2020,12/09/2019,3/17/2020,33,Det,1,1,3178396
3768,,Park,Avenue,Seaford,11783,529990,550000,Cape,4,2.000,"Full,Unfinished",1 Car Attached,6,12621.67,CL,11/07/2019,12/01/2019,11/25/2019,2/07/2020,18,Det,1,1,3178920
2160,,Maple,Street,Wantagh,11793,549000,540000,Exp Cape,3,2.000,"Full,Finished",2 Car Detached,6,8824.30,CL,12/27/2019,6/02/2020,1/06/2020,3/06/2020,10,Det,1,1,3187893
2435,S,Seamans Neck,Road,Seaford,11783,499000,490000,Cape,3,1.500,"Full,Partially Finished",1 Car Detached,6,13782.00,CL,1/01/2020,6/30/2020,1/27/2020,3/13/2020,26,Det,1,1,3188433
3686,,Gwenn Gate,,Seaford,11783,539900,546000,Cape,4,2.000,"None,Unfinished",1 Car Attached,6,14606.05,CL,1/07/2020,5/31/2020,1/24/2020,3/03/2020,17,Det,1,1,3190057
1382,,Wooded,Lane,Seaford,11783,499990,491000,Split Level,3,2.000,"Partial,Unfinished",1 Car Attached,6,11652.93,CL,1/31/2020,8/31/2020,2/13/2020,2/28/2020,13,Det,1,1,3196179