St #,Dr,Street Name,Sfx,Town,Zip,ListPrice,SoldPrice,,Br,Bath,,,SD,Tot Tax,LSC,ListDate,ExpDate,ContDate,TitleDate,DOM,Det,#F,K,ML#
29,,Downs,Road,Hempstead,11550,319000,315000,Cape,4,2.500,"Full,Finished",,2,10033.00,CL,11/23/2016,3/31/2017,1/24/2017,4/06/2017,62,Det,1,1,2898259
865,,Mathilda,Place,Uniondale,11553,220000,225000,Cape,4,1.000,"Full,Unfinished",,2,7577.77,CL,11/08/2018,2/07/2019,11/14/2018,12/20/2018,6,Det,1,1,3079806
19,,Foster Place,,Hempstead,11550,285000,245000,Colonial,4,2.000,"Full,Unfinished",,2,12000.00,CL,12/19/2017,12/19/2018,4/03/2018,5/30/2018,104,Det,1,1,2992002
1028,,Knabbe,Court,Uniondale,11553,230000,262000,Cape,4,2.000,"Full,Unfinished",,2,7893.30,CL,7/31/2017,10/31/2017,8/30/2017,10/06/2017,30,Det,1,1,2959686
1028,,Knabbe,Court,Uniondale,11553,399000,395000,Cape,4,1.000,"Full,Finished",,2,8124.66,CL,3/12/2018,9/19/2018,5/03/2018,7/06/2018,52,Det,1,1,3011412
303,,Locust,Avenue,Uniondale,11553,322800,293748,Cape,3,1.000,Partial,,2,7500.00,Cl,7/03/2019,12/22/2020,1/30/2020,2/03/2020,211,Det,1,1,3146182
180,,Belmont,Parkway,Hempstead,11550,245000,217000,Cape,2,1.000,Full,,2,10441.00,CL,10/06/2016,10/06/2017,3/27/2017,6/16/2017,172,Det,1,1,2888540
546,,Clark,Place,Uniondale,11553,349000,335000,Colonial,4,1.500,"Full,Unfinished",2 Car Detached,2,7531.00,CL,10/14/2017,1/10/2018,11/20/2017,3/01/2018,37,Det,1,1,2978531
79,,Argyle,Avenue,Uniondale,11553,359900,350000,Cape,2,2.000,"Full,Finished",1 Car Detached,2,6542.00,CL,4/08/2018,11/30/2018,5/24/2018,7/23/2018,46,Det,1,1,3018440
490,,Maple,Avenue,Uniondale,11553,289000,321000,Cape,4,2.000,Full,1 Car Detached,2,8326.09,CL,8/01/2017,8/10/2018,8/05/2017,5/18/2018,4,Det,1,1,2959848
569,,Webster,Avenue,Uniondale,11553,369000,335000,Cape,4,2.000,"Full,Partially Finished",1 Car Detached,2,6665.32,CL,8/30/2017,4/05/2018,12/08/2017,12/19/2017,100,Det,1,1,2967450
10,,Acacia,Avenue,Hempstead,11550,299000,255000,Cape,5,2.000,"Full,Unfinished",1 Car Detached,2,10668.59,CL,10/28/2018,3/26/2019,11/14/2018,1/03/2019,17,Det,1,1,3076879
25,,Stanton,Boulevard,Uniondale,11553,365000,355000,Cape,3,1.000,"Full,Unfinished",,2,6644.63,CL,9/15/2018,3/13/2019,10/04/2018,12/06/2018,19,Det,1,1,3065512
208,,Holly,Avenue,Hempstead,11550,350000,339000,Cape,3,1.000,"Full,Partially Finished",1 Car Detached,2,11168.42,CL,10/28/2018,2/26/2019,2/16/2019,4/05/2019,111,Det,1,1,3076874
371,,2nd,Place,Uniondale,11553,330000,335000,Cape,2,1.000,"Full,Partially Finished",1 Car Detached,2,6723.21,CL,9/09/2018,3/07/2019,9/28/2018,12/13/2018,19,Det,1,1,3063981
156,,Argyle,Avenue,Uniondale,11553,365000,360000,Cape,3,1.000,Full,1 Car Detached,2,7077.70,CL,2/17/2019,6/16/2019,3/06/2019,5/29/2019,17,Det,1,1,3101938
718,,Macon,Place,Uniondale,11553,325000,328000,Cape,4,2.000,Full,,2,6514.34,CL,7/17/2016,5/31/2017,1/16/2017,3/24/2017,183,Det,1,1,2869453
370,,2nd,Place,Uniondale,11553,300000,280000,Cape,3,2.000,"Full,Partially Finished",,2,7544.00,CL,2/09/2018,12/31/2018,2/21/2018,4/30/2018,12,Det,1,1,3003220
150,,Milburn,Avenue,Hempstead,11550,369000,369000,Colonial,3,2.500,"Full,Finished",1 Car Detached,2,11000.00,CL,8/30/2017,10/30/2017,9/19/2017,11/15/2017,20,Det,1,1,2967150
18,,Acacia,Avenue,Hempstead,11550,320000,320000,Cape,4,1.000,"Full,Unfinished",1 Car Detached,2,7584.00,CL,8/29/2018,2/28/2019,9/10/2018,11/01/2018,12,Det,1,1,3060982
95,,Kernochan,Avenue,Hempstead,11550,299999,300000,Colonial,3,1.500,"Full,Unfinished",,2,11109.00,CL,5/23/2018,7/30/2018,6/29/2018,12/14/2018,37,Det,1,1,3032841
1104,,Jerusalem,Avenue,Uniondale,11553,329900,330000,Cape,4,2.000,"None,Unfinished",,2,5581.00,CL,1/30/2018,7/20/2018,2/26/2018,5/01/2018,27,Det,1,1,3000387
662,,Shady,Street,Uniondale,11553,378000,370000,Cape,4,2.000,"Full,Partially Finished",1 Car Detached,2,7442.48,CL,4/25/2018,10/25/2018,5/09/2018,7/11/2018,14,Det,1,1,3023833
45,,Lewis,Place,Hempstead,11550,365000,345000,Colonial,3,1.500,Full,,2,8927.01,CL,4/15/2017,10/15/2017,6/16/2017,8/07/2017,62,Det,1,1,2929510
683,,Ivy,Place,Uniondale,11553,389000,395000,Cape,3,1.000,"Full,Unfinished",1 Car Detached,2,8561.44,CL,1/31/2019,7/31/2019,2/20/2019,4/12/2019,20,Det,1,1,3097570
139,,Emery,Street,Hempstead,11550,359000,359000,Cape,4,1.000,"Partial,Unfinished",1 Car Attached,2,13395.83,CL,10/24/2018,3/20/2019,11/19/2018,1/28/2019,26,Det,1,1,3076026
1040,,Adams,Street,Uniondale,11553,148000,155100,Ranch,2,1.000,"Partial,Unfinished",1 Car Detached,2,6083.63,CL,1/02/2017,11/12/2017,10/17/2017,10/31/2017,287,Det,1,1,2904600
1027,,Harding,Street,Uniondale,11553,399000,399000,Raised Ranch,5,2.000,"None,Unfinished",1 Car Attached,2,9186.27,CL,5/08/2017,8/06/2017,6/01/2017,7/12/2017,24,Det,1,1,2936279
52,,Duncan,Road,Hempstead,11550,399000,385000,Cape,4,2.000,"Full,Finished",,2,13657.83,CL,7/10/2017,1/10/2018,9/14/2017,11/13/2017,66,Att,1,1,2953889
78,,Argyle,Avenue,Uniondale,11553,339000,338500,Cape,3,1.000,"Full,Finished",1 Car Detached,2,5905.13,CL,7/14/2017,2/14/2018,8/23/2017,10/13/2017,40,Det,1,1,2955357
85,,Manor,Parkway,Uniondale,11553,379000,362000,Cape,4,2.000,Full,1 Car Detached,2,7900.00,CL,5/03/2017,8/03/2017,7/07/2017,9/15/2017,65,Det,1,1,2935030
114,,Manor,Parkway,Uniondale,11553,379000,379000,Exp Cape,4,2.000,"Full,Finished",1 Car Detached,2,7989.00,CL,2/18/2017,3/31/2017,3/23/2017,5/09/2017,32,Det,1,1,2914835
486,,Hawthorne,Avenue,Uniondale,11553,350000,270000,Cape,4,2.000,Full,,2,9055.00,CL,5/19/2016,4/19/2017,1/05/2017,11/16/2017,231,Det,1,1,2854187
1176,,Warwick,Street,Uniondale,11553,369000,350000,Cape,4,2.000,"Full,Finished",1 Car Detached,2,6355.00,CL,10/06/2014,4/30/2017,4/15/2017,6/10/2017,922,Det,1,1,2711881
706,,Salem,Road,Uniondale,11553,349000,370000,Cape,3,1.000,"Full,Finished",,2,6567.16,CL,7/11/2016,7/11/2017,12/12/2016,4/11/2017,154,Det,1,1,2868038
20,,Elmwood,Avenue,Hempstead,11550,369000,369000,Colonial,3,1.500,"Full,Partially Finished",1 Car Attached,2,11259.95,CL,3/21/2018,9/18/2018,4/03/2018,5/25/2018,13,Det,1,1,3013962
573,,Northern Parkway,Parkway,Uniondale,11553,399000,380000,Ranch,3,2.000,"Full,Finished",1 Car Detached,2,8484.66,CL,6/28/2017,9/28/2017,8/22/2017,12/14/2017,55,Det,1,1,2950886
841,,Planders,Avenue,Uniondale,11553,370000,365000,Cape,4,1.000,Full,1 Car Attached,2,6200.00,CL,6/29/2018,6/12/2019,7/11/2018,10/12/2018,12,Det,1,1,3044172
189,,Stanton,Boulevard,Uniondale,11553,369999,365000,Ranch,3,2.000,"Full,Finished",,2,7213.00,CL,4/25/2017,7/25/2017,4/29/2017,6/30/2017,4,Det,1,1,*1282450
193,,Uniondale,Avenue,Uniondale,11553,245000,245000,Ranch,2,1.000,"Full,Unfinished",,2,7300.00,CL,10/03/2017,2/03/2018,11/07/2017,2/02/2018,35,Det,1,1,*1297103
727,,Midwood,Street,Uniondale,11553,380000,340000,Cape,3,1.000,"Full,Unfinished",,2,6941.00,CL,8/21/2017,1/21/2018,12/27/2017,4/02/2018,128,Det,1,1,2965035
468,,Sterling,Street,Uniondale,11553,319999,275000,Ranch,2,1.000,"Partial,Unfinished",,2,4098.00,CL,6/01/2018,8/08/2018,6/27/2018,10/23/2018,26,Det,1,1,3035372
252,,Lawrence,Street,Uniondale,11553,389999,375000,Exp Cape,5,3.000,"Full,Finished",,2,8080.00,CL,11/09/2015,11/09/2016,5/18/2016,5/18/2017,190,Det,1,1,2809423
763,,Windsor,Road,Uniondale,11553,379999,380000,Cape,3,1.000,"Full,Unfinished",,2,7120.00,CL,2/22/2019,5/22/2019,5/08/2019,6/28/2019,74,Det,1,1,3103380
174,,Crowell,Street,Hempstead,11550,389999,360000,Cape,4,2.000,"Full,Finished",,2,11436.00,CL,6/10/2019,12/10/2019,8/15/2019,11/26/2019,66,Det,1,1,3137235
727,,Lowell,Road,Uniondale,11553,359999,345000,Cape,3,2.000,"Full,Partially Finished",,2,6510.00,CL,11/30/2017,12/29/2017,12/11/2017,12/13/2017,11,Det,1,1,*1301571
12,,Cottage,Place,Hempstead,11550,349999,349000,Colonial,3,1.000,"Full,Unfinished",1 Car Detached,2,9296.00,CL,6/21/2017,11/16/2017,9/19/2017,11/16/2017,90,Det,1,1,2948940
207,,Windsor,Parkway,Hempstead,11550,349999,348000,Ranch,3,2.000,"Full,Partially Finished",,2,10991.00,CL,9/20/2017,3/20/2018,12/27/2017,2/09/2018,98,Det,1,1,2972524
59,,Kernochan,Avenue,Hempstead,11550,354900,324000,Colonial,3,2.000,"Full,Unfinished",1 Car Detached,2,12624.95,CL,11/29/2018,5/31/2019,2/01/2019,4/30/2019,64,Det,1,1,3084169
1029,,Knabbe,Court,Uniondale,11553,299000,245000,Cape,4,1.000,"Full,Unfinished",1 Car Attached,2,6553.00,CL,8/05/2016,12/31/2017,9/22/2017,5/11/2018,413,Det,1,1,2874439
1243,,Walnut,Street,Uniondale,11553,299000,325000,Ranch,3,2.500,"Full,Unfinished",,2,8855.12,CL,7/08/2018,12/31/2019,7/20/2018,9/05/2018,12,Det,1,1,3046267
112,,Meadowbrook,Road,Hempstead,11550,295000,224175,Cape,4,2.000,Full,1 Car Detached,2,12462.06,CL,8/04/2017,11/04/2017,8/17/2017,9/05/2017,13,Det,1,1,2961136
232,,Lenox,Avenue,Uniondale,11553,290000,290000,Cape,2,1.000,"Full,Finished",1 Car Detached,2,6475.06,CL,8/04/2017,5/11/2018,8/28/2017,10/16/2017,24,Det,1,1,2961003
173,,Marvin,Avenue,Uniondale,11553,299900,374000,Exp Cape,4,2.000,"Full,Unfinished",2 Car Detached,2,8753.00,CL,4/01/2019,7/31/2019,5/06/2019,5/28/2019,35,Det,1,1,3115099
742,,New,Street,Uniondale,11553,389000,385000,Split Level,3,2.000,"Full,Finished",,2,7285.54,CL,1/29/2018,9/29/2018,2/27/2018,5/14/2018,29,Det,1,1,2999990
393,,Hawthorne,Avenue,Uniondale,11553,387000,370000,Ranch,3,2.000,"Full,Finished",,2,6700.00,CL,11/03/2017,11/03/2018,1/24/2018,4/13/2018,82,Det,1,1,2983161
841,,Hempstead,Boulevard,Uniondale,11553,329000,329000,Bungalow,2,1.000,"Full,Finished",,2,7834.05,CL,5/31/2018,5/27/2019,6/26/2018,10/12/2018,26,Det,1,1,3035197
36,,Lewis,Place,Hempstead,11550,399000,393000,Colonial,3,1.500,"Full,Partially Finished",1 Car Detached,2,10505.05,CL,3/10/2017,3/10/2019,6/18/2018,10/02/2018,464,Det,1,1,2920306
227,,Crowell,Street,Hempstead,11550,369000,370000,Colonial,3,2.000,"Full,Finished",1 Car Attached,2,11400.00,CL,4/03/2019,7/03/2019,4/25/2019,7/03/2019,22,Att,1,1,3115617
482,,Greengrove,Avenue,Uniondale,11553,339000,325000,Cape,4,2.000,"Full,Partially Finished",1 Car Detached,2,5631.15,CL,3/31/2017,9/30/2017,6/06/2017,8/04/2017,67,Det,1,1,2925810
17,,Walton,Avenue,Uniondale,11553,229999,270000,Cape,4,2.000,"Full,Unfinished",1 Car Detached,2,9078.00,CL,4/05/2017,4/05/2018,7/18/2017,4/20/2018,104,Det,1,1,2952699
815,,Coleridge,Road,Uniondale,11553,349999,260000,Exp Cape,4,2.000,Full,,2,9000.00,CL,7/06/2017,7/06/2018,8/01/2017,4/10/2018,26,Det,1,1,2952728
34,,Marvin,Avenue,Uniondale,11553,399000,390000,Exp Cape,4,2.500,"Full,Finished",,2,7213.00,CL,3/12/2017,3/11/2018,4/11/2017,8/17/2017,29,Det,1,1,2920564
576,,Fiske,Place,Uniondale,11553,425000,395000,Cape,3,2.000,"Full,Finished",,2,7796.00,CL,7/18/2018,7/31/2019,9/24/2018,12/27/2018,68,Det,1,1,3049891
18,,Robinwood,Avenue,Hempstead,11550,259000,259000,Cape,3,1.500,"Full,Finished",1 Car Detached,2,9315.00,CL,8/20/2018,8/19/2019,4/02/2019,6/18/2019,225,Det,1,1,3058552
1179,,Hicks,Place,Baldwin,11510,399000,360000,Ranch,3,1.000,"Full,Finished",,2,7394.00,CL,4/02/2017,4/02/2018,4/26/2017,6/28/2017,24,Det,1,1,2926470
566,,Liberty,Street,Uniondale,11553,345000,360000,Cape,4,2.000,"Full,Finished",1 Car Detached,2,6710.00,CL,1/16/2018,6/28/2018,2/08/2018,4/03/2018,23,Det,1,1,2996807
216,,Lenox,Avenue,Uniondale,11553,155000,205000,Cape,2,1.000,"Full,Finished",,2,6120.00,CL,12/12/2016,5/11/2017,12/13/2016,4/13/2017,1,Det,1,1,2901475
123,,Leverich,Street,Hempstead,11550,378000,378000,Colonial,3,2.000,"Full,Finished",2 Car Detached,2,15557.32,CL,2/02/2018,10/10/2018,3/01/2018,4/06/2018,27,Det,1,1,3001504
139,,Marvin,Avenue,Uniondale,11553,349990,350000,Cape,6,2.000,"Full,Partially Finished",1 Car Detached,2,0.00,CL,3/03/2017,3/03/2018,4/17/2017,5/18/2017,44,Det,1,1,2918542
708,,Windsor,Road,Uniondale,11553,365000,370000,Cape,3,2.000,"Full,Unfinished",,2,6749.34,CL,7/16/2017,7/09/2018,2/12/2018,3/19/2018,211,Det,1,1,2955563
141,,Crowell,Street,Hempstead,11550,365000,360000,Colonial,2,2.500,"Full,Unfinished",,2,10452.00,CL,1/23/2019,1/23/2020,9/17/2019,10/31/2019,236,Det,1,1,3095534
324,,Chester,Street,Uniondale,11553,399000,380000,Cape,4,2.000,"Full,Partially Finished",,2,5815.00,CL,4/20/2017,4/01/2018,6/14/2017,8/03/2017,55,Det,1,1,2931075
147,,Crowell,Street,Hempstead,11550,239000,239000,Cape,4,2.000,"Full,Finished",1 Car Detached,2,11609.29,CL,7/28/2017,5/18/2018,2/08/2018,3/08/2018,195,Det,1,1,2959287
282,,Woodbury,Road,Woodbury,11797,379000,345000,Colonial,3,1.500,"Full,Unfinished",,2,14847.00,CL,1/04/2019,2/28/2019,2/06/2019,2/27/2019,33,Det,1,1,3090290
556,,Armond,Street,Uniondale,11553,399000,385000,Cape,4,1.000,"Full,Finished",,2,7786.00,CL,1/02/2018,1/01/2019,3/25/2018,6/15/2018,81,Det,1,1,2993852
15,,Acacia,Avenue,Hempstead,11550,379000,376000,Ranch,3,2.000,"Full,Finished",,2,10996.00,CL,7/19/2019,11/30/2019,8/08/2019,10/07/2019,20,Det,1,1,3148800
511,,Maple,Avenue,Uniondale,11553,319000,321000,Cape,4,2.000,"None,Unfinished",,2,7583.00,CL,7/03/2017,12/03/2017,8/11/2017,11/28/2017,39,Det,1,1,2952012
693,,Midwood,Street,Uniondale,11553,399000,387500,Cape,4,2.000,"Full,Finished",,2,7799.00,CL,6/16/2019,6/16/2020,9/24/2019,1/07/2020,100,Det,1,1,3139309
1012,,Van Buren,Street,Uniondale,11553,329999,320000,Ranch,2,2.000,"Full,Finished",,2,6611.55,CL,9/20/2018,12/20/2018,10/22/2018,12/18/2018,32,Det,1,1,3066939
72,,Lawrence,Street,Uniondale,11553,299900,305000,Cape,4,2.000,Full,,2,8200.00,CL,4/17/2019,7/17/2019,5/08/2019,5/31/2019,21,Det,1,1,3120170
147,E,Marshall,Street,Hempstead,11550,290000,281000,Cape,4,2.000,"Full,Unfinished",1 Car Attached,2,13742.50,CL,9/10/2019,12/10/2019,1/15/2020,1/31/2020,127,Det,1,1,3163154
147,E,Marshall,Street,Hempstead,11550,275500,281000,Cape,4,2.000,"Full,Unfinished",1 Car Attached,2,13742.50,CL,12/31/2019,1/31/2020,1/08/2020,2/07/2020,8,Det,1,1,3188245
284,,Lawson,Street,Hempstead,11550,289900,302500,Cape,3,1.000,"Full,Finished",,2,10000.00,CL,4/08/2017,10/07/2017,5/19/2017,8/11/2017,41,Det,1,1,2927928
484,,Decatur,Street,Uniondale,11553,320000,326500,Ranch,3,2.000,"Full,Partially Finished",1 Car Attached,2,7987.45,CL,7/26/2018,12/23/2018,10/04/2018,11/30/2018,70,Det,1,1,3052024
177,,Greengrove,Avenue,Uniondale,11553,359000,370000,Ranch,2,3.000,"Full,Finished",,2,6449.00,CL,7/06/2017,12/07/2017,7/24/2017,9/05/2017,18,Det,1,1,2952855
33,,Raynham,Drive,Syosset,11791,499999,240000,Ranch,3,1.000,"Full,Unfinished",1 Car Detached,2,10762.25,CL,10/17/2018,4/15/2019,12/04/2018,1/25/2019,48,Det,1,1,3074264
824,,Brown,Court,Uniondale,11553,339000,345000,Cape,3,1.000,"Full,Finished",1 Car Detached,2,7006.00,CL,10/16/2017,5/16/2018,11/27/2017,1/25/2018,42,Det,1,1,2978802
1017,,Harding,Street,Uniondale,11553,385000,385000,Exp Cape,4,3.000,"Full,Finished",1 Car Detached,2,7800.00,CL,1/29/2017,1/30/2018,2/12/2017,5/01/2017,14,Det,1,1,2909865
76,,Butler,Place,Hempstead,11550,365000,358000,Cape,5,3.000,"Full,Finished",,2,19000.00,CL,3/08/2018,9/01/2018,3/27/2018,6/05/2018,18,Det,1,1,3010477
573,,Tulip,Court,Uniondale,11553,415000,392000,Colonial,3,2.000,"Full,Finished",,2,7100.00,CL,2/19/2017,2/01/2018,11/02/2017,4/05/2018,255,Det,1,1,2914974
123,,Leverich,Street,Hempstead,11550,205000,210000,2 Story,3,2.000,"Full,Finished",,2,5739.99,CL,3/13/2017,3/13/2019,5/03/2017,10/27/2017,51,Det,1,1,2921445
119,,Martin,Avenue,Hempstead,11550,229900,206500,Colonial,3,2.500,"Full,Partially Finished",,2,6795.00,CL,2/02/2017,5/02/2017,3/30/2017,4/21/2017,55,Det,1,1,2911182
58,,Cameron,,Hempstead,11550,219900,245000,Ranch,3,2.000,Partial,,2,5518.00,CL,6/22/2017,9/19/2017,8/29/2017,3/01/2018,68,Det,1,1,2949718
659,,Northern,Parkway,Uniondale,11553,429999,400000,Cape,4,2.000,"Full,Partially Finished",,2,6832.00,CL,11/09/2018,11/08/2019,12/03/2018,4/04/2019,24,Det,1,1,3080084
96,,Holly,Avenue,Hempstead,11550,250000,240000,Cape,3,1.000,"Partial,Partially Finished",,2,6169.00,CL,4/24/2017,4/25/2018,7/27/2017,11/03/2017,94,Det,1,1,2932003
43,,Holly,Avenue,Hempstead,11550,335000,335000,Colonial,3,1.000,Full,,2,11053.03,CL,11/09/2016,11/09/2017,6/09/2017,9/25/2017,211,Det,1,1,2895497
7,,Searing,Street,Hempstead,11550,335000,330000,Cape,5,2.000,"Full,Unfinished",1 Car Detached,2,10554.90,CL,12/12/2017,12/12/2018,10/06/2018,2/14/2019,297,Det,1,1,2991098
84,,Marvin,Avenue,Uniondale,11553,430000,400000,Cape,4,2.000,"Full,Finished",,2,6932.00,CL,3/06/2018,3/06/2019,4/17/2018,6/04/2018,42,Det,1,1,3009805
717,,Winter,Avenue,Uniondale,11553,299990,335000,Cape,3,1.500,Full,,2,11300.00,CL,4/24/2017,4/18/2018,6/27/2017,4/17/2018,64,Det,1,1,2932050
256,,Fenimore,Avenue,Uniondale,11553,299990,296000,Cape,3,1.000,"Full,Partially Finished",1 Car Detached,2,6001.48,CL,1/05/2018,6/03/2018,1/17/2018,2/28/2018,12,Det,1,1,2994550
1270,,Cambria,Street,Uniondale,11553,359990,355000,Ranch,3,1.500,"Full,Partially Finished",1 Car Detached,2,7286.00,CL,1/15/2018,7/15/2018,2/06/2018,7/09/2018,22,Det,1,1,2996703
600,,Northern,Parkway,Uniondale,11553,389000,380000,Cape,3,2.000,"Full,Finished",,2,7354.00,CL,10/11/2018,10/11/2019,12/05/2018,3/01/2019,55,Det,1,2,3072657
770,,Uniondale,Avenue,Uniondale,11553,410000,400000,Duplex,5,2.500,"None,Unfinished",Private Parking,2,7601.00,CL,2/28/2017,5/28/2017,3/22/2017,6/16/2017,21,Det,1,2,2917387
983,,Uniondale,Avenue,Uniondale,11553,229000,205000,Cape,4,3.000,Full,,2,8350.00,CL,3/05/2018,3/31/2018,3/15/2018,3/15/2018,9,Det,1,1,3009353
588,,Helena,Drive,S. Hempstead,11550,349000,270000,Colonial,4,1.000,Full,,2,8051.00,CL,11/21/2016,3/28/2017,12/21/2016,6/09/2017,30,Det,1,1,2897935
80,,Rutland,Road,Hempstead,11550,360000,360000,Colonial,4,1.500,"Full,Finished",,2,11200.00,CL,2/19/2017,8/31/2017,3/23/2017,6/16/2017,31,Det,1,1,2915093
1276,,Menard,Street,Uniondale,11553,349995,382000,Split Ranch,3,1.500,"Full,Partially Finished",1 Car Attached,2,6340.00,CL,9/24/2017,3/24/2018,11/13/2017,1/26/2018,50,Det,1,1,2973481
860,,James,Place,Uniondale,11553,299500,370000,Colonial,6,2.000,"Full,Finished",,2,9958.00,CL,6/06/2019,10/05/2019,6/27/2019,8/21/2019,21,Det,1,1,3136014
101,,Courtenay,Road,Hempstead,11550,269500,283500,Exp Cape,3,2.000,Full,,2,12558.00,CL,9/06/2019,11/29/2019,10/16/2019,11/14/2019,40,Det,1,1,3162181
1069,,Arthur,Street,Uniondale,11553,450000,358000,Colonial,4,3.000,Full,1 Car Attached,2,10932.00,CL,9/26/2019,12/25/2019,10/02/2019,10/31/2019,6,Det,1,1,3168346
177,,Argyle,Avenue,Uniondale,11553,341250,355000,Cape,4,2.000,Full,1 Car Detached,2,8751.00,CL,1/15/2019,5/15/2019,2/06/2019,3/25/2019,22,Det,1,1,3093376
66,,Cliff,Avenue,Hempstead,11550,315000,211166,Cape,4,1.000,Full,1 Car Detached,2,12826.48,CL,4/25/2018,8/31/2018,7/19/2018,7/30/2018,85,Det,1,1,3023849
416,,Maple,Avenue,Uniondale,11553,309900,317000,Cape,4,2.000,Full,1 Car Detached,2,7625.00,CL,11/01/2017,2/28/2018,1/09/2018,1/30/2018,69,Det,1,1,2982495
1012,,Van Buren,Street,Uniondale,11553,250000,220000,Bungalow,3,2.000,"Full,Unfinished",,2,6612.00,CL,7/24/2018,8/31/2018,8/07/2018,8/30/2018,14,Det,1,1,3051484
766,,Winter,Avenue,Uniondale,11553,300000,215250,Cape,3,2.000,Full,2 Car Detached,2,7749.00,CL,11/01/2017,1/31/2018,11/30/2017,1/02/2018,29,Det,1,1,2982533
606,,Georgia,Street,S. Hempstead,11550,269900,275000,Cape,4,2.000,Full,1 Car Detached,2,8094.00,CL,12/17/2018,3/29/2019,1/08/2019,3/21/2019,22,Det,1,1,3087846
426,,Maple,Avenue,Uniondale,11553,249900,275000,Bungalow,2,1.000,Full,1 Car Detached,2,5348.00,CL,10/08/2018,1/05/2019,11/05/2018,11/20/2018,28,Det,1,1,3071593
731,,Park,Avenue,Uniondale,11553,299000,318000,Cape,3,2.000,Full,1 Car Detached,2,7779.00,CL,3/30/2017,3/01/2018,11/14/2017,1/30/2018,229,Det,1,1,2925561
178,,Botsford,Street,Hempstead,11550,229900,230000,Cape,3,1.500,Full,1 Car Detached,2,11356.78,CL,11/10/2017,5/18/2018,3/06/2018,5/15/2018,116,Det,1,1,2984982
703,,Charter,Court,Uniondale,11553,380000,380000,Exp Cape,4,2.000,Full,,2,9274.00,CL,12/28/2017,3/13/2018,1/30/2018,3/05/2018,33,Det,1,1,2993116
880,,Mathilda,Place,Uniondale,11553,219900,232000,Cape,3,1.500,Full,1 Car Detached,2,5189.00,CL,1/16/2019,4/16/2019,3/22/2019,4/16/2019,64,Det,1,1,3093716
781,,Midwood,Street,Uniondale,11553,237500,270000,Cape,4,1.000,"Full,Unfinished",1 Car Detached,2,6225.00,CL,3/27/2019,6/25/2019,4/18/2019,5/21/2019,22,Det,1,1,3113909
400,,Emerson,Place,Uniondale,11553,325000,320000,Cape,3,2.000,Full,1 Car Detached,2,5059.00,CL,8/04/2018,12/31/2018,8/24/2018,11/29/2018,20,Det,1,1,3054529
20,,Roger,Street,Hempstead,11550,209900,230000,Colonial,3,1.500,"Full,Unfinished",1 Car Detached,2,11585.11,CL,6/06/2017,8/20/2017,6/22/2017,7/24/2017,16,Det,1,1,2944748
92,,Muttontown,Road,Syosset,11791,530000,305550,Hi Ranch,4,2.000,"None,Unfinished",1 Car Attached,2,20090.00,CL,12/11/2018,3/11/2019,1/03/2019,2/19/2019,23,Det,1,1,3086799
33,,Foster,Place,Hempstead,11550,203500,250000,Tudor,5,1.000,"Full,Unfinished",2 Car Detached,2,12608.75,CL,6/14/2018,9/12/2018,6/27/2018,7/20/2018,13,Det,1,1,3039998
224,,Holly,Avenue,Hempstead,11550,351500,253050,Hi Ranch,4,2.000,"None,Unfinished",1 Car Attached,2,13218.67,CL,12/12/2017,4/01/2018,2/26/2018,3/14/2018,76,Det,1,1,2991272
82,,Carman,Street,Hempstead,11550,299900,360000,Duplex,5,2.000,Full,,2,13261.80,CL,10/31/2018,1/29/2019,12/13/2018,12/27/2018,43,Det,2,2,3077562
700,,Lowell,Road,Uniondale,11553,214700,235750,Cape,3,2.000,"Full,Unfinished",1 Car Detached,2,7455.00,CL,2/28/2017,6/27/2017,3/29/2017,7/26/2017,28,Det,1,1,2917628
465,,Greengrove,Avenue,Uniondale,11553,314900,300000,Colonial,4,2.000,Full,,2,9201.00,CL,10/30/2017,8/27/2018,6/15/2018,8/14/2018,228,Det,1,1,2982150
1207,,Birch,Street,Uniondale,11553,279900,310000,Cape,3,1.000,Full,,2,7340.00,CL,8/04/2017,1/01/2018,8/29/2017,12/04/2017,25,Det,1,1,2960938
81,,Meadowbrook,Road,Hempstead,11550,367500,360000,Other,5,1.500,"None,Unfinished",2 Car Detached,2,15895.84,CL,5/06/2019,8/03/2019,7/03/2019,7/26/2019,58,Det,1,1,3126176
94,,Oakmont,Avenue,Hempstead,11550,230000,262500,Cape,3,2.000,Full,1 Car Detached,2,11858.26,CL,1/28/2018,4/26/2018,2/14/2018,3/09/2018,17,Det,1,1,3000069
307,,Locust,Avenue,Uniondale,11553,344900,344900,Cape,4,1.000,"Full,Unfinished",,2,6955.00,CL,2/28/2017,6/30/2017,4/11/2017,5/12/2017,41,Det,1,1,2917083
178,,Greengrove,Avenue,Uniondale,11553,238000,307000,Ranch,2,1.000,"Full,Unfinished",,2,6880.00,CL,9/17/2019,3/17/2020,10/01/2019,3/03/2020,14,Det,1,1,3165321
849,,Front,Street,Uniondale,11553,150000,235000,Ranch,4,2.000,"None,Unfinished",,2,7903.00,CL,3/29/2019,3/29/2020,3/30/2019,8/29/2019,1,Det,1,1,3113739
30,,Robinwood,Avenue,Hempstead,11550,335000,333000,Colonial,3,1.000,"Full,Unfinished",2 Car Detached,2,11836.00,CL,8/19/2017,8/08/2018,9/18/2017,11/10/2017,30,Det,1,1,2964650
15,,Maplewood,Avenue,Hempstead,11550,389900,390000,Hi Ranch,4,2.000,"None,Unfinished",1 Car Attached,2,10859.00,CL,11/11/2017,5/31/2018,11/27/2017,1/25/2018,16,Det,1,1,2985040
17,,Clemente,Place,Hempstead,11550,275000,210000,Colonial,4,2.500,"Full,Finished",1 Car Detached,2,11414.00,CL,2/02/2017,8/01/2017,3/01/2017,6/20/2017,27,Det,1,1,2911126
17,,Clemente,Place,Hempstead,11550,439000,395000,Colonial,4,1.500,"Full,Finished",1 Car Detached,2,9674.00,CL,8/17/2017,8/04/2018,10/16/2017,11/29/2017,60,Det,1,1,2964055
1005,,Harding,Street,Uniondale,11553,399000,395000,Colonial,4,2.500,"Full,Finished",2 Car Detached,2,7298.00,CL,8/03/2017,12/31/2018,10/23/2018,12/14/2018,446,Det,1,1,2960654
1282,,Warwick,Street,Uniondale,11553,375000,360000,Cape,4,2.000,Full,,2,10975.00,CL,9/15/2017,3/15/2018,9/26/2017,12/12/2017,11,Det,1,1,2971211
34,,Sunnyside,Avenue,Hempstead,11550,419900,400000,Exp Cape,4,3.000,"Full,Finished",,2,12108.50,CL,12/22/2017,12/22/2018,1/05/2018,4/12/2018,14,Det,1,1,2992657
84,,Cameron,Avenue,Hempstead,11550,379000,370000,Cape,4,2.500,"Full,Finished",,2,12109.44,CL,6/29/2017,6/30/2018,10/12/2017,11/27/2017,105,Det,1,1,2951168
194,,Milburn,Avenue,Hempstead,11550,399000,400000,Ranch,3,2.000,"Full,Finished",,2,9342.79,CL,12/06/2018,12/06/2019,1/09/2019,4/01/2019,34,Det,1,1,3085628
167,,Beverly,Road,Hempstead,11550,329000,292000,Colonial,6,2.000,Full,,2,15342.87,CL,2/01/2019,5/01/2019,2/15/2019,3/12/2019,14,Det,1,1,3097308
6,,Olsen,Place,Hempstead,11550,389000,389000,Cape,3,2.000,"Full,Finished",1 Car Detached,2,9319.78,CL,8/14/2017,8/14/2018,1/25/2018,3/13/2018,164,Det,1,1,2963325
15,,Page,Avenue,Hempstead,11550,374900,380000,Exp Cape,4,3.000,Full,,2,15581.39,CL,4/25/2017,4/26/2018,6/21/2017,7/31/2017,57,Det,1,1,2932445
36,,Elizabeth,Court,Hempstead,11550,379000,379000,Ranch,3,2.000,"Full,Finished",,2,7405.40,CL,11/22/2017,11/22/2018,1/22/2018,3/30/2018,61,Det,1,1,2987397
926,,Ditmas,Avenue,Uniondale,11553,185000,226930,Cape,4,2.000,Full,,2,8797.00,CL,7/06/2018,7/31/2019,9/05/2018,4/15/2019,61,Det,1,1,3046040
35,,Cleaves,Avenue,Hempstead,11550,349000,340000,Ranch,3,2.000,"Full,Finished",,2,11753.03,CL,2/08/2017,8/31/2017,3/23/2017,6/06/2017,42,Det,1,1,2912461
126,,Maplewood,Avenue,Hempstead,11550,389000,385000,Tudor,5,3.000,"Full,Finished",1 Car Detached,2,11723.98,CL,12/14/2016,6/30/2017,2/07/2017,6/29/2017,55,Det,1,1,2901813
343,,Woodbury,Road,Woodbury,11797,439000,400000,Colonial,3,2.000,"Partial,Finished",,2,9850.40,CL,1/25/2017,8/31/2017,3/18/2017,6/15/2017,51,Det,1,1,2909175
257,,Brown,Avenue,Hempstead,11550,339990,330000,Colonial,3,2.000,"Full,Finished",,2,13165.61,CL,4/01/2016,4/01/2017,11/07/2016,6/02/2017,220,Det,1,1,2840668
297,,Bedford,Avenue,Uniondale,11553,389000,375000,Cape,3,1.000,"Full,Partially Finished",1 Car Detached,2,7141.64,CL,11/20/2017,11/19/2018,6/04/2018,7/17/2018,195,Det,1,1,2986945
14,,Foster,Place,Hempstead,11550,279000,290000,Colonial,4,2.000,"Full,Unfinished",1 Car Detached,2,8500.00,CL,7/10/2017,1/10/2018,9/25/2017,1/19/2018,77,Det,1,1,2953870
336,,Baldwin,Road,Hempstead,11550,369999,350000,Ranch,3,2.500,"Full,Finished",1 Car Attached,2,12935.02,CL,2/24/2017,5/31/2017,5/16/2017,7/07/2017,80,Det,1,1,2916080
695,,Uniondale,Avenue,Uniondale,11553,375000,380000,Cape,4,2.000,"Full,Finished",1 Car Detached,2,8580.00,CL,1/29/2018,6/30/2018,3/02/2018,7/19/2018,32,Det,1,1,3000140
183,,Allen,Street,Hempstead,11550,324999,313000,Cape,4,2.000,"Full,Partially Finished",,2,10738.00,CL,4/23/2017,12/31/2017,5/16/2017,7/26/2017,23,Det,1,1,2931831
6,,Olsen,Place,Hempstead,11550,184000,155000,Cape,3,2.000,"Full,Finished",1 Car Detached,2,9223.10,CL,7/13/2016,7/13/2017,10/07/2016,4/10/2017,86,Det,1,1,2868602
23,,Flint,Avenue,Hempstead,11550,279999,280000,Cape,4,2.000,"Full,Unfinished",1 Car Detached,2,7165.30,CL,9/28/2017,12/28/2017,11/02/2017,12/15/2017,35,Det,1,1,2974664
713,,Windsor,Road,Uniondale,11553,395000,390000,Cape,3,2.000,Full,1 Car Detached,2,8400.00,CL,7/05/2017,7/05/2018,8/31/2017,9/01/2017,57,Det,1,1,2952283
138,,Maplewood,Avenue,Hempstead,11550,349900,360000,Cape,3,2.000,Full,1 Car Detached,2,11536.69,CL,3/17/2017,9/30/2017,7/14/2017,9/15/2017,119,Det,1,1,2921803
296,,Lawson,Street,Hempstead,11550,419000,400000,Cape,4,2.500,"Full,Finished",2 Car Attached,2,9993.55,CL,4/03/2018,3/17/2019,7/30/2018,10/25/2018,118,Det,1,1,3017038
218,,Milburn,Avenue,Hempstead,11550,369900,364900,Ranch,3,1.000,"Full,Finished",,2,11398.91,CL,9/03/2019,8/26/2020,10/07/2019,12/26/2019,34,Det,1,1,3160790
123,,Florence,Avenue,Hempstead,11550,334900,332500,Cape,4,2.000,"Full,Finished",,2,11000.00,CL,4/16/2019,7/29/2019,6/21/2019,7/17/2019,66,Det,1,1,3120631
599,,Leonard,Avenue,Uniondale,11553,299000,275000,Bungalow,2,1.000,"Full,Unfinished",1 Car Detached,2,5767.86,CL,8/16/2018,2/17/2019,2/15/2019,12/17/2019,183,Det,1,1,3057830
576,,Leonard,Avenue,Uniondale,11553,350000,365000,Cape,3,1.000,"Full,Unfinished",,2,7059.74,CL,7/01/2018,12/31/2018,9/04/2018,10/30/2018,65,Det,1,1,3044595
194,,Milburn,Avenue,Hempstead,11550,199999,203000,Ranch,3,1.000,"Full,Finished",,2,9342.79,CL,9/25/2018,9/24/2019,10/10/2018,10/29/2018,15,Det,1,1,3068144
155,,Allen,Street,Hempstead,11550,395000,400000,Cape,3,2.000,"Full,Finished",,2,8862.40,CL,7/26/2019,11/26/2019,8/16/2019,10/15/2019,21,Det,1,1,3150938
186,,Manor,Parkway,Uniondale,11553,355000,340000,Cape,3,1.000,"Full,Partially Finished",1 Car Detached,2,7048.00,CL,4/27/2017,12/31/2017,8/16/2017,2/15/2018,111,Det,1,1,2933117
63,,Cunningham,Avenue,Uniondale,11553,379999,390000,Exp Cape,4,1.500,"Full,Partially Finished",1 Car Detached,2,5114.27,CL,8/15/2018,2/02/2019,10/17/2018,12/14/2018,63,Det,1,1,3057295
693,,Park,Avenue,Uniondale,11553,399000,355000,Cape,4,2.000,"Full,Finished",Private Parking,2,7642.00,CL,3/02/2019,10/31/2019,4/18/2019,6/10/2019,46,Det,1,1,3105482
99,,Perry,Street,Hempstead,11550,313000,313000,Cape,3,1.000,"Full,Unfinished",1 Car Detached,2,11541.65,CL,7/10/2018,12/31/2018,8/23/2018,10/30/2018,44,Det,1,1,3046973
47,,Searing,Street,Hempstead,11550,249777,240000,Cape,3,2.000,"Full,Unfinished",1 Car Detached,2,8303.00,CL,5/02/2018,10/28/2018,5/22/2018,6/28/2018,20,Det,1,1,3026790
1038,,Harding,Street,Uniondale,11553,235000,250000,Colonial,4,1.000,"Full,Finished",2 Car Detached,2,7832.00,CL,7/24/2017,8/01/2018,11/08/2017,6/19/2018,107,Det,1,1,2957777
174,,Dikeman,Street,Hempstead,11550,400000,380000,Cape,4,2.000,"Full,Finished",,2,10808.35,CL,5/14/2018,9/10/2018,7/10/2018,8/16/2018,57,Det,1,1,3029811
118,,Dikeman,Street,Hempstead,11550,379000,392000,Colonial,3,2.500,"Full,Finished",1 Car Detached,2,10133.69,CL,5/29/2017,9/29/2017,7/06/2017,8/25/2017,38,Det,1,1,2942148
644,,Georgia,Street,S. Hempstead,11550,415000,330000,Cape,4,1.000,"Full,Partially Finished",1 Car Detached,2,5795.00,CL,6/05/2018,3/20/2020,10/31/2018,3/22/2019,148,Det,1,1,3070574
181,,Dikeman,Street,Hempstead,11550,379000,360000,Cape,2,1.000,"Full,Unfinished",1 Car Attached,2,12402.62,CL,7/09/2019,12/15/2019,10/25/2019,1/09/2020,108,Det,1,1,3161088
157,,Crowell,Street,Hempstead,11550,369000,369000,Colonial,2,2.000,"Full,Finished",1 Car Detached,2,8997.24,CL,5/01/2019,10/22/2019,5/30/2019,7/31/2019,29,Det,1,1,3124216
1032,,Harding,Street,Uniondale,11553,299000,325000,Cape,4,1.000,"Full,Finished",,2,5310.00,CL,9/05/2018,2/28/2019,11/02/2018,12/14/2018,58,Det,1,1,3062945
278,,Lawson,Street,Hempstead,11550,349000,349000,Cape,3,2.000,"Full,Finished",,2,10051.03,CL,3/24/2017,7/24/2017,5/01/2017,7/17/2017,38,Det,1,1,2923770
1230,,Cambria,Street,Uniondale,11553,199900,221000,Ranch,2,1.000,"Full,Unfinished",2 Car Detached,2,6649.00,CL,4/11/2017,6/30/2017,6/20/2017,8/04/2017,70,Det,1,1,2928589
1240,,Pembroke,Street,Uniondale,11553,389000,389000,Exp Cape,4,2.000,Full,2 Car Detached,2,6371.64,CL,6/01/2017,2/01/2018,9/25/2017,11/02/2017,116,Det,1,1,2943250
581,,Mitchell,Street,Uniondale,11553,259900,295000,Cape,3,2.000,Full,1 Car Detached,2,8576.00,CL,1/10/2020,4/09/2020,2/14/2020,3/18/2020,35,Det,1,1,3190769
67,,Dale,Avenue,Hempstead,11550,260000,250000,Cape,4,1.500,"Full,Unfinished",,2,11358.21,CL,7/25/2017,12/31/2018,9/22/2017,1/11/2018,59,Att,1,1,2958027
107,,Milburn,Avenue,Hempstead,11550,369000,353000,Cape,4,2.000,"Full,Finished",1 Car Detached,2,10977.00,CL,8/31/2017,3/01/2018,10/05/2017,12/22/2017,35,Det,1,1,2967256
82,,Lucille,Street,Hempstead,11550,415000,400000,Cape,4,2.000,"Full,Finished",2 Car Detached,2,11206.00,CL,2/10/2018,8/31/2018,5/18/2018,8/29/2018,96,Det,1,2,3003649
507,,Duryea,Avenue,Uniondale,11553,359000,350000,Ranch,3,1.000,"Full,Finished",,2,6774.00,CL,3/13/2017,9/13/2017,5/12/2017,6/30/2017,60,Det,1,1,2920688
1037,,Harrison,Street,Uniondale,11553,379900,345000,Cape,4,1.000,"Full,Finished",1 Car Detached,2,5637.69,CL,1/20/2019,7/31/2019,6/11/2019,8/01/2019,141,Det,1,1,3094664
241,,Perry,Street,Hempstead,11550,350000,355000,Townhouse,4,1.500,"Full,Finished",Private Parking,2,9844.85,CL,6/19/2019,10/27/2020,10/28/2019,2/10/2020,131,Det,1,1,3140000
202,,Holly,Avenue,Hempstead,11550,369999,375000,Colonial,2,2.000,"Full,Finished",,2,6048.00,CL,11/13/2019,11/13/2020,12/26/2019,2/20/2020,43,Det,1,1,3180249
239,,Anchor,Way,Uniondale,11553,359000,340000,Exp Cape,4,3.000,Full,,2,8783.00,CL,8/12/2016,2/12/2017,10/10/2016,8/08/2017,59,Det,1,1,2876077
576,,Southern,Parkway,Uniondale,11553,350000,330000,Cape,4,1.000,Full,,2,7139.00,CL,11/03/2018,10/17/2019,11/28/2018,1/04/2019,25,Det,1,1,3078545
282,,Lawrence,Street,Uniondale,11553,419000,376000,Split Level,3,2.000,Full,,2,8000.00,CL,3/10/2017,9/30/2017,3/31/2017,6/19/2017,20,Det,1,1,2920256
486,,Hempstead,Boulevard,Uniondale,11553,385000,390000,Cape,4,2.000,"Full,Partially Finished",1 Car Detached,2,8200.00,CL,2/20/2019,8/09/2019,6/13/2019,8/20/2019,112,Det,1,1,3102615
1178,,Central,Avenue,S. Hempstead,11550,339000,330000,Ranch,3,1.000,"Full,Unfinished",1 Car Attached,2,6809.56,CL,2/21/2017,9/21/2017,5/09/2017,8/30/2017,76,Det,1,1,2915224
55,,Rutland,Road,Hempstead,11550,329000,321000,Colonial,2,1.500,"Full,Finished",1 Car Detached,2,9710.95,CL,5/31/2017,11/30/2017,7/09/2017,9/28/2017,39,Det,1,1,2942851
11,,Curtis,Avenue,Hempstead,11550,349000,350000,Cape,4,2.000,"Full,Finished",1 Car Detached,2,10661.10,CL,3/09/2017,7/31/2017,4/05/2017,7/18/2017,26,Det,1,1,2919789
146,,Pierson,Avenue,Hempstead,11550,339000,329000,Cape,4,1.000,"Full,Partially Finished",1 Car Detached,2,11250.00,CL,7/09/2017,7/09/2018,12/22/2017,4/06/2018,166,Det,1,1,2953501
1316,,Commodore,Road,Uniondale,11553,365000,390000,Cape,4,2.000,"Full,Partially Finished",,2,5752.21,CL,1/16/2019,7/31/2019,2/08/2019,4/12/2019,23,Det,1,1,3093677
84,,Argyle,Avenue,Uniondale,11553,319000,319000,Exp Cape,4,2.000,"Full,Finished",1 Car Detached,2,8070.00,CL,5/22/2018,11/22/2018,6/14/2018,9/27/2018,23,Det,1,1,3032363
660,,Northern,Parkway,Uniondale,11553,395000,400000,Cape,3,1.000,"Full,Unfinished",1 Car Attached,2,7090.00,CL,8/06/2019,12/31/2019,8/29/2019,10/15/2019,23,Att,1,1,3153870
34,,Sunnyside,Avenue,Hempstead,11550,239000,207000,Cape,4,2.000,Full,,2,12108.50,CL,7/29/2016,10/31/2017,8/29/2016,10/27/2017,223,Det,1,1,2872753
815,,Park,Place,Uniondale,11553,250000,250000,Cape,2,2.000,"Full,Finished",,2,6050.00,CL,6/14/2017,6/14/2019,7/06/2018,9/01/2018,387,Det,1,1,*1287768
96,,Holly,Avenue,Hempstead,11550,389000,375000,Cape,4,1.000,"Full,Partially Finished",,2,11100.00,CL,3/12/2018,8/12/2018,4/10/2018,6/07/2018,29,Det,1,1,3011481
348,,Maple,Avenue,Uniondale,11553,320000,300000,Cape,4,1.000,Full,,2,7360.00,CL,7/21/2017,7/21/2018,9/29/2017,1/26/2018,70,Det,1,1,2957362
274,,Windsor,Parkway,Hempstead,11550,325000,345000,Ranch,3,1.000,Full,2 Car Detached,2,11498.63,CL,6/15/2018,6/15/2019,8/22/2018,11/05/2018,68,Det,1,1,3040114
117,,Lincoln,Road,Hempstead,11550,338000,365000,Cape,5,1.000,"Full,Unfinished",1 Car Detached,2,11944.01,CL,4/30/2019,10/24/2019,5/15/2019,6/11/2019,15,Det,1,1,3123769
457,,Chester,Street,Uniondale,11553,349000,313000,Cape,2,3.000,"Full,Finished",2 Car Detached,2,5326.55,CL,2/09/2018,2/11/2019,2/22/2018,3/27/2018,13,Det,1,1,3003473
116,,Martin,Avenue,Hempstead,11550,349990,340000,Cape,4,2.000,"Partial,Partially Finished",1 Car Detached,2,10340.00,CL,1/17/2017,4/17/2017,2/13/2017,5/01/2017,27,Det,1,1,2907319
170,,Uniondale,Avenue,Uniondale,11553,260000,200000,Colonial,2,1.000,"Partial,Partially Finished",1 Car Detached,2,6800.00,CL,5/26/2015,12/30/2017,9/30/2016,8/16/2017,493,Det,1,1,2766308
1077,,Arthur,Street,Uniondale,11553,289000,280000,Ranch,3,1.000,"Full,Finished",Detached,2,6756.62,CL,2/15/2017,8/31/2017,4/04/2017,6/21/2017,47,Det,1,1,2914080
51,,Lewis,Place,Hempstead,11550,389000,394000,Tudor,3,1.500,"Full,Partially Finished",1 Car Detached,2,11872.00,CL,5/17/2018,11/16/2018,6/04/2018,7/30/2018,18,Det,1,1,3031298
54,,Beebe,Avenue,S. Hempstead,11550,389000,375000,Exp Cape,4,2.000,"Full,Unfinished",1 Car Attached,2,12989.00,CL,7/26/2018,1/31/2019,1/09/2019,1/29/2019,167,Det,1,1,3051989
14,,Spencer,Place,Hempstead,11550,395000,380000,Colonial,3,1.500,"Full,Unfinished",,2,11680.28,CL,1/20/2017,1/31/2018,4/03/2017,7/05/2017,72,Det,1,1,2908207
81,,Florence,Avenue,Hempstead,11550,419999,390000,Colonial,3,2.500,"Full,Finished",,2,10230.00,CL,4/08/2019,10/07/2019,6/04/2019,8/07/2019,57,Det,1,1,3116935
68,,Harold,Avenue,Hempstead,11550,299000,295000,Ranch,3,1.000,"Full,Unfinished",1 Car Detached,2,5360.00,CL,4/19/2017,12/19/2017,7/17/2017,10/02/2017,89,Det,1,1,2930550
425,,Pine,Place,Uniondale,11553,425000,399000,Ranch,4,2.000,"Full,Finished",1 Car Detached,2,6500.00,CL,4/03/2018,11/03/2018,4/20/2018,7/27/2018,17,Det,1,1,3017216
773,,Park,Avenue,Uniondale,11553,350000,360000,Cape,4,2.000,"Full,Unfinished",1 Car Attached,2,7256.00,CL,5/10/2018,10/31/2018,5/23/2018,6/27/2018,13,Det,1,1,3029017
625,,Uniondale,Avenue,Uniondale,11553,399000,387500,Exp Cape,4,2.000,"Full,Finished",1 Car Detached,2,5652.50,CL,6/26/2019,10/01/2019,7/10/2019,10/04/2019,14,Det,1,1,3142044
131,,Jean,Avenue,Hempstead,11550,362000,350000,Cape,3,3.000,Full,1 Car Attached,2,10726.00,CL,4/05/2017,4/04/2018,4/28/2017,7/31/2017,23,Det,1,1,2926874
27,,Heath,Place,Hempstead,11550,362000,355000,Cape,4,1.000,"None,Unfinished",1 Car Detached,2,11000.00,CL,9/10/2018,9/10/2019,6/04/2019,8/30/2019,267,Det,1,1,3063962
328,,Plymouth,Court,Uniondale,11553,405000,395000,Colonial,3,1.500,"Full,Finished",1 Car Detached,2,7460.00,CL,6/12/2018,11/01/2018,10/01/2018,3/22/2019,111,Det,1,1,3038650
235,,Brown,Avenue,Hempstead,11550,344900,355000,Colonial,3,2.500,"Full,Partially Finished",1 Car Detached,2,10060.00,CL,9/28/2018,12/27/2018,10/11/2018,11/21/2018,13,Det,1,1,3069214
342,,Kennedy,Avenue,Hempstead,11550,295000,305000,Ranch,3,2.000,"Full,Finished",,2,8489.46,CL,5/31/2018,12/05/2018,7/11/2018,9/11/2018,41,Det,1,1,3035146
649,,Maude,Street,S. Hempstead,11550,335000,325000,Cape,4,3.000,"Full,Unfinished",,2,9185.65,CL,4/07/2016,4/07/2017,4/04/2017,8/11/2017,362,Att,1,1,2842536
119,,Gilroy,Avenue,Uniondale,11553,349888,345000,Cape,4,1.000,"Full,Unfinished",1 Car Detached,2,8962.49,CL,2/14/2017,8/14/2017,6/26/2017,11/10/2017,131,Det,1,1,2913940
1168,,Tulsa,Street,Uniondale,11553,389000,381400,Exp Cape,4,2.000,"Full,Partially Finished",1 Car Detached,2,9826.00,CL,6/26/2018,12/26/2018,9/07/2018,11/28/2018,73,Det,1,1,3043311
724,,Macon,Place,Uniondale,11553,334900,300000,Cape,4,1.500,"Full,Unfinished",1 Car Detached,2,7560.20,CL,8/17/2018,11/15/2018,10/12/2018,10/25/2018,56,Det,1,1,3058335
721,,Lafayette,Avenue,Uniondale,11553,365000,365000,Ranch,3,1.000,"Full,Unfinished",,2,7223.50,CL,4/12/2017,4/12/2018,4/27/2017,6/06/2017,15,Det,1,1,2929378
43,,Clyde,Avenue,Hempstead,11550,349999,376000,Cape,3,2.000,Full,1 Car Detached,2,12971.00,CL,2/17/2019,2/18/2020,7/31/2019,7/31/2019,163,Det,1,1,3101817
489,,Decatur,Street,Uniondale,11553,370000,370000,Cape,4,1.000,"Full,Finished",,2,6238.16,CL,4/05/2017,4/05/2018,5/12/2017,8/17/2017,37,Det,1,1,2926864
578,,Krull,Street,Uniondale,11553,318999,320000,Cape,2,1.000,"Full,Finished",,2,5697.77,CL,5/09/2018,10/08/2018,6/13/2018,8/22/2018,35,Det,1,1,3029054
79,,Cunningham,Avenue,Uniondale,11553,370000,370000,Cape,4,1.500,"Full,Finished",,2,6981.00,CL,1/28/2017,6/29/2017,2/27/2017,4/28/2017,30,Det,1,1,2910222
208,,Brown,Avenue,Hempstead,11550,299900,255000,Cape,5,3.000,"Full,Finished",1 Car Detached,2,12584.00,CL,1/30/2018,1/30/2019,2/06/2018,7/16/2018,7,Det,1,1,*1305346
470,,Uniondale,Avenue,Uniondale,11553,199000,199000,Cape,3,1.000,"Full,Unfinished",,2,6258.00,CL,9/15/2014,9/14/2015,7/15/2016,4/17/2017,669,Det,1,1,2706614
39,,Clemente,Place,Hempstead,11550,225000,210000,Exp Cape,4,2.000,"Full,Unfinished",,2,6556.00,CL,2/16/2015,2/16/2017,3/30/2017,3/29/2018,772,Det,1,1,2738779
27,,Jean,Avenue,Hempstead,11550,379000,365000,Cape,4,2.000,"Full,Finished",,2,11591.67,CL,7/11/2016,7/31/2017,3/17/2017,4/25/2017,249,Det,1,1,2868053
247,,Beverly,,Hempstead,11550,399000,399000,Colonial,3,2.000,Full,2 Car Detached,2,15319.33,CL,7/12/2016,7/31/2017,6/30/2017,10/27/2017,353,Det,1,1,2868242
89,,Kane,Avenue,Hempstead,11550,255000,240000,Cape,3,2.000,"Full,Partially Finished",,2,10988.79,CL,7/16/2016,12/31/2017,4/04/2017,9/05/2017,262,Det,1,1,2869340
732,,Center,Drive,N. Baldwin,11510,329000,303000,Ranch,3,2.000,"Full,Finished",2 Car Attached,2,9714.00,CL,8/04/2016,11/16/2017,1/25/2017,10/18/2017,174,Det,1,1,2874013
480,,Cooper,Court,Uniondale,11553,284900,325000,Cape,4,2.000,"Full,Finished",1 Car Detached,2,6880.27,CL,8/26/2016,4/30/2017,2/10/2017,4/11/2017,168,Det,1,1,2879423
164,,Weir,Street,Hempstead,11550,329900,323000,Raised Ranch,3,2.000,"Full,Finished",,2,10446.00,CL,8/31/2016,8/31/2017,3/24/2017,6/26/2017,205,Det,1,1,2880055
1260,,Warwick,Street,Uniondale,11553,379000,355000,Ranch,2,3.000,"Full,Finished",,2,8737.00,CL,9/12/2016,9/12/2017,6/07/2017,10/05/2017,268,Det,1,1,2882581
151,,Manor,Parkway,Uniondale,11553,325000,310000,Colonial,3,2.500,"Full,Partially Finished",,2,7310.00,CL,10/10/2016,9/30/2017,1/04/2017,6/29/2017,86,Det,1,1,2889315
733,,Barry,Place,Uniondale,11553,329990,330000,Cape,4,2.000,"Full,Finished",,2,7333.21,CL,11/22/2016,10/31/2017,3/31/2017,4/05/2017,128,Det,1,1,2898103
144,,Maplewood,Avenue,Hempstead,11550,349000,320000,Colonial,4,2.500,"Full,Finished",2 Car Attached,2,10700.00,CL,12/09/2016,8/19/2017,6/08/2017,8/16/2017,180,Det,1,1,2901164
206,,Holly,Avenue,Hempstead,11550,259000,257500,Colonial,2,1.500,"Full,Partially Finished",,2,11826.52,CL,12/13/2016,4/13/2017,2/03/2017,6/15/2017,52,Det,1,1,2901648
105,,Robinwood,Avenue,Hempstead,11550,309000,280000,Ranch,3,2.000,Full,,2,9650.70,CL,12/15/2016,12/31/2017,3/17/2017,4/25/2017,91,Det,1,1,2902346
160,,Brown,Avenue,Hempstead,11550,260000,250000,Cape,4,2.000,"Full,Partially Finished",,2,11358.92,CL,1/24/2017,4/24/2017,4/27/2017,9/21/2017,92,Det,1,1,2909180
103,,Cedar,Street,Hempstead,11550,379000,375000,Colonial,3,2.000,"Full,Finished",1 Car Detached,2,11964.00,CL,1/27/2017,1/27/2018,2/21/2017,5/08/2017,25,Det,1,1,2909653
1010,,Alexander,Avenue,Uniondale,11553,294990,315000,Cape,4,2.000,Full,,2,7160.43,CL,1/29/2017,1/13/2018,2/22/2017,3/31/2017,24,Det,1,1,2909876
15,,Cottage,Place,Hempstead,11550,159900,190000,Cape,4,1.500,"Full,Finished",1 Car Detached,2,10707.35,CL,1/30/2017,5/30/2017,3/01/2017,3/31/2017,30,Det,1,1,2910498
135,,Ingraham,Boulevard,Hempstead,11550,159900,147250,Colonial,4,1.500,Full,2 Car Detached,2,7684.00,CL,1/30/2017,12/30/2017,2/15/2017,7/21/2017,16,Det,1,1,2911488
1031,,Harding St,Street,Uniondale,11553,345000,325000,Bungalow,3,2.000,"Full,Unfinished",,2,6700.00,CL,2/22/2017,5/22/2017,5/17/2017,8/11/2017,83,Det,1,1,2915907
743,,Windsor,Road,Uniondale,11553,345500,350000,Other,3,1.000,"Full,Unfinished",1 Car Detached,2,7159.00,CL,3/04/2017,2/13/2019,6/20/2018,9/26/2018,473,Det,1,1,2918428
59,,Perry,Street,Hempstead,11550,210000,225000,Cape,4,1.000,"Full,Unfinished",1 Car Detached,2,9516.00,CL,3/06/2017,3/10/2018,3/20/2017,7/25/2017,13,Det,1,1,2919023
813,,Dean,Drive,Baldwin,11510,319900,325000,Ranch,3,2.000,Full,,2,7597.00,CL,3/10/2017,6/07/2017,4/14/2017,5/31/2017,34,Det,1,1,2920417
533,,Bedford,Avenue,Uniondale,11553,359900,350000,Cape,4,1.000,"Full,Partially Finished",,2,7557.00,CL,4/01/2017,3/30/2018,9/29/2017,3/14/2018,181,Det,1,1,2925995
496,,Fenimore,Avenue,Uniondale,11553,349000,335000,Exp Cape,4,2.000,"Full,Unfinished",1 Car Attached,2,7852.00,CL,3/29/2017,9/01/2017,5/31/2017,8/17/2017,63,Det,1,1,2926025
722,,Dale Pl,,Uniondale,11553,385000,382375,Cape,3,1.000,"Full,Finished",,2,7701.00,CL,4/07/2017,9/30/2017,5/08/2017,8/10/2017,31,Det,1,1,2927684
627,,Clinton,Avenue,Uniondale,11553,229000,185000,Cape,3,2.000,"Full,Finished",,2,5950.00,CL,4/13/2017,4/13/2018,1/22/2018,1/22/2018,284,Det,1,1,2929020
304,,Pemaco,Lane,Uniondale,11553,409999,383000,Hi Ranch,3,2.000,"None,Unfinished",,2,9189.02,CL,4/14/2017,10/15/2017,5/05/2017,8/02/2017,21,Det,1,1,2929371
295,,Lenox,Avenue,Uniondale,11553,209900,226000,Cape,4,2.000,"Full,Finished",1 Car Detached,2,6766.00,CL,4/14/2017,7/13/2017,4/28/2017,5/11/2017,14,Det,1,1,2929450
697,,Campus,Street,Uniondale,11553,360000,360000,Bungalow,4,2.000,"Full,Finished",,2,6400.00,Cl,4/18/2017,4/18/2018,11/28/2017,12/06/2017,224,Det,1,1,2930325
754,,Henry,Street,Uniondale,11553,369000,350000,Farm Ranch,3,1.000,"None,Unfinished",1 Car Attached,2,10588.00,CL,4/18/2017,10/18/2019,3/13/2018,7/11/2018,329,Det,1,1,2930379
783,,Goodrich,Street,Uniondale,11553,415000,395000,Cape,4,2.500,"Full,Finished",,2,10183.00,CL,4/19/2017,4/18/2018,5/30/2017,7/25/2017,41,Det,1,1,2930953
36,,Elizabeth Court,,Hempstead,11550,249000,210000,Ranch,3,1.000,"Full,Unfinished",,2,9382.96,CL,4/25/2017,12/31/2017,5/22/2017,8/17/2017,27,Det,1,1,2932260
1082,,Myron,Street,Uniondale,11553,369990,335000,Cape,4,2.000,"Full,Partially Finished",1 Car Detached,2,7078.00,CL,4/24/2017,12/31/2017,6/01/2017,9/06/2017,38,Det,1,1,2932329
104,,Manor,Parkway,Uniondale,11553,399999,399999,Cape,4,2.000,"Full,Finished",,2,8047.41,CL,5/11/2017,10/26/2017,6/01/2017,8/07/2017,21,Det,1,1,2937574
104,,Crowell,Street,Hempstead,11550,349000,350500,Cape,4,2.000,"Full,Finished",,2,10414.90,CL,5/03/2017,8/01/2017,5/25/2017,8/08/2017,22,Det,1,1,2937580
470,,Uniondale,Avenue,Uniondale,11553,349000,356000,Cape,6,2.000,"Full,Finished",,2,6625.36,CL,6/05/2017,6/05/2018,7/25/2017,2/08/2018,50,Det,1,1,2944372
117,,Brown,Avenue,Hempstead,11550,369000,365000,Cape,4,1.000,"Full,Finished",,2,9587.30,CL,6/13/2017,12/13/2017,8/02/2017,9/14/2017,50,Det,1,1,2946728
890,,Bedford,Court,Uniondale,11553,359000,359000,Cape,4,2.000,"None,Unfinished",1 Car Detached,2,5584.67,CL,6/13/2017,12/25/2017,7/13/2017,9/19/2017,30,Det,1,1,2946766
282,,Crowell,Street,Hempstead,11550,399999,395000,Colonial,3,2.500,"Full,Finished",2 Car Detached,2,11749.03,CL,6/14/2017,12/31/2017,6/19/2017,10/10/2017,5,Det,1,2,2946835
85,,Florence,Avenue,Hempstead,11550,350000,355000,Cape,4,2.000,"Full,Finished",,2,11000.00,CL,6/15/2017,9/15/2017,6/15/2017,9/12/2017,0,Det,1,1,2947286
105,,Manor,Parkway,Uniondale,11553,284900,313950,Cape,4,2.000,"Full,Finished",1 Car Detached,2,8231.89,CL,6/15/2017,10/10/2017,7/19/2017,8/23/2017,34,Det,1,1,2947464
15,,Cottage,Place,Hempstead,11550,379000,375000,Cape,4,1.500,"Full,Finished",1 Car Detached,2,11495.00,CL,6/20/2017,12/19/2017,9/21/2017,12/12/2017,93,Det,1,1,2948722
608,,Fiske,Place,Uniondale,11553,339990,330000,Cape,3,1.500,"Full,Partially Finished",,2,7500.00,CL,6/29/2017,12/29/2017,7/07/2017,9/22/2017,8,Det,1,1,2951056
752,,Coleridge,Road,Uniondale,11553,389000,370000,Cape,4,2.500,"Full,Finished",Attached,2,8179.97,CL,6/30/2017,6/19/2018,8/24/2017,10/26/2017,55,Det,1,1,2951951
59,,Perry,Street,Hempstead,11550,389000,390000,Cape,4,2.000,"Full,Finished",1 Car Detached,2,10978.00,CL,7/09/2017,7/09/2018,8/07/2017,10/27/2017,29,Det,1,1,2953509
1150,,Mcdonald,Place,N. Baldwin,11510,389000,380000,Exp Ranch,4,2.000,"Full,Finished",1 Car Attached,2,9885.00,CL,7/10/2017,12/30/2017,8/29/2017,10/27/2017,50,Det,1,1,2953660
296,,Anchor,Way,Uniondale,11553,329000,335000,Ranch,3,1.000,"Full,Unfinished",1 Car Detached,2,4752.56,CL,7/15/2017,1/15/2018,8/10/2017,10/27/2017,26,Det,1,1,2955619
94,,Robinwood,Avenue,Hempstead,11550,350000,343000,Cape,3,2.000,"Full,Finished",1 Car Detached,2,10700.00,CL,7/24/2017,1/18/2018,11/22/2017,12/21/2017,121,Det,1,1,2957933
137,,Rutland,Road,Hempstead,11550,349000,335000,Cape,3,1.000,"Full,Finished",1 Car Detached,2,9295.13,CL,7/27/2017,7/31/2018,8/25/2017,10/20/2017,29,Det,1,1,2958736
141,,Belmont,Parkway,Hempstead,11550,369000,370000,Cape,3,3.000,"Full,Finished",1 Car Attached,2,10333.60,CL,7/28/2017,11/01/2017,8/18/2017,12/07/2017,21,Det,1,1,2959060
18,,Church,Street,Hempstead,11550,201400,223469,Ranch,3,1.000,"Partial,Unfinished",,2,5568.00,CL,8/21/2017,8/14/2018,9/19/2017,12/15/2017,29,Det,1,1,2964977
470,,Webster,Avenue,Uniondale,11553,399000,395000,Cape,5,2.000,Full,1 Car Attached,2,7314.15,CL,8/23/2017,2/23/2018,11/15/2017,4/11/2018,84,Det,1,1,2965382
985,,Marc,Court,Uniondale,11553,305000,316000,Cape,4,2.000,"Full,Partially Finished",1 Car Detached,2,7810.00,CL,8/24/2017,12/24/2017,10/12/2017,11/09/2017,49,Det,1,1,2965905
45,,Perry,Street,Hempstead,11550,389000,389000,Cape,4,1.500,"Full,Finished",,2,10857.00,CL,8/26/2017,11/10/2017,9/20/2017,12/08/2017,25,Det,1,1,2966295
508,,Bedford,Avenue,Uniondale,11553,389000,389000,Cape,4,2.000,Full,1 Car Detached,2,4965.81,CL,8/28/2017,4/16/2018,10/25/2017,1/31/2018,58,Det,1,1,2966563
416,,Northern,Parkway,Uniondale,11553,439995,399990,Raised Ranch,4,2.000,"Full,Finished",,2,9217.03,CL,8/30/2017,8/31/2018,12/28/2017,2/16/2018,120,Det,1,2,2967220
789,,Summer,Avenue,Uniondale,11553,265000,240000,Cape,4,2.000,"Full,Unfinished",1 Car Attached,2,7080.00,CL,8/31/2017,12/31/2017,9/26/2017,9/28/2017,26,Det,1,1,2967826
683,,Coleridge,Road,Uniondale,11553,365000,365000,Cape,4,1.000,"Full,Finished",,2,7314.00,CL,9/11/2017,9/11/2018,11/15/2017,1/31/2018,65,Det,1,1,2969932
184,,Allen,Street,Hempstead,11550,299900,315000,Cape,3,2.000,"Full,Unfinished",1 Car Attached,2,13752.35,CL,9/15/2017,1/12/2018,10/23/2017,2/09/2018,38,Det,1,1,2971378
297,,Chester,Street,Uniondale,11553,249999,238000,Ranch,2,1.000,"Full,Unfinished",1 Car Detached,2,3775.00,CL,9/19/2017,9/18/2018,11/02/2017,2/12/2018,44,Det,1,1,2972265
301,,Chester,Street,Uniondale,11553,299999,339000,Ranch,2,1.000,"Full,Partially Finished",1 Car Detached,2,3775.00,CL,9/19/2017,9/18/2018,11/01/2017,2/05/2018,43,Det,1,1,2972292
687,,Martin,Drive,Uniondale,11553,227500,290000,Colonial,4,2.000,"Full,Finished",,2,6316.00,CL,9/29/2017,3/28/2018,11/16/2017,1/31/2018,48,Det,1,1,2975184
119,,Stanton,Boulevard,Uniondale,11553,399000,400000,Cape,4,2.000,"Full,Finished",2 Car Detached,2,6404.01,CL,10/06/2017,4/06/2018,2/15/2018,6/15/2018,132,Det,1,1,2976770
220,,Beverly,Road,Hempstead,11550,279000,277000,Colonial,2,1.000,"Full,Finished",,2,9326.41,CL,10/20/2017,7/31/2018,11/22/2017,1/08/2018,33,Det,1,1,2980043
687,,Beck,Street,Uniondale,11553,389000,370000,Cape,4,2.000,"Partial,Partially Finished",1 Car Detached,2,7877.77,CL,10/27/2017,10/27/2018,11/06/2017,4/04/2018,10,Det,1,1,2981550
1185,,Walnut,Street,Uniondale,11553,259900,250000,Cape,4,2.000,"Full,Unfinished",2 Car Detached,2,6587.00,CL,10/15/2017,10/15/2018,10/30/2017,9/21/2018,15,Det,1,1,2982050
922,,Goodrich,Street,Uniondale,11553,370000,385000,Cape,4,1.500,"Full,Partially Finished",1 Car Detached,2,6504.00,CL,11/01/2017,5/30/2018,12/28/2017,3/05/2018,57,Det,1,1,2982609
826,,James,Place,Uniondale,11553,375500,376000,Cape,4,2.000,"Full,Finished",,2,7200.00,CL,11/09/2017,6/20/2018,3/02/2018,6/07/2018,113,Det,1,1,2984536
1055,,Harrison,Street,Uniondale,11553,359000,350000,Ranch,3,2.000,"Full,Finished",,2,6681.82,CL,11/15/2017,11/14/2018,5/10/2018,4/04/2019,175,Det,1,1,2985947
293,,Anchor,Way,Uniondale,11553,329000,342000,Cape,4,2.000,"Full,Unfinished",1 Car Attached,2,7069.58,CL,11/24/2017,6/30/2018,1/04/2018,3/29/2018,41,Det,1,1,2987500
1015,,Cleveland,Street,Uniondale,11553,350000,380000,2 Story,6,3.000,"Full,Finished",,2,10800.00,CL,1/11/2018,10/31/2018,3/14/2018,8/31/2018,61,Det,1,3,2995817
1230,,Cambria,Street,Uniondale,11553,389000,395500,Ranch,3,2.000,"Full,Finished",2 Car Detached,2,8096.49,CL,1/19/2018,1/16/2019,2/09/2018,5/01/2018,21,Det,1,1,2997888
74,,Cliff,Avenue,Hempstead,11550,299000,299000,Cape,4,1.000,"Full,Finished",,2,11409.00,CL,1/30/2018,7/30/2018,3/09/2018,6/21/2018,38,Det,1,1,3000520
28,,Lawrence,Street,Uniondale,11553,369000,355000,Cape,4,1.000,Full,1 Car Detached,2,7808.72,CL,2/02/2018,8/01/2018,3/23/2018,6/27/2018,48,Det,1,1,3001484
347,,Greengrove,Avenue,Uniondale,11553,399000,399000,Cape,6,2.000,Full,1 Car Detached,2,9339.07,CL,2/02/2018,8/01/2018,2/14/2018,6/14/2018,12,Det,1,1,3001487
137,,Manor,Parkway,Uniondale,11553,345000,320000,Colonial,5,2.000,Full,1 Car Detached,2,8915.61,CL,2/02/2018,12/31/2018,7/06/2018,8/14/2018,153,Det,2,1,3001492
343,,Greengrove,Avenue,Uniondale,11553,390000,398000,Cape,5,2.000,Full,,2,9731.46,CL,2/02/2018,8/01/2018,4/12/2018,5/23/2018,68,Det,1,1,3001500
183,,Greengrove,Avenue,Uniondale,11553,385000,390000,Cape,5,2.000,Full,,2,7821.81,CL,2/02/2018,8/01/2018,2/20/2018,6/04/2018,18,Det,1,1,3001519
200,,Brown,Avenue,Hempstead,11550,269999,267000,Cape,2,2.000,"Full,Finished",1 Car Detached,2,10475.03,CL,2/08/2018,3/01/2019,4/20/2018,11/09/2018,70,Det,1,1,3003017
1089,,Midland,Street,Uniondale,11553,319000,309275,Ranch,2,2.000,"Full,Finished",Detached,2,4656.00,CL,2/16/2018,8/16/2018,4/11/2018,6/07/2018,53,Det,1,1,3005216
1056,,Fayette,Street,Uniondale,11553,239000,225000,Bungalow,3,1.000,Full,,2,0.00,CL,2/23/2018,2/28/2020,2/24/2019,3/01/2019,366,Det,1,1,3006816
799,,Nostrand,Avenue,Uniondale,11553,145000,105000,Cape,3,1.000,"Full,Unfinished",,2,7037.00,CL,2/26/2018,12/31/2018,9/04/2018,2/01/2019,189,Det,1,1,3007397
20,,Meadowbrook,Road,Hempstead,11550,399999,360000,Colonial,5,1.000,"Full,Unfinished",2 Car Detached,2,12325.72,CL,3/09/2018,8/01/2018,4/02/2018,6/04/2018,23,Det,1,1,3010601
11,,Flint,Avenue,Hempstead,11550,209000,241275,Other,3,2.000,"Partial,Unfinished",1 Car Detached,2,7407.00,CL,3/14/2018,3/12/2019,3/22/2018,7/12/2018,8,Det,1,1,3011825
779,,Summer,Avenue,Uniondale,11553,395000,390000,Cape,4,2.000,"Full,Finished",,2,6639.00,CL,3/18/2018,9/18/2018,4/09/2018,6/18/2018,22,Det,1,1,3012928
794,,Center,Drive,N. Baldwin,11510,329000,315000,Ranch,3,1.000,"Full,Finished",,2,8175.12,CL,3/19/2018,3/19/2019,5/03/2018,8/09/2018,45,Det,1,1,3013381
21,,Walton,Avenue,Uniondale,11553,249000,265000,Cape,3,1.500,"Full,Unfinished",,2,0.00,CL,3/29/2018,3/29/2019,4/11/2018,7/26/2018,13,Det,1,1,3015825
540,,Newton,Avenue,Uniondale,11553,399000,400000,Cape,4,2.000,"Full,Unfinished",1 Car Detached,2,5444.62,CL,4/04/2018,10/04/2018,4/17/2018,6/13/2018,13,Det,1,1,3017348
436,,Pine,Place,Uniondale,11553,379000,384000,Colonial,3,2.000,"Partial,Unfinished",2 Car Detached,2,9835.00,CL,4/03/2018,12/31/2018,5/08/2018,11/06/2018,35,Det,1,1,3017904
674,,Nostrand,Avenue,Uniondale,11553,295500,285607,Cape,3,1.000,"None,Unfinished",,2,8526.00,CL,4/12/2018,7/12/2018,5/08/2018,5/25/2018,26,Det,1,1,3020452
156,,Perry,Street,Hempstead,11550,399000,399000,Colonial,3,1.500,"Full,Finished",,2,11886.00,CL,4/26/2018,7/26/2018,6/25/2018,8/22/2018,60,Det,1,1,3024370
97,,Dikeman,Street,Hempstead,11550,389000,379500,Colonial,3,1.500,Full,2 Car Detached,2,9393.56,CL,4/27/2018,4/30/2019,6/11/2018,9/28/2018,45,Det,1,1,3024968
366,,Locust,Avenue,Uniondale,11553,395000,365000,Exp Cape,3,1.500,"Full,Finished",1 Car Detached,2,6490.00,CL,5/10/2018,11/10/2018,7/05/2018,9/27/2018,56,Det,1,1,3028026
1054,,Central,Avenue,S. Hempstead,11550,329000,329000,Colonial,2,1.000,"Full,Unfinished",2 Car Detached,2,6019.38,CL,5/16/2018,5/14/2019,1/28/2019,3/08/2019,257,Det,1,1,3030612
1059,,Northgate,Court,Uniondale,11553,289999,305000,Split Ranch,4,2.000,"Full,Partially Finished",,2,8740.52,CL,6/06/2018,6/04/2020,6/19/2018,10/25/2018,13,Det,1,1,3037183
35,,Parkway,Drive,Syosset,11791,655000,170000,Split Level,3,2.000,"Partial,Finished",2 Car Attached,2,19447.00,CL,6/07/2018,12/05/2018,8/16/2018,9/30/2018,70,Det,1,1,3037416
15,,Foster,Place,Hempstead,11550,409999,400000,Tudor,4,1.500,"Full,Partially Finished",1 Car Detached,2,12399.32,CL,6/19/2018,6/19/2019,8/03/2018,9/21/2018,45,Det,1,1,3040782
92,,Belmont,Parkway,Hempstead,11550,319999,321000,Colonial,3,1.500,"Full,Unfinished",1 Car Attached,2,12786.95,CL,7/03/2018,12/27/2018,8/01/2018,9/24/2018,29,Det,1,1,3045115
139,,Emery,Street,Hempstead,11550,299900,300000,Cape,4,1.000,"Full,Partially Finished",1 Car Attached,2,13395.83,CL,8/05/2018,11/01/2018,8/20/2018,9/07/2018,15,Det,1,1,3054545
187,,Perry,Street,Hempstead,11550,320000,300000,Colonial,2,1.000,"Full,Partially Finished",1 Car Attached,2,11440.99,CL,6/11/2018,12/11/2018,8/30/2018,11/16/2018,80,Det,1,1,3055046
59,,Manor,Parkway,Uniondale,11553,299000,340000,Cape,4,2.000,"Full,Partially Finished",1 Car Attached,2,9491.91,CL,8/07/2018,8/07/2019,10/05/2018,1/17/2019,59,Det,1,1,3055923
148,,Macdonald Street,,Hempstead,11550,385850,379500,Colonial,4,1.500,Partial,,2,13717.03,CL,8/13/2018,8/13/2019,9/20/2018,11/30/2018,38,Det,1,1,3056573
1033,,Harrison,Street,Uniondale,11553,299000,299000,Ranch,2,2.000,"Full,Finished",,2,5845.60,CL,8/17/2018,10/31/2018,9/25/2018,11/10/2018,39,Det,1,1,3058031
29,,Robinwood,Avenue,Hempstead,11550,399000,395000,Exp Cape,5,2.000,"Full,Unfinished",2 Car Detached,2,9854.00,CL,8/18/2018,12/31/2018,9/25/2018,12/11/2018,38,Det,1,1,3058538
366,,Jerusalem,Avenue,Hempstead,11550,399000,230000,Colonial,0,0.000,Partial,1 Car Detached,2,8389.78,CL,8/21/2018,1/01/2019,9/18/2018,11/20/2018,28,Det,2,0,3058961
43,,Jean,Avenue,Hempstead,11550,252900,277500,Colonial,4,2.000,"Full,Finished",1 Car Detached,2,6476.00,CL,8/24/2018,8/24/2019,10/25/2018,11/27/2018,62,Det,1,1,3060071
73,,Belmont,Parkway,Hempstead,11550,389999,360000,Cape,4,2.000,"Full,Finished",1 Car Detached,2,12000.00,CL,9/10/2018,9/10/2019,2/15/2019,3/28/2019,158,Det,1,1,3063781
119,,Lucille,Street,Hempstead,11550,300000,300000,Colonial,2,1.000,"Full,Unfinished",1 Car Detached,2,12174.28,CL,10/16/2018,4/16/2019,11/28/2018,2/26/2019,43,Det,1,1,3073966
264,,Woodbury,Road,Woodbury,11797,449000,390000,Colonial,3,2.000,Full,2 Car Detached,2,13533.97,CL,10/19/2018,4/18/2019,3/22/2019,5/17/2019,154,Det,1,1,3074718
1020,,Knabbe,Court,Uniondale,11553,405000,395000,Cape,2,1.000,"Full,Finished",1 Car Attached,2,6145.00,CL,10/19/2018,10/19/2019,2/19/2019,5/28/2019,123,Det,1,1,3074726
548,,Northern,Parkway,Uniondale,11553,349000,340000,Hi Ranch,4,2.000,"None,Unfinished",1 Car Attached,2,8736.69,CL,10/30/2018,3/10/2019,12/12/2018,1/11/2019,43,Det,1,1,3077220
620,,Liberty,Street,Uniondale,11553,334900,325500,Cape,3,2.000,"Full,Unfinished",1 Car Detached,2,8344.87,CL,11/13/2018,2/13/2019,12/31/2018,1/30/2019,48,Det,1,1,3081549
469,,Woodbine,Street,Uniondale,11553,299000,278000,Ranch,2,1.000,"Partial,Unfinished",2 Car Detached,2,10202.00,CL,12/06/2018,6/06/2019,12/24/2018,2/06/2019,18,Det,1,1,3085681
601,,Maude,Street,S. Hempstead,11550,400000,310000,Colonial,3,1.000,"Partial,Unfinished",,2,7631.00,CL,12/07/2018,3/31/2019,6/24/2019,7/11/2019,198,Det,1,1,3085840
83,,Robinwood,Avenue,Hempstead,11550,234900,241200,Cape,3,1.000,"Full,Unfinished",2 Car Detached,2,11552.08,CL,12/07/2018,3/07/2019,1/30/2019,2/15/2019,54,Det,1,1,3085901
108,,Lincoln,Road,Hempstead,11550,339000,355000,Ranch,3,1.500,Full,1 Car Attached,2,13505.00,CL,12/20/2018,5/19/2019,3/28/2019,6/27/2019,97,Det,1,1,3088403
179,,Marvin,Avenue,Uniondale,11553,381000,350373,Colonial,4,2.000,"Full,Unfinished",1 Car Detached,2,9443.00,CL,12/26/2018,3/26/2019,1/11/2019,1/25/2019,16,Det,1,1,3088712
423,,Northern,Parkway,Uniondale,11553,349000,335000,Cape,3,1.500,"Full,Unfinished",,2,7977.20,CL,1/15/2019,3/10/2019,2/06/2019,4/22/2019,22,Det,1,1,3093405
99,,Martin,Avenue,Hempstead,11550,399000,395000,Cape,4,1.000,"Full,Finished",1 Car Detached,2,12063.75,CL,2/01/2019,2/01/2020,3/30/2019,6/28/2019,56,Det,1,1,3097739
697,,Martin,Drive,Uniondale,11553,387000,395000,Cape,3,1.000,"Full,Finished",,2,7433.00,CL,2/15/2019,2/10/2020,5/08/2019,7/15/2019,81,Att,1,1,3101557
26,,Curtis,Avenue,Hempstead,11550,288850,261965,Cape,4,1.500,"Partial,Unfinished",,2,5267.00,CL,3/04/2019,2/28/2020,3/13/2019,5/03/2019,8,Det,1,1,3105804
751,,Salem,Road,Uniondale,11553,297500,332000,Cape,3,2.000,"Full,Finished",,2,4855.00,CL,3/07/2019,10/25/2019,3/18/2019,12/16/2019,11,Det,1,1,3106908
823,,Davis,Avenue,Uniondale,11553,325000,325000,Ranch,1,2.000,"Full,Finished",,2,4682.03,CL,3/18/2019,9/18/2019,4/15/2019,6/20/2019,28,Det,1,1,3110070
263,,Crowell,Street,Hempstead,11550,385000,400000,Ranch,3,2.000,"Full,Finished",,2,11620.54,CL,3/18/2019,6/30/2019,4/16/2019,5/24/2019,29,Det,1,1,3110198
41,,Primrose,Lane,Hempstead,11550,299000,283000,Colonial,4,1.500,"Full,Unfinished",2 Car Detached,2,12238.05,CL,4/06/2019,10/30/2019,4/24/2019,5/28/2019,18,Det,1,1,3116734
753,,Nostrand,Avenue,Uniondale,11553,335000,330000,Cape,2,1.000,"Full,Finished",,2,7223.71,CL,4/13/2019,11/25/2019,5/07/2019,6/24/2019,24,Det,1,1,3119049
486,,Cooper,Court,Uniondale,11553,430000,360000,Cape,4,1.000,"Full,Finished",,2,3768.00,CL,4/17/2019,4/16/2020,5/29/2019,7/22/2019,42,Det,1,1,3120228
134,,Courtenay,Road,Hempstead,11550,265000,301000,Colonial,3,1.000,"Full,Unfinished",2 Car Detached,2,13200.94,CL,5/08/2019,12/31/2019,6/04/2019,11/01/2019,27,Det,1,1,3126926
926,,Uniondale,Avenue,Uniondale,11553,339900,294008,Cape,3,2.550,"Full,Finished",,2,7515.00,CL,5/08/2019,8/05/2019,12/02/2019,12/13/2019,208,Det,1,1,3126978
118,,Lawrence,Street,Uniondale,11553,365000,325000,Cape,4,2.000,Full,1 Car Detached,2,8347.00,CL,5/12/2019,5/11/2020,6/14/2019,3/11/2020,33,Det,1,1,3127948
643,,Southern,Parkway,Uniondale,11553,328000,320000,Cape,4,2.000,"Full,Finished",,2,9545.00,CL,5/13/2019,6/20/2019,6/07/2019,7/16/2019,25,Det,1,1,3132053
1185,,Walnut,Street,Uniondale,11553,289000,260000,Ranch,5,3.000,"Full,Finished",2 Car Detached,2,7328.00,CL,5/28/2019,12/31/2019,7/10/2019,8/15/2019,43,Det,1,1,3133106
463,,Northern,Parkway,Uniondale,11553,330000,333000,Ranch,2,2.000,"Full,Finished",,2,6078.00,CL,7/09/2019,7/09/2020,8/01/2019,9/27/2019,23,Det,1,1,3145659
248,,Arcadia,Avenue,Uniondale,11553,389000,385000,Colonial,2,1.000,"Full,Finished",1 Car Detached,2,6100.00,CL,7/21/2019,4/21/2020,9/10/2019,2/05/2020,51,Det,1,1,3149325
286,,Locust,Avenue,Uniondale,11553,309000,281190,Other,4,1.000,"None,Unfinished",,2,7940.00,CL,7/23/2019,10/03/2020,11/07/2019,12/17/2019,107,Det,1,1,3149567
56,,Spencer,Place,Hempstead,11550,299900,299900,Colonial,2,1.000,"Full,Unfinished",1 Car Detached,2,9106.85,CL,7/24/2019,3/31/2020,10/22/2019,3/03/2020,90,Det,1,1,3150534
712,,New,Street,Uniondale,11553,269400,245154,Other,3,1.000,"None,Unfinished",,2,6780.00,CL,8/05/2019,10/21/2019,10/16/2019,11/01/2019,72,Det,1,1,3153278
161,,Stanton,Boulevard,Uniondale,11553,320000,325000,Cape,3,1.000,"Full,Unfinished",,2,7344.08,CL,8/06/2019,11/04/2019,9/05/2019,9/27/2019,30,Det,1,1,3153875
1263,,Front,Street,Uniondale,11553,320000,330000,2 Story,4,2.000,Full,2 Car Detached,2,8388.00,CL,8/14/2019,8/14/2020,9/11/2019,9/23/2019,28,Det,1,2,3155963
624,,Southern,Parkway,Uniondale,11553,359900,340000,Ranch,2,1.000,"Full,Finished",2 Car Detached,2,4499.51,CL,8/19/2019,12/20/2019,10/25/2019,1/15/2020,67,Att,1,1,3157416
475,,Fenimore,Avenue,Uniondale,11553,353000,300500,Cape,4,3.000,"Full,Finished",1 Car Detached,2,8678.00,CL,8/23/2019,11/22/2019,9/14/2019,10/03/2019,22,Det,1,1,3158521
186,,Holly,Avenue,Hempstead,11550,359000,355000,Colonial,2,2.000,"Full,Finished",,2,8157.99,CL,8/22/2019,8/23/2020,9/14/2019,11/11/2019,23,Det,1,1,3158639
830,,Hempstead,Boulevard,Uniondale,11553,270000,270000,Ranch,3,1.000,Full,,2,7568.00,CL,8/29/2019,8/29/2020,11/09/2019,1/31/2020,72,Det,1,1,3160003
27,,Foster,Place,Hempstead,11550,410000,400000,Tudor,4,2.000,"Full,Partially Finished",1 Car Detached,2,9022.16,CL,9/05/2019,8/09/2020,10/28/2019,12/20/2019,53,Det,1,1,3161584
255,,Lawrence,Street,Uniondale,11553,245000,245000,Ranch,2,2.000,Full,,2,7142.00,CL,10/01/2019,1/02/2020,11/21/2019,3/03/2020,51,Det,1,1,3169698
786,,New,Street,Uniondale,11553,378888,370000,Ranch,2,1.000,"Full,Unfinished",2 Car Detached,2,6424.96,CL,10/10/2019,10/10/2020,12/30/2019,2/26/2020,81,Det,1,1,3171944
618,,May St,,S. Hempstead,11550,467500,339000,Cape,4,2.500,"Full,Finished",1 Car Attached,2,9046.29,CL,10/28/2019,11/30/2019,10/29/2019,11/08/2019,1,Det,1,1,3176020