St #,Dr,Street Name,Sfx,Town,Zip,ListPrice,SoldPrice,,Br,Bath,,,SD,Tot Tax,LSC,ListDate,ExpDate,ContDate,TitleDate,DOM,Det,#F,K,ML#
23,,Paul,Avenue,New Hyde Park,11040,549000,530000,Cape,4,2.000,"Full,Unfinished",2 Car Detached,5,10916.07,CL,11/11/2016,2/11/2017,12/22/2016,4/10/2017,41,Det,1,1,*1269597
42,,Primrose,Drive,New Hyde Park,11040,599000,580000,Cape,5,2.000,"Full,Finished",1 Car Detached,5,10883.00,CL,3/11/2017,9/12/2017,4/18/2017,6/29/2017,37,Det,1,1,*1278153
509,N,1st,Street,New Hyde Park,11040,569000,550000,Cape,4,2.000,"Full,Finished",1 Car Detached,5,11369.44,CL,5/02/2017,11/02/2017,7/27/2017,9/21/2017,86,Det,1,1,*1283256
1182,,Woodland,Lane,Seaford,11783,599000,580000,Split Level,3,3.000,"Partial,Finished",2 Car Attached,5,12835.07,CL,5/03/2017,12/01/2017,5/23/2017,8/30/2017,20,Det,1,1,*1283385
1419,,Broadway,,New Hyde Park,11040,599000,572500,Cape,4,2.000,"Full,Finished",1 Car Detached,5,12019.79,CL,5/03/2017,11/03/2017,6/08/2017,8/15/2017,36,Det,1,1,*1283492
42,,Yale,Boulevard,New Hyde Park,11040,589000,546000,Cape,4,2.000,Full,,5,9643.46,CL,5/11/2017,11/11/2017,6/20/2017,8/09/2017,40,Det,1,1,*1284367
404,,Central,Boulevard,New Hyde Park,11040,550000,568000,Cape,3,1.000,"Full,Unfinished",1 Car Detached,5,11899.14,CL,5/31/2017,12/31/2017,6/29/2017,8/16/2017,29,Det,1,1,*1286269
108,N,10th,Street,New Hyde Park,11040,599000,575000,Tudor,3,1.500,Full,1 Car Attached,5,12689.60,CL,9/06/2017,3/06/2018,11/21/2017,1/26/2018,76,Det,1,1,*1294784
817,,Bryant,Avenue,New Hyde Park,11040,539000,515000,Cape,3,1.000,"Full,Finished",1 Car Detached,5,10001.52,CL,10/11/2017,4/30/2018,11/09/2017,1/19/2018,29,Det,1,1,*1297830
3939,,Wicks,Avenue,Seaford,11783,539000,539000,Colonial,5,2.500,"Full,Finished",1 Car Detached,5,13343.00,CL,4/01/2018,12/31/2018,4/07/2018,6/27/2018,6,Det,1,1,*1312990
33,,Evans,Street,New Hyde Park,11040,569000,525000,Cape,3,1.000,"Full,Unfinished",1 Car Detached,5,7090.70,CL,6/18/2018,12/31/2018,8/13/2018,11/01/2018,56,Det,1,1,*1319088
515,,North 7th,Street,New Hyde Park,11040,629000,600000,Cape,4,2.000,"Full,Finished",1 Car Detached,5,9800.00,CL,8/15/2018,12/30/2018,8/22/2018,11/07/2018,7,Det,1,1,*1327756
3912,,Arthur,Avenue,Seaford,11783,549000,560000,Split Level,3,1.500,"Full,Finished",1 Car Attached,5,12092.00,CL,4/03/2019,9/03/2019,4/22/2019,7/18/2019,19,Det,1,1,*1342535
35,,Todd,Circle,Wantagh,11793,549000,549000,Exp Cape,4,2.000,"Full,Unfinished",1 Car Attached,5,12198.39,CL,5/02/2019,9/30/2019,5/27/2019,7/24/2019,25,Det,1,1,*1345310
2842,,Walter,Road,Wantagh,11793,599888,600000,Colonial,4,2.000,"Full,Partially Finished",1 Car Detached,5,12604.00,CL,6/05/2019,9/05/2019,7/03/2019,9/16/2019,28,Det,1,1,*1348915
134,,Coach,Lane,Levittown,11756,475000,512000,Exp Cape,3,2.000,"None,Unfinished",1 Car Detached,5,11378.03,CL,6/20/2019,12/31/2019,7/17/2019,9/16/2019,27,Det,1,1,*1350535
19,,Willow,Road,New Hyde Park,11040,599000,570000,Cape,4,2.000,Full,1 Car Attached,5,13750.71,CL,6/24/2019,12/11/2019,7/26/2019,9/13/2019,32,Det,1,1,*1352198
47,,Dosoris,Way,Glen Cove,11542,599000,550000,Other,0,0.555,"Partial,Partially Finished",,5,0.00,CL,10/18/2013,4/21/2017,2/26/2016,7/03/2018,1356,Det,1,0,2623859
104,,Maple,Drive,New Hyde Park,11040,578000,565000,Exp Cape,3,1.500,"Full,Finished",1 Car Attached,5,10908.14,CL,2/29/2016,2/28/2017,4/27/2016,4/27/2017,57,Det,1,1,2831752
66,,Sugar Maple,Lane,Glen Cove,11542,599000,580000,Colonial,4,2.555,"Full,Finished",,5,14421.96,CL,3/28/2016,12/31/2017,5/03/2017,6/27/2017,401,Det,1,1,2839043
46,,Maple,Drive,New Hyde Park,11040,610000,585000,Cape,3,1.000,"Partial,Unfinished",,5,12000.00,CL,5/23/2016,5/05/2017,3/03/2017,12/22/2017,284,Det,1,1,2854977
48,,Hitching Post,Lane,Glen Cove,11542,589000,575000,Hi Ranch,5,3.000,"Full,Finished",2 Car Attached,5,11739.84,CL,6/18/2016,12/31/2016,12/19/2016,3/23/2017,184,Det,1,1,2862394
5,,Ridge,Road,Glen Cove,11542,588000,535000,Cape,3,2.500,"Crawl,Unfinished",2 Car Attached,5,17246.56,CL,8/30/2016,8/29/2017,1/26/2017,5/03/2017,149,Det,1,1,2879726
9,,Appletree,Lane,Levittown,11756,549000,549000,Colonial,4,2.500,"None,Unfinished",1 Car Attached,5,12309.29,CL,9/21/2016,5/06/2017,2/15/2017,5/05/2017,147,Det,1,1,2885192
528,N,7th,Street,New Hyde Park,11040,588000,560000,Cape,4,1.000,"Full,Finished",1 Car Detached,5,9815.00,CL,9/22/2016,10/22/2017,5/15/2017,10/05/2017,235,Det,1,1,2885474
35,N,10th,Street,New Hyde Park,11040,579000,555000,Cape,4,2.000,Full,1 Car Detached,5,12148.44,CL,9/26/2016,7/26/2017,5/05/2017,7/14/2017,221,Det,1,1,2886057
2,,Berry,Lane,Glen Cove,11542,599000,590000,Ranch,3,3.000,"Full,Unfinished",2 Car Attached,5,9925.25,CL,10/03/2016,2/28/2017,1/05/2017,4/03/2017,94,Det,1,1,2887613
61,,Durham,Road,New Hyde Park,11040,569999,560000,Exp Cape,3,1.000,"Full,Unfinished",1 Car Attached,5,9438.00,CL,10/26/2016,3/26/2017,1/19/2017,3/28/2017,85,Det,1,1,2892766
1500,,Jasmine,Avenue,New Hyde Park,11040,579000,570000,Cape,4,2.500,"Full,Finished",1 Car Detached,5,12202.07,CL,11/02/2016,11/28/2016,11/21/2016,8/18/2017,19,Det,1,1,2894132
515,,Lakeville,Road,New Hyde Park,11040,550000,540000,Cape,4,2.000,"Full,Partially Finished",1 Car Detached,5,9513.00,CL,11/08/2016,2/27/2017,2/02/2017,5/18/2017,86,Det,1,1,2895496
40,,Mcloughlin,Street,Glen Cove,11542,568000,552800,Split Level,3,2.000,"Full,Partially Finished",1 Car Attached,5,10692.00,CL,11/10/2016,9/01/2017,7/20/2017,9/21/2017,251,Det,1,1,2895744
179,,Nassau,Boulevard,New Hyde Park,11040,564000,550000,Cape,4,2.000,"Full,Finished",1 Car Detached,5,9052.87,CL,11/17/2016,8/01/2017,3/09/2017,5/30/2017,112,Det,1,1,2897170
123,,Balsam,Lane,Levittown,11756,599000,586000,Colonial,4,3.500,"None,Unfinished",,5,10506.00,CL,11/28/2016,11/29/2017,2/16/2017,6/20/2017,80,Det,1,1,2898797
26,,Long,Lane,Levittown,11756,549888,535000,Colonial,5,2.500,"None,Unfinished",1 Car Attached,5,13892.00,CL,12/01/2016,11/30/2017,4/07/2017,6/07/2017,126,Det,1,1,2899360
615,,Albert,Street,New Hyde Park,11040,599000,590000,Cape,4,2.000,"Full,Finished",,5,9161.12,CL,12/06/2016,6/30/2017,2/28/2017,5/30/2017,84,Det,1,1,2900368
17,,Sherwood,Road,Glen Cove,11542,580000,555000,Cape,4,3.000,"Full,Finished",,5,11114.00,CL,12/06/2016,12/05/2017,5/03/2017,7/25/2017,147,Det,1,1,2900422
2887,,Campbell,Avenue,Wantagh,11793,539000,550000,Exp Ranch,3,2.000,"Full,Partially Finished",1 Car Attached,5,12641.96,CL,12/23/2016,4/23/2017,1/14/2017,4/19/2017,22,Det,1,1,2903080
108,,Ingraham,Lane,New Hyde Park,11040,599999,592000,Colonial,3,1.550,"Full,Finished",1 Car Detached,5,11769.81,CL,1/03/2017,7/01/2017,3/21/2017,7/22/2017,76,Det,1,1,2904272
444,,Brooklyn,Avenue,New Hyde Park,11040,559000,540000,Colonial,4,2.000,Full,1 Car Detached,5,11081.58,CL,8/27/2016,7/31/2017,7/02/2017,9/20/2017,309,Det,1,1,2905417
13,,Eastern Dr,,New Hyde Park,11040,588000,590000,Townhouse,3,2.500,"Full,Finished",,5,10721.77,CL,1/09/2017,7/09/2017,1/25/2017,3/28/2017,16,Att,1,1,2905589
33,,Eden,Lane,Levittown,11756,555444,525000,Colonial,3,2.000,"None,Unfinished",1 Car Attached,5,11820.15,CL,1/19/2017,7/09/2017,2/16/2017,5/03/2017,28,Det,1,1,2907765
205,,Central,Boulevard,New Hyde Park,11040,583000,570000,Cape,3,2.000,"Full,Partially Finished",1 Car Detached,5,9890.00,CL,1/23/2017,7/17/2017,5/01/2017,7/07/2017,97,Det,1,1,2908476
3658,,Regent,Lane,Wantagh,11793,529000,524000,Split Level,3,2.500,"Crawl,Unfinished",,5,13178.78,CL,1/30/2017,7/29/2017,4/06/2017,5/31/2017,65,Det,1,1,2909944
1636,,Falmouth,Avenue,New Hyde Park,11040,595000,575000,Cape,4,2.000,"Full,Unfinished",1 Car Attached,5,14333.91,CL,1/30/2017,8/31/2017,2/17/2017,3/24/2017,18,Det,1,1,2910099
11,,Meadowfield,Lane,Glen Cove,11542,549000,535000,Ranch,4,1.500,"Full,Finished",2 Car Attached,5,10272.57,CL,2/04/2017,2/01/2018,3/24/2017,5/24/2017,47,Det,1,1,2911563
231,,Walnut,Road,Glen Cove,11542,549888,535000,Hi Ranch,5,3.000,"Full,Finished",2 Car Attached,5,10455.18,CL,2/11/2017,10/15/2017,8/24/2017,10/30/2017,193,Det,1,1,2913067
116,S,8,Street,New Hyde Park,11040,555000,568500,Colonial,3,2.000,"Full,Finished",1 Car Detached,5,9066.11,CL,2/12/2017,12/31/2017,3/02/2017,5/16/2017,18,Det,1,1,2913260
51,,Valentine,Avenue,Glen Cove,11542,549000,530150,Tudor,4,3.000,"Full,Finished",Detached,5,9189.00,CL,2/13/2017,2/13/2018,2/28/2017,4/14/2017,15,Det,1,1,2913525
103,,Sperry,Boulevard,New Hyde Park,11040,565000,563000,Cape,3,2.000,"Full,Finished",1 Car Detached,5,11336.00,CL,2/22/2017,8/18/2017,3/28/2017,6/26/2017,33,Det,1,1,2915799
1114,,Mclean,Avenue,Wantagh,11793,498500,532000,Exp Ranch,3,2.000,"Full,Unfinished",1 Car Attached,5,9854.23,CL,2/27/2017,9/30/2017,3/27/2017,6/22/2017,27,Det,1,1,2916823
110,S,5th,Street,New Hyde Park,11040,559000,560000,Cape,4,2.000,"Full,Finished",2 Car Detached,5,5718.00,CL,3/01/2017,12/01/2017,8/08/2017,11/20/2017,159,Det,1,1,2917841
1411,,Washington,Avenue,New Hyde Park,11040,599888,580000,Exp Cape,3,2.500,"Full,Finished",,5,11605.90,CL,3/06/2017,3/03/2018,5/05/2017,9/01/2017,59,Det,1,1,2918943
114,N,10th,Street,New Hyde Park,11040,590000,560000,Colonial,3,1.550,"Full,Unfinished",2 Car Detached,5,12397.79,CL,3/06/2017,7/31/2017,4/25/2017,6/26/2017,49,Det,1,1,2919004
17,,Bolton,Road,New Hyde Park,11040,549000,554000,Cape,4,2.000,Full,1 Car Attached,5,9824.17,CL,3/05/2017,9/01/2017,5/24/2017,8/07/2017,79,Det,1,1,2919255
54,,Wilton,Street,New Hyde Park,11040,620000,580000,Cape,3,1.000,"Full,Finished",1 Car Detached,5,7626.47,CL,3/11/2017,12/31/2017,7/29/2017,10/04/2017,139,Det,1,1,2920544
447,,Briar,Lane,Wantagh,11793,549000,530000,Split Level,4,3.000,"Full,Finished",2 Car Attached,5,10461.00,CL,3/20/2017,12/31/2017,4/18/2017,7/06/2017,29,Det,1,1,2922377
190,E,Red Maple,Drive,Levittown,11756,509000,524000,Exp Cape,4,3.000,"None,Unfinished",,5,13540.00,CL,3/20/2017,9/15/2017,4/03/2017,7/20/2017,14,Det,1,1,2922470
27,,Brisbane,Street,New Hyde Park,11040,524900,539000,Cape,4,2.000,"Full,Finished",1 Car Detached,5,11369.00,CL,3/20/2017,7/30/2017,4/21/2017,7/05/2017,32,Det,1,1,2922509
1195,,Flower,Lane,Wantagh,11793,569000,555000,Splanch,4,2.500,"Full,Finished",1 Car Attached,5,15348.98,CL,3/20/2017,9/20/2017,5/08/2017,7/20/2017,49,Det,1,1,2922753
14,,Ravine Ave,,Glen Cove,11542,569000,545000,Colonial,4,2.500,"Full,Unfinished",2 Car Detached,5,12419.47,CL,3/29/2017,4/19/2019,12/17/2018,2/26/2019,628,Det,1,1,2924790
84,,7th,Street,New Hyde Park,11040,489000,520000,Ranch,3,2.000,"Full,Finished",1 Car Detached,5,8206.03,CL,4/01/2017,7/19/2017,5/03/2017,7/07/2017,32,Det,1,1,2925973
220,,Nassau,Boulevard,New Hyde Park,11040,574900,571000,Hi Ranch,3,2.500,"Full,Finished",2 Car Attached,5,11915.00,CL,4/03/2017,7/14/2017,7/10/2017,8/24/2017,98,Det,1,1,2926528
89,,Durham,Road,New Hyde Park,11040,599000,530000,Cape,2,1.000,"Full,Finished",,5,11859.00,CL,4/04/2017,10/04/2017,5/17/2017,1/24/2018,43,Det,1,1,2926717
23,,Lea Ann,Terrace,Wantagh,11793,490000,515000,Split Level,4,3.000,"Partial,Finished",,5,15013.00,CL,4/06/2017,7/06/2017,4/19/2017,9/27/2017,13,Det,1,1,2927388
83,,Kenneth,Place,New Hyde Park,11040,559000,565000,Cape,4,2.000,"Full,Partially Finished",1 Car Detached,5,8653.00,CL,4/10/2017,10/10/2017,5/12/2017,10/06/2017,32,Det,1,1,2928205
533,,N 7th,Street,New Hyde Park,11040,578888,575000,Colonial,3,1.500,"Full,Unfinished",1 Car Detached,5,10450.00,CL,4/10/2017,9/30/2017,8/09/2017,12/01/2017,121,Det,1,1,2928378
97,,Woolsey,Avenue,Glen Cove,11542,539000,539000,Tudor,4,2.500,"Full,Partially Finished",2 Car Detached,5,10934.00,CL,4/12/2017,10/12/2017,5/04/2017,9/01/2017,22,Det,1,1,2928870
23,S,12th,Street,New Hyde Park,11040,565000,560000,Colonial,4,2.000,Full,,5,9114.88,CL,4/13/2017,9/30/2017,5/12/2017,7/21/2017,29,Det,1,1,2929041
110,,Stirrup,Lane,Levittown,11756,539000,539000,Colonial,4,2.500,"None,Unfinished",,5,10209.74,CL,4/13/2017,10/13/2017,5/08/2017,8/21/2017,25,Det,1,1,2929102
42,,Primrose,Drive,New Hyde Park,11040,599000,580000,Cape,5,2.000,Full,1 Car Detached,5,10883.00,CL,4/14/2017,9/12/2017,4/18/2017,6/29/2017,4,Det,1,1,2929496
8,,Manning,Road,Glen Cove,11542,559000,540000,Ranch,3,2.500,"Full,Finished",2 Car Attached,5,10433.90,CL,4/20/2017,12/31/2017,8/15/2017,9/21/2017,117,Det,1,1,2931032
36,,Robin,Lane,Levittown,11756,538888,538000,Exp Ranch,5,2.500,"None,Unfinished",,5,10910.64,CL,4/19/2017,4/19/2018,6/28/2017,10/30/2017,70,Det,1,1,2931116
218,,Brooklyn,Avenue,New Hyde Park,11040,579000,575000,Cape,4,1.000,"Full,Finished",1 Car Detached,5,11734.83,CL,4/22/2017,7/31/2017,6/13/2017,7/28/2017,52,Det,1,1,2931739
1230,,Adrienne,Lane,Seaford,11783,555000,560000,Split Level,4,2.500,"Partial,Partially Finished",1 Car Attached,5,14641.00,CL,4/23/2017,10/23/2017,5/03/2017,7/11/2017,10,Det,1,1,2931765
31,,Tanager,Lane,Levittown,11756,579999,579999,Colonial,4,3.000,"None,Unfinished",1 Car Attached,5,24213.18,CL,4/27/2017,3/31/2018,5/18/2017,8/01/2017,21,Det,1,1,2932983
71,,Judith,Court,Wantagh,11793,559000,530000,Split Level,3,3.000,"Full,Finished",2 Car Attached,5,19798.65,CL,4/29/2017,10/29/2017,10/02/2017,11/21/2017,156,Det,1,1,2933521
6,,Loring,Road,Levittown,11756,539900,535000,Exp Cape,5,2.000,"Full,Partially Finished",2 Car Detached,5,9857.00,CL,4/28/2017,12/28/2017,6/12/2017,8/01/2017,45,Det,1,1,2933553
138,N,Duckpond,Drive,Wantagh,11793,599000,590000,Colonial,4,3.000,"None,Unfinished",2 Car Attached,5,18456.73,CL,5/01/2017,11/01/2017,5/30/2017,6/30/2017,29,Det,1,1,2933994
839,,Strang,Drive,Wantagh,11793,529000,550000,Exp Cape,3,2.000,"Full,Finished",1 Car Detached,5,10047.15,CL,5/01/2017,11/01/2017,5/17/2017,8/22/2017,16,Det,1,1,2934585
18,,Highland Mews,,Glen Cove,11542,549000,580000,Townhouse,3,3.500,"None,Unfinished",1 Car Attached,5,11103.04,CL,5/05/2017,5/05/2018,5/17/2017,8/02/2017,12,Det,1,1,2935699
1,,Deasy,Lane,Glen Cove,11542,528000,522000,Duplex,4,3.000,"Partial,Partially Finished",2 Car Attached,5,10069.17,CL,4/04/2017,10/04/2017,4/19/2017,6/08/2017,15,Det,2,2,*1280455
47,,Maple,Avenue,Glen Cove,11542,569000,520000,2 Story,4,2.000,"Full,Unfinished",2 Car Detached,5,7378.37,CL,12/04/2017,6/30/2018,1/30/2018,3/13/2018,57,Det,2,2,*1301799
34,S,17th,Street,New Hyde Park,11040,579889,540000,Other,3,2.000,"Full,Partially Finished",2 Car Detached,5,12000.00,CL,7/17/2018,2/01/2019,9/06/2018,12/06/2018,51,Det,2,2,*1321994
5-7,,Knoll,Place,Glen Cove,11542,599000,560000,Duplex,7,4.000,Partial,,5,16371.75,CL,9/23/2016,4/17/2017,3/21/2017,8/14/2017,179,Det,2,2,2885905
18,,3rd,Avenue,New Hyde Park,11040,549999,540000,2 Story,2,2.000,"Full,Unfinished",,5,9992.00,CL,4/07/2017,3/27/2018,5/13/2017,8/30/2017,36,Det,2,2,2927597
34,,Wolfle,Street,Glen Cove,11542,489000,530000,Colonial,4,2.000,"Full,Unfinished",2 Car Detached,5,7388.59,CL,4/25/2017,4/25/2018,5/05/2017,7/03/2017,10,Det,2,2,2932229
156,,Kamda,Boulevard,New Hyde Park,11040,545000,520000,Cape,3,1.000,"Full,Finished",1 Car Detached,5,10813.07,CL,5/05/2017,10/31/2017,5/30/2017,8/02/2017,25,Det,1,1,2935733
59,,Parkside,Drive,Levittown,11756,559000,555000,Colonial,4,2.000,"None,Unfinished",,5,11033.71,CL,5/10/2017,11/30/2017,6/02/2017,8/04/2017,23,Det,1,1,2937037
1312,,5th,Avenue,New Hyde Park,11040,579000,585000,Exp Cape,4,2.000,"Full,Finished",,5,10486.76,CL,5/11/2017,11/11/2017,5/17/2017,7/13/2017,6,Det,1,1,2937367
40,S,16th,Street,New Hyde Park,11040,599000,590000,Colonial,3,2.000,"Full,Unfinished",1 Car Detached,5,7424.76,CL,5/16/2017,11/02/2017,5/26/2017,9/01/2017,10,Det,1,1,2938725
958,N,4th,Street,New Hyde Park,11040,599000,570000,Cape,3,2.000,Full,,5,10989.00,CL,5/17/2017,12/31/2017,8/01/2017,9/26/2017,76,Det,1,1,2939395
39,,Dallas,Avenue,New Hyde Park,11040,598777,600000,Ranch,3,1.000,"Full,Finished",1 Car Attached,5,8719.00,CL,5/19/2017,11/20/2017,6/08/2017,2/01/2018,20,Det,1,1,2939855
34,,Elmtree,Lane,Levittown,11756,524900,524900,Colonial,3,2.000,"None,Unfinished",,5,11700.00,CL,5/31/2017,12/01/2017,7/10/2017,10/05/2017,40,Det,1,0,2942673
23,,Leuce,Place,Glen Cove,11542,585000,585000,Ranch,3,2.000,"Partial,Finished",1 Car Attached,5,9276.12,CL,6/01/2017,9/01/2017,6/30/2017,9/05/2017,29,Det,1,1,2943300
534,,Sand Hill,Road,Wantagh,11793,549999,549034,Hi Ranch,4,4.000,"None,Unfinished",,5,22076.01,CL,6/02/2017,6/02/2018,10/20/2017,12/29/2017,140,Det,1,1,2943695
16,,Sparrow,Lane,Levittown,11756,619990,600000,Exp Ranch,8,3.000,"None,Unfinished",,5,16353.00,CL,6/05/2017,3/28/2018,6/26/2017,12/13/2017,21,Det,1,1,2944606
3759,,Lynn,Lane,Wantagh,11793,559990,542000,Split Level,3,2.500,"Full,Finished",2 Car Attached,5,12499.17,CL,6/07/2017,12/31/2017,6/26/2017,9/27/2017,19,Det,1,1,2944843
23,,Broadfield,Place,Glen Cove,11542,589000,580000,Colonial,5,3.500,Full,,5,12119.00,CL,6/08/2017,12/08/2017,6/23/2017,8/24/2017,15,Det,1,1,2945208
25,,Wildwood,Lane,Wantagh,11793,549000,540000,Colonial,5,3.000,"None,Unfinished",1 Car Attached,5,13306.82,CL,6/11/2017,12/31/2017,9/29/2017,11/28/2017,110,Det,1,1,2946046
3738,,Regent,Lane,Wantagh,11793,529000,519000,Split Level,3,2.000,"None,Unfinished",1 Car Attached,5,9486.02,CL,6/13/2017,11/15/2017,8/09/2017,1/26/2018,57,Det,1,1,2946480
56,,Buckeye,Road,Glen Cove,11542,540000,525000,Exp Ranch,3,2.000,,1 Car Attached,5,8234.00,CL,6/15/2017,5/29/2018,7/01/2017,8/21/2017,16,Det,1,1,2947261
21,,Purdue,Road,Glen Cove,11542,599000,580000,Colonial,5,2.000,"Full,Finished",,5,10658.19,CL,6/15/2017,12/15/2018,9/13/2017,10/30/2017,90,Det,1,1,2947293
10,,Helen,Place,Glen Cove,11542,529000,528000,Split Level,4,3.000,"Full,Unfinished",2 Car Attached,5,13313.13,CL,6/17/2017,6/17/2018,8/23/2017,1/25/2018,67,Det,1,1,2947956
4085,,Bayberry,Lane,Seaford,11783,549999,533000,Split Level,3,2.000,Partial,1 Car Attached,5,16264.00,CL,6/20/2017,12/20/2017,8/28/2017,11/13/2017,69,Det,1,1,2948503
34,,Harwood,Drive,Glen Cove,11542,575000,570000,Split Level,3,2.500,"Partial,Finished",2 Car Attached,5,10300.48,CL,6/20/2017,12/12/2017,7/23/2017,9/21/2017,33,Det,1,1,2948583
7,,Ashleigh,Court,Glen Cove,11542,599000,565000,Colonial,4,3.000,"None,Unfinished",2 Car Attached,5,8545.61,CL,6/21/2017,12/31/2017,7/25/2017,11/23/2017,34,Det,1,1,2948968
26,,Jerome,Drive,Glen Cove,11542,599000,585000,Split Level,3,2.000,"Full,Finished",1 Car Attached,5,10708.00,CL,6/23/2017,6/23/2018,8/31/2017,11/17/2017,69,Det,1,1,2949486
11,N,4th,Street,New Hyde Park,11040,645000,590000,Colonial,5,3.000,Full,1 Car Detached,5,11982.00,CL,6/21/2017,1/31/2018,11/01/2017,1/08/2018,133,Det,1,1,2949594
24,,Stillman,Road,Glen Cove,11542,599000,560000,Exp Cape,3,2.000,"Full,Unfinished",1 Car Attached,5,9820.00,CL,6/23/2017,12/23/2017,10/12/2017,10/26/2017,111,Det,1,1,2949707
10,,Ruby,Drive,Glen Cove,11542,575000,552500,Exp Ranch,3,3.000,"Full,Finished",2 Car Attached,5,9123.60,CL,6/26/2017,12/31/2017,7/24/2017,10/24/2017,28,Det,1,1,2950096
970,N,1st,Street,New Hyde Park,11040,568000,545000,Cape,3,1.000,"Full,Finished",,5,6993.00,CL,6/26/2017,12/25/2017,8/15/2017,12/01/2017,50,Det,1,1,2950116
862,,Viceroy,Road,Wantagh,11793,529000,550000,Split Level,4,2.000,"Partial,Unfinished",1 Car Attached,5,11730.00,CL,6/26/2017,12/26/2017,8/01/2017,10/16/2017,36,Det,1,1,2950198
2,,Wildwood,Lane,Wantagh,11793,589000,600000,Colonial,4,3.000,"None,Unfinished",1 Car Attached,5,12262.00,CL,6/28/2017,6/18/2018,7/24/2017,10/10/2017,26,Det,1,1,2950898
1135,,Crestline,Place,Seaford,11783,569990,565000,Split Level,3,2.500,"Full,Finished",2 Car Attached,5,13501.28,CL,6/28/2017,12/29/2017,7/13/2017,9/22/2017,15,Det,1,1,2951086
3550,,Southview,Avenue,Wantagh,11793,539777,530000,Split Level,4,2.000,Full,,5,12080.60,CL,6/29/2017,9/01/2017,8/08/2017,10/13/2017,40,Det,1,1,2951178
24,,Orchid,Lane,New Hyde Park,11040,599000,555000,Cape,3,1.000,"Full,Partially Finished",1 Car Detached,5,11994.64,CL,7/03/2017,1/03/2018,8/30/2017,10/03/2017,58,Det,1,1,2951978
39,,Henry,Drive,Glen Cove,11542,599999,575000,Split Level,4,2.000,"Full,Partially Finished",1 Car Attached,5,9958.00,CL,7/05/2017,12/31/2017,9/07/2017,10/30/2017,64,Det,1,1,2952325
145,N,3rd,Street,New Hyde Park,11040,599000,585000,Cape,4,2.000,"Full,Finished",1 Car Attached,5,10326.17,CL,7/06/2017,12/13/2017,9/19/2017,10/27/2017,75,Det,1,1,2952882
8,,North,Lane,Glen Cove,11542,585000,580000,Colonial,4,3.000,"Full,Finished",,5,8978.31,CL,7/06/2017,12/06/2017,7/28/2017,10/13/2017,22,Det,1,1,2952896
112,,Lawrence,Street,New Hyde Park,11040,465000,560000,Ranch,3,1.000,"Full,Finished",1 Car Detached,5,11118.83,CL,7/10/2017,1/10/2018,7/19/2017,9/26/2017,9,Det,1,1,2953597
8,,Edwards,Lane,Glen Cove,11542,585000,550000,Split Level,4,3.000,"Partial,Unfinished",,5,13519.14,CL,7/10/2017,1/10/2018,8/07/2017,11/21/2017,28,Det,1,1,2953973
1627,,Park,Avenue,New Hyde Park,11040,580000,585000,Cape,3,1.500,Full,1 Car Attached,5,7467.00,CL,7/14/2017,1/14/2018,10/06/2017,12/29/2017,84,Det,1,1,2955432
59,,Hitching Post,Lane,Glen Cove,11542,559000,547000,Hi Ranch,4,3.000,"Full,Finished",2 Car Attached,5,10700.72,CL,7/18/2017,12/31/2017,7/27/2017,9/07/2017,9,Det,1,1,2956069
21,,Eldridge,Place,Glen Cove,11542,555000,560000,Cape,4,2.000,"Full,Finished",2 Car Attached,5,7499.33,CL,7/21/2017,12/01/2017,9/01/2017,11/08/2017,42,Det,1,1,2957128
3730,,Bernard,Drive,Wantagh,11793,599999,595000,Split Level,4,3.000,"Full,Finished",,5,13694.00,CL,7/21/2017,12/31/2017,10/16/2017,12/11/2017,87,Det,1,1,2957415
9,,Amber,Lane,Levittown,11756,535000,520000,Colonial,4,2.000,"None,Unfinished",1 Car Attached,5,8259.00,CL,7/24/2017,6/20/2018,8/08/2017,10/06/2017,15,Det,1,1,2957670
37,,Dyckman,Avenue,New Hyde Park,11040,499999,511000,Ranch,3,1.000,"Full,Finished",,5,10073.41,CL,7/27/2017,12/31/2017,8/14/2017,10/30/2017,18,Det,1,1,2958725
31,,Baxter,Avenue,New Hyde Park,11040,549000,545000,Cape,3,1.000,"Full,Partially Finished",1 Car Detached,5,11092.23,CL,7/29/2017,1/30/2018,7/31/2017,9/12/2017,2,Det,1,1,2959228
52,,Franklin,Avenue,Glen Cove,11542,649000,595000,Colonial,3,1.500,"Full,Finished",2 Car Detached,5,8550.00,CL,7/28/2017,1/28/2018,10/23/2017,12/18/2017,87,Det,1,1,2959353
3147,,Jeffries,Road,Levittown,11756,528500,525000,Split Level,3,2.000,"Full,Finished",,5,14469.52,CL,8/01/2017,12/31/2017,11/03/2017,3/15/2018,94,Det,1,1,2959983
1417,,Plaza,Avenue,New Hyde Park,11040,559000,570000,Cape,4,2.000,Full,1 Car Attached,5,9658.00,CL,8/03/2017,10/05/2017,8/25/2017,11/13/2017,22,Det,1,1,2960657
294,,S 10th,Street,New Hyde Park,11040,599000,555000,2 Story,3,3.000,"Full,Finished",,5,8468.00,CL,8/03/2017,11/03/2017,10/10/2017,1/18/2018,68,Sd,2,2,2960666
30,,Henry,Drive,Glen Cove,11542,585000,590000,Split Level,4,2.000,"Full,Finished",,5,10801.58,CL,8/04/2017,2/01/2018,11/29/2017,2/22/2018,117,Det,1,1,2960778
38,,Primrose,Drive,New Hyde Park,11040,588000,600000,Cape,3,1.000,Full,,5,9885.00,CL,8/07/2017,1/31/2018,8/11/2017,10/26/2017,4,Det,1,1,2961577
42,,Magpie,Lane,Levittown,11756,549888,549888,Exp Cape,4,2.000,"None,Unfinished",,5,13246.99,CL,8/09/2017,12/09/2017,9/25/2017,1/05/2018,47,Det,1,1,2961973
18,,Brookdale,Road,Glen Cove,11542,595000,570000,Split Level,3,2.000,"Full,Finished",2 Car Attached,5,9441.65,CL,8/11/2017,3/09/2018,12/14/2017,3/22/2018,125,Det,1,1,2962825
33,,Wishbone,Lane,Wantagh,11793,530000,530000,Colonial,5,2.000,"None,Unfinished",,5,13558.93,CL,8/14/2017,2/07/2018,8/21/2017,11/14/2017,7,Det,1,1,2963126
1401,S,Park,Place,New Hyde Park,11040,599000,584000,Cape,4,1.000,"Full,Unfinished",1 Car Detached,5,11465.00,CL,8/17/2017,12/31/2017,9/18/2017,12/14/2017,32,Det,1,1,2964069
314,S,9th,Street,New Hyde Park,11040,579900,580000,Cape,3,1.000,"Full,Unfinished",,5,10476.41,CL,8/22/2017,2/22/2018,10/18/2017,1/30/2018,57,Det,1,1,2965333
1015,,Douglas,Avenue,Wantagh,11793,539000,535000,Ranch,3,2.000,"Full,Finished",1 Car Detached,5,11781.00,CL,8/25/2017,2/26/2018,9/19/2017,12/01/2017,25,Det,1,1,2965951
1305,,Washington,Avenue,New Hyde Park,11040,599999,520000,Cape,4,1.500,"Full,Finished",2 Car Detached,5,13008.70,CL,9/01/2017,2/28/2018,9/27/2017,11/20/2017,26,Det,1,1,2967493
27,,Rellim,Drive,Glen Cove,11542,569000,565000,Ranch,3,1.000,"Full,Unfinished",1 Car Attached,5,9581.00,CL,9/01/2017,12/30/2017,12/21/2017,2/14/2018,111,Det,1,1,2967515
36,,Crescent Beach,Road,Glen Cove,11542,575000,565000,Split Level,4,2.500,"Full,Finished",2 Car Detached,5,9819.18,CL,9/11/2017,4/30/2018,3/19/2018,6/14/2018,189,Att,1,1,2969949
79,,Harvest,Lane,Levittown,11756,569000,560000,Colonial,4,2.000,"None,Unfinished",2 Car Attached,5,11969.00,CL,9/14/2017,3/14/2018,10/01/2017,12/19/2017,17,Det,1,1,2971090
119,S,4th,Street,New Hyde Park,11040,579000,560000,Colonial,3,1.500,Full,2 Car Detached,5,10324.00,CL,9/18/2017,2/03/2018,11/10/2017,1/08/2018,53,Det,1,1,2971913
822,,Strang,Drive,Wantagh,11793,599000,550000,Exp Ranch,5,3.000,"Full,Partially Finished",1 Car Detached,5,14327.09,CL,9/18/2017,3/18/2018,12/05/2017,2/14/2018,78,Det,1,1,2972047
34,,Prospect,Avenue,Glen Cove,11542,549000,515000,Colonial,5,2.000,"Full,Finished",,5,10420.00,CL,9/19/2017,3/20/2018,11/22/2017,3/14/2018,64,Det,2,2,2972204
10,,Leuce,Place,Glen Cove,11542,539000,526000,Colonial,4,2.000,"Full,Partially Finished",1 Car Attached,5,9997.00,CL,9/21/2017,11/27/2017,11/28/2017,4/04/2018,68,Det,1,1,2972826
4022,,Wolkow,Avenue,Seaford,11783,549000,570000,Split Level,4,3.000,Full,1 Car Attached,5,16867.95,CL,9/25/2017,3/21/2018,11/29/2017,2/15/2018,65,Det,1,1,2973643
38,,Teamster,Lane,Levittown,11756,519000,519000,2 Story,4,2.000,"None,Unfinished",1 Car Attached,5,7170.00,CL,9/25/2017,3/25/2018,10/17/2017,12/27/2017,22,Det,1,1,2973699
317,S,8th,Street,New Hyde Park,11040,559000,520000,Colonial,2,2.000,"Full,Finished",,5,10964.76,CL,10/02/2017,4/30/2018,1/24/2018,4/23/2018,114,Det,2,2,2975503
2916,,Campbell,Avenue,Wantagh,11793,555000,545000,Ranch,3,2.000,"Full,Finished",1 Car Attached,5,16955.62,CL,10/03/2017,4/06/2018,10/27/2017,1/26/2018,24,Det,1,1,2975899
111,,Woolsey,Avenue,Glen Cove,11542,569000,560000,Ranch,3,2.000,"Full,Unfinished",1 Car Attached,5,9993.80,CL,10/10/2017,4/30/2018,11/14/2017,2/01/2018,35,Det,1,1,2977298
18,,Mckinley,Place,Glen Cove,11542,535000,520000,Cape,3,2.500,"Full,Partially Finished",1 Car Detached,5,9110.00,CL,10/11/2017,4/30/2018,10/30/2017,1/18/2018,19,Det,1,1,2977777
125,,Highland,Road,Glen Cove,11542,565000,565000,Ranch,4,3.000,"Full,Finished",2 Car Attached,5,15549.75,CL,10/12/2017,9/30/2018,12/01/2017,2/08/2018,50,Det,1,1,2978001
92A,,Dosoris,Lane,Glen Cove,11542,579000,565000,Farm Ranch,5,3.550,Full,2 Car Attached,5,11875.00,CL,10/13/2017,9/01/2018,1/25/2018,4/30/2018,104,Det,1,1,2978319
50,,Chestnut,Lane,Levittown,11756,532999,519000,Exp Ranch,5,3.000,"None,Unfinished",,5,13064.52,CL,10/22/2017,5/30/2018,12/13/2017,2/16/2018,52,Det,1,1,2980469
1730,,Broadway,,New Hyde Park,11040,569000,561000,Cape,4,2.000,Full,2 Car Detached,5,12112.00,CL,10/25/2017,11/20/2017,11/03/2017,11/17/2017,9,Det,1,1,2980883
126,,2nd,Street,New Hyde Park,11040,569000,539800,Colonial,4,1.500,"Full,Partially Finished",,5,9542.98,CL,10/27/2017,4/24/2018,3/19/2018,5/01/2018,143,Det,1,1,2981371
66,,Judith,Court,Wantagh,11793,559999,545000,Split Level,3,2.000,"Full,Finished",2 Car Attached,5,11794.31,CL,10/28/2017,12/31/2018,11/14/2017,3/09/2018,17,Det,1,1,2981668
57,,Continental,Place,Glen Cove,11542,525000,530000,Colonial,4,3.000,"Full,Partially Finished",1 Car Attached,5,10752.05,CL,10/30/2017,6/30/2018,12/04/2017,1/29/2018,35,Det,1,1,2981840
296,,Orchid,Road,Levittown,11756,549000,535000,Colonial,4,3.000,"None,Unfinished",1 Car Attached,5,14487.90,CL,11/02/2017,2/28/2018,1/22/2018,3/09/2018,81,Det,1,1,2982747
20,,Shelter,Lane,Levittown,11756,549000,518000,Colonial,4,2.000,"None,Unfinished",,5,11148.65,CL,11/02/2017,5/07/2018,4/05/2018,6/15/2018,154,Det,1,1,2982767
45,S,16th,Street,New Hyde Park,11040,589000,575000,Colonial,3,1.500,"Full,Unfinished",1 Car Detached,5,9618.00,CL,11/06/2017,5/05/2018,2/01/2018,4/17/2018,87,Det,1,1,2983775
607,,Leonard,Boulevard,New Hyde Park,11040,599000,580000,Cape,4,2.000,"Full,Finished",2 Car Detached,5,11630.24,CL,11/08/2017,10/06/2018,1/03/2018,3/06/2018,56,Det,1,1,2984362
19,,Old Broadway,,New Hyde Park,11040,599999,564000,Cape,4,2.000,"Full,Finished",2 Car Detached,5,9100.87,CL,11/11/2017,10/14/2018,12/07/2017,4/06/2018,26,Det,1,1,2985047
32,,Frieda,Lane,Wantagh,11793,592500,567500,Colonial,4,2.500,"Full,Finished",2 Car Attached,5,13436.00,CL,11/16/2017,3/15/2018,1/10/2018,3/22/2018,55,Det,1,1,2986141
8,,Brookdale,Road,Glen Cove,11542,595000,586000,Split Level,3,2.500,"Full,Finished",2 Car Attached,5,10377.06,CL,11/16/2017,6/20/2018,1/02/2018,2/15/2018,47,Det,1,1,2986163
2005,,New Hyde Park,Road,New Hyde Park,11040,649000,600000,Cape,4,2.000,"Full,Finished",1 Car Detached,5,11637.00,CL,11/20/2017,3/31/2018,12/27/2017,3/06/2018,37,Det,1,1,2986951
48,,2nd,Street,Garden City Park,11040,599000,570000,Cape,4,2.000,Full,1 Car Detached,5,7038.00,CL,11/21/2017,5/31/2018,1/22/2018,5/02/2018,62,Det,1,1,2987090
7,S,16th,Street,New Hyde Park,11040,589000,590000,Colonial,3,1.500,"Full,Partially Finished",2 Car Detached,5,11242.09,CL,11/24/2017,2/21/2018,1/19/2018,6/13/2018,56,Det,1,1,2987486
21,,Long,Lane,Levittown,11756,539000,520000,Exp Ranch,5,2.000,"None,Unfinished",,5,10841.45,CL,11/30/2017,9/30/2018,7/23/2018,8/27/2018,234,Det,1,1,2988498
3747,,Lynn,Lane,Wantagh,11793,529900,545000,Split Level,4,2.000,"Partial,Unfinished",2 Car Attached,5,16447.15,CL,12/04/2017,3/31/2018,12/28/2017,2/07/2018,24,Det,1,1,2989369
3571,,Summer,Drive,Wantagh,11793,549000,530000,Split Level,3,1.500,"Partial,Finished",1 Car Attached,5,14202.00,CL,12/08/2017,6/08/2018,2/23/2018,5/07/2018,77,Det,1,1,2990295
30,,Daniel,Drive,Glen Cove,11542,589000,570000,Split Level,3,2.000,Full,1 Car Attached,5,8969.47,CL,12/15/2017,12/15/2018,3/01/2018,4/18/2018,76,Det,1,1,2991649
957,N,1st,Street,New Hyde Park,11040,615000,585000,Cape,2,1.000,"Full,Finished",1 Car Detached,5,10108.00,CL,1/01/2018,12/31/2018,5/02/2018,7/02/2018,120,Det,1,1,2993577
211,,Twin,Lane,Wantagh,11793,559000,545000,Exp Cape,4,2.000,"None,Unfinished",,5,13130.00,CL,1/02/2018,1/19/2019,4/27/2018,6/13/2018,114,Det,1,1,2993860
3728,,Regent,Lane,Wantagh,11793,539000,545000,Split Level,3,2.000,"None,Unfinished",1 Car Attached,5,16318.93,CL,1/08/2018,6/30/2018,2/02/2018,4/03/2018,25,Det,1,1,2995084
20,,Clay,Lane,Levittown,11756,539999,525000,Colonial,3,3.000,"None,Unfinished",1 Car Detached,5,16264.00,CL,1/08/2018,6/09/2018,1/27/2018,3/28/2018,19,Det,1,1,2995127
122,,Sea Cliff,Avenue,Glen Cove,11542,538000,538000,Colonial,3,1.500,"Full,Unfinished",,5,8339.13,CL,1/16/2018,8/08/2018,2/21/2018,4/27/2018,36,Det,1,1,2996836
91,,Southberry,Lane,Levittown,11756,529000,515000,Exp Ranch,4,3.000,"None,Unfinished",1 Car Attached,5,16337.72,CL,1/17/2018,6/30/2018,2/02/2018,3/30/2018,16,Det,1,1,2997208
705,,Bruce,Drive,Wantagh,11793,549000,520000,Exp Cape,3,2.000,"Full,Finished",,5,11888.24,CL,1/17/2018,3/19/2018,2/08/2018,3/26/2018,22,Det,1,1,2997311
60,,Elm,Drive,Levittown,11756,538888,535000,Exp Ranch,4,2.500,"None,Unfinished",,5,14898.70,CL,1/20/2018,5/20/2018,3/28/2018,6/14/2018,66,Det,1,1,2998058
8,,Candle,Lane,Levittown,11756,519000,539000,Exp Cape,3,2.000,"None,Unfinished",,5,12511.00,CL,1/22/2018,7/22/2018,2/02/2018,3/23/2018,11,Det,1,1,2998521
526,N,10th,Street,New Hyde Park,11040,560000,525000,Cape,3,2.000,Full,,5,9726.47,CL,1/24/2018,12/31/2018,8/05/2018,11/28/2018,192,Det,1,1,2999057
119,,Schoolhouse,Road,Levittown,11756,499000,520100,Colonial,4,2.000,"None,Unfinished",1 Car Attached,5,14000.00,CL,1/25/2018,11/11/2018,2/23/2018,4/19/2018,29,Det,1,1,2999418
182,,Willis,Court,Wantagh,11793,549999,595000,Split Level,3,2.000,"Partial,Finished",,5,17017.00,CL,1/30/2018,7/29/2018,2/22/2018,7/11/2018,23,Det,1,1,3000485
61,,2nd,Avenue,Garden City Park,11040,699000,600000,Colonial,5,2.000,"Full,Finished",2 Car Detached,5,16436.52,CL,2/06/2018,7/30/2018,6/12/2018,12/10/2018,125,Det,1,1,3002249
30,,Deep,Lane,Wantagh,11793,539000,520000,Colonial,5,2.000,"None,Unfinished",1 Car Attached,5,16501.34,CL,2/06/2018,8/31/2018,4/27/2018,6/22/2018,79,Det,1,1,3002450
947,,Simon Place,,Wantagh,11793,549000,565000,Split Level,5,2.000,"None,Unfinished",,5,11897.88,CL,2/09/2018,8/09/2018,2/19/2018,4/03/2018,10,Det,1,1,3003500
79,,Hyacinth,Road,Levittown,11756,549999,540000,Colonial,4,2.000,"None,Unfinished",1 Car Attached,5,12704.00,CL,2/13/2018,8/10/2018,6/18/2018,8/28/2018,124,Att,1,1,3004212
416,,Brooklyn,Avenue,New Hyde Park,11040,600000,595000,Cape,4,2.000,"Full,Finished",1 Car Detached,5,9600.00,CL,2/14/2018,8/14/2018,4/02/2018,5/31/2018,46,Det,1,1,3004391
50,,Robinson,Avenue,Glen Cove,11542,565000,540000,Split Level,3,2.500,"Full,Unfinished",1 Car Attached,5,11076.63,CL,2/15/2018,8/15/2018,3/26/2018,5/16/2018,38,Det,1,1,3004828
22,,Pleasant,Lane,Levittown,11756,555000,515000,Exp Ranch,4,2.000,"None,Unfinished",,5,16148.09,CL,2/13/2018,12/31/2018,6/12/2018,8/23/2018,118,Det,1,1,3004925
3790,,Sarah,Drive,Wantagh,11793,599999,582000,Exp Cape,4,2.000,"Partial,Finished",1 Car Attached,5,9441.00,CL,2/16/2018,8/16/2018,3/14/2018,5/11/2018,25,Det,1,1,3005178
17,,Chapel,Lane,Levittown,11756,515000,545000,Colonial,4,2.000,"None,Unfinished",,5,10238.09,CL,2/16/2018,8/17/2018,4/02/2018,7/17/2018,44,Det,1,1,3005262
51,,Academy,Lane,Levittown,11756,599999,532000,Colonial,6,2.000,"None,Unfinished",,5,10783.71,CL,2/20/2018,6/13/2018,3/12/2018,6/15/2018,19,Det,1,1,3005772
117,,Old Farm,Road,New Hyde Park,11040,629000,575000,Cape,2,1.000,"Full,Unfinished",1 Car Attached,5,13018.00,CL,2/23/2018,8/12/2018,3/15/2018,6/04/2018,19,Det,1,1,3006797
53,,Willits,Road,Glen Cove,11542,525000,520000,Ranch,3,2.000,"Full,Partially Finished",1 Car Attached,5,8135.00,CL,2/24/2018,9/01/2018,3/08/2018,5/04/2018,12,Det,1,1,3006986
15,,Sunset,Avenue,Glen Cove,11542,569000,570000,Exp Cape,4,3.000,"Full,Finished",,5,10179.52,CL,2/26/2018,10/01/2018,3/23/2018,5/30/2018,24,Det,1,1,3007401
6,,Salem,Lane,Levittown,11756,549000,565000,Colonial,4,2.000,"None,Unfinished",1 Car Detached,5,11848.00,CL,2/27/2018,8/26/2018,3/16/2018,5/25/2018,16,Det,1,1,3007557
86,,Sycamore,Lane,Levittown,11756,549999,549999,Colonial,4,2.000,"None,Unfinished",1 Car Attached,5,15517.44,CL,2/26/2018,8/25/2018,5/21/2018,7/20/2018,83,Det,1,1,3007664
129,,Wilton,Street,New Hyde Park,11040,549990,570000,Cape,3,1.550,"Full,Partially Finished",1 Car Detached,5,9237.00,CL,3/01/2018,9/01/2018,4/06/2018,7/16/2018,35,Det,1,1,3008343
30,,Herkomer,Street,New Hyde Park,11040,595000,590000,Colonial,3,1.500,"Full,Unfinished",1 Car Detached,5,4733.75,CL,3/04/2018,6/03/2018,5/01/2018,8/14/2018,57,Det,1,1,3009124
3903,,Peter,Street,Seaford,11783,549900,565000,Exp Cape,4,2.000,"Full,Partially Finished",,5,16554.37,CL,3/06/2018,9/04/2018,4/02/2018,6/08/2018,26,Det,1,1,3009757
3917,,Lawrence,Road,Seaford,11783,549000,549000,Split Level,3,2.500,"Full,Finished",1 Car Attached,5,12833.00,CL,3/06/2018,7/01/2018,3/26/2018,4/27/2018,19,Det,1,1,3009766
4065,,Briarwood,Avenue,Seaford,11783,599000,585000,Split Level,3,2.500,"Full,Finished",2 Car Attached,5,11952.87,CL,3/09/2018,3/02/2019,3/23/2018,5/31/2018,13,Det,1,1,3010719
114,,Ranch,Lane,Levittown,11756,550000,542000,Colonial,4,2.000,"None,Unfinished",2 Car Detached,5,11862.89,CL,3/09/2018,8/15/2018,4/13/2018,6/19/2018,34,Det,1,1,3010981
82,,Hickory,Lane,Levittown,11756,499000,515000,Colonial,3,2.000,"None,Unfinished",,5,11920.31,CL,3/12/2018,9/12/2018,4/03/2018,6/15/2018,22,Det,1,1,3011463
47,,Rolling,Lane,Levittown,11756,579000,565000,Colonial,6,2.000,"None,Unfinished",,5,11690.00,CL,3/13/2018,3/11/2019,4/12/2018,7/27/2018,30,Det,1,2,3011519
1608,,Lowell,Avenue,New Hyde Park,11040,589000,565000,Cape,4,1.000,"Full,Finished",1 Car Detached,5,11521.05,CL,3/27/2018,9/30/2018,5/02/2018,7/12/2018,36,Det,1,1,3015181
1406,,S Park,Place,New Hyde Park,11040,599000,585000,Cape,3,1.000,"Full,Unfinished",1 Car Detached,5,9411.06,CL,3/27/2018,9/01/2018,4/13/2018,6/06/2018,17,Det,1,1,3015198
19,,6th,Street,Garden City Park,11040,499000,515000,Colonial,3,3.000,"Full,Finished",,5,12234.00,CL,3/27/2018,9/27/2018,4/14/2018,8/24/2018,18,Det,2,3,3015417
157,,Spring,Lane,Levittown,11756,569999,545000,Colonial,3,2.000,"None,Unfinished",1 Car Detached,5,12683.00,CL,3/30/2018,9/19/2018,4/12/2018,7/20/2018,13,Det,1,1,3016078
205,,Kamda,Boulevard,New Hyde Park,11040,619900,590000,Cape,3,2.000,"Full,Finished",1 Car Detached,5,10000.00,CL,4/02/2018,7/01/2018,6/27/2018,9/05/2018,86,Det,1,1,3016517
26,,Crow,Lane,Glen Cove,11542,599900,575000,Hi Ranch,6,3.000,"None,Unfinished",,5,10533.18,CL,4/02/2018,12/31/2018,10/13/2018,12/19/2018,194,Det,1,1,3016803
28,,Star,Lane,Levittown,11756,549000,549000,Colonial,4,2.000,"None,Unfinished",,5,12304.00,CL,4/03/2018,4/03/2019,4/17/2018,6/18/2018,14,Det,1,1,3017129
28,,Circle,Drive,Glen Cove,11542,495000,540000,Colonial,4,2.000,"Full,Unfinished",1 Car Detached,5,9625.00,CL,4/05/2018,1/28/2019,4/23/2018,6/26/2018,18,Det,1,1,3017658
516,N,1,Street,New Hyde Park,11040,569000,550000,Cape,3,1.500,"Full,Finished",1 Car Detached,5,9700.00,CL,4/10/2018,9/29/2018,5/03/2018,7/27/2018,23,Det,1,1,3018991
3179,,Cherrywood,Drive,Wantagh,11793,499000,512000,Exp Ranch,3,1.500,"Full,Finished",1 Car Attached,5,16169.37,CL,4/09/2018,10/09/2018,5/02/2018,6/29/2018,23,Det,1,1,3019350
8,,2nd,Avenue,New Hyde Park,11040,619000,590000,Cape,4,2.000,Full,1 Car Detached,5,13753.00,CL,4/11/2018,10/11/2018,5/01/2018,9/11/2018,20,Det,1,1,3019698
34,,Mcgrady,Street,Glen Cove,11542,559000,550000,Colonial,3,1.500,"Full,Finished",2 Car Detached,5,10107.00,CL,4/12/2018,10/16/2018,5/15/2018,7/26/2018,33,Det,1,1,3019951
14,,Mckinley,Place,Glen Cove,11542,599990,587500,Cape,4,2.500,"Full,Finished",1 Car Attached,5,11674.05,CL,4/10/2018,10/10/2018,5/24/2018,8/15/2018,44,Det,1,1,3019978
137,N,3,Street,New Hyde Park,11040,605000,600000,Cape,4,2.000,"Full,Unfinished",1 Car Detached,5,9984.29,CL,4/17/2018,8/31/2018,5/24/2018,10/16/2018,37,Det,1,1,3021341
1286,,Lois,Lane,Seaford,11783,539988,520000,Split Level,3,1.550,"Partial,Unfinished",,5,10400.00,CL,4/17/2018,10/18/2018,6/07/2018,8/20/2018,51,Det,1,1,3021357
17,,Barlow,Avenue,Glen Cove,11542,579000,560000,Colonial,3,1.500,"Full,Partially Finished",3 Car Detached,5,10127.00,CL,4/19/2018,10/31/2018,6/30/2018,8/29/2018,72,Det,1,1,3021971
3586,,Hunt,Road,Wantagh,11793,539000,560000,Ranch,3,2.000,"Full,Finished",2 Car Attached,5,13272.81,CL,4/17/2018,10/19/2018,5/15/2018,7/26/2018,28,Det,1,1,3021972
8,,Poplar,Place,Glen Cove,11542,499000,525000,Cape,4,2.000,"None,Unfinished",,5,9062.00,CL,4/19/2018,10/31/2018,5/01/2018,7/17/2018,12,Det,1,1,3022029
16,,Sycamore,Road,Glen Cove,11542,515000,515000,Farm Ranch,4,2.000,"Full,Unfinished",1 Car Attached,5,11331.00,CL,4/19/2018,10/19/2018,5/30/2018,8/14/2018,41,Det,1,1,3022088
3647,,Lynn,Lane,Wantagh,11793,569000,580000,Split Level,3,2.000,Partial,2 Car Attached,5,10816.24,CL,4/25/2018,7/28/2018,5/09/2018,8/13/2018,14,Det,1,1,3023786
177,,Coach,Lane,Levittown,11756,599990,593000,Colonial,5,2.000,"None,Unfinished",,5,14395.00,CL,4/26/2018,9/24/2018,6/07/2018,8/31/2018,42,Det,1,1,3024112
3811,,Arthur Avenue W.,,Seaford,11783,529900,580000,Farm Ranch,5,2.500,"Full,Unfinished",1 Car Attached,5,12374.00,CL,4/25/2018,12/25/2018,5/08/2018,6/14/2018,13,Det,1,1,3024209
3,,Elizabeth,Street,Glen Cove,11542,495000,520000,Exp Cape,3,1.000,"Partial,Unfinished",2 Car Detached,5,7637.97,CL,4/29/2018,4/29/2019,5/23/2018,7/10/2018,24,Det,1,1,3025426
20,,Tangle,Lane,Wantagh,11793,529900,520000,Cape,4,2.000,"Full,Finished",1 Car Attached,5,14611.95,CL,5/01/2018,10/19/2018,6/21/2018,8/02/2018,51,Det,1,1,3025687
69,,Stephen,Avenue,New Hyde Park,11040,549990,555000,Cape,3,1.000,"Full,Partially Finished",2 Car Detached,5,10587.00,CL,5/01/2018,12/01/2018,11/12/2018,12/28/2018,195,Det,1,1,3025840
27,,Jerome,Drive,Glen Cove,11542,529000,515000,Split Level,3,2.000,"Partial,Unfinished",1 Car Attached,5,8795.81,CL,5/03/2018,5/03/2019,6/22/2018,9/07/2018,50,Det,1,1,3026425
22,,Old Stewart,Avenue,Garden City Park,11040,599000,599000,Colonial,3,2.000,Full,2 Car Detached,5,7382.31,CL,5/03/2018,11/01/2018,8/01/2018,10/31/2018,90,Det,1,1,3026866
21,,Kirkwood,Drive,Glen Cove,11542,619000,580000,Split Level,3,2.000,"Partial,Finished",2 Car Attached,5,9806.00,CL,5/04/2018,11/03/2018,6/05/2018,7/18/2018,32,Det,1,1,3027170
123,N,2nd,Street,New Hyde Park,11040,619888,585000,Colonial,3,2.000,"Full,Finished",,5,10791.00,CL,5/09/2018,11/08/2018,6/14/2018,8/03/2018,36,Det,1,1,3028472
100,S,11th,Street,New Hyde Park,11040,639000,570000,Cape,5,2.500,"Full,Finished",,5,10901.00,CL,5/09/2018,2/28/2019,12/07/2018,2/11/2019,212,Det,1,1,3028786
517,N,3rd,Street,New Hyde Park,11040,598000,600000,Cape,4,2.000,"Full,Partially Finished",,5,10602.00,CL,5/09/2018,3/06/2019,6/15/2018,9/27/2018,37,Det,1,1,3028834
116,,Terrace,Boulevard,New Hyde Park,11040,619880,590000,Colonial,3,1.500,Full,1 Car Detached,5,8307.45,CL,5/11/2018,11/15/2018,8/02/2018,10/22/2018,83,Det,1,1,3029165
139,,Loring,Road,Levittown,11756,595000,595000,Colonial,4,2.000,"None,Unfinished",1 Car Detached,5,10945.00,CL,5/11/2018,5/11/2019,6/05/2018,8/23/2018,25,Det,1,1,3029421
27,,Hunt,Lane,Levittown,11756,599000,590000,Colonial,5,2.000,"None,Unfinished",1 Car Detached,5,14875.51,CL,5/12/2018,12/31/2018,6/12/2018,7/23/2018,31,Det,1,1,3029581
2,,Highland,Mews,Glen Cove,11542,599000,580000,Townhouse,3,3.500,"None,Unfinished",1 Car Attached,5,10749.86,CL,3/31/2018,3/31/2019,6/06/2018,7/10/2018,67,Det,1,1,3029603
570,N,1st,Street,New Hyde Park,11040,624990,580000,Cape,4,2.000,"Full,Partially Finished",1 Car Detached,5,9317.00,CL,5/15/2018,11/15/2018,8/06/2018,10/26/2018,83,Det,1,1,3030489
3644,,Summer,Drive,Wantagh,11793,569000,577000,Exp Cape,4,2.000,Full,1 Car Detached,5,11456.00,CL,5/17/2018,8/17/2018,6/06/2018,8/08/2018,20,Det,1,1,3031047
21,,Hawthorne,Street,Farmingdale,11735,519000,530000,Splanch,4,1.500,"Partial,Finished",,5,10484.78,CL,5/22/2018,11/17/2018,7/10/2018,10/11/2018,49,Det,1,1,3032420
3702,,Jules,Lane,Wantagh,11793,535000,535000,Split Level,3,2.500,"Partial,Partially Finished",2 Car Attached,5,12154.00,CL,5/22/2018,11/30/2018,6/21/2018,9/21/2018,30,Det,1,1,3032461
2,,Center,Street,Glen Cove,11542,598000,590000,Duplex,5,3.000,"None,Unfinished",1 Car Attached,5,10174.54,CL,5/23/2018,5/23/2019,3/11/2019,5/01/2019,292,Det,2,2,3033014
1096,,Mclean,Avenue,Wantagh,11793,499000,535000,Ranch,3,2.000,"Full,Partially Finished",1 Car Detached,5,14024.45,CL,5/24/2018,11/30/2018,6/13/2018,10/02/2018,20,Det,1,1,3033030
21,,Kamda,Boulevard,New Hyde Park,11040,618000,568000,Cape,4,1.000,"Full,Unfinished",1 Car Detached,5,11994.13,CL,5/24/2018,11/30/2018,10/26/2018,12/17/2018,155,Det,1,1,3033142
995,,Mclean,Avenue,Wantagh,11793,575000,560000,Exp Ranch,4,3.000,"Full,Partially Finished",,5,15674.40,CL,5/24/2018,3/31/2019,2/07/2019,5/13/2019,259,Det,1,1,3033179
68,,Fulton,Avenue,New Hyde Park,11040,608000,520000,Colonial,3,1.500,"Full,Finished",,5,8861.00,CL,5/28/2018,8/27/2018,7/30/2018,12/31/2018,63,Det,1,1,3033939
2,,Hook,Gate,Glen Cove,11542,599000,530000,Split Level,3,2.500,"Full,Finished",,5,18424.08,CL,5/29/2018,11/29/2018,9/11/2018,11/14/2018,105,Det,1,1,3034033
43,,Henry,Drive,Glen Cove,11542,559000,540000,Split Level,3,2.000,"Partial,Unfinished",,5,9295.03,CL,5/29/2018,11/29/2018,8/28/2018,11/05/2018,91,Det,1,1,3034106
3796,,Dunhill,Road,Wantagh,11793,549000,549000,Split Level,3,1.550,"Partial,Unfinished",1 Car Attached,5,14648.00,CL,5/29/2018,11/21/2018,6/06/2018,10/02/2018,8,Det,1,1,3034310
4029,,Meadow,Lane,Seaford,11783,499990,525000,Split Level,3,2.500,"Partial,Unfinished",1 Car Attached,5,13598.08,CL,5/30/2018,11/26/2018,7/05/2018,9/12/2018,36,Det,1,1,3034582
1020,,Mclean,Avenue,Wantagh,11793,499000,512000,Ranch,3,3.000,"Full,Finished",1 Car Attached,5,13492.00,CL,5/30/2018,11/30/2018,6/19/2018,7/27/2018,20,Det,1,1,3034851
2,,Whisper,Lane,Wantagh,11793,529990,545000,Exp Ranch,5,3.000,"None,Unfinished",,5,15614.97,CL,6/02/2018,11/30/2018,6/14/2018,8/17/2018,12,Det,1,1,3035845
3165,,Ward,Lane,Wantagh,11793,599990,595000,Colonial,4,3.000,"Full,Finished",1 Car Detached,5,12686.00,CL,6/06/2018,12/08/2018,9/21/2018,12/12/2018,107,Det,1,1,3036728
19,,Dosoris,Way,Glen Cove,11542,588000,565000,Colonial,4,2.500,"Full,Finished",1 Car Detached,5,10816.00,CL,6/06/2018,11/26/2018,8/10/2018,10/31/2018,65,Det,1,1,3037033
4082,,Meadow,Lane,Seaford,11783,569000,569000,Split Level,3,2.500,"Full,Finished",1 Car Attached,5,11549.54,CL,6/07/2018,6/01/2019,6/14/2018,8/28/2018,7,Det,1,1,3037313
1048,,Mclean,Avenue,Wantagh,11793,559999,552250,Exp Ranch,3,2.550,"Full,Finished",,5,15564.39,CL,6/09/2018,1/09/2019,8/29/2018,11/13/2018,81,Det,1,1,3038066
1201,,Tusk,Lane,Wantagh,11793,539000,520000,Split Level,3,1.500,"Partial,Finished",,5,12209.55,CL,5/10/2018,1/31/2019,8/22/2018,10/26/2018,104,Det,1,1,3038856
3877,,Bayberry,Lane,Seaford,11783,549999,550000,Split Level,5,4.000,"Partial,Finished",1 Car Attached,5,16464.00,CL,6/12/2018,2/16/2019,12/22/2018,3/29/2019,193,Det,1,1,3039022
965,N,7th,Street,New Hyde Park,11040,629999,592000,Cape,3,2.000,"Full,Finished",1 Car Detached,5,8967.66,CL,6/15/2018,6/30/2019,3/26/2019,7/01/2019,284,Det,1,1,3039029
216,,Ingraham,Lane,New Hyde Park,11040,599999,590000,Cape,3,1.500,"Full,Finished",1 Car Attached,5,13135.00,CL,6/13/2018,9/13/2018,8/15/2018,10/22/2018,63,Det,1,1,3039099
21,,Red Spring,Lane,Glen Cove,11542,599000,530000,Ranch,4,4.000,"Full,Finished",1 Car Attached,5,8875.25,CL,6/15/2018,6/15/2019,8/16/2018,8/28/2018,62,Det,1,2,3039985
15,,Stillman,Road,Glen Cove,11542,600000,570000,Exp Cape,5,2.000,"Full,Partially Finished",2 Car Detached,5,11464.00,CL,6/20/2018,12/31/2018,8/16/2018,11/30/2018,57,Det,1,1,3041315
1218,,Terrace,Boulevard,New Hyde Park,11040,539000,520000,Cape,3,1.000,"Full,Finished",,5,11875.00,CL,6/21/2018,6/08/2019,11/15/2018,1/23/2019,147,Det,1,1,3041911
51,,Manly,Place,New Hyde Park,11040,549000,576000,Cape,4,2.000,"Full,Unfinished",1 Car Detached,5,5633.00,CL,6/21/2018,6/21/2019,7/06/2018,8/27/2018,15,Det,1,1,3041966
32,,Sparrow,Lane,Levittown,11756,519900,525000,Colonial,5,2.000,"None,Unfinished",,5,14309.10,CL,6/22/2018,12/15/2018,7/18/2018,9/24/2018,26,Det,1,1,3042118
1222,,Seamans Neck,Road,Wantagh,11793,579000,565000,Colonial,4,2.500,Full,1 Car Attached,5,16971.39,CL,6/22/2018,12/20/2018,11/12/2018,1/11/2019,143,Det,1,1,3042351
38,,Compass,Lane,Levittown,11756,539999,525000,Exp Cape,5,2.000,"None,Unfinished",,5,9658.00,CL,6/25/2018,10/25/2018,9/10/2018,11/05/2018,77,Det,1,1,3043630
28,,Oaktree,Lane,Levittown,11756,569000,555000,Colonial,4,2.000,"None,Unfinished",2 Car Attached,5,12880.00,CL,7/05/2018,1/05/2019,9/26/2018,11/27/2018,83,Det,1,1,3045603
11,,Blackbird,Lane,Levittown,11756,539000,525000,2 Story,4,2.000,"None,Unfinished",,5,14380.00,CL,7/05/2018,1/05/2019,8/07/2018,11/15/2018,33,Det,1,1,3045651
22,,Bellows,Lane,Levittown,11756,559000,545000,Colonial,5,2.000,"None,Unfinished",1 Car Attached,5,15670.49,CL,7/07/2018,12/21/2018,8/21/2018,11/30/2018,45,Det,1,1,3046115
8,,Cove,Lane,Levittown,11756,539000,530000,Colonial,4,2.000,"None,Unfinished",,5,14177.00,CL,7/09/2018,11/22/2018,9/26/2018,11/13/2018,79,Det,1,1,3046335
1012,,5th,Avenue,New Hyde Park,11040,598000,540000,Colonial,3,1.500,"Full,Partially Finished",3 Car Detached,5,12426.11,CL,7/09/2018,1/09/2019,10/17/2018,1/03/2019,100,Det,1,1,3046579
31,,Frost Pond,Road,Glen Cove,11542,599000,595000,Colonial,5,2.000,"Full,Finished",1 Car Detached,5,9093.00,CL,7/10/2018,1/10/2019,10/23/2018,12/21/2018,105,Det,2,2,3046785
16,,Clover,Lane,Levittown,11756,598888,593000,Colonial,5,2.000,"None,Unfinished",1 Car Attached,5,12972.64,CL,7/13/2018,8/15/2018,8/02/2018,9/20/2018,20,Det,1,1,3047951
363,,Loring,Road,Levittown,11756,568800,560000,Colonial,5,3.000,"None,Unfinished",1 Car Attached,5,11295.61,CL,7/13/2018,11/22/2018,8/01/2018,10/18/2018,19,Det,1,1,3048021
6,,Spring,Lane,Levittown,11756,565000,565000,Colonial,4,3.000,"None,Unfinished",,5,13102.00,CL,7/17/2018,11/30/2018,9/27/2018,11/16/2018,72,Det,1,1,3049114
3863,,Susan,Court,Seaford,11783,559999,565000,Split Level,3,2.000,"Full,Finished",1 Car Attached,5,15087.77,CL,7/18/2018,12/03/2018,8/29/2018,10/30/2018,42,Att,1,1,3049433
20,,Elves,Lane,Levittown,11756,569900,565000,Exp Ranch,6,2.500,"None,Unfinished",,5,14535.79,CL,7/19/2018,8/31/2018,8/14/2018,10/15/2018,26,Det,1,1,3049807
140,,Willowood,Drive,Wantagh,11793,525000,540000,Exp Cape,4,2.000,"None,Unfinished",2 Car Detached,5,13333.10,CL,7/18/2018,1/18/2019,8/11/2018,10/12/2018,24,Det,1,1,3050028
94,,Fulton,Avenue,New Hyde Park,11040,698000,600000,Cape,4,1.000,"Full,Finished",1 Car Detached,5,9964.00,CL,7/23/2018,10/24/2018,9/02/2018,10/15/2018,41,Det,1,1,3050967
3786,,Regent,Lane,Wantagh,11793,539000,518500,Split Level,3,2.500,"Partial,Finished",1 Car Attached,5,18698.00,CL,7/26/2018,8/22/2018,8/06/2018,10/24/2018,11,Det,1,1,3051750
5,,Skimmer,Lane,Levittown,11756,589000,570000,Colonial,6,2.000,"None,Unfinished",,5,0.00,CL,7/09/2018,9/20/2018,8/20/2018,9/26/2018,42,Det,1,1,3052780
2952,,Murdock,Road,Wantagh,11793,579999,565000,Split Level,4,3.500,"Full,Finished",1 Car Attached,5,12111.00,CL,7/31/2018,7/25/2019,8/18/2018,10/18/2018,18,Det,1,1,3053180
36,,Francis,Terrace,Glen Cove,11542,530000,515000,Cape,3,1.500,Full,,5,9956.15,CL,8/03/2018,2/04/2019,9/05/2018,12/28/2018,33,Det,1,1,3054344
85,,Ridge,Lane,Levittown,11756,499999,512000,Colonial,4,2.000,"None,Unfinished",1 Car Detached,5,12051.19,CL,8/07/2018,2/07/2019,8/30/2018,11/26/2018,23,Det,1,1,3055053
26,,Inwood,Road,Glen Cove,11542,549999,545000,Colonial,4,3.000,"Full,Finished",2 Car Detached,5,9568.00,CL,8/07/2018,8/07/2019,2/14/2019,3/28/2019,191,Det,1,1,3055141
128,,Atlantic,Avenue,New Hyde Park,11040,625000,580000,Cape,5,2.000,Full,Detached,5,9271.64,CL,8/08/2018,5/28/2019,3/18/2019,5/03/2019,222,Det,1,1,3055338
15,,Roosevelt,Street,Glen Cove,11542,578000,600000,Colonial,3,2.000,"Full,Partially Finished",2 Car Detached,5,9337.84,CL,8/09/2018,8/09/2019,9/08/2018,11/30/2018,30,Det,1,1,3055904
8,,Wood,Lane,Levittown,11756,529000,533000,Exp Cape,3,2.000,"None,Unfinished",1 Car Detached,5,9913.99,CL,8/12/2018,12/12/2018,10/12/2018,1/11/2019,61,Det,1,1,3056506
50,,Southberry,Lane,Levittown,11756,549000,530000,Exp Cape,4,2.000,"None,Unfinished",,5,12600.00,CL,8/14/2018,2/14/2019,10/17/2018,11/29/2018,64,Det,1,1,3056879
3676,,Libby,Lane,Wantagh,11793,549995,565500,Split Level,3,2.000,"Full,Finished",1 Car Attached,5,10160.00,CL,8/21/2018,2/15/2019,9/20/2018,12/18/2018,30,Det,1,1,3058972
210,,White,Avenue,New Hyde Park,11040,615000,547500,Cape,4,2.500,"Full,Unfinished",1 Car Detached,5,13047.00,CL,8/25/2018,2/25/2019,9/27/2018,12/04/2018,33,Det,1,1,3060195
415,,Leonard,Boulevard,New Hyde Park,11040,549999,535000,Colonial,2,1.000,"Full,Partially Finished",1 Car Detached,5,10179.19,CL,8/28/2018,2/27/2019,10/04/2018,12/17/2018,37,Det,1,1,3060694
166,,Kamda,Boulevard,New Hyde Park,11040,540000,540000,Cape,3,1.000,"Full,Unfinished",,5,9722.56,CL,9/05/2018,9/05/2019,12/19/2018,3/06/2019,105,Det,1,1,3062475
970,N,6th,Street,New Hyde Park,11040,559880,540000,Cape,4,1.000,Full,,5,11765.69,CL,8/01/2018,12/31/2018,12/05/2018,1/31/2019,126,Det,1,1,3062852
1311,,Dale,Court,Seaford,11783,549777,540000,Split Level,4,1.550,"Full,Finished",1 Car Attached,5,13400.00,CL,9/05/2018,9/01/2019,9/24/2018,11/26/2018,19,Det,1,1,3062988
65,,Tanager,Lane,Levittown,11756,594990,585000,Colonial,4,2.000,"Partial,Unfinished",,5,13967.60,CL,9/07/2018,3/07/2019,10/08/2018,12/07/2018,31,Det,1,1,3063694
541,N,6th,Street,New Hyde Park,11040,559000,515000,Cape,3,1.500,"Full,Finished",,5,7800.00,CL,9/10/2018,3/31/2019,12/14/2018,3/28/2019,95,Det,1,1,3064014
47,,Dell,Lane,Wantagh,11793,539000,535000,Exp Ranch,5,2.000,"None,Unfinished",,5,12616.45,CL,9/12/2018,3/12/2019,11/09/2018,1/03/2019,58,Det,1,1,3064410
2839,,Charles,Road,Wantagh,11793,599999,594000,Exp Ranch,3,2.000,"Full,Finished",,5,9881.29,CL,9/15/2018,3/15/2019,10/20/2018,2/04/2019,35,Det,1,1,3065485
319,,Twin,Lane,Wantagh,11793,519000,511000,Exp Ranch,4,2.000,"None,Unfinished",1 Car Attached,5,17764.91,CL,9/18/2018,12/18/2018,10/03/2018,11/09/2018,15,Det,1,1,3066000
2850,,Michael,Road,Wantagh,11793,559000,559000,Ranch,3,2.000,"Full,Finished",,5,14684.43,CL,9/17/2018,3/17/2019,11/08/2018,2/04/2019,52,Det,1,1,3066235
7,,Lincoln,Avenue,New Hyde Park,11040,595000,545000,Cape,3,1.000,Partial,1 Car Detached,5,12108.43,CL,9/20/2018,1/31/2019,11/14/2018,1/16/2019,55,Det,1,1,3066696
3171,,N Jerusalem,Road,Levittown,11756,569888,570000,Colonial,5,3.000,"None,Unfinished",1 Car Detached,5,11866.90,CL,8/01/2018,2/01/2019,10/09/2018,12/17/2018,69,Det,1,1,3067263
29,,Lea Ann,Terrace,Wantagh,11793,550000,565000,Split Level,3,2.500,"Full,Partially Finished",1 Car Attached,5,9753.00,CL,9/26/2018,12/31/2018,10/12/2018,12/27/2018,16,Det,1,1,3068249
252,,Center,Lane,Levittown,11756,559000,560000,Exp Cape,4,2.000,"None,Unfinished",1 Car Detached,5,10295.41,CL,10/02/2018,4/02/2019,10/31/2018,12/19/2018,29,Det,1,1,3070168
22,,Hawthorne,Street,Farmingdale,11735,519990,515000,Exp Cape,4,2.000,"Full,Finished",1 Car Attached,5,9936.21,CL,10/02/2018,4/02/2019,10/26/2018,12/21/2018,24,Det,1,1,3070421
13,,Crescent Beach,Road,Glen Cove,11542,549000,520000,Colonial,3,2.000,"Full,Unfinished",2 Car Detached,5,8247.15,CL,10/08/2018,8/08/2019,2/19/2019,3/27/2019,134,Det,1,1,3071511
18,,Slate,Lane,Levittown,11756,514999,518500,Colonial,4,2.000,"None,Unfinished",,5,12616.60,CL,10/11/2018,3/11/2019,12/07/2018,3/12/2019,57,Det,1,1,3072878
27,,Springtime,Lane,Levittown,11756,559000,530000,Exp Cape,4,2.000,"None,Unfinished",,5,12199.00,CL,10/12/2018,4/12/2019,4/04/2019,7/15/2019,174,Det,1,1,3073087
109,,Sylvia,Lane,New Hyde Park,11040,549000,590000,Cape,4,1.000,"Full,Partially Finished",1 Car Detached,5,12097.00,CL,10/17/2018,4/17/2019,10/31/2018,1/04/2019,14,Det,1,1,3074017
1158,,Greenway,Court,Seaford,11783,578000,550000,Split Level,4,4.000,"Full,Partially Finished",2 Car Attached,5,13100.20,CL,10/18/2018,1/31/2019,11/12/2018,1/15/2019,25,Det,1,1,3074697
616,,Wayne,Avenue,New Hyde Park,11040,579000,577000,Cape,4,2.500,"Full,Partially Finished",,5,9716.55,CL,10/29/2018,4/22/2019,2/22/2019,4/16/2019,116,Det,1,1,3077104
20,,Ribbon,Lane,Wantagh,11793,535000,535000,Exp Ranch,4,3.000,"None,Unfinished",,5,12834.34,CL,10/30/2018,4/30/2019,11/10/2018,1/07/2019,11,Det,1,1,3077370
89,,5th,Street,New Hyde Park,11040,575000,540000,Exp Cape,4,1.500,"Full,Finished",1 Car Detached,5,12655.34,CL,11/01/2018,6/30/2019,12/12/2018,3/01/2019,41,Det,1,1,3078041
65,,Cliff,Lane,Levittown,11756,559000,545000,Colonial,4,2.000,"None,Unfinished",,5,12274.66,CL,11/04/2018,5/05/2019,3/01/2019,3/27/2019,117,Det,1,1,3078607
271,,Twin,Lane,Wantagh,11793,624900,600000,Colonial,5,2.000,"None,Unfinished",,5,14332.58,CL,11/07/2018,5/31/2019,11/21/2018,2/11/2019,14,Det,1,1,3079378
152,,Cotton,Lane,Levittown,11756,589777,580000,Colonial,4,3.000,"None,Unfinished",1 Car Attached,5,10944.00,CL,11/08/2018,8/31/2019,1/25/2019,6/10/2019,78,Det,1,1,3079682
31,,Conway,Road,New Hyde Park,11040,559900,525000,Exp Cape,4,2.500,"Full,Unfinished",1 Car Attached,5,13015.42,CL,11/08/2018,3/06/2019,1/31/2019,2/27/2019,84,Det,1,1,3080207
50,,Aberdeen,Road,New Hyde Park,11040,638000,572500,Cape,4,1.000,Full,1 Car Detached,5,13332.00,CL,11/12/2018,4/23/2019,1/14/2019,2/25/2019,63,Det,1,1,3080673
17,,Academy,Lane,Levittown,11756,548888,540000,Colonial,4,2.000,"None,Unfinished",,5,15383.00,CL,11/13/2018,4/16/2019,12/21/2018,2/13/2019,38,Det,1,1,3080756
1287,,Diane,Drive,Seaford,11783,525000,512500,Split Level,3,2.500,"Full,Finished",,5,18751.00,CL,11/14/2018,11/17/2019,2/01/2019,4/01/2019,79,Det,1,1,3081021
168,,Noell,,Levittown,11756,499000,528000,Exp Cape,4,3.000,"Full,Finished",1 Car Attached,5,12348.00,CL,11/14/2018,11/14/2019,11/30/2018,1/11/2019,16,Det,1,1,3081044
72,,Shelter,Lane,Levittown,11756,579000,575000,Colonial,4,2.000,"None,Unfinished",1 Car Attached,5,14767.00,CL,11/16/2018,5/31/2019,11/26/2018,2/01/2019,10,Det,1,1,3081688
12,,Western,Lane,Wantagh,11793,538900,527000,Cape,5,2.000,"None,Unfinished",1 Car Attached,5,12336.00,CL,11/21/2018,2/28/2019,1/09/2019,3/26/2019,49,Det,1,1,3082643
18,,13,Street,Locust Valley,11560,639000,572000,Colonial,4,2.000,"Full,Finished",,5,10000.00,CL,11/27/2018,11/15/2019,6/12/2019,9/27/2019,196,Det,2,2,3083544
16,,Craft,Avenue,Glen Cove,11542,539000,540000,Colonial,3,2.500,"Full,Finished",2 Car Detached,5,8009.00,CL,11/30/2018,9/01/2019,2/01/2019,5/01/2019,63,Det,1,1,3084331
14,,Plow,Lane,Levittown,11756,539888,525000,Colonial,5,2.000,"None,Unfinished",,5,14336.35,CL,12/07/2018,6/07/2019,3/25/2019,5/30/2019,107,Det,1,1,3085868
130,,Highland,Road,Glen Cove,11542,599000,590000,Colonial,3,2.000,"Full,Unfinished",2 Car Detached,5,10214.00,CL,12/10/2018,6/03/2019,5/09/2019,6/10/2019,149,Det,1,1,3086252
46,,Rural,Lane,Levittown,11756,579000,550000,Colonial,4,2.000,"None,Unfinished",,5,12582.11,CL,12/10/2018,6/30/2019,2/15/2019,5/01/2019,67,Det,1,1,3086379
9,,Birch,Lane,New Hyde Park,11040,550000,520000,Cape,3,1.000,Full,,5,10541.04,CL,12/25/2018,3/31/2019,3/06/2019,4/10/2019,71,Det,1,0,3088656
3842,,Cordwood,Lane,Seaford,11783,549000,557000,Colonial,4,2.500,"Full,Partially Finished",1 Car Attached,5,12082.09,CL,1/02/2019,7/02/2019,1/11/2019,3/04/2019,9,Det,1,1,3089463
4,,Southfield,Road,Glen Cove,11542,599900,575000,Exp Cape,4,3.500,"Full,Unfinished",,5,15480.82,CL,1/04/2019,12/31/2019,8/21/2019,10/30/2019,228,Det,1,1,3090352
43,,Laurel,Drive,New Hyde Park,11040,619000,600000,Cape,4,1.000,"Full,Partially Finished",1 Car Detached,5,8053.89,CL,1/08/2019,1/07/2020,2/13/2019,4/11/2019,36,Det,1,1,3091426
49,,Boat,Lane,Levittown,11756,499000,515000,Colonial,4,2.000,"None,Unfinished",1 Car Attached,5,11216.00,CL,1/14/2019,6/01/2019,1/28/2019,3/29/2019,14,Det,1,1,3092954
13,,Quaker,Lane,Levittown,11756,549000,543000,Cape,3,2.000,"None,Unfinished",,5,12818.44,CL,1/16/2019,8/31/2019,2/07/2019,4/01/2019,22,Det,1,1,3093738
12,S,Leech,Circle,Glen Cove,11542,513000,520000,Tudor,3,1.500,"Full,Partially Finished",1 Car Detached,5,8080.15,CL,1/17/2019,7/17/2019,2/13/2019,5/16/2019,27,Det,1,1,3094231
21,,Driftwood,Drive,Glen Cove,11542,599999,580000,Split Level,3,2.000,Partial,2 Car Attached,5,10330.00,CL,1/22/2019,6/22/2019,3/13/2019,7/10/2019,49,Det,1,1,3095123
17,,North,Lane,Glen Cove,11542,639000,595000,Colonial,5,3.500,"Full,Finished",1 Car Detached,5,11374.61,CL,1/26/2019,7/25/2019,4/03/2019,7/08/2019,66,Det,1,1,3096254
5,,Manor,Place,Glen Cove,11542,549000,540000,Colonial,3,1.500,"Full,Unfinished",1 Car Detached,5,9443.16,CL,1/26/2019,1/26/2020,4/03/2019,7/02/2019,66,Det,1,1,3096672
25,,6th,Avenue,New Hyde Park,11040,560000,570000,Exp Cape,4,1.000,"Full,Partially Finished",,5,7339.00,CL,1/28/2019,7/28/2019,2/15/2019,4/08/2019,18,Det,1,1,3096739
83,,Orchid,Road,Levittown,11756,579000,570000,Exp Ranch,5,2.000,"None,Unfinished",,5,15538.76,CL,1/31/2019,7/31/2019,2/21/2019,5/17/2019,21,Det,1,1,3097542
74,,Seaman,Road,Glen Cove,11542,539000,517000,Cape,3,2.000,"Full,Partially Finished",1 Car Detached,5,9984.31,CL,2/02/2019,12/31/2019,4/19/2019,6/14/2019,75,Det,1,1,3098126
952,N,5th,Street,New Hyde Park,11040,619000,599000,Cape,3,1.000,Full,1 Car Detached,5,11237.02,CL,2/04/2019,5/28/2019,5/22/2019,8/22/2019,106,Det,1,1,3098498
10,,Seaman,Road,Glen Cove,11542,599000,583700,Ranch,3,3.000,"Full,Finished",1 Car Attached,5,9156.74,CL,2/05/2019,10/31/2019,5/30/2019,6/25/2019,113,Det,1,1,3098761
159,,Old Farm,Road,Levittown,11756,589000,555000,Colonial,5,2.000,"None,Unfinished",1 Car Attached,5,12289.96,CL,2/01/2019,9/30/2019,4/12/2019,7/03/2019,69,Det,1,1,3098899
3906,,Ralph,Street,Seaford,11783,579900,569000,Split Level,3,2.500,"Full,Finished",1 Car Attached,5,12023.90,CL,2/07/2019,8/04/2019,3/04/2019,5/24/2019,25,Det,1,1,3099314
6,,Emerald,Drive,Glen Cove,11542,549000,540000,Exp Ranch,3,2.000,"Full,Partially Finished",1 Car Attached,5,8990.47,CL,2/11/2019,8/09/2019,3/04/2019,5/10/2019,21,Det,1,1,3100378
2880,,Michael,Road,Wantagh,11793,549990,540000,Exp Ranch,4,2.000,"Full,Finished",1 Car Attached,5,11907.59,CL,2/13/2019,8/11/2019,3/07/2019,5/31/2019,22,Det,1,1,3100853
9,,Laurie,Place,Glen Cove,11542,799000,600000,Split Ranch,4,3.000,Partial,,5,7296.00,CL,2/14/2019,8/14/2019,4/09/2019,6/21/2019,53,Det,1,1,3101293
1060,,Mclean,Avenue,Wantagh,11793,559000,542000,Exp Ranch,3,2.000,Full,1 Car Detached,5,10935.00,CL,2/20/2019,8/31/2019,4/11/2019,6/25/2019,49,Det,1,1,3102795
131,,Atlantic,Avenue,New Hyde Park,11040,559000,547500,Exp Cape,4,1.000,"None,Unfinished",2 Car Attached,5,10469.00,CL,2/25/2019,8/09/2019,7/17/2019,9/23/2019,141,Det,1,1,3103643
4040,,Alken,Avenue,Seaford,11783,585000,570000,Split Level,4,3.000,"Partial,Finished",1 Car Attached,5,15863.83,CL,2/25/2019,8/25/2019,6/26/2019,7/26/2019,120,Det,1,1,3104190
10,N,4,Street,New Hyde Park,11040,588000,570000,Exp Cape,3,2.000,"Full,Finished",1 Car Detached,5,6989.00,CL,2/26/2019,8/19/2019,7/11/2019,9/27/2019,134,Det,1,1,3104255
1100,,1st,Avenue,New Hyde Park,11040,609999,585000,Cape,5,3.000,Full,,5,11284.39,CL,2/28/2019,7/04/2019,6/14/2019,6/14/2019,105,Det,1,1,3104688
119,,Woolsey,Avenue,Glen Cove,11542,599000,599000,Ranch,4,2.500,"Full,Unfinished",,5,10930.90,CL,2/28/2019,5/28/2019,4/10/2019,5/16/2019,40,Det,1,1,3104690
81,,4th,Avenue,Garden City Park,11040,559000,550000,Cape,3,2.000,"Full,Finished",,5,6896.10,CL,2/26/2019,8/30/2019,4/17/2019,6/11/2019,49,Det,1,1,3104833
99,,Saddle,Lane,Levittown,11756,549999,535000,Colonial,5,2.000,"None,Unfinished",,5,13776.49,CL,3/02/2019,8/25/2019,4/15/2019,6/18/2019,43,Det,1,1,3105666
129,,Bedford,Avenue,New Hyde Park,11040,598000,565000,Other,3,2.000,"Full,Finished",,5,9654.54,CL,3/04/2019,8/31/2019,5/02/2019,8/05/2019,58,Det,1,1,3105735
36,,Wavy,Lane,Wantagh,11793,524990,515000,Exp Ranch,6,2.000,"None,Unfinished",,5,11268.00,CL,3/05/2019,12/15/2019,4/17/2019,6/24/2019,42,Det,1,1,3106400
83,,Anchor,Lane,Levittown,11756,559999,545000,Colonial,5,3.000,"None,Unfinished",,5,12888.98,CL,3/07/2019,9/30/2019,5/14/2019,6/27/2019,67,Det,1,1,3106941
14,,Farm,Lane,Levittown,11756,549990,545000,Colonial,4,2.000,"None,Unfinished",1 Car Detached,5,14871.00,CL,3/07/2019,9/06/2019,4/19/2019,6/10/2019,42,Det,1,1,3107066
606,,William,Street,New Hyde Park,11040,579000,560000,Cape,4,2.000,"Full,Partially Finished",1 Car Detached,5,13055.11,CL,3/08/2019,12/31/2019,4/03/2019,9/24/2019,25,Det,1,1,3107534
513,N,11th,Street,New Hyde Park,11040,629999,583000,Cape,4,2.000,"Full,Partially Finished",,5,9848.55,CL,3/11/2019,10/01/2019,4/08/2019,6/10/2019,28,Det,1,1,3108018
17,,Tanners,Lane,Levittown,11756,589999,560000,Colonial,4,2.000,"None,Unfinished",1 Car Detached,5,10091.00,CL,3/11/2019,12/01/2019,4/19/2019,6/12/2019,39,Det,1,1,3108172
72,,Fulton,Avenue,New Hyde Park,11040,559990,519500,Colonial,3,1.500,"Full,Finished",2 Car Detached,5,10733.71,CL,3/13/2019,9/03/2019,5/20/2019,8/14/2019,68,Det,1,1,3108991
148,,Elm,Avenue,Glen Cove,11542,579900,576300,Ranch,3,2.000,"Full,Finished",1 Car Attached,5,10555.00,CL,3/14/2019,9/15/2019,4/19/2019,8/14/2019,36,Det,1,1,3109374
23,,Reeves,Avenue,Farmingdale,11735,529990,530000,Colonial,5,2.500,"Partial,Finished",2 Car Attached,5,12180.38,CL,3/15/2019,9/15/2019,4/10/2019,6/25/2019,26,Det,1,1,3109489
3664,,Libby,Lane,Wantagh,11793,507000,514000,Split Level,3,2.000,"Crawl,Unfinished",1 Car Attached,5,15766.87,CL,3/18/2019,9/18/2019,4/12/2019,8/19/2019,25,Det,1,1,3110848
88,,Ridge,Lane,Levittown,11756,575000,575000,Colonial,4,2.000,"None,Unfinished",1 Car Attached,5,11115.33,CL,3/26/2019,9/26/2019,4/18/2019,7/16/2019,23,Det,1,1,3113038
17,,Slate,Lane,Levittown,11756,559000,550000,Colonial,4,2.000,"None,Unfinished",1 Car Detached,5,14643.83,CL,3/27/2019,9/27/2019,4/15/2019,7/10/2019,19,Det,1,1,3113213
1,,Salem,Lane,Levittown,11756,549000,555000,Colonial,3,2.000,"None,Unfinished",1 Car Detached,5,12489.56,CL,3/28/2019,10/01/2019,5/09/2019,7/15/2019,42,Det,1,1,3113317
999,,Johnston,Avenue,Wantagh,11793,559000,550000,Colonial,3,2.500,"Full,Finished",1 Car Detached,5,12877.22,CL,3/29/2019,7/28/2019,4/05/2019,5/31/2019,7,Det,1,1,3113678
45,,Poplar,Place,Glen Cove,11542,576000,562000,Exp Cape,5,2.000,"Full,Partially Finished",1 Car Detached,5,9641.00,CL,3/29/2019,9/30/2019,4/12/2019,5/14/2019,14,Det,1,1,3113881
142,,Saddle,Lane,Levittown,11756,599900,587000,Cottage,5,2.000,"None,Unfinished",1 Car Detached,5,15931.00,CL,3/30/2019,3/30/2020,4/09/2019,7/02/2019,10,Det,1,1,3114075
3551,,Mallard,Road,Levittown,11756,524900,515000,Exp Cape,4,2.000,"Full,Finished",1 Car Detached,5,12161.12,CL,4/01/2019,10/01/2019,5/10/2019,7/15/2019,39,Det,1,1,3114804
7,,Bluebell,Lane,Levittown,11756,514900,515000,Exp Cape,4,2.000,"None,Unfinished",,5,11656.00,CL,4/01/2019,9/01/2019,4/20/2019,7/11/2019,19,Det,1,1,3114849
104,,Ingraham,Lane,New Hyde Park,11040,630000,595000,Cape,5,2.000,"Full,Finished",1 Car Detached,5,11163.00,CL,4/02/2019,10/01/2019,7/15/2019,9/13/2019,104,Det,1,1,3115201
3745,,Hunt,Court,Wantagh,11793,549000,567000,Split Level,3,2.500,"Full,Finished",,5,12683.29,CL,4/03/2019,10/03/2019,4/12/2019,6/28/2019,9,Det,1,1,3115425
877,,Whitebirch,Lane,Wantagh,11793,589000,585000,Exp Ranch,3,2.000,"Full,Finished",,5,10239.65,CL,4/08/2019,9/18/2019,5/01/2019,7/02/2019,23,Det,1,1,3117410
73,,Albatross,Road,Levittown,11756,529000,515000,Cape,4,2.000,"None,Unfinished",2 Car Detached,5,10569.65,CL,4/10/2019,12/10/2019,6/27/2019,11/22/2019,78,Det,1,1,3117742
33,,Knoll,Lane,Levittown,11756,599000,595000,Colonial,4,2.500,"None,Unfinished",,5,13742.55,CL,4/10/2019,10/09/2019,4/24/2019,7/11/2019,14,Det,1,1,3117908
211,,Red Maple,Drive,Levittown,11756,559990,525000,Exp Ranch,4,2.000,"None,Unfinished",1 Car Attached,5,16689.95,CL,4/12/2019,10/12/2019,5/02/2019,7/18/2019,20,Det,1,1,3118967
275,E,Twin,Lane,Wantagh,11793,589900,560000,Colonial,5,3.000,"None,Unfinished",,5,17999.56,CL,4/14/2019,7/14/2019,6/10/2019,7/18/2019,57,Det,1,1,3119245
66,,Maple,Drive,New Hyde Park,11040,629000,585000,Cape,3,2.000,"Full,Partially Finished",1 Car Attached,5,9016.00,CL,4/16/2019,10/16/2019,6/24/2019,8/27/2019,69,Det,1,1,3119787
43,,Primrose,Lane,Levittown,11756,519900,515000,Colonial,3,2.500,"None,Unfinished",,5,12272.36,CL,11/20/2018,10/31/2019,5/10/2019,8/05/2019,170,Det,1,1,3120035
3670,,Regent,Lane,Wantagh,11793,569990,570000,Split Level,5,3.000,"None,Unfinished",1 Car Attached,5,15805.65,CL,4/17/2019,10/17/2019,5/15/2019,8/29/2019,28,Det,1,1,3120423
1297,,Dale,Court,Seaford,11783,539000,522500,Split Level,3,1.550,Partial,1 Car Attached,5,11636.08,CL,4/22/2019,5/01/2020,7/01/2019,10/02/2019,70,Det,1,1,3121349
60,N,Twin,Lane,Wantagh,11793,529999,515000,Exp Ranch,5,2.000,"None,Unfinished",,5,12714.00,CL,3/26/2019,12/31/2019,7/12/2019,8/23/2019,108,Det,1,1,3122424
29,S,1st,Street,New Hyde Park,11040,575000,555000,Colonial,3,2.000,Full,2 Car Detached,5,11386.00,CL,4/25/2019,11/01/2019,9/11/2019,11/14/2019,139,Det,1,1,3122475
32,,Amber,Lane,Levittown,11756,539000,520000,Exp Ranch,5,2.000,"None,Unfinished",,5,12125.00,CL,4/25/2019,12/31/2019,6/10/2019,8/09/2019,46,Det,1,1,3122745
40,,Shotgun,Lane,Levittown,11756,559990,540000,Exp Ranch,5,2.500,"None,Unfinished",1 Car Attached,5,12057.38,CL,4/29/2019,11/15/2019,8/30/2019,10/17/2019,123,Det,1,1,3123454
2,,Rellim,Drive,Glen Cove,11542,499000,530000,Ranch,3,2.000,"Full,Finished",,5,10444.34,CL,4/30/2019,4/30/2020,5/22/2019,7/18/2019,22,Det,1,1,3123812
1099,,Logan,Road,Wantagh,11793,574888,586890,Exp Cape,4,2.000,"Full,Partially Finished",1 Car Detached,5,10354.00,CL,5/01/2019,11/01/2019,5/17/2019,6/28/2019,16,Det,1,1,3124084
38,,Rock,Lane,Levittown,11756,519000,543000,Colonial,4,2.000,"None,Unfinished",,5,13988.12,CL,5/01/2019,8/01/2019,5/24/2019,7/12/2019,23,Det,1,1,3124748
113,,Wilton,Street,New Hyde Park,11040,639000,585000,Cape,4,2.500,"Full,Finished",1 Car Detached,5,7310.00,CL,5/01/2019,10/31/2019,5/17/2019,8/14/2019,16,Det,1,1,3125018
56,,Cliff,Lane,Levittown,11756,539000,530000,Colonial,5,2.000,"None,Unfinished",,5,12747.82,CL,5/02/2019,11/02/2019,8/20/2019,11/20/2019,110,Det,1,1,3125253
1191,,Jacob,Drive,Seaford,11783,539000,530000,Split Level,3,1.500,"Partial,Partially Finished",1 Car Attached,5,9813.05,CL,5/07/2019,12/31/2019,6/01/2019,7/29/2019,25,Det,1,1,3126161
303,S,9th,Street,New Hyde Park,11040,599000,565000,Colonial,5,2.000,"Full,Finished",1 Car Detached,5,9614.38,CL,5/08/2019,10/30/2019,9/04/2019,11/04/2019,119,Det,1,1,3126787
2863,,Walter,Road,Wantagh,11793,599777,580000,Colonial,4,2.000,"Full,Unfinished",,5,16829.37,CL,5/09/2019,2/29/2020,6/20/2019,7/23/2019,42,Det,1,1,3127253
27,,Oaktree Lane,,Levittown,11756,529000,541000,Exp Cape,5,2.000,"None,Unfinished",,5,10272.86,CL,5/09/2019,1/15/2020,6/01/2019,8/19/2019,23,Det,1,1,3127965
31,,Pilgrim,Street,New Hyde Park,11040,589000,575000,Cape,3,1.000,"Full,Unfinished",1 Car Detached,5,13404.00,CL,5/13/2019,11/15/2019,6/01/2019,8/27/2019,19,Det,1,1,3127999
59,,Wheelbarrow,Lane,Wantagh,11793,510000,520000,Exp Ranch,4,2.000,"None,Unfinished",,5,13313.07,CL,5/14/2019,5/15/2020,5/31/2019,9/18/2019,17,Det,1,1,3128606
159,N,6th,Street,New Hyde Park,11040,599000,577000,Colonial,3,2.000,"Full,Partially Finished",1 Car Detached,5,10804.00,CL,5/15/2019,11/20/2019,10/07/2019,11/18/2019,145,Det,1,1,3128817
1052,,Gold,Street,Seaford,11783,529000,530000,Split Level,3,1.500,"Full,Finished",1 Car Attached,5,11957.91,CL,5/16/2019,11/16/2019,6/04/2019,8/13/2019,19,Det,1,1,3129268
604,,Wayne Avenue,,New Hyde Park,11040,589000,585000,Cape,4,3.000,"Full,Finished",,5,11977.62,CL,5/16/2019,11/16/2019,6/19/2019,8/30/2019,34,Det,1,2,3129450
42,,Swan,Lane,Levittown,11756,579000,579000,Colonial,5,2.000,"None,Unfinished",1 Car Detached,5,15000.00,CL,5/16/2019,8/15/2019,6/07/2019,8/14/2019,22,Det,1,1,3129916
1609,,Imperial,Avenue,New Hyde Park,11040,600000,570000,Cape,4,2.000,"Full,Partially Finished",1 Car Attached,5,12823.35,CL,5/19/2019,5/19/2020,7/24/2019,9/17/2019,66,Det,1,1,3130455
18,,Tarry Ln,,Levittown,11756,558000,537000,Colonial,4,2.500,"None,Unfinished",,5,16799.00,CL,5/23/2019,12/31/2019,9/16/2019,2/14/2020,116,Det,1,1,3131519
812,,Pineneck,Road,Seaford,11783,555000,532000,Colonial,7,2.000,"Full,Partially Finished",2 Car Detached,5,18897.64,CL,5/24/2019,11/24/2019,8/05/2019,10/29/2019,73,Det,1,1,3131765
40,,Blacksmith,Road,Levittown,11756,539000,535000,Colonial,4,2.000,"None,Unfinished",,5,14511.88,CL,5/22/2019,11/15/2019,9/16/2019,11/01/2019,117,Det,1,1,3131778
58,,Abbey,Lane,Levittown,11756,549000,530000,Colonial,5,2.000,"None,Unfinished",1 Car Attached,5,11960.92,CL,5/24/2019,5/24/2020,11/10/2019,1/28/2020,170,Det,1,1,3131803
35,,Sycamore Lane,,Levittown,11756,585000,575000,Colonial,5,2.000,"None,Unfinished",,5,14813.69,CL,5/27/2019,8/31/2019,7/15/2019,10/07/2019,49,Det,1,1,3132303
44,,2nd,Street,Glen Cove,11542,549000,535000,Colonial,3,2.000,"Full,Unfinished",,5,7163.99,CL,5/29/2019,11/29/2019,10/14/2019,1/06/2020,138,Det,1,1,3133071
516,,Hillside,Boulevard,New Hyde Park,11040,539990,540000,Cape,4,1.000,"Full,Finished",1 Car Detached,5,8987.94,CL,5/29/2019,11/30/2019,6/21/2019,8/02/2019,23,Det,1,1,3133077
18,,Roosevelt,Street,Glen Cove,11542,599000,599000,Colonial,3,2.550,"Full,Finished",1 Car Detached,5,9424.09,CL,5/29/2019,11/29/2019,6/17/2019,7/18/2019,19,Det,1,1,3133080
1645,,New Hyde Park,Drive,New Hyde Park,11040,578000,570000,Cape,3,2.000,"Full,Finished",1 Car Attached,5,9003.00,CL,5/29/2019,11/30/2019,9/18/2019,11/08/2019,112,Det,1,1,3133146
1500,,Imperial,Avenue,New Hyde Park,11040,559000,550000,Cape,4,1.000,"Full,Unfinished",1 Car Attached,5,11495.78,CL,5/30/2019,11/20/2019,7/18/2019,9/18/2019,49,Det,1,1,3133279
300,,1st,Avenue,New Hyde Park,11040,549000,530000,Colonial,3,2.000,Full,1 Car Detached,5,10121.00,CL,5/30/2019,10/01/2019,7/22/2019,9/25/2019,53,Det,1,1,3133537
23,,Maple,Avenue,Glen Cove,11542,549000,533000,Duplex,4,2.000,"Full,Unfinished",2 Car Detached,5,10385.00,CL,6/03/2019,4/22/2020,7/22/2019,9/27/2019,49,Det,2,2,3134643
1327,,Dale,Court,Seaford,11783,599000,590000,Split Level,4,2.500,"Partial,Unfinished",1 Car Attached,5,12159.00,CL,6/05/2019,12/31/2019,7/20/2019,8/28/2019,45,Det,1,1,3135596
308,,Duckpond,Drive,Wantagh,11793,534500,520000,Exp Ranch,4,2.000,"None,Unfinished",1 Car Attached,5,10084.45,CL,6/06/2019,12/31/2019,8/28/2019,11/05/2019,83,Det,1,1,3135906
18,,Falcon,Lane,Levittown,11756,599500,595000,Colonial,4,2.000,"None,Unfinished",,5,11600.34,CL,6/07/2019,2/29/2020,7/19/2019,9/04/2019,42,Det,1,1,3136217
100,S,6th,Street,New Hyde Park,11040,519990,513000,Colonial,3,1.000,"Full,Finished",1 Car Detached,5,8626.80,CL,6/08/2019,12/15/2019,7/10/2019,8/20/2019,32,Det,1,1,3136539
3,,Milford,Lane,Glen Cove,11542,595000,585000,Split Level,3,2.500,"Full,Unfinished",2 Car Attached,5,10606.12,CL,6/12/2019,12/12/2019,6/28/2019,9/06/2019,16,Det,1,1,3137600
6,,Universe,Drive,Levittown,11756,519990,520000,Colonial,5,2.000,"None,Unfinished",,5,10054.48,CL,6/13/2019,12/01/2019,8/05/2019,11/22/2019,53,Det,1,1,3138138
779,,Flowerdale,Drive,Seaford,11783,535000,515000,Colonial,5,2.000,"Full,Finished",1 Car Detached,5,17027.41,CL,6/13/2019,12/31/2019,12/13/2019,2/27/2020,183,Det,1,1,3138203
10,,Laurel,Avenue,Glen Cove,11542,599000,595000,Colonial,3,2.500,"Full,Finished",1 Car Detached,5,12023.66,CL,6/16/2019,6/16/2020,7/11/2019,8/19/2019,25,Det,1,1,3138836
42,,Long,Lane,Levittown,11756,475000,520000,Exp Ranch,4,2.000,"None,Unfinished",,5,10185.00,CL,6/17/2019,1/16/2020,7/12/2019,8/29/2019,25,Det,1,1,3139225
1097,,Johnston,Avenue,Wantagh,11793,544990,533000,Ranch,3,2.000,"Full,Finished",1 Car Detached,5,11073.00,CL,6/17/2019,11/17/2019,9/27/2019,11/04/2019,102,Det,1,1,3139383
230,,Orchid,Road,Levittown,11756,594990,580000,Colonial,5,3.000,"None,Unfinished",1 Car Attached,5,13055.00,CL,6/17/2019,11/30/2019,7/05/2019,9/27/2019,18,Det,1,1,3139404
10,,Wildflower,Lane,Wantagh,11793,559000,530000,Exp Ranch,5,2.000,"None,Unfinished",1 Car Attached,5,13273.22,CL,6/19/2019,12/17/2019,7/18/2019,9/20/2019,29,Det,1,1,3139763
17,,Serpentine,Lane,Levittown,11756,529000,529000,Exp Ranch,5,2.000,"None,Unfinished",,5,12874.00,CL,6/25/2019,6/25/2020,7/11/2019,9/20/2019,16,Det,1,1,3141620
956,N,7th,Street,New Hyde Park,11040,519000,515000,Bungalow,3,1.500,"Full,Finished",1 Car Detached,5,7069.87,CL,6/26/2019,6/25/2020,8/28/2019,12/02/2019,63,Det,1,1,3142036
12,,Dartmouth,Drive,Glen Cove,11542,639000,600000,Colonial,4,2.500,"Full,Unfinished",2 Car Attached,5,11747.00,CL,6/27/2019,12/27/2019,8/22/2019,9/20/2019,56,Det,1,1,3142346
1,,Appletree,Lane,Glen Cove,11542,535000,530000,Exp Ranch,4,1.500,,,5,8933.00,CL,6/28/2019,12/31/2019,7/03/2019,8/27/2019,5,Det,1,1,3142669
3,S,10th,Street,New Hyde Park,11040,519000,519000,Colonial,3,1.500,"Full,Unfinished",1 Car Detached,5,8556.20,CL,7/01/2019,12/30/2019,7/23/2019,10/10/2019,22,Det,1,1,3143457
121,,5th,Street,New Hyde Park,11040,615000,596500,Cape,4,1.500,Full,1 Car Detached,5,9735.00,CL,7/03/2019,1/01/2020,10/25/2019,1/28/2020,114,Det,1,1,3144285
554,N,6,Street,New Hyde Park,11040,674000,600000,Cape,3,2.000,"Full,Finished",1 Car Detached,5,13729.67,CL,7/08/2019,7/02/2020,11/04/2019,2/26/2020,119,Det,1,1,3144868
8,,Fence,Lane,Levittown,11756,530000,530000,Exp Ranch,4,2.000,"None,Unfinished",,5,10225.00,CL,7/08/2019,12/31/2019,7/23/2019,10/15/2019,15,Det,1,1,3145266
262,,Blacksmith,Road,Levittown,11756,524900,524900,Colonial,4,2.000,"None,Unfinished",,5,12511.00,CL,7/10/2019,3/10/2020,8/02/2019,11/19/2019,23,Det,1,1,3146092
1279,,Lois,Lane,Seaford,11783,549999,540000,Split Level,4,1.500,Full,1 Car Attached,5,11636.08,CL,6/03/2019,6/03/2020,9/24/2019,12/12/2019,113,Det,1,1,3149546
110,N,7th,Street,New Hyde Park,11040,619000,590000,Exp Cape,4,2.000,"Full,Finished",1 Car Detached,5,12515.00,CL,7/23/2019,2/15/2020,9/24/2019,1/24/2020,63,Det,1,1,3149654
16,,Rose,Avenue,Glen Cove,11542,549000,532000,Colonial,3,1.500,"Full,Unfinished",2 Car Detached,5,9282.74,CL,7/25/2019,7/14/2020,12/16/2019,1/23/2020,144,Det,1,1,3150533
111,,Horn,Lane,Levittown,11756,539900,530000,Colonial,5,2.000,"None,Unfinished",,5,13459.00,CL,7/28/2019,3/28/2020,10/21/2019,1/17/2020,85,Det,1,1,3151190
31,,Brookdale,Road,Glen Cove,11542,549000,520000,Split Level,3,2.500,"Full,Finished",2 Car Attached,5,9298.26,CL,7/31/2019,2/01/2020,1/12/2020,2/28/2020,165,Det,1,1,3151909
2830,,Walter,Road,Wantagh,11793,555000,561000,Exp Ranch,3,1.500,"Full,Finished",,5,14214.00,CL,7/31/2019,12/31/2019,8/16/2019,12/04/2019,16,Det,1,1,3152011
53,,Meadow,Lane,Levittown,11756,579990,545000,Colonial,5,2.000,"None,Unfinished",,5,12384.28,CL,8/03/2019,5/30/2020,10/08/2019,2/28/2020,66,Det,1,1,3153020
3866,,Arthur,Avenue,Seaford,11783,508888,516000,Split Level,4,2.500,Full,,5,12270.68,CL,8/02/2019,8/02/2020,8/21/2019,11/01/2019,19,Det,1,1,3153051
22,,Dahlia,Lane,Wantagh,11793,530000,525000,Colonial,4,2.000,"None,Unfinished",1 Car Attached,5,14030.56,CL,8/08/2019,11/08/2019,9/09/2019,11/01/2019,32,Det,1,1,3154289
49,,Viola,Drive,Glen Cove,11542,599000,590000,Split Level,3,2.500,"Full,Finished",1 Car Attached,5,13888.78,CL,8/08/2019,2/14/2020,10/15/2019,12/27/2019,68,Det,1,1,3154339
58,,Haymaker,Lane,Levittown,11756,519000,538000,Cape,5,3.000,"None,Unfinished",,5,9782.00,CL,8/11/2019,1/13/2020,10/09/2019,12/19/2019,59,Det,1,1,3155155
4,,Baker,Lane,Levittown,11756,549000,530000,Colonial,5,2.000,"None,Unfinished",,5,11940.00,CL,8/12/2019,4/30/2020,9/17/2019,11/01/2019,36,Det,1,2,3155558
10,,Buckeye,Road,Glen Cove,11542,549950,534500,Exp Ranch,3,2.000,"Full,Partially Finished",2 Car Detached,5,8180.00,CL,8/14/2019,7/31/2020,9/05/2019,11/12/2019,22,Det,1,1,3156092
199,,Nassau,Boulevard,New Hyde Park,11040,579000,535000,Cape,2,2.000,"Full,Finished",2 Car Detached,5,10605.07,CL,8/19/2019,4/30/2020,9/26/2019,11/14/2019,38,Det,1,1,3157378
8,,Gaffney,Street,Glen Cove,11542,550000,536500,Cape,4,2.500,"Full,Finished",2 Car Attached,5,9544.31,CL,8/21/2019,2/21/2020,9/27/2019,12/31/2019,37,Det,1,1,3157806
1652,,New Hyde Park,Road,New Hyde Park,11040,629000,570000,Cape,4,1.500,"Full,Finished",1 Car Detached,5,9670.42,CL,8/21/2019,2/29/2020,9/23/2019,11/19/2019,33,Det,1,1,3157979
3951,,Anne,Drive,Seaford,11783,599900,599000,Split Level,3,2.500,"Full,Finished",2 Car Attached,5,11126.46,CL,8/28/2019,3/01/2020,9/19/2019,11/15/2019,22,Det,1,1,3159817
507,,Premire,Boulevard,New Hyde Park,11040,639000,600000,Cape,4,2.000,"Full,Finished",,5,10153.06,CL,8/29/2019,3/31/2020,12/02/2019,1/03/2020,95,Det,1,1,3160000
21,,Cliff,Lane,Levittown,11756,539000,520000,Colonial,5,2.000,"None,Unfinished",,5,12344.41,CL,8/28/2019,2/28/2020,12/13/2019,2/19/2020,107,Det,1,1,3160117
30,,Topper,Lane,Levittown,11756,629900,580000,Colonial,8,3.000,"None,Unfinished",,5,13297.98,CL,9/04/2019,9/02/2020,12/02/2019,2/28/2020,89,Det,1,1,3161117
1,,Poppy,Lane,Glen Cove,11542,579000,585000,Ranch,3,2.000,"Full,Partially Finished",2 Car Attached,5,11123.57,CL,9/12/2019,9/12/2020,10/03/2019,1/16/2020,21,Det,1,1,3164059
24,,Wood,Lane,Levittown,11756,589000,600000,Exp Ranch,6,4.000,"None,Unfinished",,5,14838.00,CL,9/13/2019,12/15/2019,10/03/2019,12/31/2019,20,Det,1,1,3164361
3151,,Dorset,Lane,Levittown,11756,539999,520000,Colonial,6,2.000,"None,Unfinished",1 Car Detached,5,12388.00,CL,9/16/2019,3/30/2020,1/03/2020,1/24/2020,109,Det,1,1,3164679
1949,,New Hyde Park,Road,New Hyde Park,11040,625000,600000,Cape,5,1.000,"Full,Unfinished",,5,12714.12,CL,9/16/2019,5/25/2020,1/02/2020,3/09/2020,108,Det,1,1,3164841
23,,Castle,Lane,Levittown,11756,599999,575000,Colonial,4,2.000,"None,Unfinished",4+ Car Detached,5,16562.00,CL,9/24/2019,3/24/2020,12/06/2019,1/24/2020,73,Det,1,1,3167242
50,,Jerome,Drive,Glen Cove,11542,569000,552500,Split Level,4,2.000,"Partial,Partially Finished",,5,13366.62,CL,9/25/2019,4/01/2020,12/24/2019,2/19/2020,90,Det,1,1,3167525
3698,,Harriad Dr S,,Seaford,11783,545000,550000,Split Level,3,2.500,"Full,Finished",1 Car Attached,5,14417.00,CL,9/26/2019,3/26/2020,12/07/2019,2/18/2020,72,Det,1,1,3167813
74,N,Water,Lane,Levittown,11756,518000,525000,Colonial,3,2.000,"None,Unfinished",1 Car Detached,5,10203.30,CL,9/26/2019,3/31/2020,10/15/2019,2/07/2020,19,Det,1,1,3168047
300,,White,Avenue,New Hyde Park,11040,559000,535000,Cape,4,1.000,"Full,Partially Finished",1 Car Detached,5,8471.86,CL,9/27/2019,3/11/2020,11/18/2019,2/11/2020,52,Det,1,1,3168316
1736,W,End,Avenue,New Hyde Park,11040,630000,550000,Cape,2,1.000,"Full,Partially Finished",1 Car Detached,5,13427.45,CL,10/01/2019,2/22/2020,12/13/2019,1/24/2020,73,Det,1,1,3169059
1332,,Allen,Drive,Seaford,11783,529000,525000,Split Level,3,1.550,"Full,Finished",1 Car Attached,5,14266.29,CL,11/03/2019,6/01/2020,11/27/2019,2/24/2020,24,Att,1,1,3177668
2,,Pintail,Lane,Levittown,11756,565000,560000,2 Story,6,2.000,"None,Unfinished",,5,18900.00,CL,11/06/2019,5/06/2020,1/28/2020,2/28/2020,83,Det,1,1,3178655
288,,Elm,Drive,Levittown,11756,519000,525000,Exp Ranch,3,2.000,"None,Unfinished",,5,10856.31,CL,11/08/2019,10/27/2020,11/15/2019,2/21/2020,7,Det,1,1,3179041
2967,,Pond,Road,Wantagh,11793,559000,562500,Exp Ranch,3,2.000,"Full,Finished",,5,10743.95,CL,11/15/2019,11/16/2020,12/03/2019,2/05/2020,18,Det,1,1,3180794
3573,,Centerview,Avenue,Wantagh,11793,520000,535000,Split Level,3,2.000,"Partial,Partially Finished",1 Car Attached,5,14185.45,CL,11/27/2019,5/09/2020,12/09/2019,2/20/2020,12,Det,1,1,3183048
415,,Lowell,Avenue,New Hyde Park,11040,578990,560000,Cape,3,1.500,"Full,Finished",1 Car Detached,5,7525.36,CL,12/02/2019,5/31/2020,12/26/2019,2/28/2020,24,Det,1,1,3183694
31,,Willowood,Drive,Wantagh,11793,535000,535000,Exp Ranch,4,2.000,"None,Unfinished",1 Car Attached,5,12775.20,CL,1/22/2020,1/21/2021,2/07/2020,2/28/2020,16,Det,1,1,3193927