St #,Dr,Street Name,Sfx,Town,Zip,ListPrice,SoldPrice,,Br,Bath,,,SD,Tot Tax,LSC,ListDate,ExpDate,ContDate,TitleDate,DOM,Det,#F,K,ML#
101,,Krug,Place,Mineola,11501,699000,714500,Colonial,4,2.000,"Full,Finished",1 Car Detached,10,10184.00,CL,5/12/2017,11/12/2017,6/12/2017,8/22/2017,31,Det,1,1,2937802
3385,,Bayfront,Place,Baldwin Harbor,11510,998000,938000,Colonial,5,4.000,"Full,Finished",3 Car Attached,10,42310.28,CL,10/13/2017,4/11/2018,1/23/2018,2/22/2018,102,Det,1,1,2978490
186,,Linden,Road,Mineola,11501,749000,742000,Colonial,4,3.000,"Full,Finished",2 Car Detached,10,13633.77,CL,4/27/2018,10/27/2018,9/11/2018,11/07/2018,137,Det,1,1,3024585
88,,Netz,Place,Albertson,11507,850888,657500,Colonial,4,2.500,"Full,Partially Finished",2 Car Detached,10,12317.49,CL,1/08/2018,8/08/2018,7/24/2018,8/29/2018,196,Det,1,1,2995117
3385,,Bay Front,Place,Baldwin Harbor,11510,1350000,1200000,Mediterranean,4,4.000,"None,Unfinished",3 Car Attached,10,40868.00,CL,7/15/2019,10/15/2019,10/11/2019,3/09/2020,88,Det,1,1,3147451
371,,White,Road,Mineola,11501,679000,670000,Colonial,3,1.000,"Full,Finished",,10,9301.64,CL,2/06/2018,8/31/2018,2/19/2018,5/02/2018,13,Det,1,1,3002278
525,,Liberty,Avenue,Williston Park,11596,715000,655000,Colonial,4,2.000,"Full,Partially Finished",1 Car Detached,10,10246.06,CL,10/18/2018,7/18/2019,12/15/2018,3/28/2019,58,Det,2,2,3074478
305,,1st,Street,Mineola,11501,659000,655000,Colonial,4,1.500,"Full,Unfinished",1 Car Detached,10,10348.48,CL,2/01/2018,5/01/2018,5/01/2018,7/05/2018,88,Det,1,1,3000972
2664,,Grand,Avenue,Baldwin,11510,749000,735000,Colonial,5,3.500,"Full,Finished",,10,16325.25,CL,9/20/2019,3/31/2020,12/22/2019,2/24/2020,93,Det,1,1,3166132
393,,Pennsylvania,Avenue,Mineola,11501,679000,672000,Colonial,3,2.500,"Full,Finished",,10,13844.62,CL,5/15/2017,11/05/2017,6/07/2017,8/29/2017,23,Det,1,1,2938484
14,,Oak Ridge,Lane,Albertson,11507,699888,673000,Exp Cape,4,2.000,"Full,Finished",1 Car Attached,10,10789.59,CL,9/20/2019,12/31/2019,10/25/2019,1/07/2020,35,Det,1,1,3166218
508,,Nassau,Boulevard,Williston Park,11596,699000,670000,Exp Cape,4,2.500,"Full,Unfinished",,10,7976.28,CL,5/30/2019,9/30/2019,6/22/2019,9/23/2019,23,Det,2,2,3133283
545,,Marcellus,Road,Williston Park,11596,679000,675000,Colonial,4,3.000,"Full,Unfinished",,10,10654.47,CL,9/30/2019,3/30/2020,12/10/2019,1/23/2020,71,Det,1,1,3168977
337,,Mineola,Boulevard,Mineola,11501,878000,825000,Colonial,4,2.500,"Full,Finished",Attached,10,9237.00,CL,9/19/2017,3/19/2018,10/17/2017,1/16/2018,28,Det,1,1,2972132
46,,Berkley,Road,Mineola,11501,649000,690000,Tudor,3,2.500,"Full,Finished",1 Car Attached,10,11503.00,CL,6/04/2018,6/03/2019,6/22/2018,8/28/2018,18,Det,1,1,3036424
57,,Wisteria,Avenue,Mineola,11501,689000,670000,Exp Cape,5,2.000,"Full,Finished",1 Car Detached,10,9502.00,CL,4/04/2018,4/01/2019,6/20/2018,8/02/2018,77,Det,1,1,3017598
150,,Peachtree,Lane,Roslyn Heights,11577,888000,861000,Colonial,4,3.000,"Partial,Partially Finished",1 Car Attached,10,14967.00,CL,9/26/2018,11/07/2018,10/24/2018,12/20/2018,28,Det,1,1,3068269
225,,Cleveland,Avenue,Mineola,11501,929000,910000,2 Story,6,3.550,"Full,Finished",1 Car Detached,10,13051.59,CL,3/02/2018,9/30/2018,3/08/2018,5/23/2018,6,Det,2,2,3008790
171,,Emory,Road,Mineola,11501,699000,750000,Colonial,3,2.000,"Full,Finished",1 Car Detached,10,11758.96,CL,1/02/2018,4/14/2018,1/25/2018,3/16/2018,23,Det,1,1,2993941
31,,Foxcroft,Road,Albertson,11507,745000,745000,Farm Ranch,3,3.000,"Full,Finished",,10,8880.00,CL,5/13/2018,12/12/2018,6/11/2018,8/28/2018,29,Att,1,1,3029663
44,,Dorset,Avenue,Albertson,11507,739000,710000,Colonial,3,2.500,Full,,10,12681.56,CL,3/03/2018,8/23/2018,8/28/2018,10/22/2018,177,Det,1,1,3009052
382,,Marcellus,Road,Mineola,11501,729000,721000,Colonial,4,1.500,"Full,Finished",1 Car Detached,10,11515.18,CL,4/23/2018,10/30/2018,5/17/2018,7/03/2018,24,Det,1,1,3023120
345,,Garfield,Avenue,Mineola,11501,689000,678000,Colonial,4,1.500,"Full,Partially Finished",1 Car Attached,10,10259.26,CL,3/05/2019,10/11/2019,4/01/2019,5/29/2019,26,Det,1,1,3106295
1,,Colony,Drive,Baldwin,11510,799998,785000,Ranch,3,2.000,"Crawl,Unfinished",2 Car Attached,10,15356.55,CL,6/17/2017,12/31/2017,6/27/2017,9/13/2017,10,Det,1,1,*1287987
202,,Pomander,Road,Mineola,11501,679000,660000,Colonial,4,1.500,"Full,Unfinished",1 Car Detached,10,14409.91,CL,9/08/2018,3/06/2019,10/09/2018,12/05/2018,31,Det,1,1,3063996
22,,Flower,Lane,Roslyn Heights,11577,660000,690000,Colonial,3,2.000,"Full,Unfinished",,10,8945.81,CL,4/24/2018,10/23/2018,5/09/2018,8/17/2018,15,Det,1,1,3023486
60,,Jackson,Avenue,Mineola,11501,749000,749000,Duplex,4,3.000,"Full,Finished",2 Car Detached,10,10110.10,CL,2/25/2018,8/24/2018,3/19/2018,7/02/2018,21,Det,2,2,3007116
540,,Watkins,Drive,Mineola,11501,839900,785000,Colonial,4,3.000,"Full,Finished",1 Car Detached,10,9988.62,CL,11/17/2016,5/30/2017,12/21/2016,7/19/2017,34,Det,1,1,2897165
90,,Dow,Avenue,Mineola,11501,985000,930000,Colonial,4,2.500,"Full,Unfinished",1 Car Attached,10,0.00,CL,4/27/2017,10/27/2017,8/27/2017,11/15/2017,122,Det,1,1,2933144
906,,Bertha,Court,Baldwin Harbor,11510,1150000,1100000,Colonial,4,3.500,"Full,Finished",2 Car Attached,10,17327.81,CL,8/18/2017,8/18/2018,4/03/2018,7/27/2018,228,Det,1,1,2964620
180,,Canterbury,Road,Williston Park,11596,629000,665300,Colonial,5,2.500,"Full,Partially Finished",1 Car Detached,10,16469.26,CL,3/13/2017,9/30/2017,4/03/2017,7/06/2017,21,Det,1,1,2920672
215,,Washington,Avenue,Mineola,11501,859999,817000,2 Story,5,3.000,"Full,Unfinished",1 Car Detached,10,9391.67,CL,6/07/2018,1/31/2019,10/25/2018,1/10/2019,140,Det,1,1,3037508
371,,Latham,Road,Mineola,11501,732000,729000,Colonial,4,2.500,Full,,10,8820.00,CL,1/30/2019,1/30/2020,3/08/2019,5/06/2019,37,Det,1,1,3097102
90,,Jerome,Avenue,Mineola,11501,749000,739000,Exp Cape,4,3.000,"Full,Finished",1 Car Detached,10,8515.34,CL,11/10/2017,5/17/2018,12/11/2017,3/09/2018,31,Det,1,1,2984912
433,,Mineola,Boulevard,Williston Park,11596,698000,700000,Colonial,3,2.000,"Full,Finished",,10,11025.23,CL,9/02/2019,2/26/2020,9/20/2019,11/26/2019,18,Det,1,1,3160571
90,,Mcclellan,Avenue,Mineola,11501,699000,690000,Duplex,5,2.000,"Full,Unfinished",,10,10639.00,CL,2/27/2017,6/01/2017,3/20/2017,5/04/2017,20,Det,2,2,2916910
73,,Sherman,Avenue,Williston Park,11596,610000,655000,Duplex,4,2.000,"Full,Finished",,10,11580.00,CL,10/25/2017,4/18/2018,11/24/2017,12/20/2017,30,Det,2,2,2980933
144,,Broad,Street,Williston Park,11596,778000,790000,Colonial,3,2.500,"Full,Finished",,10,9528.00,CL,6/25/2018,3/07/2019,7/18/2018,9/06/2018,23,Det,1,1,3042599
72,,Fordham,Street,Williston Park,11596,780000,780000,Colonial,3,2.500,Full,,10,14892.00,CL,9/27/2018,9/25/2019,10/30/2018,1/14/2019,33,Det,1,1,3068876
63,,Coventry,Avenue,Albertson,11507,698000,675000,Ranch,3,3.000,"Full,Finished",1 Car Attached,10,13158.00,Cl,6/20/2017,12/31/2017,10/23/2017,12/28/2017,125,Det,1,1,2948486
2762,,3rd,Place,Baldwin,11510,749000,750000,Split Level,6,4.500,"Partial,Finished",1 Car Attached,10,26193.00,CL,5/07/2018,10/31/2018,10/01/2018,12/18/2018,147,Det,1,1,3027607
160,,Bedford,Avenue,New Hyde Park,11040,698000,698000,Hi Ranch,5,2.000,"None,Unfinished",,10,9774.00,CL,3/12/2017,12/31/2017,4/14/2017,8/22/2017,32,Det,1,1,*1278187
372,,Mineola,Boulevard,Mineola,11501,778000,772000,Colonial,3,2.500,"Full,Finished",2 Car Detached,10,11390.98,CL,1/30/2019,5/31/2019,2/15/2019,6/25/2019,16,Det,1,1,3097110
177,,Horton,Highway,Mineola,11501,899999,899999,Colonial,4,2.500,"Full,Partially Finished",1 Car Attached,10,20502.58,CL,5/02/2019,11/02/2019,6/04/2019,8/26/2019,33,Det,1,1,3124668
78,,Whitehall,Road,Rockville Centre,11570,725000,725000,Ranch,4,2.000,"None,Unfinished",1 Car Attached,10,14771.53,CL,4/01/2019,9/01/2019,4/19/2019,6/19/2019,18,Det,1,1,3114566
3472,,Bertha,Drive,Baldwin Harbor,11510,699999,699999,Colonial,4,3.000,"Full,Unfinished",2 Car Attached,10,16213.00,CL,6/26/2019,12/21/2019,8/29/2019,1/31/2020,64,Det,1,1,3142254
197,,Parkway,Court,Mineola,11501,729888,700000,Colonial,4,3.000,"Full,Finished",,10,14405.77,CL,9/06/2017,10/06/2018,9/11/2018,11/07/2018,370,Det,1,1,2968486
3509,,Daniel Crescent,,Baldwin Harbor,11510,699000,700000,Splanch,4,2.500,"Partial,Finished",2 Car Attached,10,15512.55,CL,5/01/2019,8/31/2019,6/04/2019,9/25/2019,34,Det,1,1,3124581
21,,Berkley,Road,Mineola,11501,689000,730000,Tudor,3,1.500,Full,1 Car Attached,10,13006.67,CL,11/07/2018,4/26/2019,11/27/2018,1/04/2019,20,Det,1,1,3079611
14,,Cornell,Street,Williston Park,11596,659000,659000,Colonial,3,2.000,"Full,Partially Finished",2 Car Detached,10,9457.24,CL,2/08/2019,8/15/2019,3/11/2019,7/17/2019,30,Det,1,1,*1337244
70,,Oak Ridge,Lane,Albertson,11507,679000,675000,Exp Cape,3,2.000,"Full,Finished",2 Car Attached,10,10458.62,CL,4/04/2019,10/15/2019,5/03/2019,8/26/2019,29,Det,1,1,*1342578
29,,Hilltop,Place,Albertson,11507,779000,779000,Colonial,5,2.000,Full,1 Car Attached,10,13000.48,CL,8/01/2019,11/15/2019,8/09/2019,10/01/2019,8,Det,1,1,*1354048
33,,Hillvale,Road,Albertson,11507,675000,660000,Colonial,4,2.000,Full,1 Car Attached,10,13781.52,CL,8/24/2019,1/19/2020,9/19/2019,12/12/2019,26,Det,1,1,3158826
103,,Yale,Street,Williston Park,11596,679000,679000,Colonial,3,1.000,"Full,Finished",2 Car Detached,10,11077.00,CL,6/13/2018,5/18/2019,7/12/2018,10/18/2018,29,Det,1,1,3039238
85,,Princeton,Street,Williston Park,11596,798000,750000,Colonial,4,2.500,"Full,Finished",1 Car Detached,10,13087.62,CL,7/06/2018,10/31/2018,9/02/2018,3/01/2019,58,Det,1,1,3045923
182,,Park,Avenue,New Hyde Park,11040,699000,729000,Cape,5,2.000,"Full,Finished",,10,9135.00,CL,1/04/2020,4/05/2020,1/15/2020,2/21/2020,11,Det,1,1,3189273
23,E,Jefferson,Avenue,Mineola,11501,749000,670000,Cape,3,2.000,"Partial,Unfinished",1 Car Detached,10,9052.00,CL,5/13/2019,11/13/2019,5/29/2019,7/01/2019,16,Det,1,1,3128060
163,,Coventry,Avenue,Albertson,11507,819000,810000,Other,6,2.550,"Full,Finished",,10,10500.00,CL,7/13/2017,12/10/2017,12/08/2017,3/12/2018,148,Sd,2,2,2955011
184,,Banbury,Road,Mineola,11501,749000,690000,Colonial,4,1.550,"Full,Unfinished",2 Car Detached,10,12504.13,CL,7/11/2019,1/11/2020,11/12/2019,1/31/2020,124,Det,1,1,3146472
177,,Voorhis,Avenue,Rockville Centre,11570,698000,693000,Colonial,4,2.500,"Full,Finished",,10,14856.19,CL,3/12/2018,8/31/2018,4/04/2018,5/21/2018,23,Det,1,1,3011172
484,,Nassau,Boulevard,Williston Park,11596,788000,770000,Duplex,6,2.000,"Full,Unfinished",,10,13192.66,CL,11/06/2018,4/06/2019,12/12/2018,1/28/2019,36,Det,2,2,3079167
3618,,Bertha,Drive,Baldwin,11510,749000,700000,Hi Ranch,4,3.000,"None,Unfinished",,10,24053.00,CL,7/07/2017,12/31/2017,10/05/2017,2/27/2018,90,Det,1,2,2953103
79,,Sheridan,Avenue,Williston Park,11596,749000,748000,Duplex,3,2.000,"Full,Finished",,10,14582.28,CL,5/04/2019,11/04/2019,5/14/2019,7/02/2019,10,Det,2,2,3125554
53,,Kenilworth,Road,Mineola,11501,759000,732500,Tudor,3,2.000,"Full,Finished",2 Car Attached,10,12414.00,CL,6/22/2018,12/18/2018,9/12/2018,11/06/2018,82,Det,1,1,3042066
87,,Devon,Road,Albertson,11507,749000,725000,Colonial,3,2.000,"Full,Finished",1 Car Detached,10,11176.00,CL,6/28/2019,9/10/2019,8/21/2019,1/03/2020,54,Det,1,1,3142889
105,,Jerome,Avenue,Mineola,11501,699000,718000,Colonial,3,1.500,Full,2 Car Detached,10,13846.09,CL,6/21/2017,12/15/2017,7/25/2017,9/29/2017,34,Det,1,1,2948954
205,,Park,Avenue,Garden City Park,11040,968888,935000,Other,5,3.000,"Full,Finished",1 Car Attached,10,15968.00,CL,5/29/2017,11/22/2017,7/06/2017,10/02/2017,38,Det,1,2,2942179
244,,Royal,Avenue,Mineola,11501,799000,790000,Exp Cape,5,4.000,"Full,Finished",,10,7907.75,CL,8/02/2017,12/31/2017,9/19/2017,10/27/2017,48,Det,1,1,2960216
282,,Houston,Avenue,Mineola,11501,675000,669000,Colonial,3,1.500,"Full,Unfinished",1 Car Detached,10,9321.01,CL,3/18/2019,9/18/2019,5/20/2019,9/17/2019,63,Det,1,1,3110132
245,,Mckinley,Parkway,Mineola,11501,665000,665000,Cape,4,2.000,Full,,10,7755.38,CL,6/10/2019,12/31/2019,9/17/2019,10/25/2019,99,Det,1,1,3137184
260,,Broad,Street,Williston Park,11596,825000,810000,Colonial,4,2.500,"Full,Finished",Private Parking,10,14134.26,CL,4/09/2019,3/25/2020,5/21/2019,7/31/2019,42,Det,1,1,3117714
324,,Willis,Avenue,Mineola,11501,729000,665000,Duplex,6,2.000,"Full,Finished",,10,12277.00,CL,6/27/2017,6/15/2018,9/06/2017,11/15/2017,71,Det,2,2,2950386
155,,Latham,Road,Mineola,11501,739000,700000,Hi Ranch,5,3.500,Full,1 Car Attached,10,9782.00,CL,3/16/2019,6/30/2019,3/19/2019,3/19/2019,3,Det,1,1,*1340372
131,,Devon,Road,Albertson,11507,879000,841000,Colonial,4,3.500,"Full,Finished",,10,11500.00,CL,10/11/2016,10/10/2017,1/20/2017,4/25/2017,101,Det,1,1,2889486
384,,Nassau,Boulevard,Mineola,11501,690000,700000,Cape,4,3.000,"Full,Finished",,10,9675.00,CL,10/31/2016,4/30/2017,1/09/2017,4/12/2017,65,Det,1,1,2893575
61,,Raff,Avenue,Mineola,11501,985000,940000,Colonial,4,3.000,"Full,Unfinished",1 Car Attached,10,12783.00,CL,1/21/2017,6/20/2017,3/16/2017,4/21/2017,53,Det,1,1,2908198
385,,Mineola,Boulevard,Mineola,11501,1299000,900000,Tudor,5,4.000,"Full,Finished",,10,18222.07,CL,1/24/2017,7/30/2017,4/05/2017,5/30/2017,70,Det,1,1,2908820
118,,Lincoln,Avenue,Mineola,11501,698000,665000,Colonial,5,2.000,Full,1 Car Detached,10,11560.00,CL,3/09/2017,2/28/2018,5/25/2017,7/19/2017,76,Det,2,2,2919919
408,,Horton,Highway,Mineola,11501,830000,838000,Colonial,4,3.000,"Full,Unfinished",2 Car Detached,10,8787.31,CL,4/04/2017,11/30/2017,8/11/2017,11/06/2017,129,Det,1,1,2926564
9,,Ashford,Place,Albertson,11507,1050000,999900,Colonial,4,3.500,"Full,Unfinished",,10,13696.71,CL,4/07/2017,3/18/2018,12/08/2017,1/18/2018,245,Det,1,1,2927626
29,,Weybridge,Road,Mineola,11501,669000,675000,Colonial,4,1.500,"Full,Finished",1 Car Detached,10,7923.63,CL,5/04/2017,9/01/2017,5/25/2017,7/27/2017,21,Det,1,1,2935129
3600,,Bertha,Drive,Baldwin,11510,599000,677000,Splanch,4,2.500,"None,Unfinished",2 Car Attached,10,15474.00,CL,6/28/2017,12/31/2017,7/10/2017,9/06/2017,12,Det,1,1,2950449
101,,Searing,Avenue,Mineola,11501,649000,675000,Duplex,4,2.000,Full,,10,14533.00,CL,7/27/2017,8/14/2017,8/08/2017,8/22/2017,12,Det,2,2,2958638
114,,Netz,Place,Albertson,11507,689000,689000,Colonial,4,2.500,"Full,Finished",1 Car Attached,10,9091.48,CL,7/31/2017,1/31/2018,8/16/2017,1/02/2018,16,Det,1,1,2959611
50,,Jerome,Avenue,Mineola,11501,688000,688000,Colonial,3,2.000,Full,1 Car Detached,10,9934.86,CL,8/02/2017,1/31/2018,8/28/2017,9/26/2017,26,Det,1,1,2960177
201,,White,Road,Mineola,11501,935000,880000,2 Story,4,3.500,"Full,Finished",,10,9333.87,CL,11/01/2017,5/01/2018,12/22/2017,2/27/2018,51,Det,1,1,2982468
9,,Lehigh,Street,Williston Park,11596,669000,655000,Other,4,1.500,"Full,Finished",1 Car Detached,10,9933.00,CL,12/15/2017,3/15/2018,2/15/2018,5/18/2018,62,Det,1,1,2991641
95,,Custer,Avenue,Williston Park,11596,799000,770000,Colonial,4,2.000,"Full,Finished",1 Car Attached,10,12954.32,CL,1/02/2018,7/01/2018,4/05/2018,6/26/2018,92,Det,1,1,2993642
513,,Foch,Boulevard,Mineola,11501,699000,710000,Exp Cape,4,3.000,Full,1 Car Attached,10,12576.00,CL,2/05/2018,8/31/2018,2/22/2018,4/17/2018,17,Det,1,1,3002175
2096,,Brookwold,Court,N. Baldwin,11510,679000,675000,Colonial,4,2.500,"Full,Unfinished",,10,0.00,CL,3/01/2018,2/28/2019,6/14/2018,9/07/2018,104,Det,1,1,3008206
86,,Sherman,Avenue,Williston Park,11596,680000,680000,Colonial,4,2.500,"Full,Unfinished",,10,15625.63,CL,3/07/2018,12/19/2018,3/30/2018,6/12/2018,22,Det,1,1,3010028
430,,Pennsylvania,Avenue,Williston Park,11596,869000,830000,2 Story,5,3.000,"Full,Unfinished",1 Car Attached,10,11001.28,CL,4/16/2018,4/16/2019,6/01/2018,11/01/2018,46,Det,2,2,3020924
35,,Hampton,Avenue,Albertson,11507,648000,675000,Cape,4,2.000,"Full,Unfinished",2 Car Detached,10,11344.68,CL,4/17/2018,10/01/2018,5/04/2018,6/28/2018,17,Det,1,1,3021250
2672,,Park,Avenue,Baldwin,11510,689000,685000,Hi Ranch,5,3.000,"Full,Partially Finished",,10,14548.00,CL,4/19/2018,3/25/2019,5/18/2018,8/02/2018,29,Det,1,1,3022204
66,,Pinetree,Lane,Roslyn Heights,11577,789000,760000,Colonial,3,2.000,"Full,Unfinished",1 Car Attached,10,15040.99,CL,5/02/2018,11/02/2018,6/21/2018,10/04/2018,50,Det,1,1,3026315
38,,Hampton,Avenue,Albertson,11507,722000,705000,Cape,4,2.000,"Full,Unfinished",1 Car Attached,10,9346.00,CL,5/15/2018,10/15/2018,6/18/2018,7/31/2018,34,Det,1,1,3030533
186,,White,Road,Mineola,11501,699000,670000,Colonial,3,2.000,"Full,Finished",1 Car Detached,10,9108.51,CL,5/29/2018,5/29/2019,8/29/2018,11/16/2018,92,Det,1,1,3034262
249,,Pershing,Parkway,Mineola,11501,679000,699000,Cape,5,3.000,"Full,Finished",1 Car Attached,10,8839.87,CL,6/06/2018,6/06/2019,6/22/2018,10/25/2018,16,Det,1,1,3037195
204,,Horton,Highway,Mineola,11501,679000,679000,Hi Ranch,6,2.000,"Full,Unfinished",1 Car Attached,10,10461.42,CL,8/06/2018,3/16/2019,8/27/2018,12/14/2018,21,Det,1,1,3054602
323,,Gilmore,Street,Williston Park,11596,678000,680000,Colonial,4,2.000,"Full,Partially Finished",1 Car Attached,10,13833.71,CL,9/06/2018,12/31/2018,10/02/2018,12/17/2018,26,Det,1,1,3062841
42,,Pinetree,Lane,Roslyn Heights,11577,679000,675000,Colonial,3,1.555,Full,1 Car Attached,10,12392.21,CL,9/17/2018,9/16/2019,9/28/2018,12/04/2018,11,Det,1,1,3065677
2100,,Grove,Street,Baldwin,11510,699000,682500,Colonial,5,3.000,"Full,Unfinished",1 Car Attached,10,12023.14,CL,9/18/2018,3/18/2019,10/16/2018,12/28/2018,28,Det,1,1,3066075
117,,Roslyn,Road,Mineola,11501,719000,690000,Colonial,3,2.500,"Full,Finished",2 Car Detached,10,8210.07,CL,9/18/2018,3/18/2019,10/12/2018,12/11/2018,24,Det,2,2,3066157
2364,,Pershing,Boulevard,Baldwin,11510,529000,729000,Other,5,3.500,"Full,Unfinished",,10,8311.00,CL,11/02/2018,2/02/2019,1/07/2019,7/29/2019,66,Det,2,2,3079988
25,,Berry,Place,Albertson,11507,739000,680000,Colonial,3,2.000,"Full,Partially Finished",1 Car Attached,10,9577.70,CL,11/30/2018,6/30/2019,5/02/2019,7/17/2019,152,Det,1,1,3084265
157,,Coventry,Avenue,Albertson,11507,749000,720000,Other,6,2.550,"Full,Finished",1 Car Attached,10,11000.00,CL,12/17/2018,12/17/2019,6/04/2019,6/28/2019,168,Att,2,2,3087586
28,,Berkley,Road,Mineola,11501,669000,690000,Colonial,3,1.500,"Full,Unfinished",1 Car Attached,10,10822.13,CL,12/27/2018,3/26/2019,1/21/2019,4/09/2019,25,Det,1,1,3088858
200,,Horton,Highway,Mineola,11501,789000,765000,Colonial,4,2.000,"Full,Finished",,10,11678.36,CL,1/19/2019,9/01/2019,3/07/2019,5/20/2019,47,Det,1,1,3094546
408,,Mineola,Boulevard,Williston Park,11596,683700,658000,Colonial,6,3.500,"Full,Unfinished",2 Car Attached,10,16527.00,CL,2/21/2019,2/18/2020,3/06/2019,8/06/2019,13,Det,1,1,3102845
465,,Pennsylvania,Avenue,Williston Park,11596,699000,692000,Colonial,3,2.500,"Full,Finished",,10,11651.00,CL,2/26/2019,8/31/2019,3/14/2019,7/17/2019,15,Det,1,1,3104025
295,,Foch,Boulevard,Mineola,11501,749000,750000,Tudor,4,2.500,Full,,10,15093.00,CL,3/11/2019,9/30/2019,5/03/2019,7/29/2019,53,Det,1,1,3108118
985,,Cottage,Place,Baldwin,11510,699999,670000,Colonial,5,3.000,Full,2 Car Detached,10,0.00,CL,5/02/2019,12/31/2019,5/20/2019,6/27/2019,18,Det,1,1,3124616
3356,,Bertha,Drive,Baldwin,11510,699000,670000,Hi Ranch,5,3.000,"None,Unfinished",2 Car Attached,10,14534.00,CL,5/09/2019,11/01/2019,6/06/2019,8/09/2019,28,Det,1,1,3126979
138,,Andrews,Road,Mineola,11501,679000,660000,Cape,4,2.000,"Full,Finished",1 Car Detached,10,11547.78,CL,6/17/2019,12/13/2019,12/03/2019,2/17/2020,169,Det,1,1,3139003
160,,Ferncroft,Road,Mineola,11501,789000,789500,Duplex,3,3.000,"Full,Finished",1 Car Detached,10,11576.31,CL,6/17/2019,2/01/2020,7/08/2019,11/19/2019,21,Det,2,2,3139096
260,,Wellington,Road,Mineola,11501,689000,675000,Colonial,3,1.500,"Full,Finished",,10,8099.29,CL,7/09/2019,1/10/2020,9/13/2019,1/09/2020,66,Det,1,1,3145681
52,,Meldon,Avenue,Albertson,11507,699000,687500,Hi Ranch,5,2.500,"None,Unfinished",1 Car Attached,10,12687.29,CL,7/10/2019,1/10/2020,7/29/2019,11/05/2019,19,Det,1,1,3145736
350,,White,Road,Mineola,11501,659000,659000,Colonial,5,2.000,"Full,Partially Finished",1 Car Detached,10,10847.00,CL,7/19/2019,1/19/2020,8/02/2019,8/14/2019,14,Det,1,1,3148920
376,,Wellington,Road,Mineola,11501,699000,690000,Tudor,4,2.000,"Full,Finished",,10,10385.45,CL,7/20/2019,10/21/2019,8/28/2019,10/15/2019,39,Det,1,1,3148978
198,,Latham,Road,Mineola,11501,779000,750000,Colonial,4,2.500,Full,,10,13482.20,CL,9/03/2019,9/03/2020,10/11/2019,1/10/2020,38,Det,1,1,3162769
1123,,Northern,Boulevard,Baldwin,11510,790000,750000,Colonial,4,2.500,"None,Unfinished",1 Car Attached,10,16402.96,CL,8/19/2019,5/07/2020,12/04/2019,12/04/2019,107,Det,1,1,3171140
78,,Fairfield,Avenue,Mineola,11501,698000,698000,Cape,4,3.500,"Full,Finished",,10,14197.00,CL,10/23/2019,3/23/2020,12/05/2019,1/31/2020,43,Det,1,1,3174962