St #,Dr,Street Name,Sfx,Town,Zip,ListPrice,SoldPrice,,Br,Bath,,,SD,Tot Tax,LSC,ListDate,ExpDate,ContDate,TitleDate,DOM,Det,#F,K,ML#
5,,Jeffrey,Place,Manhasset Hills,11040,1099000,1110000,Split Level,3,2.500,"Partial,Finished",2 Car Attached,9,17813.33,CL,7/14/2019,12/31/2019,8/20/2019,12/19/2019,37,Det,1,1,3147125
128,,Crescent,Drive,Searingtown,11507,1049000,978000,Hi Ranch,4,3.000,"None,Unfinished",2 Car Attached,9,18707.00,CL,4/10/2018,2/22/2019,6/12/2018,7/20/2018,63,Det,1,1,3019104
365,,Old Courthouse,Road,Manhasset Hills,11040,988000,935000,Hi Ranch,3,2.500,"Full,Finished",2 Car Attached,9,13574.09,CL,3/08/2019,9/30/2019,5/08/2019,7/03/2019,60,Det,1,1,3107348
43,,Cresthollow,Lane,Albertson,11507,1199000,1080000,Colonial,4,2.500,"Full,Finished",2 Car Attached,9,25564.00,CL,5/09/2017,8/31/2017,6/28/2017,8/29/2017,90,Det,1,1,2936633
71,,Dogwood,Road,Searingtown,11507,1180000,1100000,Split Level,4,2.500,"Full,Finished",2 Car Attached,9,16330.30,CL,4/25/2017,10/31/2017,8/09/2017,11/03/2017,106,Det,1,1,2932334
150,,Old Courthouse,Road,Manhasset Hills,11040,1079000,999000,Splanch,5,2.500,"Partial,Finished",,9,18084.52,CL,4/02/2019,9/30/2019,5/24/2019,7/26/2019,52,Det,1,1,3114938
24,,Carriage,Road,Roslyn,11576,1149000,1125000,Colonial,4,2.500,"Full,Finished",2 Car Attached,9,20566.89,CL,1/28/2019,7/28/2019,6/03/2019,8/02/2019,125,Det,1,1,3096594
134,,Sampson,Avenue,Albertson,11507,1549000,1500000,Colonial,4,4.000,"Full,Finished",2 Car Attached,9,21785.08,CL,4/15/2019,10/06/2019,5/06/2019,7/26/2019,21,Det,1,1,3119564
30,,Wheeler,Avenue,Albertson,11507,1475000,1390000,Colonial,5,3.000,"Full,Unfinished",1 Car Attached,9,15962.73,CL,11/15/2018,5/31/2019,4/10/2019,7/08/2019,145,Det,1,1,3081512
120,,Hamilton,Drive,Roslyn,11576,1159000,1100000,Contemporary,6,5.000,"Full,Finished",2 Car Attached,9,22633.58,CL,2/21/2017,8/05/2017,5/01/2017,7/20/2017,68,Det,1,1,2915312
97,,Grant,Avenue,Albertson,11507,1099000,1050000,Colonial,5,3.000,"Full,Partially Finished",1 Car Detached,9,0.00,CL,6/03/2017,1/31/2018,10/10/2017,11/22/2017,129,Det,1,1,2943815
8,,Joy,Drive,Manhasset Hills,11040,1188000,1188000,Splanch,4,2.500,Partial,2 Car Attached,9,20350.33,CL,5/17/2018,11/17/2018,5/24/2018,8/07/2018,7,Det,1,1,3031094
54,,Suttonhill,Lane,Manhasset Hills,11040,999000,975000,Colonial,4,2.500,"Full,Unfinished",2 Car Attached,9,22252.37,CL,5/28/2019,8/27/2019,6/26/2019,9/27/2019,29,Det,1,1,3132672
29,,Meadowfarm,Road,Manhasset Hills,11040,988000,972500,Splanch,4,2.500,"Partial,Finished",2 Car Attached,9,21549.50,CL,7/27/2018,12/01/2018,8/18/2018,9/27/2018,22,Det,1,1,3052184
133,,Stratford,Road,New Hyde Park,11040,1100000,1015000,Colonial,5,3.000,"Full,Unfinished",1 Car Detached,9,18068.41,CL,6/04/2018,1/04/2019,12/13/2018,3/11/2019,192,Det,1,1,3036253
130,,Elm,Lane,New Hyde Park,11040,1100000,980000,Colonial,6,3.000,"Full,Partially Finished",1 Car Attached,9,19768.00,CL,8/05/2019,1/31/2020,12/10/2019,3/03/2020,127,Det,1,1,3153356
840,,Guy Lombardo,Avenue,Freeport,11520,1199000,995000,Colonial,4,4.500,"None,Unfinished",,9,22040.00,CL,9/22/2018,3/22/2019,2/06/2019,4/30/2019,137,Det,1,1,3067375
68,,Deepdale,Parkway,Roslyn Heights,11577,998000,945000,Colonial,4,2.500,"Full,Finished",1 Car Attached,9,15623.72,CL,7/10/2017,1/10/2018,7/27/2017,10/03/2017,17,Det,1,1,2953709
131,,Monterey,Drive,Manhasset Hills,11040,1080000,975000,Hi Ranch,6,3.000,,2 Car Attached,9,18384.28,CL,10/03/2019,7/03/2020,11/29/2019,2/26/2020,57,Det,1,1,3169941
28,,Brian,Street,New Hyde Park,11040,999000,970000,Colonial,5,4.000,"Partial,Finished",1 Car Detached,9,0.00,CL,10/24/2017,6/30/2018,11/30/2017,1/26/2018,37,Det,1,1,2980778
421,,Old Courthouse,Road,Manhasset Hills,11040,949000,949000,Raised Ranch,5,2.500,"None,Unfinished",2 Car Attached,9,23092.19,CL,3/14/2018,9/14/2018,3/27/2018,7/02/2018,13,Det,1,1,3011818
185,,William,Street,Williston Park,11596,1299800,1270000,Colonial,5,3.500,"Full,Unfinished",2 Car Detached,9,20895.00,CL,4/18/2017,8/15/2017,6/28/2017,8/07/2017,71,Det,1,1,2930204
167,,Shrub Hollow,Road,Roslyn,11576,1399000,1300000,Colonial,4,3.500,"Full,Finished",2 Car Attached,9,19312.05,CL,6/21/2019,1/31/2020,8/23/2019,10/21/2019,63,Det,1,1,3140822
6,,Crescent,Lane,Searingtown,11507,1095000,960000,Hi Ranch,4,3.000,"None,Unfinished",2 Car Detached,9,21808.55,CL,4/02/2018,9/30/2019,8/23/2018,11/13/2018,143,Det,1,1,3017150
3,,Brookfield,Road,Manhasset Hills,11040,988000,965000,Splanch,5,2.500,"Partial,Finished",2 Car Attached,9,20368.26,CL,4/24/2019,10/24/2019,6/21/2019,8/30/2019,58,Det,1,1,3122191
131,,Larch,Drive,Manhasset Hills,11040,979000,940000,Ranch,3,2.000,Full,2 Car Attached,9,17646.00,CL,11/14/2019,5/14/2020,12/04/2019,1/24/2020,20,Det,1,1,3180587
183,,Executive,Drive,Manhasset Hills,11040,1100000,990000,Hi Ranch,5,3.000,"Full,Finished",2 Car Attached,9,14567.71,CL,4/04/2017,9/16/2017,8/24/2017,10/10/2017,142,Det,1,1,2926647
56,,Garden,Drive,Albertson,11507,1388000,1200000,Colonial,5,3.500,"Full,Unfinished",1 Car Attached,9,28701.00,CL,1/09/2018,1/08/2019,6/09/2018,8/25/2018,150,Det,1,1,2995407
39,,Monterey,Drive,Manhasset Hills,11040,999000,1000000,Split Level,5,3.500,"Full,Finished",2 Car Attached,9,18048.29,CL,4/03/2018,10/01/2018,4/10/2018,6/21/2018,7,Det,1,1,3016952
40,,Ridge,Road,Searingtown,11507,1158000,1070000,Colonial,5,3.500,"Full,Finished",2 Car Attached,9,18123.00,CL,5/11/2017,1/31/2018,7/29/2017,10/04/2017,79,Det,1,1,2937449
3,,Bridle,Path,Roslyn,11576,1268000,1080000,Colonial,4,2.500,"Full,Unfinished",2 Car Attached,9,17670.59,CL,8/14/2019,8/13/2020,12/02/2019,1/30/2020,110,Det,1,1,3155869
49,,Shelbourne,Lane,Manhasset Hills,11040,1088000,1035000,Split Level,3,3.500,"Partial,Finished",2 Car Attached,9,16914.07,CL,5/16/2019,10/31/2019,6/03/2019,8/02/2019,18,Det,1,1,3129181
85,,Lords,Way,Manhasset Hills,11040,1298000,1250000,Hi Ranch,6,3.000,"Full,Finished",2 Car Attached,9,17074.00,CL,11/05/2017,9/30/2018,11/21/2017,1/26/2018,16,Att,1,1,2983489
5,,Searingtown,Avenue,Albertson,11507,989000,905000,Colonial,4,2.500,"Full,Finished",1 Car Attached,9,18120.00,CL,9/05/2017,3/05/2018,10/17/2017,12/27/2017,42,Det,1,1,2968172
32,,Flag,Lane,Manhasset Hills,11040,1150000,990000,Hi Ranch,6,3.000,"Full,Finished",2 Car Attached,9,17819.00,CL,6/13/2017,12/13/2017,7/26/2017,9/22/2017,43,Det,1,1,2946575
7,,Woodville,Lane,Searingtown,11507,1200000,1075000,Ranch,5,2.000,"Full,Unfinished",2 Car Attached,9,26167.59,CL,6/20/2018,9/16/2018,9/17/2018,12/27/2018,89,Att,1,1,3041480
80,,Oakdale,Road,Roslyn Heights,11577,989000,930000,Split Level,3,2.500,"Full,Finished",2 Car Attached,9,12500.32,CL,3/01/2018,9/30/2018,5/17/2018,6/27/2018,76,Det,1,1,*1308098
85,,Country Village,Lane,Manhasset Hills,11040,949000,945000,Colonial,5,3.500,"Full,Finished",2 Car Attached,9,17392.98,CL,2/26/2017,5/31/2017,4/24/2017,6/19/2017,56,Det,1,1,2916544
90,,Lake,Drive,Manhasset Hills,11040,988000,930000,Split Ranch,5,2.500,"Full,Finished",2 Car Attached,9,14775.00,CL,10/13/2018,1/31/2019,12/24/2018,2/08/2019,72,Det,1,1,*1329029
165,,Old Courthouse,Road,Manhasset Hills,11040,1150000,1125000,Hi Ranch,4,2.000,"None,Unfinished",2 Car Attached,9,17069.76,CL,6/26/2017,10/01/2017,8/28/2017,12/01/2017,63,Det,1,1,2950114
195,,Pine,Street,New Hyde Park,11040,1280000,1170000,Colonial,5,4.000,"Full,Finished",1 Car Attached,9,18000.00,Cl,1/25/2018,6/25/2018,2/06/2018,4/23/2018,12,Det,1,1,2999290
49,,Shelbourne,Lane,Manhasset Hills,11040,989000,999000,Split Level,3,3.500,Full,2 Car Attached,9,18187.42,CL,3/01/2018,8/30/2018,3/12/2018,5/21/2018,10,Det,1,1,3008355
13,,Leamar,Drive,Manhasset Hills,11040,1249888,1170000,Split Level,4,3.000,"Partial,Finished",1 Car Attached,9,16816.02,CL,6/13/2018,12/15/2018,9/19/2018,10/17/2018,50,Det,1,1,3039101
4,,Hamilton,Drive,Roslyn,11576,998000,950000,Exp Ranch,5,3.000,"Full,Finished",2 Car Attached,9,22000.00,CL,2/27/2017,9/30/2017,3/23/2017,6/23/2017,23,Det,1,1,2916634
259,,Robby,Lane,Manhasset Hills,11040,1259000,1110000,Hi Ranch,5,4.000,"Full,Finished",2 Car Attached,9,23648.76,CL,1/19/2017,6/30/2017,3/30/2017,6/02/2017,69,Det,1,1,2907887
60,,Carriage,Road,Roslyn,11576,998000,985000,Colonial,5,2.500,"Full,Finished",2 Car Attached,9,24613.00,CL,12/05/2017,5/26/2018,12/21/2017,3/26/2018,16,Det,1,1,2989670
14,,Capri,Drive,Roslyn,11576,1525000,1500000,Colonial,5,3.550,"Full,Finished",2 Car Attached,9,20100.00,CL,6/01/2019,11/17/2019,7/26/2019,10/31/2019,55,Det,1,1,3134131
50,E,Greenway,,New Hyde Park,11040,899000,910000,Colonial,5,2.000,"Full,Finished",1 Car Attached,9,15315.26,CL,4/01/2019,10/01/2019,5/01/2019,8/01/2019,30,Det,1,1,3114324
81,,Arleigh,Drive,Albertson,11507,1230000,1138000,Colonial,4,4.000,"Full,Finished",1 Car Detached,9,18386.00,CL,11/18/2016,11/18/2017,3/18/2017,7/06/2017,119,Det,1,1,2897412
154,,Evans,Avenue,Albertson,11507,975000,960000,Colonial,4,3.500,"Full,Finished",2 Car Attached,9,16924.00,CL,9/04/2019,3/04/2020,11/14/2019,3/06/2020,71,Det,1,1,3161195
22,,Duke,Drive,Manhasset Hills,11040,988000,957000,Split Level,3,2.500,"Full,Finished",2 Car Attached,9,22851.00,CL,1/21/2019,12/31/2019,4/05/2019,6/20/2019,73,Det,1,1,3094983
32,,Ridge,Road,Albertson,11507,998000,960000,Split Level,4,2.500,"Full,Finished",2 Car Attached,9,14922.00,CL,4/24/2018,10/31/2018,5/22/2018,8/27/2018,28,Det,1,1,*1316455
141,,Crescent,Drive,Searingtown,11507,2585000,2350000,Colonial,7,5.555,"Full,Finished",2 Car Attached,9,24665.00,CL,4/29/2018,8/30/2018,7/12/2018,9/14/2018,74,Det,1,1,3025028
5,,Coachman,Drive,Roslyn,11576,998000,907500,Colonial,4,2.500,"Full,Finished",2 Car Attached,9,20997.14,CL,9/05/2016,3/15/2017,3/09/2017,6/16/2017,185,Det,1,1,2880971
63,,Cresthollow,Lane,Albertson,11507,1258000,1195000,Colonial,5,3.500,"Full,Finished",2 Car Attached,9,20796.00,CL,7/20/2018,10/31/2018,10/26/2018,1/10/2019,98,Det,1,1,3050118
51,,Hickory,Road,New Hyde Park,11040,1698888,1550000,Colonial,4,3.500,"Full,Finished",2 Car Attached,9,23293.11,CL,5/25/2017,8/18/2017,7/20/2017,8/31/2017,56,Det,1,1,2941407
104,,Dogwood,Road,Roslyn,11576,1200000,1155000,Split Level,4,2.500,"Full,Finished",2 Car Attached,9,23926.00,CL,6/16/2017,12/30/2017,8/15/2017,12/04/2017,60,Det,1,1,2947745
18,,Lydia,Court,Albertson,11507,999000,985000,Split Level,3,2.500,"Full,Finished",2 Car Attached,9,15572.73,CL,6/12/2019,9/30/2019,7/03/2019,8/30/2019,21,Det,1,1,3137734
144,,San Juan,Avenue,Albertson,11507,1100000,999000,Contemporary,4,2.500,Full,2 Car Attached,9,19483.17,CL,2/08/2018,5/12/2018,3/06/2018,5/21/2018,26,Det,1,1,3003005
7,,Bridle,Path,Roslyn,11576,1029000,994999,Hi Ranch,4,2.000,"None,Unfinished",2 Car Attached,9,15240.88,CL,5/31/2017,11/30/2017,7/19/2017,8/28/2017,49,Det,1,1,2942624
30,,Knolls,Drive,Manhasset Hills,11040,1049000,1045000,Colonial,4,3.500,"Partial,Finished",,9,18339.00,CL,9/07/2016,3/31/2017,2/03/2017,4/07/2017,149,Det,1,1,2881448
51,,Sutton Hill,Lane,Manhasset Hills,11040,999000,945000,Hi Ranch,6,3.000,"None,Unfinished",2 Car Attached,9,22035.15,CL,1/25/2017,8/31/2017,3/07/2017,4/11/2017,41,Det,1,1,2909049
53,,Crest Hollow,Lane,Albertson,11507,1298000,1260000,Colonial,5,3.500,"Full,Finished",2 Car Attached,9,16940.00,CL,4/08/2019,10/08/2019,4/18/2019,6/27/2019,10,Det,1,1,3117150
20,,Crescent,Drive,Searingtown,11507,1269000,1219000,Farm Ranch,4,4.000,"Partial,Unfinished",2 Car Attached,9,20888.55,CL,5/07/2019,12/31/2019,5/24/2019,8/21/2019,17,Det,1,1,3126336
58,,Kensington,Circle,Manhasset,11030,1688000,1530000,Colonial,5,4.500,"Full,Finished",2 Car Attached,9,25738.00,CL,10/05/2017,5/31/2018,11/01/2017,1/30/2018,27,Det,1,1,2976349
60,,Kensington,Circle,Manhasset,11030,1450000,1370000,Colonial,3,3.500,Full,2 Car Attached,9,27151.40,CL,8/17/2017,6/30/2018,1/10/2018,3/06/2018,146,Det,1,1,2964116
28,,Kensington,Circle,Manhasset,11030,1688000,1515000,Townhouse,4,4.500,"Full,Finished",2 Car Attached,9,32176.00,CL,2/16/2018,12/31/2018,6/28/2018,8/28/2018,131,Att,1,1,3005049
29,,Kensington,Circle,Manhasset,11030,1528000,1410000,Townhouse,3,3.500,"Full,Unfinished",2 Car Attached,9,28291.00,CL,4/20/2018,12/31/2018,6/06/2018,9/07/2018,47,Att,1,1,3022467
12,,Hathaway,Lane,Manhasset,11030,1688000,1527000,Colonial,4,3.500,"Full,Unfinished",2 Car Attached,9,28334.00,CL,6/20/2018,12/31/2018,6/27/2018,8/23/2018,7,Att,1,1,3041193
143,,Firestone,Circle,Roslyn,11576,1299000,990000,Contemporary,3,2.500,"Full,Finished",2 Car Attached,9,27588.00,CL,11/01/2017,7/31/2018,3/23/2018,5/16/2018,142,Att,1,1,2982513
469,,Greenbriar,Court,Roslyn,11576,1988000,1890000,Colonial,4,4.500,"Full,Finished",2 Car Attached,9,37526.36,CL,9/12/2018,4/30/2019,9/26/2018,12/28/2018,14,Att,1,1,3064333
1,,Belvedere,Court,Manhasset,11030,1718000,1660000,Colonial,4,3.500,"Full,Unfinished",Private Parking,9,28169.00,CL,1/24/2019,8/31/2019,4/10/2019,8/01/2019,75,Att,1,1,3095648
1011,,Cedar,Drive,Manhasset Hills,11040,1288000,1160000,Split Level,5,3.500,"Full,Finished",Attached,9,14251.36,CL,6/19/2018,8/31/2018,7/05/2018,12/11/2018,16,Att,1,1,3041115
347,,Elm,Drive,Roslyn,11576,1050000,1018000,Split Level,4,2.500,"Full,Finished",2 Car Attached,9,17937.52,CL,9/28/2018,6/25/2019,10/22/2018,1/16/2019,24,Det,1,1,3069192
50,,Crest,Road,Manhasset Hills,11040,1050000,1035000,Exp Ranch,4,3.500,"Full,Finished",1 Car Attached,9,12055.00,CL,5/17/2018,10/30/2018,8/24/2018,11/05/2018,99,Det,1,1,3031003
271,,Robby,Lane,Manhasset Hills,11040,928000,922500,Hi Ranch,4,3.000,"Full,Finished",2 Car Attached,9,24740.00,CL,5/19/2019,12/31/2019,6/12/2019,9/05/2019,24,Det,1,1,3130181
54,,Crest,Road,Manhasset Hills,11040,925000,950000,Split Level,3,2.500,"Partial,Finished",1 Car Attached,9,17031.46,CL,3/04/2018,9/04/2018,4/03/2018,6/12/2018,29,Det,1,1,3009132
147,,South,Drive,Manhasset Hills,11040,999000,980000,Splanch,4,2.500,"Full,Finished",2 Car Detached,9,16750.55,CL,2/13/2018,8/03/2018,4/24/2018,7/20/2018,69,Det,1,1,3004124
19,,Knolls,Drive,Manhasset Hills,11040,1010000,985000,Hi Ranch,4,3.000,"None,Unfinished",2 Car Attached,9,27333.74,CL,4/08/2019,7/01/2019,5/01/2019,7/24/2019,23,Det,1,1,3117216
239 I U,,Willets,Road,Searingtown,11507,1388000,1265000,Colonial,4,3.500,Full,2 Car Detached,9,26400.00,CL,5/05/2017,9/30/2018,10/11/2018,12/20/2018,524,Det,1,1,*1283609
41,,Duke,Drive,Manhasset Hills,11040,948000,925000,Split Level,3,3.500,Full,2 Car Attached,9,13629.03,CL,5/18/2017,12/31/2017,6/13/2017,8/18/2017,26,Det,1,1,*1285048
18,,Woods,Lane,Roslyn,11576,1199000,1180000,Split Level,4,3.000,Partial,2 Car Attached,9,17895.31,CL,7/25/2017,11/25/2017,8/18/2017,12/06/2017,24,Det,1,1,*1291330
27,,Lee,Avenue,Albertson,11507,1399000,1265000,Colonial,5,3.500,"Full,Unfinished",1 Car Attached,9,0.00,CL,9/14/2017,3/15/2018,9/14/2017,1/25/2018,0,Det,1,1,*1295516
27,,Lee,Avenue,Albertson,11507,1399000,1395000,Colonial,5,4.500,"Full,Unfinished",1 Car Attached,9,0.00,CL,9/25/2017,9/26/2018,11/20/2017,2/15/2018,56,Det,1,1,*1296387
29,,Lee,Avenue,Albertson,11507,1200000,990000,Colonial,4,2.500,"Full,Unfinished",1 Car Attached,9,0.00,CL,11/21/2017,5/21/2018,11/21/2017,5/23/2018,0,Det,1,1,*1301136
90,,Country Village,Lane,Manhasset Hills,11040,1089000,1050000,Split Level,4,2.500,"Partial,Finished",2 Car Attached,9,17603.00,CL,12/13/2017,8/01/2018,1/10/2018,3/09/2018,28,Det,1,1,*1302460
36,,Flag,Lane,Manhasset Hills,11040,1299000,1100000,Colonial,4,2.500,"Full,Finished",2 Car Attached,9,15573.19,CL,3/01/2018,9/01/2018,3/24/2018,6/26/2018,22,Det,1,1,*1308105
181,,Dogwood,Road,Roslyn,11576,1098000,1090000,Splanch,4,2.500,Partial,2 Car Attached,9,12510.00,CL,3/28/2018,8/31/2018,4/23/2018,6/01/2018,26,Det,1,1,*1310743
No #,,Carriage,Road,Roslyn,11576,1500000,1600000,Colonial,5,3.500,"Full,Unfinished",2 Car Attached,9,0.00,CL,7/12/2013,12/30/2015,12/07/2016,11/19/2018,1592,Det,1,1,2599131
No #,,Carriage,Road,Roslyn,11576,1600000,1600000,Colonial,5,3.500,"Full,Unfinished",2 Car Attached,9,0.00,CL,7/12/2013,12/30/2015,10/01/2017,9/28/2018,1542,Det,1,1,2599132
No #,,Carriage,Road,Roslyn,11576,1600000,1600000,Colonial,5,3.500,"Full,Unfinished",2 Car Attached,9,0.00,CL,7/12/2013,6/30/2015,2/04/2015,7/30/2018,1480,Det,1,1,2599136
No #,,Carriage,Road,Roslyn,11576,1600000,1600000,Colonial,5,3.500,"Full,Unfinished",2 Car Attached,9,0.00,CL,7/12/2013,7/01/2014,3/03/2014,4/04/2018,1362,Det,1,1,2599145
No #,,Carriage,Road,Roslyn,11576,1400000,1400000,Colonial,5,3.500,"Full,Unfinished",2 Car Attached,9,0.00,CL,7/12/2013,7/01/2014,6/18/2014,2/27/2018,1327,Det,1,1,2599149
No #,,Carriage,Road,Roslyn,11576,1300000,1300000,Colonial,5,3.500,"Full,Unfinished",2 Car Attached,9,0.00,CL,7/12/2013,7/01/2014,12/02/2013,2/20/2018,1319,Det,1,1,2599151
5,,Carriage,Road,Roslyn,11576,1180000,1020000,Hi Ranch,4,2.500,"Full,Finished",2 Car Attached,9,17234.89,CL,11/04/2016,11/03/2017,3/10/2017,3/28/2017,126,Det,1,1,2894608
55,,Shrub Hollow,Road,Roslyn,11576,1199000,1170000,Exp Ranch,5,3.000,"Full,Finished",2 Car Attached,9,19120.85,CL,11/16/2016,11/16/2017,1/30/2017,5/05/2017,75,Det,1,1,2896956
62,,Kensington,Circle,Manhasset,11030,1998888,1780000,Colonial,4,4.500,Full,2 Car Attached,9,28419.56,CL,8/01/2016,12/31/2017,10/11/2017,10/20/2017,436,Det,1,1,2904900
51,,Moore,Street,New Hyde Park,11040,1278000,1127500,Colonial,5,6.500,"Full,Unfinished",1 Car Detached,9,16591.94,CL,2/01/2017,9/30/2017,7/25/2017,11/09/2017,173,Det,1,1,2910584
127,,Shelter Rock,Road,Manhasset Hills,11040,1388000,1250000,Colonial,5,3.500,"Full,Finished",2 Car Attached,9,22113.00,CL,2/15/2017,7/31/2017,5/02/2017,9/11/2017,75,Det,1,1,2913859
31,,Ridge,Road,Searingtown,11507,1058000,995000,Splanch,4,2.500,Partial,2 Car Attached,9,21564.24,CL,2/17/2017,6/27/2017,4/07/2017,6/07/2017,48,Det,1,1,2914620
15,,Piper,Drive,Searingtown,11507,938000,918000,Splanch,4,2.500,"Partial,Finished",2 Car Attached,9,18427.49,CL,3/15/2017,6/26/2017,4/03/2017,6/14/2017,19,Det,1,1,2921401
148,,Greenway West,,Manhasset Hills,11040,988000,905000,Colonial,4,2.000,"Full,Finished",1 Car Attached,9,17154.00,CL,3/17/2017,9/16/2017,5/01/2017,6/30/2017,45,Det,1,1,2921809
10,,Old Homestead,Way,Searingtown,11507,1450000,1230000,Colonial,3,3.500,"Full,Finished",,9,21375.30,CL,3/17/2017,11/01/2017,9/25/2017,1/16/2018,192,Det,1,1,2921860
68,,Lee,Avenue,Albertson,11507,988888,999000,Duplex,5,2.000,"Full,Finished",2 Car Detached,9,11567.08,CL,3/23/2017,8/18/2017,4/06/2017,7/13/2017,14,Det,2,2,2923626
147,,Robby,Lane,Manhasset Hills,11040,989000,1030000,Split Level,3,2.500,"Partial,Finished",2 Car Attached,9,20587.86,CL,3/27/2017,3/17/2018,4/17/2017,6/13/2017,21,Det,1,1,2924471
No #,,Carriage,Road,Roslyn,11576,1399000,1400000,Colonial,4,2.500,"Full,Unfinished",2 Car Attached,9,0.00,CL,3/28/2017,4/30/2018,1/31/2018,1/30/2019,309,Det,1,1,2924627
21,,Lords,Way,Manhasset Hills,11040,999000,975000,Hi Ranch,4,3.000,"Full,Unfinished",2 Car Attached,9,13157.04,CL,3/30/2017,9/25/2017,5/15/2017,7/26/2017,46,Det,1,1,2925237
12,,Hilltop Rd.,,Searingtown,11507,999000,965000,Split Level,4,3.000,Full,2 Car Attached,9,20522.00,CL,4/28/2017,10/18/2017,5/17/2017,7/24/2017,19,Det,1,1,2933245
71,,The Dell,,Searingtown,11507,1198000,1040000,Split Level,4,3.000,"Partial,Finished",,9,18897.00,CL,4/30/2017,10/30/2017,6/07/2017,7/27/2017,38,Det,1,1,2933769
35,,Flag,Lane,Manhasset Hills,11040,1298000,980000,Colonial,4,3.500,"Full,Finished",2 Car Attached,9,18173.00,CL,5/08/2017,10/31/2017,9/27/2017,2/26/2018,142,Det,1,1,2936448
383,,Elm,Drive,Roslyn,11576,998000,955000,Hi Ranch,4,3.000,"None,Unfinished",2 Car Attached,9,17135.00,CL,5/10/2017,11/10/2017,6/18/2017,8/02/2017,39,Det,1,1,2937249
239 I U,,Willets Rd,,Albertson,11507,1388000,1256000,Colonial,4,3.500,Full,2 Car Detached,9,23726.00,CL,5/30/2017,5/31/2018,5/11/2018,7/17/2018,346,Det,1,1,2942269
19,,Bridle,Path,Roslyn,11576,980000,965000,Colonial,3,2.500,"Full,Finished",,9,20624.00,CL,6/12/2017,7/11/2018,9/29/2017,10/27/2017,109,Det,1,1,2946373
106,,Deepdale,Parkway,Roslyn Heights,11577,1099000,995000,Colonial,4,2.500,Full,1 Car Attached,9,10327.00,CL,7/11/2017,9/27/2017,9/29/2017,12/11/2017,80,Det,1,1,2954044
181,,Dogwood,Road,Roslyn,11576,999000,965000,Splanch,4,2.500,Partial,,9,12800.00,CL,7/12/2017,1/10/2018,9/18/2017,11/20/2017,68,Det,1,1,2954280
1051,,Maple,Lane,Manhasset Hills,11040,1099000,984300,Colonial,5,3.500,"Full,Unfinished",,9,14059.70,CL,7/25/2017,5/01/2018,12/08/2017,6/25/2018,136,Det,1,1,2958042
12,,Knolls,Drive,Manhasset Hills,11040,938888,950000,Hi Ranch,4,3.000,"None,Unfinished",2 Car Attached,9,17322.43,CL,7/27/2017,10/29/2017,8/14/2017,11/30/2017,18,Det,1,1,2958684
52,,Green,Drive,Roslyn,11576,1080000,1040000,Contemporary,5,4.000,Partial,2 Car Attached,9,20000.00,CL,7/31/2017,4/26/2018,3/08/2018,6/06/2018,220,Det,1,1,2959677
1,,Coachman,Drive,Roslyn,11576,1090000,999000,Colonial,4,3.500,"Full,Finished",2 Car Attached,9,20000.77,CL,9/27/2017,4/23/2018,12/14/2017,2/21/2018,78,Det,1,1,2974155
81,,Cherrywood,Drive,Manhasset Hills,11040,917000,915000,Splanch,4,2.500,"Partial,Finished",2 Car Attached,9,17064.00,CL,10/05/2017,3/28/2018,11/01/2017,12/26/2017,27,Det,1,1,2976290
50,,Roseanne,Drive,North Hills,11576,2580000,2500000,Colonial,6,5.500,"Full,Finished",2 Car Detached,9,40198.00,Cl,10/07/2017,10/06/2018,5/16/2019,5/28/2019,586,Det,1,2,2976886
41,,Cresthollow,Lane,Albertson,11507,1299000,1280000,Contemporary,5,3.500,"Full,Unfinished",2 Car Attached,9,19100.00,CL,10/07/2017,5/31/2018,10/16/2017,11/29/2017,9,Det,1,1,2976902
49,,Lake,Drive,Manhasset Hills,11040,999000,965000,Split Level,3,2.500,"Full,Finished",1 Car Attached,9,17095.16,CL,10/09/2017,4/09/2018,11/08/2017,1/16/2018,30,Det,1,1,2977718
85,,Lords,Way,Manhasset Hills,11040,1298000,1250000,Hi Ranch,6,3.000,"Full,Finished",2 Car Attached,9,17074.00,CL,11/05/2017,9/30/2018,11/21/2017,1/26/2018,16,Att,1,1,2983510
288,,Continental,Drive,Manhasset Hills,11040,959000,935000,Split Level,4,2.500,"Full,Finished",2 Car Attached,9,17091.00,CL,11/16/2017,6/30/2018,5/01/2018,6/19/2018,165,Det,1,1,2986344
30,,Sugar Maple,Drive,Roslyn,11576,1088000,980000,Split Level,5,2.500,Partial,2 Car Attached,9,19468.00,CL,12/01/2017,6/30/2018,3/07/2018,1/09/2019,96,Det,1,1,2989089
109,,Ursula,Drive,Roslyn,11576,999000,970000,Hi Ranch,5,3.000,"None,Unfinished",2 Car Attached,9,15175.00,CL,12/31/2017,6/30/2018,1/09/2018,10/08/2018,9,Det,1,1,2993513
338,,Old Courthouse,Road,Manhasset Hills,11040,975000,915000,Splanch,4,2.500,"Partial,Finished",2 Car Attached,9,18541.20,CL,1/24/2018,7/24/2018,5/08/2018,5/18/2018,103,Det,1,1,2999534
28,,Bridle Path,,Roslyn,11576,1199000,1100000,Colonial,4,2.500,Full,2 Car Attached,9,18500.00,CL,2/04/2018,7/01/2018,3/05/2018,6/18/2018,29,Det,1,1,3001810
50,,Cherrywood,Drive,Manhasset Hills,11040,1099000,1100000,Splanch,4,2.500,Partial,2 Car Attached,9,19640.37,CL,3/04/2018,8/31/2018,4/13/2018,7/09/2018,39,Det,1,1,3009175
111,,Old Courthouse,Road,Manhasset Hills,11040,1099000,1050000,Split Level,3,2.000,"Full,Finished",,9,16446.15,CL,3/19/2018,8/15/2018,4/10/2018,6/11/2018,22,Det,1,1,3013149
16,,Hamilton,Drive,Roslyn,11576,1225000,1138800,Other,5,3.000,"Partial,Finished",2 Car Attached,9,22075.00,CL,4/03/2018,10/15/2018,5/02/2018,7/16/2018,29,Det,1,1,3016989
106,,Serpentine,Lane,Searingtown,11507,969000,945000,Split Level,4,2.500,"Full,Finished",2 Car Attached,9,20494.79,CL,4/03/2018,12/31/2018,12/03/2018,3/08/2019,244,Det,1,1,3017114
35,,Dogwood,Road,Searingtown,11507,1199000,1120000,Colonial,6,3.500,"Partial,Unfinished",2 Car Attached,9,21572.00,CL,4/09/2018,10/05/2018,6/29/2018,8/10/2018,81,Det,1,1,3018583
35,,Dogwood,Road,Searingtown,11507,1199000,1120000,Colonial,6,3.500,"Partial,Unfinished",2 Car Attached,9,21572.08,CL,4/09/2018,10/05/2018,6/29/2018,8/10/2018,81,Det,1,1,3018647
11,,Flag,Lane,Manhasset Hills,11040,1110000,995000,Hi Ranch,5,3.000,"None,Unfinished",2 Car Attached,9,16348.00,CL,4/23/2018,11/15/2018,10/10/2018,11/30/2018,170,Det,1,1,3023488
93,,Serpentine,Lane,Searingtown,11507,999000,988000,Split Level,3,3.000,"Partial,Partially Finished",1 Car Attached,9,18813.19,CL,4/26/2018,10/30/2018,5/11/2018,7/05/2018,15,Det,1,1,3024363
141,,Crescent,Drive,Searingtown,11507,2585000,2350000,Colonial,7,5.555,"Full,Finished",2 Car Attached,9,24665.00,CL,4/29/2018,8/30/2018,7/12/2018,9/14/2018,74,Det,1,1,3025069
1038,,Maple,Lane,New Hyde Park,11040,998000,977500,Colonial,4,2.500,Full,,9,14008.00,CL,4/30/2018,10/31/2018,6/20/2018,8/28/2018,51,Det,1,1,3025176
2,,Coachman,Drive,Roslyn,11576,929000,915000,Colonial,4,3.500,"Full,Finished",2 Car Attached,9,20342.00,CL,5/04/2018,7/31/2018,5/22/2018,10/19/2018,18,Det,1,1,3026955
10,,Woods,Lane,Roslyn,11576,998000,950000,Split Level,4,3.000,Full,2 Car Attached,9,16600.00,CL,5/10/2018,5/09/2019,8/20/2018,10/30/2018,102,Det,1,1,3029190
80,,Capri,Drive,Roslyn,11576,1639900,1550000,Colonial,6,3.500,"Full,Finished",2 Car Attached,9,19172.13,CL,5/14/2018,10/08/2018,6/26/2018,9/12/2018,43,Det,1,1,3030452
20,,Foxhurst,Court,Manhasset Hills,11040,969000,940000,Hi Ranch,5,3.000,"None,Unfinished",2 Car Attached,9,24217.00,CL,5/17/2018,10/31/2018,6/06/2018,7/30/2018,20,Det,1,1,3031039
77,,Robby,Lane,Manhasset Hills,11040,958888,938000,Split Level,3,2.500,Full,2 Car Attached,9,14703.53,CL,5/21/2018,3/01/2019,6/07/2018,9/14/2018,17,Det,1,1,3032335
13,,Bridle,Path,Roslyn,11576,975000,950000,Hi Ranch,4,2.000,Full,2 Car Attached,9,14743.69,CL,5/30/2018,12/01/2018,6/08/2018,8/15/2018,9,Det,1,1,3034565
168,,Pine,Street,New Hyde Park,11040,1128000,1080000,Exp Ranch,4,3.000,"Full,Finished",2 Car Attached,9,11037.69,CL,6/03/2018,11/30/2018,6/22/2018,9/14/2018,19,Det,1,1,3035979
1,,Belvedere,Court,Manhasset,11030,1275000,1275000,Townhouse,4,3.500,"Full,Unfinished",,9,28000.04,CL,6/18/2018,9/17/2018,6/27/2018,7/26/2018,9,Det,1,1,3040720
42,,Lake Drive,,Manhasset Hills,11040,1099000,998000,Split Level,4,2.550,"Full,Finished",1 Car Attached,9,25700.00,CL,6/19/2018,8/31/2018,8/07/2018,11/26/2018,49,Det,1,1,3040852
27,,Carriage,Road,Roslyn,11576,1199000,977000,Splanch,4,3.500,"Full,Finished",2 Car Attached,9,15640.00,CL,7/03/2018,7/02/2019,8/21/2018,11/06/2018,49,Det,1,1,3045098
17,,Carriage,Road,Roslyn,11576,1199998,1100000,Colonial,4,3.500,"Full,Finished",2 Car Attached,9,16496.00,CL,7/17/2018,7/01/2019,8/31/2018,11/28/2018,45,Det,1,1,3049104
15,,Dogwood,Road,Searingtown,11507,999000,980000,Split Level,4,2.500,"Full,Unfinished",2 Car Attached,9,18239.29,CL,7/21/2018,1/01/2019,10/16/2018,3/22/2019,87,Det,1,1,3050430
249,,Birch,Drive,Roslyn,11576,998000,950000,Hi Ranch,4,3.000,"None,Unfinished",2 Car Attached,9,15009.00,CL,8/13/2018,12/31/2018,9/10/2018,11/09/2018,28,Det,1,1,3056539
26,,Piper,Drive,Albertson,11507,1425000,1350000,Splanch,4,2.500,"Partial,Finished",2 Car Attached,9,18948.68,CL,8/20/2018,8/04/2019,9/12/2018,10/29/2018,23,Det,1,1,3058410
85,,Birch Hill,,Searingtown,11507,998000,960000,Hi Ranch,4,3.000,"Full,Finished",2 Car Attached,9,22216.00,CL,10/01/2018,6/30/2019,5/02/2019,8/07/2019,213,Det,1,1,3069479
18,,Monterey,Drive,Manhasset Hills,11040,1098000,1058000,Split Level,4,2.500,"Full,Finished",,9,22474.00,CL,10/16/2018,4/07/2019,11/01/2018,12/13/2018,16,Det,1,1,3073699
7,,Ursula,Drive,Roslyn,11576,975000,965000,Split Level,3,3.000,"Partial,Finished",2 Car Attached,9,17192.00,CL,10/17/2018,9/30/2019,1/05/2019,4/12/2019,80,Det,1,1,3074019
5,,Ursula,Drive,Roslyn,11576,1248000,1180000,Split Level,5,3.500,Partial,,9,20171.00,CL,10/23/2018,1/30/2019,12/12/2018,3/05/2019,50,Det,1,1,3075519
92,,Fairview,Drive,Searingtown,11507,1398000,1315000,Contemporary,6,4.500,Partial,2 Car Attached,9,23500.00,CL,10/26/2018,4/30/2019,4/16/2019,7/25/2019,172,Det,1,1,3076556
2,,Peppermill,Road,Roslyn,11576,1088000,1050000,Split Level,3,2.500,"Full,Finished",2 Car Attached,9,15505.00,CL,10/27/2018,4/19/2019,12/07/2018,3/04/2019,41,Det,1,1,3076707
40,,I U Willets,Road,Roslyn,11576,1049000,999000,Colonial,4,3.500,"Full,Finished",2 Car Attached,9,16391.00,CL,8/01/2018,1/30/2019,2/04/2019,4/12/2019,187,Det,1,1,3079863
10,,Bridle,Path,Roslyn,11576,998500,963000,Colonial,4,2.500,Full,2 Car Attached,9,23713.00,CL,11/16/2018,5/16/2019,1/14/2019,2/28/2019,59,Det,1,1,3081732
254,,Collins,Avenue,Williston Park,11596,1098000,915000,Colonial,4,3.500,"Full,Finished",1 Car Detached,9,11475.00,CL,11/27/2018,12/31/2019,6/04/2019,10/30/2019,188,Det,1,1,3083311
47,,Nassau,Drive,New Hyde Park,11040,989000,945000,Colonial,5,4.000,"Full,Finished",1 Car Attached,9,12132.47,CL,1/22/2019,7/25/2019,3/12/2019,6/27/2019,48,Det,1,1,3095192
17,,Barry Park,Court,Searingtown,11507,998000,960000,Split Level,4,3.000,"Partial,Finished",2 Car Attached,9,17923.00,CL,2/01/2019,7/08/2019,4/09/2019,7/08/2019,66,Det,1,1,3097854
121,,Garden,Drive,Albertson,11507,1225000,1184500,Colonial,4,2.500,"Full,Unfinished",,9,21757.25,CL,2/06/2019,7/18/2019,4/04/2019,6/19/2019,56,Att,1,1,3098941
18,,Parkview,Drive,Searingtown,11507,1110000,997000,Colonial,5,2.500,"Full,Finished",2 Car Attached,9,16060.27,CL,2/09/2019,12/31/2019,12/05/2019,2/07/2020,299,Det,1,1,3100029
80,,Crescent,Drive,Searingtown,11507,1825000,1660000,Colonial,5,4.000,"Full,Finished",2 Car Attached,9,19750.03,CL,2/14/2019,11/30/2019,8/15/2019,11/08/2019,181,Det,1,1,3101287
272,,Continental,Drive,New Hyde Park,11040,1130000,1025000,Raised Ranch,5,2.500,"Full,Finished",2 Car Attached,9,16826.94,CL,3/01/2019,6/05/2019,5/07/2019,6/26/2019,61,Att,1,1,3105306
1016,,Cedar,Drive,Manhasset Hills,11040,988000,935000,Split Level,3,2.500,Partial,1 Car Attached,9,13692.00,CL,3/06/2019,8/31/2019,5/21/2019,8/13/2019,75,Det,1,1,3106747
135,,Country Village,Lane,Manhasset Hills,11040,1080000,996000,Hi Ranch,6,3.000,"None,Unfinished",,9,15567.67,CL,3/12/2019,5/31/2019,5/01/2019,7/25/2019,50,Det,1,1,3108249
6,,Reed,Drive,Searingtown,11507,938000,938000,Hi Ranch,4,3.000,"None,Unfinished",2 Car Attached,9,17156.00,CL,3/18/2019,9/06/2019,4/09/2019,6/24/2019,22,Det,1,1,3110000
119,,Shrub Hollow,Road,Roslyn,11576,1150000,990000,Contemporary,4,2.500,"Partial,Finished",2 Car Attached,9,22900.00,CL,4/03/2019,10/25/2019,7/12/2019,11/01/2019,100,Det,1,1,3115511
100,,Dogwood,Road,Roslyn,11576,1099000,990000,Hi Ranch,4,3.000,"None,Unfinished",2 Car Attached,9,12736.00,CL,4/07/2019,11/30/2019,11/12/2019,12/02/2019,219,Det,1,1,3116790
78,,Shrub Hollow,Road,Roslyn,11576,1150000,1085000,Split Level,5,3.000,Partial,,9,17009.79,CL,4/08/2019,4/08/2020,7/31/2019,9/13/2019,114,Det,1,1,3117036
57,,Schumacher,Drive,New Hyde Park,11040,998000,998000,Colonial,4,3.000,"Full,Finished",1 Car Attached,9,16088.00,CL,4/08/2019,9/01/2019,4/22/2019,6/21/2019,14,Det,1,1,3117282
15,,Piper,Drive,Searingtown,11507,998000,925000,Splanch,4,2.500,Partial,,9,17298.00,CL,4/15/2019,10/15/2019,5/24/2019,7/12/2019,39,Det,1,1,3119457
40,,Heywood,Street,New Hyde Park,11040,999000,980000,Colonial,4,4.000,"Full,Finished",,9,16458.00,CL,4/18/2019,10/15/2019,6/26/2019,9/17/2019,69,Det,1,1,3120636
85,,Fairview,Drive,Searingtown,11507,1098000,1060000,Colonial,5,3.500,Full,2 Car Attached,9,13703.00,CL,4/25/2019,12/31/2019,10/23/2019,1/24/2020,181,Det,1,1,3122457
23,,Cresthollow,Lane,Searingtown,11507,1298000,1280000,Colonial,5,3.500,Full,2 Car Attached,9,20722.00,CL,5/09/2019,11/09/2019,5/17/2019,8/22/2019,8,Det,1,1,3127273
18,,Old Homestead,Way,Searingtown,11507,1498000,1350000,Colonial,4,3.500,"Full,Unfinished",2 Car Attached,9,22837.60,CL,5/22/2019,5/31/2020,7/03/2019,9/12/2019,42,Det,1,1,3131429
33,,Shelbourne,Lane,Manhasset Hills,11040,909000,909000,Split Level,3,2.500,"Full,Finished",2 Car Attached,9,14534.63,CL,6/04/2019,12/04/2019,6/15/2019,7/26/2019,11,Det,1,1,3135168
18,,Hunting Hill,Road,New Hyde Park,11040,948800,940000,Colonial,4,2.500,"Partial,Unfinished",,9,17453.00,CL,6/13/2019,8/25/2019,6/20/2019,10/07/2019,7,Det,1,1,3137961
64,,Birch,Hill,Searingtown,11507,975000,940000,Split Level,4,2.500,"Full,Finished",2 Car Attached,9,12875.28,CL,7/10/2019,7/10/2020,8/02/2019,11/01/2019,23,Det,1,1,3145814
364,,Elm,Drive,Roslyn,11576,949000,930000,Split Level,3,2.000,Partial,2 Car Attached,9,19817.00,CL,7/11/2019,10/11/2019,9/27/2019,12/12/2019,78,Det,1,1,3146329
9,,East,Lane,Manhasset Hills,11040,998000,960000,Split Level,4,2.500,"Full,Finished",2 Car Attached,9,17244.63,CL,7/12/2019,12/31/2019,8/08/2019,11/07/2019,27,Det,1,1,3146587
268,,Birch,Drive,Roslyn,11576,1048000,980000,Splanch,4,2.550,Partial,2 Car Attached,9,16000.00,CL,7/15/2019,12/31/2019,9/23/2019,1/09/2020,70,Det,1,1,3147196
92,,Garden,Drive,Albertson,11507,1288000,1200000,Colonial,5,4.550,"Full,Finished",1 Car Detached,9,18887.00,CL,7/24/2019,1/20/2020,11/04/2019,12/11/2019,103,Det,1,1,3149939
2,,Cresthollow,Lane,Albertson,11507,1325000,1350000,Contemporary,5,3.500,"Full,Partially Finished",2 Car Attached,9,20378.27,CL,9/04/2019,2/12/2020,9/24/2019,1/14/2020,20,Det,1,1,3161285
31,,Shrub Hollow,Road,Roslyn,11576,999000,925000,Colonial,5,3.000,"Full,Finished",2 Car Attached,9,18472.00,CL,9/09/2019,12/31/2019,10/11/2019,12/19/2019,32,Det,1,1,3162960
186,,Nassau,Drive,Albertson,11507,998888,980000,Splanch,4,3.500,"Partial,Finished",2 Car Attached,9,26354.00,CL,12/10/2019,4/10/2020,1/17/2020,3/03/2020,38,Det,1,1,3185534