St #,Dr,Street Name,Sfx,Town,Zip,ListPrice,SoldPrice,,Br,Bath,,,SD,Tot Tax,LSC,ListDate,ExpDate,ContDate,TitleDate,DOM,Det,#F,K,ML#
71,,Vanderbilt,Avenue,Manhasset,11030,999000,999000,Colonial,3,1.500,Full,,6,10831.00,CL,4/13/2017,1/04/2018,11/06/2017,12/22/2017,207,Det,1,1,2929065
50,,Fieldstone Lane,,Oyster Bay,11771,1199999,1125000,Colonial,3,2.500,"Full,Partially Finished",2 Car Attached,6,17018.71,CL,1/02/2018,6/30/2018,3/12/2018,6/19/2018,68,Det,1,1,2993801
16,,Ridge,Drive,Manhasset,11030,874888,880000,Ranch,3,2.500,"Full,Finished",,6,9268.00,CL,6/07/2018,12/07/2018,6/28/2018,9/11/2018,21,Det,1,1,3037593
734,,Sound View,Road,Mill Neck,11765,849000,820000,Other,4,3.000,Unfinished,2 Car Attached,6,7949.00,CL,4/12/2019,10/12/2019,8/10/2019,11/13/2019,120,Att,1,1,3118896
21,,Exeter,Lane,Manhasset,11030,1049000,1075000,Colonial,3,1.500,"Full,Unfinished",1 Car Attached,6,10015.76,CL,6/15/2016,12/31/2017,2/13/2018,4/27/2018,608,Det,1,1,2861367
44,,The Waterway,,Manhasset,11030,1350000,1376000,Colonial,4,2.500,Full,1 Car Attached,6,17328.97,CL,5/05/2017,1/30/2018,5/20/2017,8/07/2017,15,Det,1,1,2935471
252,,Mason,Drive,Manhasset,11030,1279000,1125000,Exp Ranch,5,2.500,"Full,Unfinished",2 Car Attached,6,14491.40,CL,9/10/2018,2/17/2019,10/16/2018,2/08/2019,36,Det,1,1,3063825
6,,Tiffany,Road,Oyster Bay Cove,11771,1150000,999000,Exp Ranch,4,3.500,"Crawl,Unfinished",1 Car Attached,6,15858.90,CL,8/04/2019,1/31/2020,9/06/2019,11/26/2019,33,Det,1,1,3153218
80,,Highwood,Circle,Oyster Bay Cove,11771,1340000,1310000,Farm Ranch,6,4.500,"Full,Finished",2 Car Attached,6,22840.55,CL,11/10/2016,5/01/2017,1/09/2017,5/03/2017,60,Det,1,1,2895722
4,,The Hollows West,,Muttontown,11732,1299000,1245000,Ranch,5,4.500,"Full,Finished",2 Car Attached,6,19400.00,CL,4/28/2017,9/05/2017,8/21/2017,11/20/2017,115,Det,1,1,2933480
95,,Manhasset,Avenue,Manhasset,11030,1150000,1075000,Colonial,3,2.000,"Full,Unfinished",1 Car Attached,6,11875.00,CL,2/16/2019,8/15/2019,5/24/2019,7/05/2019,96,Att,1,1,3101739
380,,Nassau,Avenue,Manhasset,11030,1375000,1440000,Colonial,3,2.500,Full,1 Car Attached,6,18795.00,CL,7/22/2019,4/22/2020,8/07/2019,9/20/2019,16,Det,1,1,3149237
40,,Inness,Place,Manhasset,11030,1699000,1630000,Colonial,5,3.500,Full,2 Car Detached,6,22031.41,CL,2/22/2017,8/22/2017,4/01/2017,7/20/2017,37,Det,1,1,2915745
71,,Linden,Street,Manhasset,11030,1197000,1100000,Ranch,3,1.500,"Full,Unfinished",1 Car Detached,6,9955.00,CL,5/31/2019,11/30/2019,8/23/2019,11/20/2019,84,Det,1,1,3133980
65,,Searingtown,Road,Manhasset,11030,999000,950000,Cape,5,3.000,"None,Unfinished",2 Car Attached,6,19722.71,CL,9/11/2019,3/01/2020,10/16/2019,11/22/2019,35,Det,1,1,3163361
310,,Abbey,Road,Manhasset,11030,1625000,1500000,Colonial,4,3.500,Full,2 Car Attached,6,15050.89,CL,6/19/2019,12/14/2019,11/13/2019,12/27/2019,147,Det,1,1,3139919
24,,Stuart,Place,Manhasset,11030,1499000,1624024,Colonial,4,2.500,Full,1 Car Attached,6,18211.00,CL,4/07/2017,10/06/2017,4/14/2017,7/17/2017,7,Det,1,1,2927532
34,,Eakins,Road,Manhasset,11030,1445000,1445000,Colonial,4,3.500,Full,2 Car Attached,6,21165.95,CL,5/04/2017,11/03/2017,5/17/2017,7/17/2017,13,Det,1,1,2935360
8,,Mitchell,Place,Manhasset,11030,1099000,1099000,Colonial,6,2.500,"Full,Unfinished",,6,11650.00,CL,3/23/2018,9/22/2018,4/15/2018,6/20/2018,23,Det,1,1,3014303
26,,Eakins,Road,Manhasset,11030,1485000,1500000,Colonial,4,2.500,Full,2 Car Attached,6,21956.00,CL,6/22/2017,12/21/2017,6/30/2017,8/01/2017,8,Det,1,1,2949327
800,,Park,Avenue,Manhasset,11030,1575000,1470000,Colonial,3,2.500,"Full,Unfinished",2 Car Attached,6,15947.00,CL,3/07/2019,9/06/2019,4/17/2019,6/11/2019,40,Det,1,1,3106911
126,,Mill Spring,Road,Manhasset,11030,1680000,1700000,Colonial,3,3.000,"Full,Unfinished",2 Car Attached,6,20715.00,CL,2/08/2018,8/07/2018,2/20/2018,5/30/2018,12,Att,1,1,3002903
10,,Rockywood,Road,Manhasset,11030,1399000,1325000,Colonial,4,3.000,"Full,Unfinished",1 Car Attached,6,16044.00,CL,9/06/2018,9/06/2019,5/17/2019,8/15/2019,253,Det,1,1,3062939
189,,N Bourndale,Road,Manhasset,11030,1299000,1375000,Cape,4,2.000,"Full,Finished",2 Car Attached,6,14761.00,CL,5/17/2018,5/17/2019,5/26/2018,8/30/2018,9,Det,1,1,3031044
2A,,Shoredale,Drive,Manhasset,11030,1475000,1330000,Colonial,5,4.500,"Full,Finished",,6,16286.00,CL,12/18/2017,4/18/2018,2/05/2018,7/10/2018,45,Det,1,1,*1302639
420,,Hunt Lane,,Manhasset,11030,1399000,1420015,Colonial,4,2.500,"Full,Unfinished",2 Car Detached,6,17099.27,CL,3/29/2017,10/18/2017,4/20/2017,8/31/2017,22,Det,1,1,2925152
39,,Highmeadow Road,,Manhasset,11030,1199000,1260800,Colonial,3,1.500,"Partial,Unfinished",1 Car Attached,6,13082.70,CL,5/17/2017,11/12/2017,6/01/2017,7/27/2017,15,Det,1,1,2939441
222,,Park,Avenue,Manhasset,11030,1399000,1295000,Colonial,5,3.000,"Full,Partially Finished",2 Car Attached,6,23059.49,CL,10/04/2018,7/31/2019,5/13/2019,7/16/2019,221,Det,1,1,3070591
18,,Central,Drive,Manhasset,11030,1825000,1750000,Colonial,4,3.500,"Partial,Unfinished",2 Car Detached,6,23323.66,CL,5/04/2017,11/18/2017,11/06/2017,12/28/2017,186,Det,1,1,2935189
102,,Plandome,Court,Manhasset,11030,1438000,1430000,Colonial,3,2.500,Full,2 Car Detached,6,15003.99,CL,9/07/2017,3/06/2018,10/11/2017,11/28/2017,34,Det,1,1,2968911
49,,Grandview,Circle,Manhasset,11030,1425000,1375000,Colonial,5,2.500,"Full,Unfinished",2 Car Attached,6,22143.00,CL,11/16/2018,4/08/2019,12/11/2018,1/25/2019,25,Det,1,1,3081659
120,,Plandome Court,,Manhasset,11030,1129000,1100000,Colonial,3,1.500,"Full,Unfinished",2 Car Detached,6,18083.61,CL,1/22/2019,4/17/2020,10/30/2019,1/10/2020,280,Det,1,1,3095585
74,,Shore,Road,Manhasset,11030,1399000,1320000,Colonial,4,2.500,Full,2 Car Attached,6,19262.76,CL,9/28/2017,3/22/2018,1/05/2018,3/28/2018,99,Det,1,1,2974648
6,,Sagamore Hill,Road,Cove Neck,11771,1499000,1450000,Colonial,5,3.500,"Full,Unfinished",2 Car Attached,6,19604.00,CL,12/05/2017,5/15/2018,3/31/2018,5/08/2018,115,Det,1,1,2989779
20,,Sunken Orchard,Lane,Oyster Bay Cove,11771,1195000,1150000,Exp Ranch,5,3.550,"Full,Finished",2 Car Attached,6,15498.88,CL,2/02/2017,2/02/2018,3/02/2017,5/22/2017,28,Det,1,1,2911108
421,,Mill River,Road,Oyster Bay,11771,1100000,1070000,Antique/Hist,4,3.000,"Full,Finished",2 Car Attached,6,13731.13,CL,4/18/2017,4/18/2018,7/05/2017,10/30/2017,78,Det,1,1,2930525
33,,Tennis Court,Road,Cove Neck,11771,999000,985000,Colonial,5,3.000,"Partial,Partially Finished",2 Car Attached,6,20709.15,CL,10/04/2019,4/04/2020,2/13/2020,3/19/2020,132,Det,1,1,3170280
10,,Centre View,Drive,Upper Brookville,11771,1625000,1542000,Ranch,4,4.000,"Full,Unfinished",3 Car Attached,6,25347.00,CL,9/05/2018,5/31/2019,2/21/2019,4/22/2019,169,Det,1,1,3062704
21,,Chapel,Road,Manhasset,11030,1328000,1328000,Colonial,4,2.500,"Full,Finished",1 Car Attached,6,15208.00,CL,3/07/2017,9/07/2017,5/30/2017,7/07/2017,83,Att,1,1,2919580
100,,Bay Driveway,,Manhasset,11030,1348000,1200000,Colonial,4,2.500,"Partial,Finished",1 Car Attached,6,27034.00,CL,2/08/2019,8/01/2019,6/03/2019,9/18/2019,114,Det,1,1,3099898
159,,Manhasset Woods,Road,Manhasset,11030,1599000,1525000,Colonial,5,3.500,"Full,Finished",,6,24014.00,CL,5/31/2019,11/15/2019,10/19/2019,12/03/2019,141,Det,1,1,3134025
140,,Lake Road,,Manhasset,11030,1678000,1575000,Colonial,5,2.500,Partial,2 Car Attached,6,24440.00,CL,3/29/2019,10/01/2019,9/03/2019,10/29/2019,158,Det,1,1,3113977
97,,Dogwood,Lane,Manhasset,11030,1598000,1550000,Colonial,4,2.500,"Full,Unfinished",2 Car Attached,6,20011.00,CL,1/25/2019,7/25/2019,2/06/2019,4/25/2019,12,Det,1,1,3096207
16,,Rockwood Rd West,,Manhasset,11030,1698000,1575000,Colonial,6,3.500,Partial,2 Car Attached,6,29530.00,CL,2/22/2019,9/20/2019,9/13/2019,11/04/2019,202,Det,1,1,3103137
215,,Manhasset Woods,Road,Manhasset,11030,1798000,1700000,Colonial,5,3.500,"Full,Finished",1 Car Attached,6,23702.00,CL,5/10/2019,11/09/2019,11/06/2019,2/03/2020,180,Det,1,1,3127736
269,,Crabapple,Road,Manhasset,11030,1400000,1270000,Exp Ranch,5,3.000,Full,2 Car Attached,6,14346.32,CL,11/28/2016,11/22/2017,12/23/2016,5/15/2017,25,Det,1,1,2898704
255,,Nassau,Avenue,Manhasset,11030,1450000,1453500,Colonial,3,2.500,Full,1 Car Attached,6,16451.00,CL,3/16/2018,9/16/2018,4/14/2018,5/21/2018,29,Att,1,1,3012608
49,,George,Street,Manhasset,11030,1225000,1100000,Colonial,3,1.500,"Full,Unfinished",,6,16293.00,CL,8/01/2019,7/12/2020,8/22/2019,1/02/2020,21,Det,1,1,3152456
15,,Bristol,Drive,Manhasset,11030,1748000,1645000,Colonial,6,3.500,Full,2 Car Attached,6,29552.46,CL,9/03/2019,9/03/2020,11/27/2019,2/06/2020,85,Det,1,1,3160672
130,,Plandome,Court,Manhasset,11030,1099900,999000,Cape,4,2.500,Full,Detached,6,22389.58,CL,9/11/2019,12/11/2019,10/17/2019,1/10/2020,36,Det,1,1,3163706
42,,Woodland,Drive,Oyster Bay Cove,11771,1299000,1225000,Ranch,5,4.500,"Full,Finished",2 Car Attached,6,33435.21,CL,7/13/2018,7/13/2019,3/18/2019,5/29/2019,248,Det,1,1,3048049
5,,Combes,Drive,Manhasset,11030,1269000,1240000,Colonial,3,2.500,"Full,Partially Finished",1 Car Attached,6,14654.00,CL,4/05/2019,10/05/2019,5/05/2019,7/19/2019,30,Det,1,1,3116308
85,,West,Drive,Manhasset,11030,828000,805000,Cape,3,3.500,"Full,Finished",,6,12107.52,CL,7/13/2017,7/12/2018,9/05/2017,11/29/2017,54,Det,1,1,2954887
3503,,Waverly,Avenue,Wantagh,11793,899999,899999,Colonial,4,2.500,Full,2 Car Attached,6,0.00,CL,6/24/2018,12/24/2018,10/05/2018,12/28/2018,103,Det,1,1,3042521
72,,Cove,Road,Oyster Bay,11771,998000,935000,Colonial,4,3.000,"Partial,Partially Finished",1 Car Detached,6,21627.96,CL,2/22/2018,2/22/2019,5/25/2018,9/05/2018,91,Det,1,1,3006705
39,,Mill River,Road,Upper Brookville,11771,1495000,1195000,Colonial,6,7.550,"Full,Finished",3 Car Attached,6,53041.26,CL,1/08/2019,7/08/2019,5/23/2019,7/03/2019,134,Det,1,1,3091699
5,,Laurel Cove,Road,Oyster Bay Cove,11771,1698000,1540000,Colonial,7,5.550,"Full,Partially Finished",3 Car Detached,6,24558.40,CL,6/06/2017,8/31/2018,6/15/2018,8/29/2018,374,Det,1,1,2944718
420,,Park,Avenue,Manhasset,11030,1100000,1320000,Colonial,4,3.500,"Full,Unfinished",,6,20423.00,CL,8/31/2017,8/21/2018,9/29/2017,11/17/2017,29,Det,1,1,2967456
63,,Hilltop,Drive,Manhasset,11030,1350000,1250000,Colonial,3,1.500,"Full,Finished",1 Car Attached,6,16118.64,CL,4/02/2018,8/31/2018,5/10/2018,8/14/2018,38,Det,1,1,3016763
80,,Bourndale Rd N,,Manhasset,11030,1089000,1250000,Colonial,3,2.500,Full,1 Car Attached,6,11342.00,CL,2/02/2017,8/01/2017,3/03/2017,5/08/2017,29,Det,1,1,2910895
155,,Northwoods,Road,Manhasset,11030,1799000,1650000,Colonial,3,2.500,Full,2 Car Attached,6,16678.00,CL,9/26/2019,3/31/2020,11/04/2019,1/30/2020,39,Det,1,1,3167815
9,,Seawanhaka,Place,Oyster Bay,11771,1395000,1310000,Cape,4,3.000,"None,Unfinished",2 Car Attached,6,30962.00,CL,5/02/2018,4/30/2019,8/31/2018,11/08/2018,121,Det,1,1,3026301
8,,Seawanhaka,Place,Oyster Bay,11771,1495000,1400000,2 Story,5,3.500,"None,Unfinished",2 Car Detached,6,21999.00,CL,5/17/2018,11/16/2018,6/25/2018,9/25/2018,39,Det,1,1,3031050
11,,Schoolhouse,Court,Oyster Bay,11771,1449000,1450000,Colonial,5,3.500,"Full,Finished",,6,19684.00,CL,5/20/2019,5/31/2020,7/30/2019,8/29/2019,71,Det,1,1,3130362
40,,Shutter,Lane,Oyster Bay Cove,11771,1395000,1350000,Colonial,4,3.500,"Partial,Partially Finished",2 Car Detached,6,31227.59,CL,9/26/2017,4/10/2018,2/09/2018,4/13/2018,136,Det,1,1,2973761
491,,Hunt,Lane,Manhasset,11030,1385000,1325000,Colonial,3,3.500,"Full,Finished",,6,15174.00,CL,4/26/2018,10/26/2018,9/20/2018,11/05/2018,147,Det,1,1,3024163
14,,Valley,Road,Manhasset,11030,1625000,1425000,Colonial,3,2.500,"None,Unfinished",,6,14921.46,CL,4/05/2019,10/05/2019,5/30/2019,2/14/2020,55,Det,1,1,3116223
646,,Plandome,Road,Manhasset,11030,1249000,1190000,Cape,4,2.000,"Full,Finished",,6,13543.41,CL,4/04/2019,10/04/2019,7/18/2019,10/04/2019,105,Det,1,1,3115953
150,,Peachtree,Drive,East Norwich,11732,985000,975000,Hi Ranch,5,4.500,"None,Unfinished",1 Car Attached,6,11730.91,CL,2/07/2019,8/07/2019,2/18/2019,4/12/2019,11,Det,1,1,3099308
32,,Peerless,Drive,Oyster Bay,11771,949000,920000,Colonial,5,3.500,"Full,Finished",,6,14003.00,CL,3/20/2019,11/21/2019,6/03/2019,8/01/2019,75,Det,1,1,3110889
448,,Roosevelt,Road,Centre Island,11771,1100000,975000,Colonial,4,2.000,"Full,Unfinished",2 Car Attached,6,26186.00,CL,4/04/2017,7/04/2017,6/13/2017,6/21/2017,70,Det,1,1,2926733
13,,Linden,Street,Manhasset,11030,1539000,1430000,Colonial,4,3.500,Full,1 Car Attached,6,0.00,CL,7/11/2019,12/31/2019,10/11/2019,11/13/2019,92,Det,1,1,3146147
10,,Longridge,Road,Manhasset,11030,1550000,1550000,Colonial,3,2.500,"Full,Finished",2 Car Attached,6,19944.16,CL,9/06/2017,5/15/2018,4/18/2018,8/31/2018,224,Det,1,1,2968767
163,N,Plandome,Court,Manhasset,11030,1349000,1280000,Colonial,4,2.500,"Partial,Finished",2 Car Attached,6,14676.00,CL,1/24/2019,6/30/2019,6/28/2019,8/08/2019,154,Det,1,1,3095859
77,,Dover,Road,Manhasset,11030,1499000,1600000,Colonial,4,3.000,"Full,Unfinished",2 Car Attached,6,25230.15,CL,4/21/2017,4/18/2018,5/05/2017,7/05/2017,14,Det,1,1,2931468
417,,Mill River,Road,Oyster Bay,11771,1325000,1265000,Colonial,6,6.555,"Full,Finished",2 Car Attached,6,26629.00,CL,6/11/2018,6/12/2020,9/22/2019,2/06/2020,468,Det,1,1,3038449
53,,Crescent Cove,Court,Seaford,11783,945000,890000,Colonial,3,4.000,"None,Unfinished",2 Car Attached,6,35855.57,CL,5/31/2018,11/30/2018,11/06/2018,12/12/2018,159,Det,1,1,3035076
5,,Birch,Court,Laurel Hollow,11771,1150000,1100000,Farm Ranch,4,3.550,"Full,Unfinished",2 Car Attached,6,21854.60,CL,1/11/2018,7/12/2018,3/30/2018,7/27/2018,77,Det,1,1,2996016
150,,Circle,Road,Muttontown,11791,1599000,1543000,Colonial,5,3.550,"Full,Finished",2 Car Attached,6,23016.97,CL,11/29/2016,6/05/2017,5/24/2017,8/10/2017,175,Det,1,1,2899044
37,,Chester,Drive,Manhasset,11030,1100000,999000,Cape,4,2.000,"Full,Partially Finished",,6,17344.03,CL,8/22/2019,2/22/2020,9/16/2019,11/08/2019,25,Det,1,1,3158177
68,,Woodland,Drive,Oyster Bay Cove,11771,1398000,1358000,Colonial,5,4.500,"Full,Finished",4+ Car Attached,6,30186.76,CL,3/01/2018,9/30/2018,7/13/2018,9/04/2018,133,Det,1,1,3008441
14,,Sherwood Gate,,Oyster Bay,11771,1300000,1270000,Contemporary,5,4.000,"Full,Unfinished",3 Car Attached,6,24763.05,CL,11/17/2017,10/30/2018,6/11/2018,8/27/2018,205,Det,1,1,2986448
84,,Cove Neck,Road,Cove Neck,11771,1675000,1200000,Farm Ranch,5,5.000,"Full,Unfinished",4+ Car Attached,6,27158.00,CL,10/30/2017,7/30/2018,4/06/2018,4/24/2018,158,Det,1,1,2982009
15,,The Hollows,,East Norwich,11732,1299000,1125000,Mediterranean,5,3.500,"Full,Finished",2 Car Attached,6,27839.65,CL,5/08/2019,10/04/2019,6/28/2019,9/12/2019,51,Det,1,1,3126614
132,,Bourndale,Road,Manhasset,11030,1699000,1625000,Colonial,4,4.500,"Full,Finished",1 Car Attached,6,21806.00,CL,8/13/2019,1/31/2020,9/12/2019,11/08/2019,30,Det,1,1,3155542
5,,Drumlin,Lane,Laurel Hollow,11771,1499000,1425000,Ranch,5,4.500,"Full,Finished",2 Car Detached,6,31903.65,CL,4/05/2018,6/30/2019,4/01/2019,5/01/2019,361,Det,1,1,3017687
6,,Kimson,Court,Manhasset,11030,899000,860000,Ranch,3,2.500,"Full,Finished",2 Car Attached,6,12913.62,CL,7/10/2019,5/01/2020,10/11/2019,1/09/2020,93,Det,1,1,3145878
349,,Harbor,Drive,Centre Island,11771,1095000,995000,Colonial,4,3.000,"Partial,Unfinished",2 Car Attached,6,17464.00,CL,5/24/2016,4/01/2018,3/09/2018,5/31/2018,654,Det,1,1,2855431
80,,Stuart,Place,Manhasset,11030,1849000,1775000,Colonial,5,2.500,Full,,6,24616.00,CL,6/14/2018,12/05/2018,10/09/2018,11/08/2018,117,Att,1,1,3039491
48,,Grinsted,Street,Manhasset,11030,1048000,1050000,Cape,3,2.500,Full,1 Car Attached,6,14636.06,CL,3/29/2017,9/29/2017,4/07/2017,7/07/2017,9,Det,1,1,2924835
51,,Deepdale,Drive,Manhasset,11030,925000,918000,Colonial,2,1.500,"Full,Unfinished",,6,13550.35,CL,10/18/2018,4/18/2019,12/27/2018,5/20/2019,70,Det,1,1,3074403
23,,Eakins,Road,Manhasset,11030,1499000,1510000,Colonial,4,3.500,"Full,Unfinished",1 Car Attached,6,19313.00,CL,1/18/2017,7/17/2017,2/23/2017,5/18/2017,36,Det,1,1,2907471
80,,Park,Avenue,Manhasset,11030,1499000,1512500,Colonial,5,2.500,"Full,Unfinished",,6,16822.00,CL,3/07/2019,9/06/2019,3/15/2019,5/07/2019,7,Det,1,1,3106930
54,,Woodedge,Road,Manhasset,11030,1199000,1235000,Colonial,3,1.500,"Full,Unfinished",1 Car Attached,6,17730.00,CL,3/08/2018,9/30/2018,4/04/2018,9/19/2018,26,Det,1,1,3010220
7,,Seawanhaka,Place,Oyster Bay,11771,885000,875000,Exp Cape,5,3.000,"Full,Unfinished",2 Car Attached,6,15497.69,CL,6/26/2017,12/13/2017,6/26/2017,8/16/2017,0,Det,1,1,*1288842
21,,Bristol,Drive,Manhasset,11030,1498000,1300000,Colonial,5,4.500,"Full,Finished",2 Car Attached,6,28017.79,CL,11/09/2018,7/01/2019,1/09/2019,6/04/2019,61,Det,1,1,*1331027
34,,Sutton,Crescent,Manhasset,11030,1400000,1350000,Colonial,3,2.500,"Full,Partially Finished",1 Car Attached,6,25000.00,CL,3/03/2019,4/30/2019,3/03/2019,3/04/2019,0,Det,1,1,*1338969
14,,Walnut,Avenue,East Norwich,11732,829000,815000,Colonial,4,2.500,"Full,Finished",1 Car Attached,6,0.00,CL,2/05/2019,2/05/2020,5/28/2019,8/28/2019,111,Det,1,1,*1339567
710,,Soundview,Road,Mill Neck,11765,1695000,1520000,Post Modern,4,3.500,"Full,Finished",3 Car Attached,6,14166.16,CL,5/20/2016,5/20/2017,3/27/2017,5/30/2017,311,Det,1,1,2854523
281,,Thrush Hollow,Road,Mill Neck,11765,1799000,1775000,Colonial,5,5.500,"Partial,Finished",3 Car Attached,6,26068.57,CL,5/29/2016,12/31/2017,6/08/2017,8/24/2017,375,Det,1,1,2856897
43,,East Gate,,Manhasset,11030,1275000,1060000,Colonial,4,2.500,"Full,Partially Finished",1 Car Attached,6,19399.00,CL,6/03/2016,5/26/2017,1/30/2017,4/27/2017,241,Det,1,1,2858276
3700,,Ocean,Avenue,Seaford,11783,939000,939000,Colonial,4,2.500,"Crawl,Unfinished",,6,15202.98,CL,6/06/2016,6/06/2017,3/16/2017,5/01/2017,283,Det,1,1,2858824
800,,Connecticut View,Drive,Mill Neck,11765,1375000,1330000,Colonial,4,4.500,"Full,Partially Finished",2 Car Attached,6,7962.08,CL,6/14/2016,6/16/2018,9/08/2017,11/09/2017,451,Det,1,1,2861147
21,,Allston,Place,Manhasset,11030,1350000,1355000,Colonial,5,3.000,"Full,Unfinished",2 Car Attached,6,18771.83,CL,6/27/2016,6/27/2017,2/06/2017,4/03/2017,224,Det,1,1,2864461
960,,Plandome,Road,Manhasset,11030,1725000,1691000,Colonial,5,3.550,"Full,Unfinished",2 Car Detached,6,18379.00,CL,7/01/2016,1/25/2018,1/30/2017,3/27/2017,213,Det,1,2,2865612
66,,Cove,Road,Oyster Bay Cove,11771,1515000,1460000,Colonial,6,5.550,"Full,Unfinished",3 Car Detached,6,33399.67,CL,7/05/2016,11/01/2017,8/21/2017,11/03/2017,412,Det,1,1,2866388
511,,Centre Island,Road,Centre Island,11771,1799000,1750000,Victorian,5,5.500,"Full,Finished",3 Car Detached,6,34221.43,CL,7/19/2016,7/19/2017,3/17/2017,4/18/2017,241,Det,1,1,2870094
340,,Park,Avenue,Manhasset,11030,1458000,1458000,Colonial,5,4.000,Full,1 Car Detached,6,23170.29,CL,7/20/2016,3/30/2017,2/27/2017,4/24/2017,222,Det,1,1,2870311
450,,Roosevelt,Road,Centre Island,11771,1495000,1250000,Colonial,4,3.500,"None,Unfinished",2 Car Attached,6,32287.00,CL,8/11/2016,5/11/2017,3/09/2017,4/10/2017,210,Det,1,1,2875726
3,,Harris,Court,Great Neck,11021,1249000,1145000,Colonial,4,2.500,"Full,Finished",2 Car Attached,6,18815.00,CL,9/24/2016,3/21/2017,1/18/2017,3/27/2017,116,Det,1,1,2885752
44,,Timber Ridge,Drive,Laurel Hollow,11771,949000,895000,Contemporary,5,3.500,"Full,Finished",2 Car Attached,6,23285.33,CL,9/29/2016,4/15/2017,2/03/2017,5/12/2017,127,Det,1,1,2886879
79,,Onderdonk,Avenue,Manhasset,11030,1289000,1200000,2 Story,6,2.000,"Full,Finished",2 Car Detached,6,15094.00,CL,10/04/2016,12/30/2017,10/11/2017,1/22/2018,372,Det,2,2,2888046
40,,Marlboro,Road,Manhasset,11030,1299000,1230000,Colonial,3,2.500,Full,1 Car Attached,6,15056.00,CL,10/05/2016,6/06/2017,2/13/2017,5/08/2017,131,Det,1,1,2888199
429,,Mill River,Road,Oyster Bay,11771,1495000,1425000,Colonial,4,4.500,"Partial,Unfinished",,6,26710.33,CL,10/10/2016,10/10/2017,6/19/2017,8/21/2017,252,Det,1,1,2889183
20,,Joseph,Lane,East Norwich,11732,869000,850000,Colonial,6,4.500,"Full,Unfinished",2 Car Attached,6,19512.00,CL,11/02/2016,5/01/2017,2/23/2017,5/17/2017,113,Det,1,1,2893962
49,,Rolling Hill,Road,Manhasset,11030,1899000,1799000,Colonial,5,3.000,"Full,Unfinished",1 Car Attached,6,24169.60,CL,11/29/2016,11/29/2017,12/22/2016,4/13/2017,23,Det,1,1,2899014
311,,Mill Hill,Road,Mill Neck,11765,1620000,1200000,Estate,4,2.500,"Partial,Unfinished",,6,20200.00,CL,12/07/2016,7/31/2018,5/10/2018,7/25/2018,518,Det,1,1,2900755
9,,Anchor,Court,Oyster Bay,11771,869000,850000,Colonial,4,3.500,"Partial,Unfinished",2 Car Attached,6,18324.00,CL,1/03/2017,8/31/2017,6/28/2017,8/25/2017,175,Det,1,1,2904140
139,,Rolling Hill,Road,Manhasset,11030,1350000,1300000,Exp Ranch,4,1.500,"Full,Finished",2 Car Attached,6,22277.00,CL,1/16/2017,7/13/2017,3/27/2017,7/18/2017,69,Det,1,1,2906902
105,,Old Mill,Road,Manhasset,11030,1098000,1300000,Tudor,3,2.500,Full,1 Car Attached,6,13894.91,CL,1/18/2017,7/18/2017,1/31/2017,5/01/2017,13,Det,1,1,2907466
62,,Andrew,Street,Manhasset,11030,1150000,1150000,Colonial,3,2.500,"Full,Partially Finished",2 Car Detached,6,11382.66,CL,1/19/2017,9/30/2017,2/08/2017,6/02/2017,20,Det,1,1,2907929
34,,Grandview,Circle,Manhasset,11030,1048000,999000,Tudor,3,1.500,"Full,Finished",1 Car Detached,6,14315.89,CL,1/27/2017,7/31/2017,6/12/2017,8/25/2017,135,Det,1,1,2910030
,,Old Mill,Road,Manhasset,11030,1399000,1438000,Colonial,4,2.500,"Full,Unfinished",2 Car Attached,6,16170.57,CL,2/09/2017,8/10/2017,2/21/2017,4/27/2017,12,Det,1,1,2912665
103,,Bay Driveway,,Manhasset,11030,1110000,1075000,Colonial,3,1.500,"Full,Unfinished",,6,13749.00,CL,2/09/2017,10/16/2017,11/06/2017,1/22/2018,270,Det,1,1,2912683
125,,Centre Island,Road,Centre Island,11771,1549000,1450000,Colonial,5,3.500,"Full,Unfinished",3 Car Attached,6,51116.48,CL,2/27/2017,2/27/2018,11/21/2017,12/28/2017,267,Det,1,1,2916882
134,,Old Mill,Road,Manhasset,11030,1695000,1725000,Tudor,4,2.500,"Full,Finished",2 Car Attached,6,15396.00,CL,3/01/2017,8/12/2017,3/10/2017,4/21/2017,9,Det,1,1,2917473
5,,Colony,Lane,Manhasset,11030,1399000,1399000,Hi Ranch,4,3.000,"None,Unfinished",2 Car Attached,6,17925.00,CL,3/15/2017,9/12/2017,3/30/2017,5/02/2017,15,Det,1,1,2921165
54,,Andrew,Road,Manhasset,11030,1125000,1285200,Colonial,4,3.000,"Full,Finished",,6,10374.60,CL,3/18/2017,9/17/2017,4/07/2017,6/29/2017,20,Det,1,1,2922148
11,,Sunken Orchard,Lane,Oyster Bay Cove,11771,999999,937000,Colonial,5,3.000,"Crawl,Unfinished",,6,20336.00,CL,3/24/2017,9/30/2017,9/22/2017,11/21/2017,182,Det,1,2,2923769
610,,Park,Avenue,Manhasset,11030,1599000,1700000,Colonial,3,3.500,"Full,Finished",2 Car Attached,6,19943.68,CL,3/29/2017,9/22/2017,4/07/2017,6/20/2017,9,Det,1,1,2924966
8,,Schoolhouse,Place,Oyster Bay,11771,1199000,1160000,Split Level,4,2.500,"Full,Finished",,6,22650.34,CL,4/14/2017,7/31/2017,8/07/2017,11/28/2017,115,Det,1,1,2929337
253,,Sugar Toms,Lane,East Norwich,11732,879000,875000,Raised Ranch,3,3.000,Full,2 Car Attached,6,17034.17,CL,4/17/2017,10/17/2017,5/13/2017,8/01/2017,26,Det,1,1,2929890
607,,Park,Avenue,Manhasset,11030,1350000,1351000,Cape,3,3.000,Full,1 Car Attached,6,18551.94,CL,4/21/2017,10/20/2017,5/08/2017,8/07/2017,17,Det,1,1,2931316
10,,Blueberry,Lane,Oyster Bay,11771,1095000,1025000,Colonial,5,3.500,"Full,Finished",1 Car Attached,6,22575.86,CL,4/24/2017,10/21/2017,6/22/2017,7/21/2017,59,Det,1,1,2931840
47,,Woodland,Way,Manhasset,11030,1798000,1726500,Tudor,5,3.000,"Full,Unfinished",2 Car Attached,6,18156.00,CL,5/02/2017,9/30/2017,5/16/2017,6/08/2017,14,Att,1,1,2935334
33,,Walnut,Avenue,East Norwich,11732,899000,870000,Colonial,4,2.500,"Full,Unfinished",1 Car Attached,6,0.00,CL,5/06/2017,12/30/2017,12/11/2017,1/30/2018,219,Det,1,1,2935841
21,,Circle,Drive,Manhasset,11030,1100000,995000,Mediterranean,5,4.000,Full,,6,17072.00,CL,5/10/2017,5/10/2018,6/12/2017,7/20/2017,33,Det,1,1,2936929
35,,The Waterway,,Manhasset,11030,1499000,1625000,Colonial,4,2.500,Full,,6,20337.71,CL,5/11/2017,10/10/2017,5/18/2017,8/09/2017,7,Det,1,1,2937299
44,,Old Ox,Road,Manhasset,11030,1475000,1360000,Tudor,4,2.500,"Full,Finished",1 Car Attached,6,19115.00,CL,5/16/2017,11/16/2017,7/01/2017,8/28/2017,46,Det,1,1,2938759
164,,Abbey,Road,Manhasset,11030,1325000,1350000,Cape,4,2.000,"Full,Unfinished",1 Car Attached,6,14215.56,CL,5/17/2017,10/31/2017,5/26/2017,8/14/2017,9,Det,1,1,2939078
59,,Shoreview,Road,Manhasset,11030,1098000,1200000,Colonial,3,1.500,Full,1 Car Attached,6,13704.00,CL,5/24/2017,11/23/2017,6/01/2017,8/09/2017,8,Det,1,1,2941124
121,,Park Ave,,Manhasset,11030,1590000,1575000,Colonial,3,5.000,"Full,Finished",,6,12700.00,CL,5/26/2017,12/31/2017,7/16/2017,9/06/2017,51,Det,1,1,2941601
353,,Park,Avenue,Manhasset,11030,1299000,1355000,Colonial,3,2.500,Full,1 Car Attached,6,18854.05,CL,5/30/2017,11/30/2017,6/15/2017,8/29/2017,16,Att,1,1,2943069
36,,Sully,Drive,Manhasset,11030,1450000,1250000,Colonial,5,3.550,"Full,Finished",2 Car Attached,6,19316.00,CL,6/01/2017,10/31/2018,7/02/2018,9/24/2018,396,Det,1,1,2943138
45,,Allen,Drive,Great Neck,11020,915000,845000,Victorian,7,4.000,"Full,Finished",,6,14000.00,CL,4/24/2017,6/01/2018,6/20/2017,10/30/2017,57,Det,1,1,2943377
5,,Barnard,Place,Manhasset,11030,1749000,1670000,Colonial,4,3.500,Full,2 Car Attached,6,27570.84,CL,6/24/2017,6/20/2018,7/14/2017,9/27/2017,20,Det,1,1,2949771
27,,Tiffany,Road,Oyster Bay Cove,11771,1095000,1023000,Exp Ranch,6,3.500,"Full,Finished",2 Car Attached,6,23519.78,CL,6/28/2017,6/28/2018,2/15/2018,4/09/2018,232,Det,1,1,2950806
339,,Meadow,Lane,Mill Neck,11765,1595000,1475000,Exp Ranch,5,4.500,"Full,Finished",2 Car Attached,6,24141.57,CL,7/20/2017,7/20/2018,11/22/2017,3/02/2018,125,Det,1,1,2956870
423,,Centre Island,Road,Centre Island,11771,1450000,1350000,Colonial,4,4.000,"Partial,Finished",1 Car Detached,6,15536.62,CL,7/24/2017,7/15/2018,6/11/2018,8/01/2018,322,Det,1,1,2957679
165,,Hunters,Drive,Muttontown,11791,1190000,940000,Colonial,4,3.000,"Full,Partially Finished",2 Car Attached,6,22787.77,CL,7/26/2017,1/26/2018,1/23/2018,3/23/2018,181,Det,1,1,2958412
86,,Woodedge,Road,Manhasset,11030,1649000,1625000,Colonial,3,2.500,Full,1 Car Attached,6,11270.78,CL,7/24/2017,12/31/2017,8/08/2017,9/11/2017,15,Det,1,1,2958415
123,,Centre Island,Road,Centre Island,11771,1450000,1100000,Contemporary,5,5.500,Full,3 Car Attached,6,50093.00,CL,7/26/2017,12/31/2017,11/06/2017,12/28/2017,103,Det,1,1,2958657
23,,Highmeadow,,Manhasset,11030,1444000,1410000,Tudor,3,2.500,"Full,Finished",Attached,6,13539.73,CL,7/27/2017,10/31/2017,10/11/2017,12/18/2017,76,Det,1,1,2959243
980,,Seaview,Drive,Mill Neck,11765,995000,942500,Ranch,5,4.000,"Full,Partially Finished",2 Car Attached,6,16394.20,CL,8/01/2017,12/31/2017,11/20/2017,3/12/2018,111,Det,1,1,2959891
95,,Shoreview,Road,Manhasset,11030,1125000,1104000,Tudor,3,1.500,"Full,Unfinished",2 Car Attached,6,14273.62,CL,8/09/2017,2/09/2018,10/25/2017,2/14/2018,77,Det,1,1,2961986
761,,Plandome,Road,Manhasset,11030,1499000,1465000,Colonial,4,1.500,"Full,Finished",2 Car Detached,6,18845.52,CL,8/12/2017,8/08/2018,11/17/2017,1/05/2018,97,Det,1,1,2962848
316,,Mill Hill Rd,,Mill Neck,11765,1299900,1299900,Modern,7,5.500,"Full,Finished",4+ Car Attached,6,54372.00,CL,8/18/2017,11/17/2017,9/12/2017,10/06/2017,25,Det,1,1,2964588
777,,Plandome,Road,Manhasset,11030,1249000,1185000,Colonial,3,2.500,"Full,Unfinished",2 Car Detached,6,13314.02,CL,8/22/2017,12/31/2018,11/01/2017,2/27/2018,71,Det,1,1,2965142
67,,Aldershot,Lane,Manhasset,11030,1450000,1450000,Tudor,4,2.500,"Full,Unfinished",2 Car Attached,6,16422.00,CL,9/14/2017,9/14/2018,10/13/2017,11/21/2017,29,Det,1,1,2971135
168,,Quaker Ridge,Road,Manhasset,11030,1399000,1325000,Colonial,3,1.500,"Full,Finished",1 Car Attached,6,11903.00,CL,10/11/2017,4/11/2018,11/06/2017,12/22/2017,26,Det,1,1,2977658
5,,Oak Hill,Drive,Oyster Bay,11771,879000,859000,Raised Ranch,5,3.000,"None,Unfinished",4+ Car Attached,6,12623.00,CL,10/18/2017,1/02/2018,11/22/2017,12/15/2017,35,Att,1,1,2979236
278,,Crabapple,Road,Manhasset,11030,1599000,1560000,Ranch,3,2.500,"Full,Unfinished",2 Car Attached,6,15445.75,CL,10/18/2017,3/15/2018,10/31/2017,3/02/2018,13,Det,1,1,2979336
22,,Homewood,Drive,Manhasset,11030,1090000,1165000,Colonial,3,2.500,"Full,Finished",1 Car Attached,6,10273.00,CL,10/19/2017,4/19/2018,11/05/2017,2/01/2018,17,Det,1,1,2979798
241,,Nassau,Avenue,Manhasset,11030,1299000,1150000,Colonial,4,1.500,"Full,Unfinished",1 Car Attached,6,17025.00,CL,10/26/2017,10/01/2018,2/16/2018,8/29/2018,113,Det,1,1,2981262
76,,Cove Neck,Road,Cove Neck,11771,1349000,1120000,Ranch,5,4.550,"Full,Unfinished",2 Car Detached,6,21915.26,CL,11/02/2017,6/30/2018,11/05/2018,3/21/2019,368,Det,1,1,2982742
136,,Shoreview,Road,Manhasset,11030,1250000,1140000,Colonial,4,3.500,Full,1 Car Attached,6,15438.62,CL,11/01/2017,5/03/2018,4/13/2018,6/22/2018,163,Det,1,1,2983075
3678,,Roanoke,Street,Seaford,11783,849000,825000,Colonial,4,2.500,"Crawl,Unfinished",,6,0.00,CL,11/11/2017,6/01/2018,3/13/2018,5/04/2018,121,Det,1,1,2985120
266,,Thompson Shore,Road,Manhasset,11030,899000,920000,Cape,4,2.000,Full,1 Car Attached,6,11589.76,CL,11/30/2017,5/21/2018,1/09/2018,3/28/2018,40,Det,1,1,2988546
2,,South,Road,Oyster Bay Cove,11771,1045000,999999,Farm Ranch,5,3.500,"Full,Finished",,6,24759.79,CL,1/10/2018,8/01/2018,3/16/2018,5/23/2018,64,Att,1,1,2995815
12,,Rugby Road,,Manhasset,11030,1199999,1125000,Colonial,4,3.500,"Full,Finished",1 Car Attached,6,14486.71,CL,1/17/2018,7/15/2018,7/05/2018,9/17/2018,168,Att,1,1,2997131
55,,Van Arsdale,Place,Manhasset,11030,1129000,1098000,Split Level,3,2.000,"Full,Unfinished",2 Car Attached,6,11884.69,CL,1/18/2018,7/17/2018,6/12/2018,7/09/2018,144,Det,1,1,2997640
103,,Andrew,Road,Manhasset,11030,1379000,1330000,Colonial,4,2.500,Full,1 Car Attached,6,18935.00,CL,2/06/2018,7/01/2018,2/19/2018,4/19/2018,13,Det,1,1,3002343
78,,Hilltop,Drive,Manhasset,11030,1338000,1460000,Colonial,3,2.500,Full,,6,19645.75,CL,2/07/2018,8/08/2018,2/22/2018,5/14/2018,15,Att,1,1,3002556
6,,Willow Court,,Manhasset,11030,1798000,1640000,Colonial,4,3.500,Full,,6,18813.00,CL,2/18/2018,8/15/2018,3/07/2018,4/30/2018,17,Det,1,1,3005400
455,,Dogwood,Lane,Manhasset,11030,1399000,1350000,Colonial,3,2.500,Full,1 Car Attached,6,19251.39,CL,2/19/2018,8/20/2018,3/17/2018,4/27/2018,25,Det,1,1,3005563
47,,Colony,Lane,Manhasset,11030,1799000,1750000,Colonial,5,3.500,"Full,Unfinished",,6,27575.22,CL,3/06/2018,9/07/2018,3/16/2018,5/17/2018,9,Det,1,1,3009674
62,,Borglum,Road,Manhasset,11030,1199000,1187000,Colonial,4,3.000,"Full,Unfinished",2 Car Attached,6,17815.00,CL,3/07/2018,10/31/2018,9/19/2018,11/13/2018,195,Det,1,1,3010007
45,,Brookwold,Drive,Manhasset,11030,1199000,1025000,Cape,3,2.500,"Full,Unfinished",,6,9839.00,CL,3/07/2018,9/05/2018,5/08/2018,7/19/2018,61,Det,1,1,3010046
1060,,Plandome,Road,Manhasset,11030,1399000,1280000,Hi Ranch,6,4.000,"None,Unfinished",2 Car Attached,6,34777.01,CL,3/08/2018,12/24/2018,11/14/2018,2/14/2019,251,Att,1,1,3010290
67,,Highland,Terrace,Manhasset,11030,1299000,1269000,Hi Ranch,4,3.000,"None,Unfinished",2 Car Attached,6,10588.18,CL,3/14/2018,9/14/2018,3/29/2018,5/21/2018,15,Det,1,1,3011992
66,,Centre,Drive,Manhasset,11030,948000,900000,Exp Cape,4,2.000,"Full,Finished",1 Car Attached,6,13609.13,CL,3/21/2018,12/31/2018,4/27/2018,7/27/2018,37,Det,1,1,3013855
78,,Gaynor,Avenue,Manhasset,11030,1199000,1250000,Tudor,3,2.500,"Partial,Finished",1 Car Detached,6,15396.00,CL,3/23/2018,10/01/2018,4/18/2018,8/31/2018,26,Det,1,1,3014297
59,,Sherry Hill,Lane,Manhasset,11030,1590000,1500000,Colonial,3,2.500,"Full,Finished",1 Car Attached,6,19951.00,CL,4/02/2018,9/30/2018,10/08/2018,4/01/2019,189,Det,1,1,3016864
250,,Nassau,Avenue,Manhasset,11030,1688000,1640000,Colonial,5,4.500,"Full,Finished",Private Parking,6,20823.00,CL,4/04/2018,9/09/2018,4/18/2018,6/21/2018,14,Det,1,1,3017344
75,,Thayer Road,,Manhasset,11030,1199000,1125000,Colonial,4,2.000,"Partial,Unfinished",2 Car Detached,6,10839.08,CL,4/12/2018,10/31/2018,5/17/2018,7/17/2018,35,Det,1,1,3020071
290,,Thompson Shore,Road,Manhasset,11030,1048000,995000,Hi Ranch,4,3.000,"None,Unfinished",2 Car Attached,6,14964.00,CL,4/13/2018,10/11/2018,8/08/2018,8/31/2018,117,Det,1,1,3020247
155,,Manhasset,Avenue,Manhasset,11030,928800,933800,Cape,4,2.000,"Full,Unfinished",1 Car Attached,6,9342.44,CL,4/13/2018,10/13/2018,5/02/2018,7/02/2018,19,Det,1,1,3020454
112,,Old Mill,Road,Manhasset,11030,879900,930000,Colonial,3,2.000,"Full,Partially Finished",,6,14404.00,CL,4/16/2018,10/18/2018,5/02/2018,5/30/2018,16,Det,1,1,3020984
19,,Sargent,Place,Manhasset,11030,1698000,1675000,Colonial,3,3.500,Full,2 Car Attached,6,22388.00,CL,4/25/2018,10/24/2018,6/18/2018,8/20/2018,54,Det,1,1,3024009
62,,Castle Ridge,Road,Manhasset,11030,1750000,1680000,Colonial,5,4.000,"Full,Finished",2 Car Attached,6,23473.00,CL,4/30/2018,12/31/2018,10/03/2018,11/09/2018,156,Det,1,1,3025127
422,,Mill River,Road,Upper Brookville,11771,1248000,1165000,Colonial,5,3.500,"Full,Finished",2 Car Attached,6,31196.00,CL,5/02/2018,11/15/2018,7/18/2018,10/30/2018,77,Det,1,1,3026026
287,,Park,Avenue,Manhasset,11030,1795000,1795000,Colonial,5,2.500,Full,2 Car Detached,6,14382.00,CL,5/03/2018,11/01/2018,6/25/2018,9/04/2018,53,Det,1,1,3026629
34,,Beechwood,Avenue,Manhasset,11030,999000,850000,Colonial,3,1.000,Full,1 Car Detached,6,10166.02,CL,5/04/2018,11/23/2018,7/03/2018,8/01/2018,60,Det,1,1,3027009
80,,Strathmore Road,,Manhasset,11030,1199000,1250000,Colonial,3,2.000,"Full,Unfinished",1 Car Attached,6,14162.00,CL,5/10/2018,7/29/2018,5/15/2018,8/10/2018,5,Det,1,1,3028897
261,,Kensett,Road,Manhasset,11030,1699000,1660000,Colonial,4,3.000,Full,2 Car Attached,6,24453.00,CL,5/18/2018,11/18/2018,7/27/2018,1/31/2019,70,Det,1,1,3031457
10,,Country Club,Drive,Manhasset,11030,1788000,1680000,Victorian,4,3.500,Full,2 Car Attached,6,35519.00,CL,5/29/2018,12/28/2018,6/13/2018,8/28/2018,15,Det,1,1,3034075
363,,Mill River,Road,Muttontown,11771,1495000,1395000,Farm Ranch,3,2.500,"Partial,Partially Finished",,6,16082.00,CL,5/30/2018,5/30/2019,7/06/2018,9/12/2018,37,Det,1,1,3034510
48,,Andrew,Road,Manhasset,11030,1549000,1500000,Colonial,4,2.500,"Full,Unfinished",,6,16107.35,CL,5/29/2018,12/01/2018,6/11/2018,7/27/2018,13,Det,1,1,3034895
355,,Harbor,Drive,Centre Island,11771,1295000,1240000,Colonial,3,2.500,"Full,Unfinished",,6,15365.00,CL,6/07/2018,6/08/2019,6/23/2018,9/21/2018,16,Det,1,1,3037293
300,,Thompson Shore,Road,Manhasset,11030,999000,999500,Hi Ranch,4,3.000,"Full,Finished",2 Car Attached,6,11875.00,CL,6/15/2018,6/13/2019,7/05/2018,8/31/2018,20,Det,1,1,3039845
61,,Webster,Avenue,Manhasset,11030,978000,978000,Colonial,3,2.500,"Full,Partially Finished",1 Car Attached,6,16878.00,CL,6/20/2018,12/31/2018,7/13/2018,9/13/2018,23,Det,1,1,3041150
217,,Old Mill,Road,Manhasset,11030,959000,859000,Colonial,3,1.500,Full,1 Car Attached,6,14316.00,CL,6/20/2018,9/20/2018,7/12/2018,10/12/2018,22,Det,1,1,3041217
34,,Woodcut,Lane,Manhasset,11030,1549000,1527000,Tudor,4,2.500,Full,1 Car Attached,6,16198.00,CL,6/20/2018,12/31/2018,8/02/2018,9/05/2018,43,Att,1,1,3041244
1,,Brookwold,Drive,Manhasset,11030,1288000,1385000,Colonial,3,2.500,"Full,Partially Finished",,6,17419.00,CL,6/27/2018,12/22/2018,7/16/2018,9/28/2018,19,Det,1,1,3043313
5,,Winthrope,Road,Manhasset,11030,1399000,1367500,Colonial,3,2.500,Full,2 Car Attached,6,16745.00,CL,6/27/2018,11/11/2018,7/23/2018,8/21/2018,26,Det,1,1,3043521
1773,,Monroe,Avenue,Seaford,11783,999000,995000,Colonial,5,3.000,"Full,Unfinished",2 Car Attached,6,12694.47,CL,6/28/2018,6/28/2019,7/30/2018,11/05/2018,32,Det,1,1,3044010
14,,2nd,Street,Manhasset,11030,1089000,1075000,Colonial,4,3.000,"Full,Partially Finished",,6,11695.00,CL,7/06/2018,10/31/2018,7/19/2018,8/24/2018,13,Det,1,1,3046072
189,,Rockcrest,Road,Manhasset,11030,1699000,1650000,Tudor,4,3.500,"Full,Finished",1 Car Attached,6,27575.00,CL,7/09/2018,1/09/2019,7/30/2018,10/04/2018,21,Det,1,1,3046499
46,,Pickwick,Road,Manhasset,11030,1498000,1400000,Colonial,4,2.500,"Partial,Finished",1 Car Attached,6,26294.00,CL,7/16/2018,3/31/2019,3/13/2019,4/25/2019,240,Det,1,1,3048516
174,,Ryder Road,,Manhasset,11030,1445000,1471000,Colonial,3,2.000,"Full,Finished",1 Car Detached,6,18143.00,CL,7/18/2018,1/18/2019,8/02/2018,9/28/2018,15,Det,1,1,3049324
152,,Royston,Lane,Oyster Bay Cove,11771,1349999,1186000,Contemporary,4,5.500,"None,Unfinished",2 Car Attached,6,28027.00,CL,7/27/2018,7/26/2019,1/09/2019,4/29/2019,166,Det,1,1,3052088
6207,,Northern,Boulevard,East Norwich,11732,1099000,985000,Contemporary,4,3.000,"Full,Finished",2 Car Attached,6,15126.40,CL,7/31/2018,1/23/2019,9/20/2018,12/11/2018,51,Det,1,1,3053167
79,,Colonial,Parkway,Manhasset,11030,1849000,1685000,Colonial,5,3.000,Full,,6,21232.00,CL,8/01/2018,2/01/2019,9/24/2018,12/21/2018,54,Det,1,1,3054047
51,,Old Estate,Road,Manhasset,11030,1525000,1461200,Colonial,4,3.000,Full,,6,21321.17,CL,8/06/2018,7/01/2019,3/26/2019,6/11/2019,232,Det,1,1,3054740
,,Berry Hill,Road,Oyster Bay Cove,11771,999400,999400,Ranch,4,4.000,"None,Unfinished",1 Car Attached,6,17783.05,CL,8/07/2018,12/31/2018,8/27/2018,11/26/2018,20,Det,1,1,3055145
127,,Clocks,Boulevard,Massapequa,11758,899000,805000,Colonial,4,3.000,"Crawl,Unfinished",,6,13110.75,CL,8/28/2018,6/01/2019,10/09/2018,4/05/2019,42,Det,1,1,3060498
65,,Shutter,Lane,Oyster Bay Cove,11771,1150000,1150000,Colonial,6,5.000,"Partial,Unfinished",2 Car Attached,6,21225.00,CL,8/29/2018,5/29/2019,10/05/2018,1/15/2019,37,Det,1,1,3060850
45,,Van Arsdale,Place,Manhasset,11030,1558000,1545000,Split Level,4,3.000,"Full,Finished",1 Car Attached,6,13150.00,CL,9/10/2018,3/10/2019,10/04/2018,1/22/2019,24,Det,1,1,3064386
107,,Aldershot,Lane,Manhasset,11030,1585000,1505000,Colonial,5,2.500,Full,1 Car Attached,6,20600.00,CL,9/12/2018,3/05/2019,1/11/2019,3/14/2019,121,Det,1,1,3064490
81,,Cove,Drive,Manhasset,11030,1449000,1390000,Colonial,4,2.500,"Full,Finished",2 Car Attached,6,20434.90,CL,9/19/2018,9/17/2019,1/28/2019,3/11/2019,131,Det,1,1,3066329
20,,Ridge,Drive,Manhasset,11030,898000,935000,Cape,4,2.000,"Full,Unfinished",1 Car Detached,6,9729.00,CL,9/26/2018,3/24/2019,10/06/2018,12/12/2018,10,Det,1,1,3068250
20,,Dartmouth,Road,Manhasset,11030,1480000,1450000,Colonial,3,2.500,"Partial,Finished",Under Home/Ground,6,18205.00,CL,9/26/2018,9/23/2019,10/16/2018,12/31/2018,20,Det,1,1,3068540
89,,Deepdale,Drive,Manhasset,11030,1489000,1410000,Colonial,3,2.500,"Partial,Unfinished",1 Car Attached,6,20340.00,CL,10/04/2018,10/04/2019,11/26/2018,12/28/2018,53,Det,1,1,3070659
36,,Bay Driveway,,Manhasset,11030,1599000,1625000,Colonial,4,3.500,Full,1 Car Attached,6,21800.00,CL,10/04/2018,12/25/2018,10/17/2018,1/15/2019,13,Det,1,1,3070750
63,,Vanderbilt,Road,Manhasset,11030,1375000,1200000,Colonial,4,3.000,Full,2 Car Attached,6,19366.64,CL,10/05/2018,12/29/2018,12/19/2018,1/24/2019,75,Det,1,1,3071162
48,,Normandy,Lane,Manhasset,11030,1338000,1328000,Colonial,3,2.500,Full,,6,15113.55,CL,10/18/2018,4/15/2019,3/26/2019,5/15/2019,159,Det,1,1,3074362
145,,Nassau,Avenue,Manhasset,11030,1499000,1340000,Colonial,4,2.500,"Full,Finished",,6,18450.00,CL,10/26/2018,3/31/2019,11/24/2018,2/15/2019,29,Det,1,1,3076695
162,,Remington,Road,Manhasset,11030,1823000,1765000,Colonial,4,2.500,Full,2 Car Attached,6,27503.63,CL,11/05/2018,4/09/2019,1/20/2019,4/15/2019,76,Det,1,1,3079402
102,,Quaker Ridge,Road,Manhasset,11030,1198000,1125000,Tudor,4,2.500,"Full,Unfinished",1 Car Attached,6,11774.00,CL,11/21/2018,6/30/2019,5/18/2019,8/02/2019,177,Att,1,1,3082599
22,,Rolling Hill,Road,Manhasset,11030,990000,960300,Tudor,4,3.000,"Full,Partially Finished",1 Car Attached,6,15021.00,CL,11/29/2018,11/28/2019,2/15/2019,7/10/2019,78,Det,1,1,3084093
61,,Fairway,Circle,Manhasset,11030,1588000,1470000,Townhouse,4,3.500,"Full,Finished",2 Car Attached,6,13842.00,CL,12/07/2018,6/30/2019,2/05/2019,4/22/2019,60,Att,1,1,3085758
27,,Crescent Cove,Drive,Seaford,11783,899888,840000,Colonial,3,2.500,"Crawl,Unfinished",2 Car Detached,6,30877.00,CL,12/07/2018,4/15/2019,4/02/2019,5/30/2019,115,Att,1,1,3085761
2092,,Fir,Street,Wantagh,11793,839000,815000,Colonial,4,2.500,"Full,Unfinished",1 Car Attached,6,0.00,CL,1/03/2019,7/02/2019,4/18/2019,6/14/2019,104,Det,1,1,3089928
115,,Andrew,Road,Manhasset,11030,1228000,1210000,Tudor,3,1.500,"Full,Unfinished",1 Car Attached,6,12300.00,CL,1/03/2019,7/03/2019,1/10/2019,1/31/2019,7,Att,1,1,3090056
49,,Pickwick,Road,Manhasset,11030,1699000,1699000,Tudor,4,3.500,Full,,6,16521.65,CL,1/17/2019,7/17/2019,2/05/2019,5/15/2019,19,Att,1,1,3094068
185,,Thompson Shore,Road,Manhasset,11030,988000,1030000,Colonial,3,2.500,"Full,Finished",,6,8998.57,CL,1/24/2019,7/25/2019,2/11/2019,4/15/2019,18,Det,1,1,3095636
46,,Rolling Hill,Road,Manhasset,11030,1299000,1260000,Colonial,4,2.500,Full,2 Car Attached,6,15738.00,CL,1/24/2019,7/22/2019,3/21/2019,5/17/2019,55,Det,1,1,3095778
11,,Woodland Dr,,Manhasset,11030,1648000,1600000,Colonial,4,3.000,"Full,Unfinished",1 Car Detached,6,23628.61,CL,1/31/2019,6/30/2019,6/01/2019,8/28/2019,120,Det,1,1,3097597
17,,Bristol,Drive,Manhasset,11030,1798000,1639888,Colonial,5,4.500,"Full,Partially Finished",2 Car Attached,6,23057.00,CL,2/08/2019,7/31/2019,4/11/2019,7/02/2019,61,Att,1,1,3099639
15,,Groton,Lane,Manhasset,11030,1299000,1275000,Colonial,3,3.000,"Full,Unfinished",1 Car Attached,6,17197.53,CL,2/27/2019,8/26/2019,8/16/2019,10/16/2019,169,Det,1,1,3104390
245,,Crabapple,Road,Manhasset,11030,1598000,1350000,Colonial,5,3.000,Full,2 Car Attached,6,26479.10,CL,3/01/2019,9/01/2019,8/01/2019,9/18/2019,152,Det,1,1,3105007
149,,Revere,Road,Manhasset,11030,1699000,1594100,Colonial,5,3.500,Full,2 Car Attached,6,15928.00,CL,3/03/2019,8/30/2019,8/02/2019,10/03/2019,151,Det,1,1,3105644
7,,Aspen Gate,,Manhasset,11030,1599000,1435000,Ranch,3,2.000,"Full,Unfinished",2 Car Attached,6,27321.74,CL,3/07/2019,8/16/2019,7/30/2019,9/04/2019,144,Det,1,1,3107183
345,,Park,Avenue,Manhasset,11030,1349000,1325000,Colonial,3,3.000,Full,1 Car Attached,6,17975.00,CL,3/13/2019,9/15/2019,3/29/2019,5/20/2019,16,Det,1,1,3108615
62,,Woodland,Drive,Oyster Bay Cove,11771,1399000,1300000,Colonial,5,3.500,"Full,Partially Finished",2 Car Attached,6,19349.06,CL,3/13/2019,9/13/2019,4/10/2019,6/26/2019,28,Det,1,1,3108616
784,,Connecticut View,Drive,Mill Neck,11765,1599000,1530000,Other,4,3.500,"Full,Finished",,6,18229.84,CL,3/19/2019,12/31/2019,5/22/2019,8/30/2019,64,Det,1,1,3110543
32,,Peerless,Drive,Oyster Bay,11771,949000,920000,Colonial,5,3.500,"Full,Finished",2 Car Attached,6,14003.00,CL,3/21/2019,11/21/2019,6/03/2019,8/01/2019,74,Det,1,1,3111276
5,,Crown Top,Road,Manhasset,11030,1390000,1350000,Colonial,3,2.500,Full,2 Car Attached,6,16416.00,CL,3/28/2019,9/26/2019,5/21/2019,8/26/2019,54,Det,1,1,3113228
75,,Manhasset Woods,Road,Manhasset,11030,1525000,1535000,Colonial,3,3.500,"Partial,Partially Finished",2 Car Attached,6,17904.00,CL,4/03/2019,9/01/2019,4/12/2019,6/25/2019,9,Det,1,1,3115235
34,,West View Dr,,Upper Brookville,11771,1180000,1035000,Contemporary,6,5.500,"Full,Finished",3 Car Attached,6,28217.00,CL,4/04/2019,4/04/2020,11/06/2019,1/07/2020,216,Det,1,1,3116168
686,,Sound View,Road,Mill Neck,11765,999000,915000,Other,4,2.500,"None,Unfinished",1 Car Attached,6,19117.73,CL,4/09/2019,10/08/2019,6/14/2019,8/02/2019,66,Det,1,1,3117335
243,,Kensett,Road,Manhasset,11030,1399000,1355500,Colonial,4,2.500,Full,2 Car Attached,6,19937.96,CL,4/10/2019,10/07/2019,8/13/2019,11/06/2019,125,Det,1,1,3117770
152,,Bournedale North,Road,Manhasset,11030,1150000,1090000,Colonial,3,3.000,"Full,Finished",1 Car Attached,6,12923.00,CL,4/10/2019,10/10/2019,6/11/2019,7/25/2019,62,Det,1,1,3117960
270,,Highwood,Circle,Oyster Bay Cove,11771,1690000,1590000,Colonial,5,4.500,"Partial,Finished",2 Car Attached,6,21011.66,CL,4/29/2019,8/29/2019,8/12/2019,11/21/2019,105,Det,1,1,3123235
21,,Shoreview,Road,Manhasset,11030,1199000,1088000,Colonial,3,3.000,"Full,Partially Finished",1 Car Attached,6,16140.00,CL,5/09/2019,10/31/2019,6/25/2019,7/26/2019,47,Det,1,1,3127505
55,,Circle,Road,Muttontown,11791,1368000,1320000,Colonial,4,3.500,"Full,Finished",2 Car Attached,6,22562.75,CL,5/15/2019,11/15/2019,7/16/2019,10/10/2019,62,Det,1,1,3128746
22,,Andover,Lane,Manhasset,11030,1200000,1110000,Tudor,3,3.500,"Full,Finished",,6,15025.00,CL,5/16/2019,8/30/2019,6/17/2019,7/10/2019,32,Det,1,1,3129627
111,,Blair,Road,Oyster Bay,11771,1225000,1225000,Farm Ranch,5,3.550,"Full,Finished",2 Car Attached,6,20843.82,CL,5/18/2019,12/31/2019,5/25/2019,7/15/2019,7,Det,1,1,3130139
15,,Rolling Hill,Road,Manhasset,11030,1050000,1050000,Tudor,3,2.000,"Full,Unfinished",1 Car Attached,6,8683.00,CL,5/30/2019,5/28/2020,6/18/2019,8/16/2019,19,Det,1,1,3133552
838,,Hilltop,Road,Oyster Bay,11771,999000,880000,Other,4,3.500,"Full,Unfinished",2 Car Attached,6,23404.33,CL,3/25/2019,1/31/2020,11/22/2019,12/19/2019,242,Det,1,1,3133918
170,,Hillside,Avenue,Manhasset,11030,1188000,1100000,Ranch,5,2.500,"None,Unfinished",,6,17078.97,CL,6/04/2019,12/04/2019,7/05/2019,8/30/2019,31,Det,1,1,3135120
119,,Thayer,Road,Manhasset,11030,1299000,1365000,Colonial,4,3.000,Full,2 Car Attached,6,18035.00,CL,6/06/2019,2/25/2020,6/19/2019,8/05/2019,13,Det,1,1,3135448
28,,Bayview,Terrace,Manhasset,11030,950000,999000,Tudor,5,2.000,"Full,Unfinished",1 Car Detached,6,10892.89,CL,6/06/2019,4/30/2020,7/03/2019,9/13/2019,27,Det,1,1,3135723
92,,Remington,Road,Manhasset,11030,1599000,1430000,Colonial,4,3.500,"Full,Finished",2 Car Attached,6,15368.00,CL,6/20/2019,12/20/2019,12/11/2019,1/03/2020,174,Det,1,1,3140560
2,,Pinewood,Road,Manhasset,11030,1949000,1750000,Colonial,5,5.500,"Full,Finished",3 Car Attached,6,30092.46,CL,6/24/2019,12/31/2019,10/08/2019,12/17/2019,106,Det,1,1,3141363
27,,Mora,Court,Manhasset,11030,1299000,1200000,Colonial,3,2.500,Full,,6,15057.00,CL,6/25/2019,11/15/2019,11/06/2019,12/20/2019,134,Det,1,1,3141717
100,,Hillside,,Manhasset,11030,1149000,1120000,Colonial,3,2.500,"Full,Unfinished",2 Car Attached,6,15321.00,CL,6/27/2019,6/25/2020,10/14/2019,12/27/2019,109,Det,1,1,3142580
54,,Linden,Street,Manhasset,11030,999000,1020000,Colonial,4,2.500,Full,,6,12706.59,CL,7/02/2019,1/03/2020,8/01/2019,9/26/2019,30,Det,1,1,3143785
165,,Munsey,Place,Manhasset,11030,1565000,1500000,Colonial,5,3.500,"Full,Finished",2 Car Attached,6,18375.00,CL,7/10/2019,1/10/2020,10/19/2019,1/21/2020,101,Det,1,1,3145734
30,,Timber,Lane,Manhasset,11030,1498000,1350000,Colonial,4,3.000,"Full,Finished",,6,21732.00,CL,8/01/2019,5/29/2020,1/17/2020,3/03/2020,169,Det,1,1,3152498
28,,Linden,Street,Manhasset,11030,1380000,1330000,Colonial,4,2.500,"Full,Finished",1 Car Attached,6,14960.00,CL,8/08/2019,5/08/2020,10/07/2019,12/13/2019,60,Det,1,1,3154453
85,,Circle Rd,,Muttontown,11791,849000,835000,Farm Ranch,5,4.500,"Full,Unfinished",3 Car Attached,6,23432.93,CL,8/23/2019,7/11/2020,12/06/2019,3/11/2020,105,Att,1,1,3158487
186,,Munsey,Place,Manhasset,11030,1300000,1200000,Colonial,3,3.000,"Full,Finished",,6,19659.23,CL,9/04/2019,3/04/2020,10/18/2019,12/09/2019,44,Det,1,1,3161114
32,,Colony,Lane,Manhasset,11030,1750000,1675000,Colonial,5,3.500,"Full,Finished",2 Car Attached,6,25408.00,CL,9/05/2019,12/31/2019,11/26/2019,2/27/2020,82,Det,1,1,3161529
28,,Highmeadow,Road,Manhasset,11030,1049000,1100000,Colonial,3,2.500,Full,,6,16427.79,CL,9/12/2019,3/12/2020,10/03/2019,11/22/2019,21,Det,1,1,3163737
151,,Village,Road,Manhasset,11030,1188000,1050000,Exp Ranch,5,3.500,"None,Unfinished",2 Car Detached,6,22480.00,CL,9/19/2019,6/30/2020,10/15/2019,11/15/2019,26,Att,1,1,3165784
6535,,Northern,Boulevard,East Norwich,11732,945000,906000,Split Level,4,4.000,"Full,Partially Finished",,6,15174.23,CL,10/24/2019,4/24/2020,11/18/2019,1/21/2020,25,Det,1,1,3175115
55,,West,Drive,Manhasset,11030,999000,1070000,Colonial,3,3.500,"Full,Finished",1 Car Attached,6,11757.00,CL,11/12/2019,11/30/2020,11/27/2019,1/24/2020,15,Det,1,1,3179765
38,,Grinsted,Street,Manhasset,11030,899000,905000,Cape,4,2.000,Partial,2 Car Attached,6,10053.79,CL,11/14/2019,11/11/2020,11/26/2019,2/25/2020,12,Det,1,1,3180390
240,,Old Mill,Road,Manhasset,11030,1325000,1225000,Colonial,3,2.500,"Partial,Partially Finished",2 Car Detached,6,10441.00,CL,11/15/2019,5/15/2020,12/17/2019,2/27/2020,32,Det,1,1,3180940
118,,Quaker Ridge,Road,Manhasset,11030,1249000,1200000,Colonial,4,2.550,"Full,Unfinished",1 Car Attached,6,17572.99,CL,1/06/2020,11/01/2020,1/16/2020,3/13/2020,10,Det,1,1,3189579
83,,Thayer,Road,Manhasset,11030,1250000,1337000,Colonial,4,2.500,"Full,Unfinished",2 Car Attached,6,18909.75,CL,1/08/2020,6/06/2020,1/22/2020,3/05/2020,14,Det,1,1,3190147
766,,Connecticut View,Drive,Mill Neck,11765,1388000,1350000,Colonial,5,4.000,"Partial,Finished",2 Car Attached,6,21805.11,CL,8/05/2016,3/31/2017,4/25/2017,6/22/2017,263,Det,1,1,2874497
12,,Aldgate,Drive,Manhasset,11030,1798000,1680000,Ranch,3,2.500,"Full,Unfinished",2 Car Attached,6,24224.00,CL,9/08/2016,9/06/2017,6/13/2017,10/16/2017,278,Det,1,1,2881815
94A,,Cove,Road,Oyster Bay Cove,11771,1123000,999000,Exp Ranch,4,3.000,"Partial,Finished",,6,21381.62,CL,9/11/2016,9/30/2017,2/17/2017,5/24/2017,159,Att,1,1,2882397
20,,Moores Hill,Road,Laurel Hollow,11771,999999,920000,Colonial,3,2.500,"Partial,Unfinished",2 Car Detached,6,11933.77,CL,9/15/2016,12/07/2017,12/06/2017,3/21/2018,447,Det,1,1,2883473
115,,Andrew,Road,Manhasset,11030,1258888,1210000,Tudor,3,1.500,Full,1 Car Attached,6,12075.87,CL,9/28/2016,12/31/2016,12/08/2016,4/11/2017,71,Det,1,1,2886649
82,,Valley,Road,Manhasset,11030,1650000,1660000,Colonial,4,2.500,Full,,6,23674.00,CL,10/20/2016,4/03/2017,11/02/2016,6/12/2017,13,Det,1,1,2891344
121,,Vanderbilt,Road,Manhasset,11030,1598000,1550000,Colonial,4,3.000,Full,2 Car Attached,6,21586.00,CL,10/22/2016,7/31/2017,4/14/2017,7/25/2017,174,Det,1,1,2891762
165,,Nassau,Avenue,Manhasset,11030,879000,813000,Colonial,3,1.500,"Full,Unfinished",2 Car Detached,6,11658.79,CL,10/26/2016,10/01/2017,5/26/2017,6/30/2017,212,Det,1,1,2892500
1,,Colony,Lane,Manhasset,11030,1299000,1200000,Colonial,4,3.500,"Full,Partially Finished",Under Home/Ground,6,19859.00,CL,11/13/2016,11/10/2017,1/23/2017,5/26/2017,71,Att,1,1,2896226
15,,Chase,Road,Manhasset,11030,1695000,1555000,Colonial,4,2.500,"None,Unfinished",1 Car Attached,6,22225.00,CL,11/14/2016,11/05/2017,2/22/2017,4/20/2017,100,Det,1,1,2896882
8,,The Hollows W.,,Muttontown,11732,1395000,1220000,Ranch,4,3.500,"Partial,Finished",2 Car Attached,6,17429.27,CL,12/09/2016,12/09/2017,3/22/2017,5/22/2017,102,Det,1,1,2901095
7,,Birch,Court,Laurel Hollow,11771,1599000,1525000,Colonial,5,3.500,"Full,Partially Finished",2 Car Attached,6,16216.72,CL,1/10/2017,12/05/2017,11/22/2017,2/21/2018,316,Det,1,1,2905863
3674,,Ocean,Avenue,Seaford,11783,979000,950000,Colonial,4,3.000,"None,Unfinished",2 Car Attached,6,27210.19,CL,1/11/2017,12/11/2017,3/08/2017,6/15/2017,56,Det,1,1,2906156
1,E,Lincoln,Avenue,Massapequa,11758,849000,820000,Colonial,4,2.500,"Crawl,Unfinished",1 Car Attached,6,0.00,CL,1/11/2017,4/11/2017,3/09/2017,4/28/2017,57,Det,1,1,2906333
246,,Sussex,Drive,Manhasset,11030,1399000,1425000,Colonial,4,3.000,"Full,Finished",2 Car Attached,6,23184.00,CL,1/18/2017,6/01/2017,5/18/2017,7/28/2017,119,Det,1,1,2907980
358,,Ridge,Lane,Mill Neck,11765,1199000,1140000,Farm Ranch,4,4.000,"Full,Partially Finished",2 Car Attached,6,27869.58,CL,1/24/2017,12/01/2017,7/21/2017,10/25/2017,177,Det,1,1,2908763
169,,Bourndale Rd N,,Manhasset,11030,1499000,1460925,Colonial,4,2.500,Full,2 Car Attached,6,13636.00,CL,1/26/2017,7/22/2017,4/21/2017,5/25/2017,84,Det,1,1,2909193
100,,Blair,Road,Oyster Bay Cove,11771,888888,825000,Farm Ranch,4,3.000,"Full,Partially Finished",1 Car Detached,6,19451.00,CL,1/27/2017,5/03/2017,4/19/2017,6/30/2017,81,Det,1,1,2909570
25,,Cove,Drive,Manhasset,11030,1325000,1300000,Colonial,3,2.500,"Full,Finished",1 Car Attached,6,15137.00,CL,2/08/2017,8/10/2017,2/23/2017,5/17/2017,15,Det,1,1,2912479
241,,Ryder,Road,Manhasset,11030,1798000,1795000,Colonial,4,2.500,"Full,Finished",2 Car Attached,6,17395.12,CL,2/11/2017,2/28/2018,3/03/2017,6/08/2017,20,Att,1,1,2913073
38,,Fieldstone,Lane,Oyster Bay,11771,1199000,1150000,Colonial,4,2.500,"Full,Partially Finished",,6,26000.00,CL,2/21/2017,8/17/2017,3/21/2017,5/10/2017,27,Det,1,1,2915233
27,,Foxhurst,Lane,Manhasset,11030,1398000,1500000,Colonial,5,2.500,"Full,Partially Finished",1 Car Attached,6,12608.00,CL,3/01/2017,12/31/2017,3/17/2017,6/02/2017,15,Det,1,1,2917314
631,,Hunt,Lane,Manhasset,11030,1725000,1675000,Colonial,4,3.500,"Full,Finished",2 Car Attached,6,21390.00,CL,3/02/2017,3/02/2018,3/08/2017,6/05/2017,6,Att,1,1,2917957
7,,Saddle,Court,Oyster Bay Cove,11771,1288000,1150000,Contemporary,5,3.500,"Full,Finished",,6,19396.47,CL,3/03/2017,3/01/2018,6/28/2017,9/08/2017,116,Det,1,1,2918176
76,,Plandome,Court,Manhasset,11030,1847000,1760000,Colonial,4,2.500,"Full,Finished",2 Car Detached,6,23561.00,CL,3/06/2017,9/30/2017,3/31/2017,6/06/2017,24,Det,1,1,2918822
16,,Stuart,Place,Manhasset,11030,1378000,1280000,Colonial,3,2.000,"Full,Finished",2 Car Detached,6,16515.05,CL,3/08/2017,9/10/2017,3/24/2017,7/10/2017,15,Det,1,1,2919493
286,,Nassau,Avenue,Manhasset,11030,1399000,1364000,Colonial,4,3.500,"Full,Finished",1 Car Attached,6,19439.00,CL,3/09/2017,10/31/2017,8/18/2017,10/04/2017,161,Det,1,1,2919831
35,,Deepdale,Drive,Manhasset,11030,1098000,1265000,Colonial,3,2.500,Full,1 Car Attached,6,15982.29,CL,3/10/2017,9/10/2017,3/20/2017,5/15/2017,9,Det,1,1,2920122
25,,Tiffany,Road,Oyster Bay Cove,11771,1599000,1562500,Colonial,4,2.500,"Full,Unfinished",3 Car Attached,6,30940.29,CL,3/11/2017,3/12/2018,4/04/2017,7/28/2017,23,Att,1,1,2920534
158,,Hillside,Avenue,Manhasset,11030,899000,850000,Colonial,3,1.500,Full,2 Car Detached,6,10977.05,CL,3/17/2017,6/30/2017,4/27/2017,7/18/2017,41,Det,1,1,2921799
47,,Castle Ridge,Road,Manhasset,11030,1625000,1565000,Colonial,5,3.000,"Full,Unfinished",2 Car Attached,6,20409.00,CL,4/05/2017,9/30/2017,9/29/2017,12/27/2017,177,Att,1,1,2927105
22,,Rockywood,Road,Manhasset,11030,999000,960000,Colonial,3,1.500,Full,1 Car Attached,6,14178.00,CL,4/19/2017,9/01/2017,5/23/2017,6/28/2017,34,Det,1,1,2930739
16,,Tennis Court,Road,Cove Neck,11771,999000,965000,Contemporary,4,3.000,"Full,Finished",2 Car Attached,6,21273.00,CL,4/20/2017,9/20/2017,5/07/2017,8/17/2017,17,Det,1,1,2931148
15,,Garden Turn,,Manhasset,11030,1698000,1650000,Colonial,3,2.500,Full,2 Car Attached,6,15180.00,CL,4/26/2017,4/25/2018,5/05/2017,7/24/2017,9,Det,1,1,2932642
29,,Deepdale,Drive,Manhasset,11030,1150000,1326000,Tudor,4,2.500,Full,1 Car Attached,6,18259.47,CL,4/28/2017,10/21/2017,5/23/2017,8/04/2017,25,Det,1,1,2933215
9,,Woodedge,Road,Manhasset,11030,1498000,1498000,Ranch,3,3.000,"Full,Partially Finished",2 Car Attached,6,16453.00,CL,5/03/2017,11/01/2017,5/15/2017,7/12/2017,12,Att,1,1,2934962
176,,Eakins,Road,Manhasset,11030,1850000,1765000,Colonial,5,3.500,Full,2 Car Attached,6,19295.87,CL,5/04/2017,11/02/2017,6/29/2017,8/29/2017,56,Att,1,1,2935132
70,,Aldershot,Lane,Manhasset,11030,1475000,1350000,Colonial,5,3.000,"Full,Finished",2 Car Attached,6,16941.00,CL,5/08/2017,5/05/2018,12/01/2017,2/02/2018,207,Att,1,1,2936370
21,,Dewey,Street,Manhasset,11030,1350000,1284000,Contemporary,4,2.500,"Full,Finished",,6,17216.37,CL,5/10/2017,11/10/2017,6/22/2017,9/08/2017,43,Det,1,1,2936937
119,,Old Mill,Road,Manhasset,11030,1325000,1325000,Colonial,3,1.500,"Full,Partially Finished",1 Car Attached,6,19065.33,CL,5/10/2017,5/10/2018,5/17/2017,11/17/2017,7,Det,1,1,2937324
35,,Parkwoods,Road,Manhasset,11030,1698000,1698000,Colonial,4,2.500,"Full,Unfinished",2 Car Attached,6,21726.00,CL,5/17/2017,11/15/2017,5/31/2017,9/27/2017,14,Det,1,1,2939340
9,,Gracewood,Court,Cove Neck,11771,1395000,1350000,Colonial,6,3.500,"Partial,Unfinished",2 Car Attached,6,28668.00,CL,5/22/2017,11/10/2017,11/16/2017,1/31/2018,178,Det,1,1,2940622
26,,Buckingham,Place,Manhasset,11030,1049000,999600,Tudor,3,1.500,Full,2 Car Attached,6,13842.00,CL,5/27/2017,11/25/2017,7/05/2017,11/07/2017,39,Det,1,1,2941986
4,,Mora,Court,Manhasset,11030,999000,999000,Colonial,3,2.500,"Full,Unfinished",1 Car Attached,6,14092.38,CL,6/01/2017,11/15/2017,6/29/2017,8/14/2017,28,Det,1,1,2942997
280,,Highwood,Circle,Oyster Bay Cove,11771,880000,860000,Colonial,4,2.500,"Partial,Partially Finished",2 Car Attached,6,18889.00,CL,6/01/2017,11/25/2017,7/03/2017,10/26/2017,32,Det,1,1,2943026
36,,Combes,Drive,Manhasset,11030,1350000,1300000,Splanch,4,2.500,Partial,2 Car Attached,6,14499.15,CL,6/07/2017,9/05/2017,8/18/2017,1/11/2018,72,Det,1,1,2945052
77,,Chase,Road,Manhasset,11030,1299000,1260000,Tudor,4,2.500,"Full,Unfinished",2 Car Attached,6,9950.00,CL,6/09/2017,10/24/2017,8/03/2017,8/23/2017,55,Det,1,1,2945708
129,,Vanderbilt,Road,Manhasset,11030,1358000,1400000,Colonial,3,2.500,"Full,Finished",,6,19916.00,CL,6/10/2017,12/31/2017,6/30/2017,9/26/2017,20,Det,1,1,2945946
9,,Foxhurst,Lane,Manhasset,11030,1499000,1450000,Colonial,5,2.500,Full,1 Car Attached,6,20500.74,CL,6/15/2017,12/15/2017,7/21/2017,10/19/2017,36,Det,1,1,2947172
65,,Country Club,Drive,Manhasset,11030,1585000,1550000,Tudor,6,3.000,"Full,Unfinished",2 Car Attached,6,19403.92,CL,6/28/2017,12/22/2017,10/27/2017,2/12/2018,121,Det,1,1,2950840
33,,Mora,Court,Manhasset,11030,989000,1015000,Colonial,3,2.500,"Full,Finished",2 Car Detached,6,15188.00,CL,7/07/2017,1/05/2018,7/20/2017,9/25/2017,13,Det,1,1,2953024
269,,Crabapple,Road,Manhasset,11030,1400000,1310000,Farm Ranch,5,3.000,"Full,Unfinished",2 Car Attached,6,12886.00,CL,7/21/2017,7/19/2018,9/20/2017,12/15/2017,61,Det,1,1,2957252
18,,Borglum,Road,Manhasset,11030,1199999,1200000,Split Level,3,2.500,"Full,Finished",2 Car Attached,6,15266.86,CL,8/21/2017,12/31/2017,9/05/2017,12/04/2017,15,Det,1,1,2964820
115,,Vanderbilt,Avenue,Manhasset,11030,988000,960000,Colonial,3,1.500,"Partial,Unfinished",1 Car Detached,6,10183.10,CL,8/24/2017,11/24/2017,9/14/2017,11/13/2017,21,Det,1,1,2965716
85,,Dover,Road,Manhasset,11030,1529000,1488000,Colonial,4,3.000,"Full,Finished",2 Car Attached,6,14092.39,CL,9/07/2017,9/05/2018,11/08/2017,1/09/2018,62,Det,1,1,2968921
135,,Payne Whitney,Lane,Manhasset,11030,1875000,1800000,Tudor,5,3.500,"Full,Finished",2 Car Attached,6,22196.00,CL,9/11/2017,4/16/2018,3/06/2018,5/15/2018,176,Det,1,1,2970578
75,,Plandome,Court,Manhasset,11030,1550000,1460000,Colonial,4,3.000,"Full,Finished",1 Car Detached,6,20067.00,CL,9/24/2017,9/30/2018,5/17/2018,7/27/2018,235,Det,1,1,2973476
40,,Shutter,Lane,Oyster Bay Cove,11771,1395000,1350000,Colonial,4,3.500,"Partial,Partially Finished",2 Car Detached,6,31227.59,CL,9/26/2017,3/25/2018,2/09/2018,4/13/2018,136,Det,1,1,2973879
59,,Parkwoods,Road,Manhasset,11030,1088000,1140000,Colonial,3,2.500,"Full,Partially Finished",1 Car Attached,6,18862.66,CL,10/20/2017,4/20/2018,11/06/2017,12/21/2017,17,Det,1,1,2979845
140,,Highwood,Circle,Oyster Bay,11771,1650000,1600000,Colonial,5,3.500,"Full,Finished",3 Car Attached,6,23109.10,CL,10/24/2017,10/17/2018,7/19/2018,11/05/2018,268,Det,1,1,2980620
98,,Trumbull,Road,Manhasset,11030,1599000,1475000,Colonial,4,3.000,"Full,Unfinished",2 Car Attached,6,18352.00,CL,11/01/2017,5/31/2018,11/17/2017,2/14/2018,16,Det,1,1,2982387
12,,Memorial,Place,Manhasset,11030,888000,860000,Colonial,3,1.500,Full,,6,10035.00,CL,11/02/2017,4/27/2018,12/07/2017,3/16/2018,35,Det,1,1,2982890
16,,Cambridge,Lane,Manhasset,11030,1468000,1450000,Colonial,5,2.500,Full,1 Car Attached,6,18873.26,CL,11/02/2017,5/01/2018,11/17/2017,2/01/2018,15,Det,1,1,2982934
70,,Old Mill,Road,Manhasset,11030,1568000,1610000,Colonial,4,3.500,"Full,Unfinished",1 Car Attached,6,21047.96,CL,11/03/2017,5/02/2018,11/17/2017,1/30/2018,14,Det,1,1,2983037
61,,Shore,Drive,Manhasset,11030,1499000,1375000,Cape,4,2.000,"Full,Unfinished",3 Car Detached,6,19977.00,CL,11/06/2017,5/31/2018,11/22/2017,12/27/2017,16,Det,1,1,2983529
63,,Orchard,Street,Manhasset,11030,998000,915000,Townhouse,2,3.500,"Full,Finished",1 Car Attached,6,13540.08,CL,11/06/2017,2/02/2018,11/28/2017,1/11/2018,22,Att,1,1,2983670
12,,Shoredale,Drive,Manhasset,11030,1585000,1510000,Colonial,5,4.550,"Full,Finished",2 Car Attached,6,21145.00,CL,11/15/2017,7/16/2018,3/09/2018,5/24/2018,114,Det,1,1,2985883
1,,Claridge,Circle,Manhasset,11030,1728000,1675000,Colonial,4,3.550,"Full,Finished",2 Car Detached,6,35939.00,CL,12/01/2017,11/30/2019,5/07/2019,7/22/2019,521,Det,1,1,2989226
1,,Claridge,Circle,Manhasset,11030,1728000,1675000,Colonial,4,3.550,"Full,Finished",,6,35939.00,CL,12/01/2017,11/30/2019,5/07/2019,7/22/2019,521,Att,1,1,2989303
327,,Calf Farm,Road,Mill Neck,11765,1799000,1500000,Farm Ranch,7,5.500,"Full,Finished",4+ Car Attached,6,32866.34,CL,2/01/2018,2/01/2019,10/18/2018,12/28/2018,258,Det,1,1,3001156
110,,Chase,Road,Manhasset,11030,1199000,1062500,Colonial,3,1.500,Full,1 Car Attached,6,14020.00,CL,2/08/2018,8/07/2018,5/14/2018,6/22/2018,94,Det,1,1,3002893
15,,Crowntop,Road,Manhasset,11030,1325000,1335000,Tudor,5,3.000,Full,1 Car Attached,6,12281.00,CL,3/08/2018,9/08/2018,4/10/2018,6/04/2018,32,Det,1,1,3010275
46,,Fieldstone,Lane,Oyster Bay,11771,1089000,1007000,Colonial,3,2.500,"Full,Partially Finished",,6,20069.73,CL,3/08/2018,9/10/2018,7/06/2018,8/01/2018,119,Det,1,1,3010564
8,,North,Road,Oyster Bay Cove,11771,1375000,1279600,Split Ranch,4,3.000,"Partial,Unfinished",2 Car Attached,6,19529.00,CL,4/02/2018,9/01/2018,5/21/2018,7/23/2018,49,Det,1,1,3016596
92,,Hillside,,Manhasset,11030,1275000,1305000,Colonial,6,3.550,"Full,Unfinished",2 Car Detached,6,17881.00,CL,4/03/2018,10/02/2018,4/04/2018,6/14/2018,1,Det,2,2,3017547
27,,Normandy,Lane,Manhasset,11030,999000,995000,Colonial,3,2.500,Full,1 Car Attached,6,14494.00,CL,4/04/2018,7/22/2019,8/14/2019,10/07/2019,497,Det,1,1,3017644
33,,Winthrope,Road,Manhasset,11030,1349000,1420000,Exp Cape,4,2.500,"Full,Unfinished",2 Car Attached,6,16552.36,CL,4/06/2018,10/05/2018,4/23/2018,7/20/2018,17,Det,1,1,3017984
9,,Saddle,Court,Oyster Bay Cove,11771,1198000,996500,Contemporary,5,4.500,"Full,Finished",,6,33199.89,CL,4/06/2018,1/10/2019,10/31/2018,6/19/2019,208,Det,1,1,3018713
575,,Park,Avenue,Manhasset,11030,1988000,1800000,Colonial,5,3.555,"Full,Finished",2 Car Attached,6,30398.15,CL,4/12/2018,9/28/2018,6/15/2018,9/27/2018,64,Det,1,1,3019928
247,,Sussex,Drive,Manhasset,11030,1899000,1735000,Colonial,4,2.500,"Partial,Finished",2 Car Attached,6,26219.62,CL,4/18/2018,1/18/2019,10/23/2018,11/26/2018,188,Det,1,1,3021585
15,,Bourndale,Road,Manhasset,11030,1848000,1780000,Colonial,5,4.000,Full,2 Car Attached,6,22718.00,CL,4/20/2018,10/30/2018,6/15/2018,8/14/2018,56,Det,1,1,3022551
174,,Cove,Road,Oyster Bay Cove,11771,1565000,1475000,Colonial,6,3.500,"Full,Unfinished",3 Car Detached,6,17848.87,CL,4/23/2018,1/23/2019,6/02/2018,8/20/2018,40,Det,1,1,3023078
27,,Stonytown,Road,Manhasset,11030,1999950,1800000,Exp Cape,6,3.500,"None,Unfinished",2 Car Attached,6,39788.00,CL,5/02/2018,10/30/2018,9/25/2018,10/15/2018,146,Det,1,1,3026148
131,,Trumbull,Road,Manhasset,11030,1559000,1485000,Colonial,3,2.500,"Full,Finished",1 Car Attached,6,17023.80,CL,5/03/2018,4/25/2019,11/08/2018,12/14/2018,189,Det,1,1,3026824
160,,Mason,Drive,Manhasset,11030,1829000,1710000,Colonial,5,4.500,Full,2 Car Attached,6,20375.00,CL,5/10/2018,11/08/2018,6/26/2018,8/20/2018,47,Det,1,1,3028928
255,,Park,Avenue,Manhasset,11030,1425000,1370000,Colonial,4,3.500,Full,1 Car Attached,6,19739.48,CL,5/07/2018,11/07/2018,10/24/2018,12/21/2018,170,Det,1,1,3029024
112 A,,Blair,Road,Oyster Bay Cove,11771,1270000,1290000,Colonial,4,3.500,"Partial,Finished",2 Car Attached,6,23099.51,CL,5/11/2018,11/02/2018,5/23/2018,7/19/2018,12,Det,1,1,3029226
19,,Timber,Lane,Manhasset,11030,1510000,1460000,Tudor,4,3.000,"Full,Unfinished",2 Car Attached,6,25552.08,CL,5/11/2018,11/30/2018,8/15/2018,11/15/2018,96,Det,1,1,3029271
51,,Rugby,Road,Manhasset,11030,1499000,1475000,Tudor,3,2.500,"Full,Partially Finished",1 Car Attached,6,20270.00,CL,5/16/2018,11/30/2018,5/25/2018,7/10/2018,9,Det,1,1,3030573
123,,Peachtree,Drive,East Norwich,11732,815000,805000,Ranch,4,3.000,"Full,Finished",,6,10261.84,CL,5/15/2018,11/17/2018,6/14/2018,8/28/2018,30,Det,1,1,3030773
5,,Thayer,Road,Manhasset,11030,1298000,1270000,Colonial,4,3.500,"Full,Finished",2 Car Attached,6,19192.00,CL,5/18/2018,5/08/2019,12/05/2018,2/08/2019,201,Det,1,1,3031630
118,,Sunny Hill,Drive,East Norwich,11732,849000,819000,Colonial,4,2.500,"Full,Unfinished",2 Car Attached,6,10547.56,CL,5/25/2018,12/31/2018,6/26/2018,8/21/2018,32,Det,1,1,3033642
71,,Onderdonk,Avenue,Manhasset,11030,1520000,1485000,Colonial,5,2.550,"Full,Partially Finished",2 Car Attached,6,15752.00,CL,6/06/2018,12/31/2018,8/02/2018,9/11/2018,57,Det,1,1,3036835
21,,Kensett,Road,Manhasset,11030,1300000,1402100,Colonial,3,2.500,"Full,Unfinished",2 Car Attached,6,17870.13,CL,6/07/2018,12/01/2018,6/26/2018,8/08/2018,19,Det,1,1,3037440
9,,Birch,Court,Laurel Hollow,11771,1599000,1410000,Farm Ranch,6,4.550,Partial,2 Car Attached,6,25994.23,CL,6/12/2018,6/01/2019,11/09/2018,2/15/2019,150,Det,1,1,3038790
328,,Mill Hill,Road,Mill Neck,11765,1595000,1460000,Colonial,6,7.500,"Full,Unfinished",3 Car Attached,6,60020.24,CL,6/18/2018,7/20/2019,6/21/2019,7/29/2019,368,Det,1,1,3041494
41,,Tiffany,Road,Oyster Bay Cove,11771,899000,850000,Ranch,4,2.500,"Full,Unfinished",2 Car Attached,6,22545.35,CL,6/28/2018,12/15/2018,11/08/2018,12/27/2018,133,Det,1,1,3043914
718,,Park,Avenue,Manhasset,11030,1649000,1580000,Colonial,4,2.500,"Full,Unfinished",2 Car Attached,6,23722.99,CL,6/29/2018,12/29/2019,11/15/2019,2/12/2020,504,Det,1,1,3044058
23,,Tennis Court,Road,Cove Neck,11771,980000,960000,Ranch,2,1.500,"Partial,Finished",1 Car Attached,6,20134.72,CL,7/09/2018,1/15/2019,12/17/2018,4/01/2019,161,Det,1,1,3046434
74,,Bridge,Road,Manhasset,11030,1479000,1479000,Split Level,3,2.500,"Full,Finished",2 Car Attached,6,16749.29,CL,7/11/2018,12/30/2018,7/28/2018,10/01/2018,17,Det,1,1,3047964
35,,Vanderbilt,Road,Manhasset,11030,1150000,1150000,Colonial,4,3.000,Full,2 Car Attached,6,16461.00,CL,7/18/2018,1/18/2019,7/30/2018,11/07/2018,12,Det,1,1,3049317
3,,Harris,Court,Great Neck,11021,1249000,1150000,Colonial,4,2.500,"Full,Finished",4+ Car Attached,6,18899.04,CL,7/23/2018,1/19/2019,10/12/2018,1/02/2019,81,Det,1,1,3050803
21,,Fieldstone,Lane,Oyster Bay,11771,1195000,1150000,Colonial,4,3.500,"Full,Finished",,6,20372.00,CL,7/23/2018,1/17/2019,8/16/2018,11/20/2018,24,Att,1,1,3051011
20,,Wood,Drive,Oyster Bay,11771,925000,925000,Split Level,5,3.500,"Full,Finished",1 Car Attached,6,17762.70,CL,8/22/2018,2/17/2019,9/14/2018,11/21/2018,23,Det,1,1,3059155
101,,Shoreview,Road,Manhasset,11030,899000,868500,Cape,2,2.500,Full,1 Car Attached,6,10336.07,CL,8/23/2018,2/23/2019,12/19/2018,2/14/2019,118,Det,1,1,3059582
86,,Memorial,Place,Manhasset,11030,1200000,1200000,Cape,2,2.000,"Full,Finished",1 Car Attached,6,10933.00,CL,8/25/2018,2/25/2019,9/04/2018,12/24/2018,10,Det,1,1,3060037
147,,Cove,Road,Oyster Bay Cove,11771,1489000,1285000,Colonial,5,4.000,"Full,Partially Finished",3 Car Attached,6,25651.00,CL,9/04/2018,3/15/2019,3/06/2019,5/22/2019,183,Det,1,2,3062072
431,,Bay,Avenue,Centre Island,11771,1498000,1500000,Colonial,4,2.500,"Crawl,Unfinished",1 Car Detached,6,12950.57,CL,9/09/2018,7/21/2019,11/26/2018,2/28/2019,78,Det,1,1,3063648
443,,Park,Avenue,Manhasset,11030,1168000,999000,Colonial,4,2.000,"Full,Unfinished",1 Car Attached,6,18277.38,CL,9/11/2018,4/07/2019,10/30/2018,11/27/2018,49,Det,1,1,3064033
1,,Bayview,Court,Manhasset,11030,835000,820000,2 Story,2,2.000,"Full,Finished",,6,9768.00,CL,9/18/2018,5/15/2019,10/05/2018,11/29/2018,17,Sd,1,1,3065757
33,,Buckminster,Lane,Manhasset,11030,1499000,1425000,Colonial,3,2.500,"Full,Finished",2 Car Attached,6,13685.00,CL,10/10/2018,4/10/2019,10/25/2018,12/28/2018,15,Det,1,1,3072921
11,,Cambridge,Lane,Manhasset,11030,849000,860000,Colonial,4,2.500,Full,1 Car Attached,6,16666.00,CL,10/15/2018,4/30/2019,10/25/2018,11/20/2018,10,Det,1,1,3073350
24,,Oxford,Road,Manhasset,11030,1275000,1225000,Colonial,3,2.500,"Full,Finished",1 Car Attached,6,16341.00,CL,10/15/2018,4/15/2019,1/15/2019,3/19/2019,92,Det,1,1,3073987
56,,Great Oak,Road,Manhasset,11030,1399000,1300000,Exp Cape,3,2.000,"Full,Unfinished",2 Car Attached,6,19043.14,CL,10/19/2018,4/25/2019,1/28/2019,3/01/2019,101,Det,1,1,3074686
3831,,Waverly,Avenue,Seaford,11783,849000,820000,Colonial,4,2.500,"Full,Unfinished",2 Car Attached,6,0.00,CL,11/09/2018,5/31/2019,4/23/2019,8/15/2019,164,Det,1,1,3080048
110,,Knickerbocker,Road,Manhasset,11030,1299000,1162500,Colonial,4,3.000,Full,2 Car Attached,6,13395.00,CL,12/14/2018,6/28/2019,5/29/2019,8/06/2019,165,Det,1,1,3087171
13,,Duke Of Gloucest,Road,Manhasset,11030,999999,975000,Townhouse,2,2.500,"Full,Finished",1 Car Detached,6,14798.00,CL,1/04/2019,4/22/2019,3/21/2019,5/22/2019,75,Att,1,1,3090354
346,,Harbor,Drive,Centre Island,11771,948800,915000,Colonial,3,3.000,Full,2 Car Attached,6,17784.80,CL,1/14/2019,1/15/2020,2/11/2019,3/11/2019,28,Det,1,1,3093116
50,,Eakins,Road,Manhasset,11030,1639000,1615000,Colonial,4,2.500,"Full,Unfinished",1 Car Attached,6,23762.54,CL,1/17/2019,7/10/2019,1/28/2019,3/11/2019,11,Det,1,1,3094140
2,,The Beachway,,Manhasset,11030,1299000,1185000,Colonial,4,3.000,Full,,6,11598.00,CL,1/30/2019,7/25/2019,7/22/2019,9/06/2019,172,Det,1,1,3097182
918,,The Concourse,,Oyster Bay,11771,998000,969000,Colonial,4,2.500,"Full,Finished",2 Car Attached,6,9830.52,CL,2/11/2019,8/06/2019,2/20/2019,4/18/2019,9,Det,1,1,3100246
873,,Oyster Bay,Road,East Norwich,11732,948000,930000,Colonial,5,3.500,"Full,Finished",2 Car Attached,6,16597.00,CL,2/11/2019,11/15/2019,8/20/2019,11/22/2019,189,Det,1,1,3100275
229,,Thompson Shore,Road,Manhasset,11030,999000,939500,Colonial,3,2.500,Full,,6,12100.00,CL,2/28/2019,8/31/2019,6/24/2019,9/17/2019,115,Det,1,1,3104655
64,,Hilltop,Drive,Manhasset,11030,1299000,1285000,Colonial,3,2.500,"Full,Partially Finished",1 Car Attached,6,18286.00,CL,3/06/2019,12/31/2019,5/06/2019,7/02/2019,60,Det,1,1,3106460
204,,Country Club,Drive,Manhasset,11030,1698000,1515000,Colonial,4,3.500,"Full,Finished",,6,16337.00,CL,3/08/2019,2/09/2020,6/05/2019,7/29/2019,88,Att,1,1,3107259
31,,Myrtle,Street,Manhasset,11030,1500000,1480000,Other,5,2.000,"Full,Unfinished",,6,14344.00,CL,3/21/2019,10/31/2019,4/11/2019,5/22/2019,21,Det,2,2,3111252
16,,Sherwood Gate,,Oyster Bay,11771,1690000,1560000,Colonial,5,4.500,"Full,Partially Finished",,6,26467.99,CL,3/21/2019,9/20/2019,5/24/2019,8/20/2019,64,Det,1,1,3111637
18,,Schoolhouse,Place,Oyster Bay,11771,1350000,1225000,Colonial,5,3.500,"Full,Finished",2 Car Attached,6,13604.24,CL,3/25/2019,12/24/2019,7/22/2019,9/20/2019,119,Det,1,1,3112577
10,,Blueberry,Lane,Oyster Bay,11771,995000,937500,Colonial,5,3.500,"Full,Finished",1 Car Attached,6,22655.66,CL,4/03/2019,4/03/2020,9/10/2019,11/07/2019,160,Det,1,1,3115449
189,,Terrace,Lane,Upper Brookville,11771,1928888,1600000,Colonial,5,5.500,"Full,Unfinished",,6,26720.82,CL,4/11/2019,11/30/2019,4/30/2019,8/15/2019,19,Att,1,1,3118487
84,,Bourndale S,Road,Manhasset,11030,1249000,1180000,Exp Ranch,4,2.000,"Full,Finished",1 Car Attached,6,15215.88,CL,4/12/2019,8/01/2019,7/31/2019,9/26/2019,110,Det,1,1,3118679
78,,Clapham,Avenue,Manhasset,11030,899000,825000,Colonial,3,1.500,"Full,Unfinished",2 Car Detached,6,8895.00,CL,4/22/2019,10/31/2019,7/31/2019,11/15/2019,100,Det,1,1,3121298
138,,Ridge Crescent,,Manhasset,11030,1329000,1401000,Colonial,3,2.500,"Full,Unfinished",1 Car Detached,6,17322.00,CL,4/24/2019,8/31/2019,5/08/2019,7/17/2019,14,Det,1,1,3121914
130,,Country Club,Drive,Manhasset,11030,1638000,1560000,Colonial,3,3.000,Full,,6,11743.00,CL,4/24/2019,4/22/2020,5/09/2019,7/18/2019,15,Det,1,1,3122162
25,,Vanderbilt,Road,Manhasset,11030,1699000,1675000,Tudor,4,3.500,"Full,Finished",1 Car Attached,6,16206.00,CL,5/14/2019,11/09/2019,7/17/2019,9/19/2019,64,Det,1,1,3128364
3825,,Waverly,Avenue,Seaford,11783,839000,810000,Colonial,4,2.500,"Full,Unfinished",2 Car Attached,6,0.00,CL,5/14/2019,8/31/2019,8/15/2019,12/18/2019,93,Det,1,1,3128577
700,,Hunt,Lane,Manhasset,11030,1890000,1720000,Colonial,5,3.500,Full,2 Car Attached,6,32261.00,CL,5/15/2019,10/14/2019,8/28/2019,11/06/2019,105,Det,1,1,3128915
47,,Castle Ridge,Road,Manhasset,11030,1675000,1550000,Colonial,5,3.000,"Full,Unfinished",2 Car Attached,6,21778.00,CL,5/19/2019,11/20/2019,8/08/2019,9/26/2019,81,Det,1,1,3130175
117,,Manhasset,Avenue,Manhasset,11030,1199000,1199000,Victorian,3,2.500,"Full,Finished",1 Car Detached,6,8438.00,CL,5/30/2019,12/31/2019,6/14/2019,9/12/2019,15,Det,1,1,3133259
124,,Summers,Street,Oyster Bay,11771,929000,860000,Colonial,4,2.500,"Full,Finished",1 Car Attached,6,17960.51,CL,6/05/2019,5/28/2020,7/13/2019,9/04/2019,38,Det,1,1,3135667
110,,Clapham,Avenue,Manhasset,11030,1399999,1400000,Ranch,3,2.000,Full,1 Car Attached,6,13518.00,CL,6/06/2019,9/06/2019,7/18/2019,8/16/2019,42,Det,1,1,3135871
45,,Lake,Road,Manhasset,11030,1425000,1400000,Colonial,5,2.500,Partial,2 Car Attached,6,23343.18,CL,6/10/2019,10/07/2019,7/15/2019,9/23/2019,35,Det,1,1,3136770
29,,Eakins,Road,Manhasset,11030,1795000,1715000,Colonial,4,2.500,Full,2 Car Detached,6,20570.08,CL,6/14/2019,12/15/2019,9/13/2019,11/04/2019,91,Det,1,1,3138365
58,,Linden,Street,Manhasset,11030,925000,890000,Colonial,3,1.500,"Full,Unfinished",1 Car Detached,6,10598.00,CL,6/20/2019,6/17/2020,6/28/2019,8/22/2019,8,Det,1,1,3140512
570,,Hunt,Lane,Manhasset,11030,1699000,1625000,Colonial,4,3.000,"Full,Finished",2 Car Attached,6,20324.00,CL,6/26/2019,12/31/2019,8/02/2019,9/12/2019,37,Det,1,1,3141877
146,,Bay Driveway,,Manhasset,11030,1100000,1045000,Split Level,3,3.000,"Partial,Unfinished",1 Car Attached,6,9269.00,CL,5/30/2019,3/18/2020,1/10/2020,3/12/2020,225,Det,1,1,3150025
82,,Plandome,Court,Manhasset,11030,1530000,1415000,Colonial,4,3.000,"Full,Finished",2 Car Detached,6,18772.00,CL,8/13/2019,8/09/2020,11/25/2019,1/21/2020,104,Det,1,1,3156024
64,,Vanderlyn,Drive,Manhasset,11030,1398000,1230000,Colonial,5,4.000,"Full,Finished",2 Car Attached,6,24577.27,CL,8/16/2019,11/16/2019,9/18/2019,11/08/2019,33,Det,1,1,3156826
135,,Onderdonk,Avenue,Manhasset,11030,975000,999000,Colonial,4,1.500,"Full,Unfinished",2 Car Detached,6,15847.00,CL,9/01/2019,8/31/2020,9/12/2019,12/10/2019,11,Det,1,1,3160658
58,,Old Estate,Road,Manhasset,11030,1749000,1725000,Colonial,5,4.500,Full,2 Car Attached,6,15510.65,CL,9/06/2019,2/27/2020,11/12/2019,2/10/2020,67,Det,1,1,3162038
153,,Lawn,Lane,Upper Brookville,11771,1495000,1415000,Colonial,5,3.500,"Full,Partially Finished",2 Car Attached,6,23110.35,CL,9/10/2019,9/06/2020,12/26/2019,2/25/2020,107,Det,1,1,3163256
64,,Blenheim,Drive,Manhasset,11030,1599000,1500000,Colonial,3,2.500,Full,2 Car Attached,6,17808.00,CL,9/11/2019,3/14/2020,10/15/2019,1/31/2020,34,Det,1,1,3163338
80,,Deepdale,Drive,Manhasset,11030,1475000,1425000,Tudor,4,2.500,Full,2 Car Attached,6,20746.00,CL,9/11/2019,3/09/2020,12/19/2019,3/04/2020,99,Det,1,1,3163340
29,,Bourndale,Road,Manhasset,11030,1188000,1100000,Colonial,3,2.000,"Full,Finished",1 Car Attached,6,19835.00,CL,9/13/2019,8/31/2020,11/27/2019,1/23/2020,75,Det,1,1,3164363
1120,,Cove Edge,Road,Oyster Bay Cove,11791,1050000,990000,Ranch,3,2.500,Full,2 Car Attached,6,15911.00,CL,9/27/2019,3/27/2020,11/08/2019,2/12/2020,42,Det,1,1,3168174
465,,Abbey,Road,Manhasset,11030,1399000,1375000,Colonial,3,2.500,Full,2 Car Attached,6,19998.45,CL,10/03/2019,3/31/2020,1/30/2020,3/05/2020,119,Att,1,1,3169690
92,,West,Drive,Manhasset,11030,999000,1040000,Colonial,4,3.000,Full,1 Car Attached,6,14204.00,CL,10/03/2019,4/01/2020,10/16/2019,12/03/2019,13,Det,1,1,3169818
8,,Peerless,Drive,Oyster Bay,11771,899000,850000,Colonial,4,3.500,"Partial,Unfinished",,6,11530.83,CL,10/08/2019,4/09/2020,12/11/2019,2/20/2020,64,Det,1,1,3171684
189,,Terrace,Lane,Upper Brookville,11771,1599999,1445000,Colonial,5,5.500,"Full,Unfinished",,6,27277.00,CL,11/18/2019,5/30/2020,1/22/2020,3/20/2020,65,Det,1,1,3181330