St #,Dr,Street Name,Sfx,Town,Zip,ListPrice,SoldPrice,,Br,Bath,,,SD,Tot Tax,LSC,ListDate,ExpDate,ContDate,TitleDate,DOM,Det,#F,K,ML#
20,,Grove,Street,Baldwin,11510,345000,345000,Colonial,3,1.000,"Partial,Finished",2 Car Detached,10,11950.08,CL,3/26/2017,3/31/2018,4/21/2017,7/14/2017,26,Det,1,1,*1279800
1595,,Wadsworth,Place,N. Baldwin,11510,409000,405000,Cape,3,1.500,"Full,Unfinished",,10,11900.00,CL,5/18/2017,9/12/2017,6/30/2017,9/28/2017,43,Det,1,1,2939649
2761,,Harvard,Place,Baldwin,11510,349000,340000,Ranch,3,1.000,"None,Unfinished",,10,8495.32,CL,2/24/2017,2/28/2018,5/01/2017,7/13/2017,65,Det,1,1,2916168
520,,Irving,Place,N. Baldwin,11510,429900,410000,Cape,4,2.000,"Full,Partially Finished",1 Car Detached,10,11833.00,CL,3/08/2017,9/08/2017,6/08/2017,7/18/2017,91,Det,1,1,2919446
814,,Stanton,Avenue,N. Baldwin,11510,229000,230000,Colonial,3,2.000,"Full,Finished",1 Car Detached,10,7306.30,CL,5/15/2017,5/04/2018,6/13/2017,2/28/2018,29,Det,1,1,2938501
30,,Western,Boulevard,Baldwin,11510,274900,247000,Ranch,2,1.000,"Partial,Unfinished",,10,10212.00,CL,11/01/2018,2/01/2019,12/11/2018,9/27/2019,40,Det,1,1,3077787
564,,Portland,Avenue,Baldwin,11510,299000,299000,Colonial,4,2.000,"Full,Unfinished",1 Car Detached,10,9152.00,CL,3/02/2017,2/28/2018,3/24/2017,7/06/2017,21,Det,1,1,2918262
1639,,Ivy,Court,N. Baldwin,11510,399000,385000,Colonial,3,2.000,"Full,Finished",,10,9742.68,CL,4/05/2017,10/15/2017,11/09/2017,4/30/2018,218,Det,1,1,2927186
713,,Arthur,Street,Baldwin,11510,337500,325000,Cape,3,2.000,"Full,Unfinished",,10,13939.78,CL,8/12/2016,9/30/2017,4/26/2017,7/25/2017,257,Det,1,1,2918794
3060,,Milburn,Avenue,Baldwin,11510,379000,384000,Cape,3,1.500,"Partial,Unfinished",4+ Car Detached,10,8088.69,CL,7/20/2019,1/17/2020,8/12/2019,12/05/2019,23,Det,1,1,3149033
973,,Mckinley,Street,Baldwin,11510,379000,381500,Cape,3,1.000,"Full,Unfinished",1 Car Detached,10,7165.30,CL,7/30/2019,1/25/2020,8/27/2019,11/19/2019,28,Det,1,1,3151651
590,,Stowe,Avenue,N. Baldwin,11510,405000,405000,Tudor,3,1.000,"Full,Unfinished",1 Car Detached,10,6845.00,CL,9/07/2018,12/31/2018,10/08/2018,11/05/2018,31,Det,1,1,3063344
1881,,Voshage,Street,N. Baldwin,11510,419000,419000,Contemporary,3,2.000,Full,,10,9070.00,CL,2/26/2018,5/24/2018,3/22/2018,5/01/2018,23,Det,2,2,3007233
981,,Pacific,Street,Baldwin,11510,359000,350000,Bungalow,2,1.000,Full,1 Car Detached,10,11703.00,CL,3/08/2019,6/06/2019,4/16/2019,7/29/2019,38,Det,1,1,3107459
960,,Clyde,Road,Baldwin,11510,225000,235000,Cape,4,1.000,"Full,Partially Finished",,10,11363.00,CL,2/01/2018,7/31/2019,8/09/2018,8/09/2019,187,Det,1,1,3001039
691,,Saint Lukes,Place,N. Baldwin,11510,399000,420000,Colonial,4,2.000,Full,1 Car Detached,10,12357.62,CL,7/12/2018,12/31/2018,8/02/2018,10/09/2018,21,Det,1,1,3048032
1064,,Mckinley,Street,Baldwin,11510,419000,410000,Colonial,5,1.500,"Full,Finished",1 Car Detached,10,11832.80,CL,2/20/2017,9/30/2017,4/18/2017,8/29/2017,56,Det,1,1,2915139
201,,Prince,Avenue,Freeport,11520,379000,360000,Exp Cape,4,2.500,"Full,Partially Finished",2 Car Detached,10,11678.74,CL,7/19/2017,1/31/2018,8/11/2017,10/06/2017,23,Det,1,1,2956720
1834,,Fargo,Street,Baldwin,11510,349900,349000,Ranch,3,2.500,"Full,Unfinished",2 Car Attached,10,15709.00,CL,1/31/2017,12/15/2017,3/03/2017,12/14/2017,31,Det,1,1,2910510
360,,Bauer,Place,Mineola,11501,439000,405000,Tudor,3,1.000,"Full,Partially Finished",1 Car Detached,10,11086.73,CL,8/19/2018,1/03/2019,10/22/2018,12/12/2018,64,Att,1,1,3058312
2995,,Grand,Avenue,Baldwin,11510,349000,345000,Colonial,3,2.000,"Full,Unfinished",,10,8978.00,CL,4/10/2018,12/10/2018,4/23/2018,6/18/2018,13,Det,1,1,3019893
2600,,W End,Avenue,Baldwin,11510,409000,415000,Ranch,3,2.000,"None,Unfinished",,10,14082.00,CL,3/14/2018,3/14/2019,4/25/2018,6/15/2018,42,Det,1,1,3011980
2984,,Milburn,Avenue,Baldwin,11510,266000,290000,Colonial,3,1.500,"Full,Unfinished",2 Car Detached,10,11864.67,CL,12/15/2016,10/14/2017,9/12/2017,9/14/2017,270,Det,1,1,2915255
1031,,Highland,Street,Baldwin,11510,309900,336000,Split Level,3,1.000,"Full,Unfinished",1 Car Attached,10,12267.99,CL,5/03/2016,4/21/2017,3/02/2017,4/12/2017,303,Det,1,1,2849933
798,,De Mott,Avenue,N. Baldwin,11510,289900,300000,Ranch,3,1.500,"Full,Unfinished",1 Car Attached,10,12153.07,CL,4/27/2017,8/25/2017,8/10/2017,8/10/2017,105,Det,1,1,2933341
700,,William,Street,N. Baldwin,11510,419000,416000,Tudor,2,1.000,"Full,Finished",,10,10969.57,CL,7/01/2019,1/15/2020,8/30/2019,10/28/2019,60,Det,1,1,3144092
935,,Steele,Boulevard,Baldwin,11510,359000,345000,Ranch,2,2.000,"Full,Finished",,10,8336.00,CL,5/24/2019,11/24/2019,8/23/2019,10/21/2019,91,Det,1,1,3131881
869,,Demott,Avenue,Baldwin,11510,322000,350000,Colonial,3,1.500,Full,1 Car Attached,10,9843.82,CL,7/09/2018,3/09/2019,8/16/2018,12/12/2018,38,Det,1,1,3046587
3093,,Western,Boulevard,Baldwin,11510,349800,319300,Bungalow,4,2.000,"Full,Unfinished",,10,11827.65,CL,1/26/2017,11/25/2017,10/26/2017,4/06/2018,272,Det,1,1,2909402
1015,,Church,Street,Baldwin,11510,389000,350000,Colonial,3,1.500,"Full,Unfinished",Detached,10,7939.16,CL,8/12/2018,8/12/2019,9/19/2018,12/19/2018,38,Det,1,1,3056428
1100,,Elizabeth,Street,Baldwin,11510,419000,395000,Ranch,3,1.000,Full,1 Car Attached,10,11731.66,CL,9/12/2017,3/11/2018,5/30/2018,7/20/2018,260,Det,1,1,2970188
722,,Brook,Court,N. Baldwin,11510,309990,300000,Exp Ranch,2,1.000,"Full,Unfinished",1 Car Attached,10,9253.86,CL,11/08/2017,5/07/2018,3/07/2018,6/14/2018,119,Det,1,1,2984305
650,,Garfield,Road,N. Baldwin,11510,429999,415000,Cape,4,2.000,"Full,Finished",,10,8099.00,CL,3/13/2017,8/13/2017,5/10/2017,6/26/2017,58,Det,1,1,2920939
2923,,Bayview,Avenue,Baldwin,11510,299000,235000,Colonial,3,2.000,Full,,10,12018.20,CL,8/02/2017,7/31/2018,2/15/2019,7/19/2019,562,Det,1,1,2960406
1842,,Longfellow,Street,Baldwin,11510,379000,389000,Cape,3,2.000,"Full,Finished",,10,8158.24,CL,5/31/2017,5/31/2018,7/06/2017,9/14/2017,36,Det,1,1,2942772
611,,Portland,Avenue,N. Baldwin,11510,399900,395000,Cape,3,1.000,"Full,Finished",1 Car Detached,10,13079.37,CL,3/26/2018,6/26/2018,4/11/2018,5/11/2018,16,Det,1,1,3014945
320,N,Brookside,Avenue,Freeport,11520,449900,420000,Split Level,3,2.500,"Full,Unfinished",2 Car Attached,10,18088.73,CL,7/05/2017,12/29/2017,9/26/2017,10/25/2017,83,Det,1,1,2952498
2,,The Fenway,,Baldwin,11510,379000,360000,Ranch,3,1.000,"None,Unfinished",1 Car Attached,10,11600.00,CL,6/05/2019,12/05/2019,8/09/2019,11/13/2019,65,Det,1,1,3135818
910,,Waverly,Place,Baldwin,11510,289900,290100,Colonial,2,1.500,Full,1 Car Detached,10,9287.57,CL,3/10/2017,6/08/2017,3/31/2017,5/30/2017,20,Det,1,1,2920559
673,,Stratford,Road,Baldwin,11510,314900,310000,Cape,2,1.000,"Full,Unfinished",1 Car Attached,10,11044.00,CL,5/01/2019,8/13/2019,7/26/2019,8/27/2019,86,Det,1,1,3125451
1125,,Hayes,Place,Baldwin Harbor,11510,330000,330000,Colonial,3,2.500,"None,Unfinished",,10,17654.17,CL,7/11/2019,10/11/2019,8/30/2019,12/27/2019,50,Det,1,1,3146589
2504,,Central,Avenue,Baldwin,11510,359900,341250,Cape,3,3.000,"Full,Finished",1 Car Detached,10,11565.48,CL,5/29/2018,9/11/2018,6/21/2018,7/13/2018,23,Det,1,1,3035252
2431,,Guenther,Court,Baldwin,11510,329900,350000,Tudor,3,1.500,"Full,Unfinished",2 Car Detached,10,16265.89,CL,5/10/2017,8/08/2017,8/08/2017,12/04/2017,90,Det,1,1,2937911
854,,Hayes,Street,Baldwin,11510,299000,299000,Hi Ranch,4,2.000,"None,Unfinished",1 Car Attached,10,14951.00,CL,3/07/2017,6/07/2017,3/24/2017,6/29/2017,16,Det,1,1,2919355
857,,Allen,Place,Baldwin,11510,369000,345000,Cape,2,2.000,"Partial,Unfinished",,10,5500.00,CL,7/25/2018,1/25/2019,10/05/2018,11/27/2018,72,Det,1,1,3052101
2962,,Grand,Avenue,Baldwin,11510,299000,265000,Colonial,3,1.500,"Full,Unfinished",2 Car Detached,10,12815.31,CL,2/22/2018,6/25/2018,5/23/2018,7/23/2018,89,Det,1,1,3006433
9,,Maple,Drive,Roosevelt,11575,390000,395000,Colonial,3,1.500,"Full,Finished",,10,12600.00,CL,8/21/2017,2/22/2018,9/15/2017,11/21/2017,25,Det,1,1,2965117
2063,,Oakmere,Drive,N. Baldwin,11510,415000,385000,Colonial,3,1.500,"Full,Unfinished",,10,9978.00,CL,10/16/2017,9/06/2018,11/04/2017,3/02/2018,19,Det,1,1,2978860
235,N,Brookside,Avenue,Freeport,11520,450000,420000,Colonial,3,1.500,"Full,Finished",1 Car Attached,10,14075.00,CL,4/02/2017,4/02/2018,5/26/2017,8/18/2017,54,Det,1,1,2926868
583,,Stowe,Avenue,Baldwin,11510,339000,319500,Ranch,2,1.000,"Full,Unfinished",,10,11136.84,CL,5/30/2018,5/03/2019,7/26/2018,9/07/2018,57,Det,1,1,3034448
200,,Central,Avenue,Baldwin,11510,399000,380000,Duplex,5,2.000,"Full,Unfinished",2 Car Detached,10,10157.05,CL,5/02/2019,11/01/2019,5/21/2019,7/25/2019,19,Det,2,2,3124672
1888,,Bryant,Place,Baldwin,11510,375000,375000,Cape,3,2.000,Opt,,10,13045.00,CL,1/17/2017,7/07/2017,3/21/2017,6/01/2017,62,Det,1,1,2907173
2944,,Tulip,Avenue,Baldwin,11510,377000,385000,Colonial,3,1.500,"Full,Partially Finished",1 Car Attached,10,9068.45,CL,2/03/2017,10/31/2017,2/28/2017,6/21/2017,25,Det,1,1,2911206
493,,Baldwin,Avenue,N. Baldwin,11510,329000,319000,Cape,3,2.000,"Full,Partially Finished",2 Car Detached,10,13115.46,CL,11/09/2016,7/28/2017,2/28/2017,7/11/2017,111,Det,1,1,2895623
805,,Barth,Drive,Baldwin,11510,299000,280000,Cape,4,2.000,"Full,Unfinished",1 Car Attached,10,7766.62,CL,5/08/2018,1/01/2019,5/11/2018,6/29/2018,3,Att,1,1,*1315051
1085,,Alhambra,Road,Baldwin,11510,299000,280000,Cape,4,1.000,"Full,Unfinished",1 Car Attached,10,8766.51,CL,5/08/2018,1/01/2019,5/11/2018,7/23/2018,3,Det,1,1,*1315052
1022,,Cramer,Court,N. Baldwin,11510,375000,335000,Split Level,3,2.500,"Partial,Unfinished",1 Car Attached,10,16973.00,CL,11/12/2018,5/02/2019,12/29/2018,7/15/2019,47,Det,1,1,3080564
1532,,Berkeley,Avenue,N. Baldwin,11510,405000,395000,Cape,3,1.000,"Full,Unfinished",1 Car Detached,10,12901.08,CL,2/03/2018,7/25/2018,3/08/2018,5/25/2018,33,Det,1,1,3001732
884,,Jackson,Street,Baldwin,11510,399000,388000,Split Level,3,2.000,"Full,Finished",1 Car Attached,10,15070.84,CL,3/11/2016,10/01/2016,2/27/2017,4/21/2017,353,Det,1,1,2835204
995,,Kings,Parkway,N. Baldwin,11510,398000,406000,Tudor,3,2.500,"Full,Finished",Detached,10,0.00,CL,1/15/2017,2/15/2017,2/01/2017,3/31/2017,17,Det,1,1,2906897
840,,Harbor,Circle,Baldwin,11510,419999,420000,Cape,4,2.000,"Full,Finished",,10,13508.00,CL,3/07/2017,9/07/2017,3/20/2017,6/16/2017,12,Det,1,1,2919212
3401,,Parkway Dr,,Baldwin Harbor,11510,379900,384900,Hi Ranch,3,2.000,"None,Unfinished",1 Car Attached,10,17664.92,CL,10/24/2017,5/28/2018,3/16/2018,5/15/2018,143,Det,1,1,2980739
2594,,Willard,Avenue,Baldwin,11510,339000,371000,Cape,4,2.000,"Full,Finished",1 Car Detached,10,12731.00,CL,5/23/2019,8/21/2019,6/17/2019,8/12/2019,25,Det,1,1,3131758
863,,Lorenz,Avenue,N. Baldwin,11510,395000,385000,Colonial,3,1.500,"Full,Finished",1 Car Detached,10,9675.26,CL,4/08/2017,10/07/2017,5/17/2017,7/05/2017,39,Det,1,1,2928045
33,,Baldwin,Avenue,Baldwin,11510,399000,408500,Colonial,3,1.000,"Full,Unfinished",1 Car Detached,10,8162.55,CL,3/02/2019,10/31/2019,4/01/2019,7/02/2019,29,Det,1,1,3105451
966,,Hayes,Street,Baldwin,11510,389000,405000,Colonial,5,1.500,"Crawl,Unfinished",,10,12186.77,CL,10/05/2017,5/31/2018,10/31/2017,12/28/2017,26,Det,1,1,2976581
206,,Albertson,Place,Mineola,11501,429999,410000,Cape,3,1.000,"Full,Partially Finished",1 Car Detached,10,7894.19,CL,9/19/2018,3/31/2019,10/26/2018,1/08/2019,37,Det,1,1,3066747
1521,,Kenneth,Avenue,N. Baldwin,11510,349000,350000,Colonial,3,1.550,"Full,Partially Finished",1 Car Attached,10,11719.00,CL,3/31/2017,9/30/2017,5/09/2017,6/29/2017,39,Det,1,1,2925545
845,,Lincoln,Avenue,N. Baldwin,11510,306900,306900,2 Story,4,1.500,"Full,Finished",,10,10794.00,CL,10/22/2019,1/18/2020,12/19/2019,2/19/2020,58,Det,1,1,3174558
1055,,Jefferson,Street,Baldwin,11510,439900,420000,Cape,4,2.000,"None,Unfinished",1 Car Attached,10,10043.00,CL,1/28/2019,1/28/2020,4/02/2019,5/21/2019,63,Att,1,1,3096922
515,,Portland,Avenue,N. Baldwin,11510,289900,270750,Cape,3,1.000,Full,,10,10007.11,CL,9/03/2018,2/28/2019,12/12/2018,2/21/2019,100,Det,1,1,3061951
1044,,Steele,Boulevard,Baldwin,11510,425000,395000,Colonial,3,1.000,"Full,Partially Finished",1 Car Detached,10,8051.77,CL,7/08/2019,12/31/2019,7/25/2019,10/30/2019,17,Det,1,1,3144993
1039,,Steele,Boulevard,Baldwin,11510,379000,379000,Bungalow,2,2.000,"Full,Finished",1 Car Detached,10,11172.73,CL,3/08/2019,4/08/2020,3/31/2019,5/23/2019,22,Det,1,1,3107354
225,,Milburn,Avenue,Baldwin,11510,279000,240000,Bungalow,2,1.000,"Full,Unfinished",,10,9082.58,CL,11/14/2018,10/31/2019,1/09/2019,2/12/2019,56,Det,1,1,3081148
67,,California,Avenue,Freeport,11520,279999,286000,Colonial,3,2.500,"Full,Unfinished",1 Car Attached,10,13279.62,CL,3/06/2017,8/30/2017,3/24/2017,4/24/2017,17,Det,1,1,*1277633
2274,,Rockwood,Avenue,Baldwin,11510,419000,400000,Victorian,3,1.500,"Full,Unfinished",1 Car Detached,10,14927.75,CL,6/07/2018,12/31/2018,6/27/2018,9/28/2018,20,Det,1,1,*1317987
696,,Garfield,Road,Baldwin,11510,309000,315000,Colonial,3,1.500,"Full,Unfinished",,10,8233.23,CL,12/19/2017,6/30/2018,1/03/2018,3/22/2018,15,Det,1,1,2992067
3109,,Western,Boulevard,Baldwin,11510,379999,400000,Colonial,3,1.500,"Crawl,Unfinished",,10,9742.68,CL,7/28/2016,9/01/2017,5/30/2017,8/03/2017,306,Det,1,1,2921919
551,,Stanton,Avenue,Baldwin,11510,287000,336000,Colonial,2,1.000,"Full,Unfinished",1 Car Detached,10,10228.00,CL,5/03/2019,8/01/2019,6/25/2019,9/19/2019,53,Det,1,1,3125526
881,,Milburn,Court,Baldwin,11510,429000,415000,Cape,3,1.000,"Full,Finished",1 Car Detached,10,10060.40,CL,7/20/2018,1/01/2019,9/10/2018,11/08/2018,52,Det,1,1,3050062
1044,,Alhambra,Road,N. Baldwin,11510,379000,385000,Cape,3,1.500,"Full,Finished",2 Car Detached,10,13412.00,CL,7/06/2018,12/06/2018,10/12/2018,12/07/2018,98,Det,1,1,3045928
830,N,William,Street,N. Baldwin,11510,389000,395000,Cape,3,2.000,"Full,Finished",1 Car Attached,10,10438.11,CL,9/27/2018,9/30/2019,10/17/2018,12/21/2018,20,Det,1,1,3068623
924,,Hastings,Street,Baldwin,11510,449000,416000,Split Level,3,2.500,"Partial,Finished",1 Car Attached,10,12327.00,CL,4/17/2017,10/15/2017,8/03/2017,10/31/2017,108,Det,1,1,2929860
877,,Lincoln,Avenue,N. Baldwin,11510,417000,390000,Colonial,3,2.000,"Full,Partially Finished",2 Car Detached,10,12385.50,CL,12/10/2016,6/10/2017,3/23/2017,5/01/2017,102,Det,1,1,2901183
904,,Wallace,Avenue,Baldwin,11510,399000,370000,Cape,4,2.000,"Full,Finished",,10,13229.00,CL,2/20/2017,6/01/2017,5/02/2017,7/18/2017,70,Det,1,1,2915448
590,,Stanton,Avenue,Baldwin,11510,449000,415000,Tudor,3,1.500,"Full,Unfinished",,10,8750.00,CL,7/13/2017,6/01/2018,6/04/2018,8/13/2018,326,Det,1,1,2954749
226,,Jefferson,Avenue,Mineola,11501,399000,370000,Colonial,3,2.000,"Full,Unfinished",,10,9204.94,CL,4/19/2017,4/01/2018,6/16/2017,7/21/2017,58,Det,1,1,2930498
38,,Fordham,Street,Williston Park,11596,475000,400000,Colonial,3,2.000,Full,,10,11401.41,CL,1/10/2018,1/07/2019,3/09/2018,5/07/2018,58,Det,1,1,*1303893
1504,,Prince,Street,N. Baldwin,11510,410000,420000,Cape,4,2.000,"Full,Finished",,10,12400.00,CL,2/03/2017,2/03/2018,11/04/2017,12/15/2017,273,Det,1,1,2911376
2,,Talmadge,Drive,N. Baldwin,11510,440000,420000,Cape,4,2.000,"Full,Finished",,10,14427.00,CL,5/27/2018,11/27/2018,2/08/2019,3/28/2019,257,Det,1,1,3033890
3375,,Milburn,Avenue,Baldwin,11510,332800,341000,Colonial,4,1.500,"Full,Unfinished",1 Car Attached,10,15490.52,CL,11/10/2017,2/07/2018,12/04/2017,1/10/2018,24,Det,1,1,2984878
2934,,Milburn,Avenue,Baldwin,11510,199000,225000,Bungalow,3,1.000,"Full,Unfinished",,10,6671.00,CL,8/07/2017,8/06/2018,9/07/2017,10/03/2017,31,Det,1,0,2961337
1487,,Kingston Ave.,,Baldwin,11510,369900,372000,Bungalow,2,1.000,"Full,Finished",,10,7671.00,CL,1/28/2018,1/26/2019,2/27/2018,5/03/2018,30,Det,1,1,3000343
811,,Center,Drive,N. Baldwin,11510,280000,360000,Cape,4,2.000,Full,,10,7507.00,CL,2/01/2017,1/31/2018,5/14/2017,9/11/2017,101,Det,1,1,2910851
835,,Waverly,Place,Baldwin,11510,389000,355000,Ranch,2,1.000,Partial,1 Car Attached,10,9846.00,CL,12/11/2017,5/23/2018,1/26/2018,4/17/2018,46,Det,1,1,2990779
1539,,Wales,Avenue,N. Baldwin,11510,365000,325000,Colonial,3,1.500,"Full,Finished",,10,13037.00,CL,1/18/2016,2/13/2018,7/30/2016,7/28/2017,193,Det,1,1,2822931
976,,Wallace,Avenue,N. Baldwin,11510,428888,405000,Cape,2,1.000,Full,1 Car Detached,10,11837.57,CL,7/22/2019,1/31/2020,10/25/2019,12/18/2019,95,Det,1,1,3149173
30,,Prince,Street,N. Baldwin,11510,399000,400000,Ranch,3,1.000,"Full,Unfinished",2 Car Detached,10,10087.00,CL,6/04/2018,9/04/2018,6/15/2018,8/22/2018,11,Det,1,1,3036244
793,,Wallace,Avenue,N. Baldwin,11510,415000,415000,Ranch,3,1.000,"Full,Finished",1 Car Detached,10,8033.28,CL,4/04/2019,10/04/2019,4/22/2019,6/06/2019,18,Det,1,1,3116169
2881,S,Grand,Avenue,Baldwin,11510,345000,340000,Ranch,3,1.000,"Full,Finished",,10,13610.16,CL,8/11/2017,2/02/2018,8/29/2017,10/27/2017,18,Det,1,1,2962781
133,,California,Avenue,Freeport,11520,399000,411000,Hi Ranch,4,2.000,"None,Unfinished",2 Car Attached,10,13042.68,CL,8/09/2017,2/07/2018,9/07/2017,12/29/2017,29,Det,1,1,2961943
830,,Linden,Avenue,N. Baldwin,11510,409000,405000,Tudor,3,1.500,"Full,Partially Finished",1 Car Detached,10,10845.27,CL,11/14/2018,5/14/2019,12/05/2018,2/06/2019,21,Det,1,1,3081316
1620,,Roosevelt,Street,N. Baldwin,11510,419000,395000,Cape,4,1.000,"Full,Partially Finished",1 Car Attached,10,9125.00,CL,12/11/2017,6/11/2018,1/22/2018,4/20/2018,42,Det,1,1,2990643
530,,Ashland,Avenue,N. Baldwin,11510,350000,365000,Cape,4,1.000,"Full,Partially Finished",1 Car Detached,10,10421.22,CL,9/14/2018,3/11/2019,11/08/2018,1/18/2019,55,Det,1,1,3065016
52,,Stowe,Avenue,N. Baldwin,11510,339000,290000,Cape,4,3.000,"Full,Unfinished",3 Car Attached,10,10888.00,CL,3/22/2018,3/22/2019,9/10/2018,10/17/2018,172,Det,1,1,3014220
1861,,Harte,Street,Baldwin,11510,324000,339999,Colonial,3,1.500,"Full,Unfinished",2 Car Detached,10,12745.00,CL,7/19/2018,10/17/2018,9/25/2018,11/28/2018,68,Det,1,1,3050167
670,,Joy,Boulevard,N. Baldwin,11510,350000,278250,Tudor,3,2.000,Full,1 Car Attached,10,14091.00,CL,9/12/2017,12/12/2017,9/27/2017,10/23/2017,15,Det,1,1,2970400
624,,Seaman,Avenue,Baldwin,11510,261300,260000,Colonial,2,1.500,Full,1 Car Detached,10,10175.00,CL,7/25/2019,10/23/2019,9/04/2019,9/27/2019,41,Det,1,1,3150789
548,N,Brookside,Avenue,Freeport,11520,165000,192000,Split Level,3,2.500,"None,Unfinished",,10,17179.02,CL,8/30/2019,11/28/2019,10/04/2019,10/25/2019,35,Det,1,0,3160278
3159,,Milburn,Avenue,Baldwin,11510,215000,320250,Colonial,4,1.000,"None,Unfinished",,10,13379.00,CL,5/08/2018,8/08/2018,5/30/2018,6/19/2018,22,Det,1,1,3028603
840,,Wesley,Street,N. Baldwin,11510,305000,252500,Cape,3,1.500,Full,1 Car Attached,10,12948.00,CL,9/27/2017,12/31/2017,10/26/2017,1/02/2018,29,Det,1,1,2974663
3135,,Grand,Avenue,Baldwin,11510,364000,355000,Hi Ranch,3,2.500,"None,Unfinished",1 Car Attached,10,14664.00,CL,12/06/2016,10/30/2017,8/21/2017,9/08/2017,257,Det,1,1,2900607
740,,Foxhurst,Road,Baldwin,11510,319900,315000,Ranch,4,1.000,Full,1 Car Detached,10,7714.00,CL,3/15/2018,10/31/2018,8/20/2018,10/24/2018,158,Det,1,1,3048590
635,,Haig,Street,Baldwin,11510,325000,325000,Colonial,4,2.000,"Full,Finished",,10,11727.00,CL,6/25/2019,9/23/2019,7/15/2019,9/09/2019,20,Det,1,1,3143479
917,,Mckinley,Street,Baldwin,11510,374900,401000,Colonial,5,2.000,"Crawl,Unfinished",1 Car Detached,10,15962.44,CL,10/22/2019,2/26/2020,2/24/2020,3/16/2020,125,Det,1,1,3175025
1862,,Browning,Street,N. Baldwin,11510,268000,280000,Cape,3,1.000,"Full,Unfinished",,10,12607.00,CL,9/08/2017,9/08/2018,9/22/2017,10/20/2017,14,Det,1,1,2969492
1483,,Matheron,Avenue,N. Baldwin,11510,339000,345000,Cape,4,2.000,Full,,10,12742.00,CL,11/08/2017,11/08/2018,6/15/2018,8/24/2018,218,Det,1,1,2984471
1410,,Dartmouth,Street,N. Baldwin,11510,199000,209000,Tudor,4,2.000,Full,1 Car Attached,10,10871.00,CL,8/29/2017,8/29/2018,9/09/2017,2/23/2018,11,Det,1,1,2966750
538,,Grant,Avenue,N. Baldwin,11510,399999,393000,Colonial,4,2.000,Full,,10,11549.00,CL,9/18/2017,9/14/2018,10/02/2017,10/20/2017,14,Det,1,1,2971698
136,,California,Avenue,Freeport,11520,325000,263000,Colonial,2,1.500,"Partial,Unfinished",1 Car Attached,10,14861.00,CL,6/06/2019,6/07/2021,8/21/2019,9/10/2019,76,Det,1,1,3135827
179,,Prince,Avenue,Freeport,11520,349900,350000,Colonial,2,1.500,"Full,Finished",1 Car Attached,10,12892.49,CL,4/06/2017,10/31/2017,5/02/2017,7/26/2017,26,Det,1,1,2927293
515,,Portland,Avenue,N. Baldwin,11510,359000,342000,Cape,4,1.000,"Full,Unfinished",,10,12220.00,CL,9/11/2019,3/08/2020,1/06/2020,3/04/2020,117,Det,1,1,3163698
818,N,William,Street,Baldwin,11510,335000,348000,Cape,3,1.500,Full,1 Car Detached,10,10397.16,CL,1/24/2017,6/30/2017,3/10/2017,4/27/2017,45,Det,1,1,2908728
623,,Baldwin,Avenue,N. Baldwin,11510,175000,190000,Cape,2,1.000,"Full,Unfinished",,10,6224.00,CL,9/15/2017,5/31/2018,9/29/2017,12/13/2017,14,Det,1,1,2971865
1750,,Harte,Street,Baldwin,11510,359000,359000,Ranch,2,1.000,"Full,Finished",1 Car Detached,10,11035.00,CL,11/11/2017,11/11/2018,12/06/2017,2/13/2018,25,Det,1,1,2985112
3359,,Colony,Drive,Baldwin,11510,339000,335000,Exp Cape,4,2.500,Full,,10,10307.90,CL,11/22/2017,11/22/2018,1/02/2018,5/16/2018,41,Det,1,1,2987322
3059,,Western,Boulevard,Baldwin,11510,429000,366500,Cape,3,2.000,Full,,10,12712.00,CL,9/27/2017,12/31/2018,7/12/2018,10/29/2018,288,Det,1,1,2974377
2264,,Rockwood,Avenue,Baldwin,11510,465000,420000,Colonial,3,3.000,"Full,Finished",1 Car Detached,10,14799.44,CL,11/06/2017,5/31/2018,2/02/2018,4/19/2018,88,Det,1,1,2983793
56,,Pennsylvania,Avenue,Roosevelt,11575,389000,373000,Ranch,3,2.000,"Full,Finished",,10,9391.00,CL,5/15/2018,5/15/2019,8/30/2018,10/17/2018,107,Det,1,1,3030403
1856,,Lake,Drive,Baldwin,11510,425000,417500,Cape,3,2.000,"Full,Finished",2 Car Detached,10,10671.24,CL,11/17/2019,10/15/2020,1/15/2020,3/13/2020,59,Det,1,1,3181069
560,,Harvard,Avenue,N. Baldwin,11510,349000,285000,Colonial,5,1.000,Full,,10,10579.34,CL,4/13/2016,10/01/2018,5/16/2018,5/16/2018,763,Det,1,1,2843862
6,,Riverside,Avenue,Baldwin,11510,415000,410000,Cape,3,1.500,"Full,Unfinished",1 Car Detached,10,9542.00,CL,7/05/2017,3/11/2018,8/24/2017,10/23/2017,50,Det,1,1,2952403
682,,Riverside,Avenue,Baldwin,11510,329000,298500,Colonial,3,1.000,"Full,Unfinished",2 Car Detached,10,10339.54,CL,6/05/2017,6/01/2018,6/09/2017,8/07/2017,4,Det,1,1,2944145
769,,Jefferson,Street,Baldwin,11510,399900,395500,Split Level,4,3.000,"Partial,Finished",1 Car Attached,10,13409.00,CL,10/08/2019,4/08/2020,11/12/2019,12/09/2019,35,Det,1,1,3171425
1044,,Henhawk,Road,N. Baldwin,11510,429000,415000,Cape,4,3.000,"Full,Finished",,10,9576.69,CL,1/24/2018,1/24/2019,3/23/2018,5/17/2018,57,Det,1,1,2998969
1388,,Forest,Avenue,N. Baldwin,11510,339900,343000,Hi Ranch,4,2.500,"Full,Unfinished",,10,16749.00,CL,1/06/2017,4/03/2017,1/25/2017,3/30/2017,19,Det,1,1,2905204
941,,Adams,Street,Baldwin Harbor,11510,264900,260000,Colonial,2,1.500,Full,,10,12990.00,CL,1/26/2018,6/08/2018,3/27/2018,6/01/2018,59,Det,1,1,2999949
175,,Prince,Avenue,Freeport,11520,269000,262000,Cape,4,1.500,Full,1 Car Detached,10,14200.00,CL,9/13/2017,8/08/2018,6/07/2018,7/18/2018,267,Det,1,1,2971361
1041,,Jackson,Street,Baldwin,11510,359990,340000,Colonial,5,2.000,"Crawl,Unfinished",,10,15000.00,CL,12/01/2018,11/09/2019,8/05/2019,11/05/2019,246,Det,1,1,3084650
1635,,John,Court,N. Baldwin,11510,399900,400000,Colonial,3,1.500,"Full,Partially Finished",1 Car Detached,10,12000.00,CL,2/18/2019,7/11/2019,4/09/2019,6/27/2019,49,Det,1,1,3101994
18,,Elm,Place,Baldwin,11510,399000,370000,Colonial,3,2.000,"Full,Unfinished",1 Car Detached,10,11545.00,CL,1/20/2017,1/20/2018,2/27/2017,5/18/2017,38,Det,1,1,2908011
1076,,Cornwell,Avenue,Baldwin,11510,320000,310200,Ranch,2,1.000,"Crawl,Unfinished",1 Car Detached,10,9118.58,CL,9/07/2018,5/04/2019,3/18/2019,5/14/2019,192,Det,1,1,3063220
297,,Milburn,Avenue,Baldwin,11510,360000,355000,Colonial,4,2.000,"Full,Unfinished",,10,10821.36,CL,7/08/2019,1/08/2020,8/08/2019,12/02/2019,31,Det,1,1,3144864
888,,Ocean,Street,Baldwin,11510,299000,275000,Bungalow,1,1.000,"Partial,Unfinished",,10,9012.95,CL,2/05/2018,10/05/2018,6/13/2018,10/03/2018,127,Det,1,1,3001957
2410,,Harrison,Avenue,Baldwin,11510,379000,379000,Colonial,3,2.000,Full,,10,10037.16,CL,7/19/2018,1/19/2019,11/06/2018,1/09/2019,110,Det,1,1,3049708
2769,,Harvard,Place,Baldwin,11510,349900,350000,Ranch,3,1.000,"None,Unfinished",,10,10720.27,CL,6/26/2017,1/31/2018,7/19/2017,8/14/2017,23,Det,1,1,2949992
2369,,Rockwood,Avenue,Baldwin,11510,439999,418000,Colonial,3,1.500,"Full,Partially Finished",2 Car Detached,10,14839.17,CL,10/18/2018,4/18/2019,12/12/2018,2/12/2019,55,Det,1,1,3074295
1854,,Twain,Street,Baldwin,11510,425000,405000,Colonial,4,2.000,"Full,Unfinished",,10,14751.71,CL,11/19/2018,2/19/2019,12/17/2018,4/05/2019,28,Det,1,2,3082175
886,,Hastings,Street,Baldwin,11510,399000,399000,Colonial,5,2.000,"Crawl,Unfinished",,10,11523.61,CL,5/16/2019,2/15/2020,6/28/2019,10/07/2019,43,Det,1,1,3129542
842,,Schuman,Place,Baldwin,11510,425000,420000,Cape,4,2.000,"Full,Unfinished",1 Car Detached,10,12962.13,CL,3/22/2018,7/24/2018,5/05/2018,6/28/2018,44,Det,1,1,3014278
1599,,Hawthorne,Street,Baldwin,11510,399000,395000,Tudor,3,2.000,"Full,Partially Finished",1 Car Detached,10,11913.00,CL,6/13/2017,11/30/2017,7/25/2017,10/10/2017,42,Det,1,1,2946733
875,,Grand Terrace,Avenue,Baldwin,11510,419000,392000,Cape,4,2.000,"Full,Unfinished",1 Car Attached,10,13592.00,CL,6/05/2019,12/05/2019,8/27/2019,2/14/2020,83,Det,1,1,3135231
1342,W,Circle,Drive,Baldwin,11510,419000,419000,Cape,4,1.000,"Full,Finished",,10,11457.15,CL,10/02/2018,4/02/2019,11/07/2018,12/19/2018,36,Det,1,1,*1328296
971,,Kings,Parkway,N. Baldwin,11510,339000,342000,Colonial,3,2.000,Partial,1 Car Detached,10,10399.00,CL,1/02/2017,5/04/2017,1/30/2017,3/29/2017,28,Det,1,1,2903906
890,,Steele,Boulevard,Baldwin,11510,369000,385000,Cape,3,1.000,"Full,Unfinished",2 Car Detached,10,8027.17,CL,7/18/2018,1/12/2019,8/01/2018,10/15/2018,14,Det,1,1,3049299
700,,Arthur,Street,Baldwin,11510,375000,350000,Colonial,3,2.000,"Full,Unfinished",,10,12140.59,CL,5/31/2017,12/15/2017,12/07/2017,3/01/2018,190,Det,1,1,2942748
8,,Mckenna,Avenue,N. Baldwin,11510,395000,335000,Tudor,3,3.000,"Full,Finished",1 Car Detached,10,16601.00,CL,6/14/2019,10/31/2019,9/04/2019,9/23/2019,82,Det,1,1,3138599
470,,Baldwin,Avenue,Baldwin,11510,399999,399999,Bungalow,2,1.000,"Full,Unfinished",1 Car Detached,10,8900.00,CL,7/12/2019,1/31/2020,8/08/2019,9/19/2019,27,Det,1,1,3146610
2685,,Wilddale,Road,Baldwin,11510,389990,385000,Cape,3,1.000,"Full,Unfinished",1 Car Detached,10,13111.79,CL,4/12/2019,10/13/2019,4/23/2019,5/29/2019,11,Det,1,1,3118661
2496,,Lakeside,Drive,Baldwin,11510,429000,410000,Tudor,3,2.000,"Partial,Unfinished",1 Car Detached,10,10855.61,CL,6/26/2017,12/24/2017,12/05/2017,2/05/2018,162,Det,1,1,2950143
699,,Atlantic,Avenue,Baldwin,11510,299000,285000,Ranch,3,2.000,"None,Unfinished",,10,9036.00,CL,7/02/2016,3/20/2017,3/24/2017,5/19/2017,265,Det,1,1,2884222
435,,New York,Avenue,Baldwin,11510,429000,420000,Ranch,3,1.500,Full,1 Car Attached,10,10304.00,CL,2/17/2019,8/31/2019,2/28/2019,6/10/2019,11,Det,1,1,3102011
651,,Barnes,Avenue,Baldwin,11510,349000,340000,Cape,3,1.000,"Crawl,Unfinished",,10,7577.35,CL,10/22/2017,10/20/2018,11/10/2017,1/25/2018,19,Det,1,1,2980239
1867,,Browning,Street,Baldwin,11510,409000,400000,Colonial,3,2.000,"Full,Finished",2 Car Detached,10,12978.00,CL,5/15/2017,5/15/2018,6/16/2017,8/03/2017,32,Det,1,1,2938474
1025,,Church,Street,Baldwin,11510,419000,412000,Cape,2,2.500,"Full,Finished",,10,12632.00,CL,10/03/2019,4/03/2020,10/05/2019,2/27/2020,2,Det,1,1,3169956
1372,W,Lake,Drive,Baldwin,11510,399500,399500,Ranch,2,2.000,"Full,Finished",1 Car Detached,10,6795.00,CL,4/08/2019,11/08/2019,4/10/2019,7/03/2019,2,Det,1,1,3117046
866,,Newton,Avenue,N. Baldwin,11510,399999,402500,Colonial,3,1.500,"Full,Partially Finished",1 Car Attached,10,14749.30,CL,1/15/2019,3/30/2019,2/07/2019,4/29/2019,23,Det,1,1,3093698
417,,Derby,Road,Baldwin,11510,374999,378000,Split Level,3,1.000,"Full,Unfinished",1 Car Attached,10,14673.00,CL,12/20/2018,2/20/2019,1/30/2019,5/16/2019,41,Det,1,1,3088154
615,,Grimm,Place,Baldwin,11510,362263,350000,Colonial,3,1.500,"Full,Unfinished",1 Car Detached,10,9557.25,CL,5/25/2017,10/31/2017,6/16/2017,9/19/2017,22,Det,1,1,2941393
891,,Hastings,Street,Baldwin,11510,359953,367500,Colonial,3,1.500,"Full,Finished",1 Car Detached,10,10754.00,CL,8/03/2018,12/31/2018,9/28/2018,1/08/2019,56,Det,1,1,3054021
915,,Kings,Parkway,Baldwin,11510,359000,330000,Colonial,3,1.500,"Full,Finished",,10,10417.00,CL,8/16/2017,8/31/2018,9/01/2017,2/07/2018,16,Det,1,1,2964004
653,,Stanton,Avenue,N. Baldwin,11510,374990,374990,Tudor,3,2.500,"Full,Finished",1 Car Detached,10,13383.00,CL,7/24/2017,2/01/2018,1/25/2018,4/04/2018,185,Det,1,1,2958228
605,,Tennyson,Avenue,Baldwin,11510,375000,375000,Ranch,3,1.000,"Full,Finished",2 Car Detached,10,10197.29,CL,3/29/2017,9/21/2017,4/10/2017,5/26/2017,12,Det,1,1,2925102
834,,Jefferson,Street,Baldwin,11510,349000,353000,Exp Ranch,2,2.000,"Crawl,Unfinished",,10,10861.34,CL,8/28/2018,2/27/2019,9/14/2018,11/15/2018,17,Det,1,1,3060666
1685,,Wales,Place,Baldwin,11510,349000,335000,Cape,4,1.000,"Full,Unfinished",1 Car Detached,10,10578.00,CL,2/06/2017,2/05/2018,6/02/2017,7/24/2017,115,Det,1,1,2911795
3410,,Colony,Drive,Baldwin,11510,274000,274000,Hi Ranch,3,2.000,"None,Unfinished",,10,15843.10,CL,4/03/2019,4/02/2020,7/09/2019,8/28/2019,97,Det,1,1,3115372
35,,Baldwin,Avenue,Baldwin,11510,389000,400000,Exp Cape,3,2.000,"Full,Partially Finished",1 Car Detached,10,12357.62,CL,8/21/2018,3/01/2019,9/18/2018,11/29/2018,28,Det,1,1,3058821
1010,,Davison,Place,Baldwin,11510,399999,404000,Colonial,3,1.500,Full,1 Car Detached,10,12040.00,CL,9/18/2018,9/18/2019,11/20/2018,2/22/2019,63,Det,1,1,3066247
1494,,Matheron,Avenue,Baldwin,11510,379999,365000,Cape,3,2.000,"Partial,Unfinished",,10,13638.00,Cl,11/29/2018,11/30/2020,2/07/2019,10/02/2019,70,Det,1,1,3083938
623,,Baldwin,Avenue,N. Baldwin,11510,250000,210000,Bungalow,2,1.000,"Full,Unfinished",,10,9706.37,CL,1/06/2020,3/31/2020,1/16/2020,3/12/2020,10,Det,1,1,3189624
710,,Foxhurst,Road,Baldwin,11510,429800,415000,Ranch,2,2.000,"Full,Finished",2 Car Attached,10,9910.75,CL,3/01/2018,7/01/2018,3/30/2018,5/11/2018,28,Det,1,1,3008464
777,,Edward,Street,N. Baldwin,11510,339000,315919,Cape,3,1.000,"Full,Unfinished",,10,11142.00,CL,7/20/2017,10/20/2017,9/18/2017,11/30/2017,60,Det,1,1,2956900
3200,,Eastern,Parkway,Baldwin,11510,419999,390000,Ranch,3,2.000,"Full,Unfinished",1 Car Detached,10,11763.68,CL,4/26/2019,10/31/2019,9/01/2019,11/04/2019,128,Det,1,1,3122895
813,,N. William,Street,N. Baldwin,11510,349000,335000,Cape,3,1.000,"Full,Partially Finished",1 Car Detached,10,11154.00,CL,10/24/2019,4/18/2020,11/23/2019,1/17/2020,30,Det,1,1,3175122
3067,,Western,Boulevard,Baldwin,11510,419000,419000,Split Level,3,1.000,"None,Unfinished",1 Car Attached,10,10180.90,CL,3/14/2017,9/12/2017,5/10/2017,7/11/2017,57,Det,1,1,2921087
24,,Arthur,Street,Baldwin Harbor,11510,350000,345000,Bungalow,3,2.000,"Full,Unfinished",,10,14382.04,CL,11/16/2018,2/22/2019,1/31/2019,3/19/2019,76,Det,1,1,3081895
1723,,Kenneth,Avenue,N. Baldwin,11510,419000,410000,Cape,3,1.000,"Full,Unfinished",,10,13670.96,CL,11/27/2019,11/22/2020,12/27/2019,2/04/2020,30,Det,1,1,3183035
591,,Emerson,Avenue,N. Baldwin,11510,325000,335000,Cape,3,1.000,"Full,Unfinished",,10,10518.00,CL,9/17/2017,3/10/2018,10/24/2017,12/22/2017,37,Det,1,1,2971605
981,,Wallace,Avenue,N. Baldwin,11510,419000,415000,Tudor,4,3.000,"Full,Finished",1 Car Detached,10,8411.08,CL,5/23/2017,11/22/2017,9/06/2017,12/07/2017,106,Det,1,2,2941047
647,,John,Street,Baldwin,11510,399999,410000,Cape,4,1.500,"Full,Partially Finished",1 Car Detached,10,12525.74,CL,8/23/2018,2/23/2019,10/02/2018,1/18/2019,40,Det,1,1,3059454
683,,Arlington,Avenue,Baldwin,11510,405000,405500,Exp Cape,3,1.000,"Full,Partially Finished",1 Car Detached,10,12024.00,CL,2/21/2018,8/21/2018,3/26/2018,6/12/2018,32,Det,1,1,*1307437
109,,Woodside,Avenue,N. Baldwin,11510,398000,398000,Cape,4,2.000,Full,,10,11087.00,Cl,6/06/2017,12/31/2017,7/10/2017,8/24/2017,34,Det,1,1,2944622
918,,Hayes,Street,Baldwin,11510,416000,405500,Colonial,4,2.000,"None,Unfinished",1 Car Detached,10,8400.00,CL,11/17/2017,4/30/2018,1/05/2018,3/27/2018,49,Det,1,1,2986522
2434,,Guenther,Court,Baldwin,11510,419000,420000,Cape,4,2.000,"Full,Finished",,10,10990.32,CL,6/08/2017,10/27/2017,7/07/2017,10/12/2017,29,Det,1,1,2945200
17,,Henhawk,Road,N. Baldwin,11510,419000,395000,Cape,4,2.000,"Full,Finished",1 Car Detached,10,13721.21,CL,8/02/2019,1/31/2020,12/02/2019,1/31/2020,122,Det,1,1,3152858
1130,,Van Buren,Place,Baldwin,11510,275000,250000,Colonial,4,2.000,"Crawl,Unfinished",,10,14934.00,CL,2/11/2018,8/31/2018,6/08/2018,6/22/2018,116,Det,1,1,3003725
866,,Lincoln,Avenue,N. Baldwin,11510,379000,385000,Tudor,3,2.500,"Full,Unfinished",1 Car Detached,10,12962.15,CL,2/13/2017,8/13/2017,3/27/2017,6/26/2017,41,Det,1,1,2913285
638,,Grant,Avenue,N. Baldwin,11510,299000,332000,Cape,4,2.000,"Partial,Unfinished",,10,13229.21,CL,6/12/2019,9/09/2019,8/16/2019,9/04/2019,65,Det,1,1,3137924
982,,Adams,Street,Baldwin,11510,399000,375000,Colonial,3,1.500,"Full,Partially Finished",,10,12726.00,CL,2/23/2017,2/23/2018,7/10/2017,8/24/2017,136,Det,1,1,2916124
942,,Wallace,Avenue,N. Baldwin,11510,425000,395000,Cape,4,1.000,Full,,10,8458.05,CL,11/30/2018,4/13/2019,4/04/2019,5/30/2019,124,Det,1,1,3084230
160,,Brookside,Avenue,Roosevelt,11575,357500,320007,Split Level,3,2.000,"Partial,Unfinished",1 Car Attached,10,13649.34,CL,9/06/2019,11/29/2019,10/10/2019,10/31/2019,34,Det,1,1,3162391
173,,Evans,Avenue,Freeport,11520,314999,285000,Colonial,2,1.000,"Full,Unfinished",,10,8659.00,CL,10/06/2016,2/06/2017,2/03/2017,7/31/2017,120,Det,1,1,2888544
7,,Dorlon,Place,Baldwin,11510,299900,295000,Colonial,3,1.500,"Full,Unfinished",,10,14360.00,CL,5/08/2019,11/11/2019,9/10/2019,10/30/2019,125,Det,1,1,3156087
1010,,Van Buren,Street,Baldwin Harbor,11510,389900,377000,Hi Ranch,5,1.000,"None,Unfinished",1 Car Attached,10,11911.43,CL,12/28/2018,9/26/2019,6/25/2019,7/22/2019,178,Det,1,1,3089145
1916,,Bryant,Place,N. Baldwin,11510,379000,377000,Cape,4,2.000,Full,1 Car Detached,10,13681.55,CL,12/24/2019,3/22/2020,2/12/2020,2/27/2020,50,Det,1,1,3187704
1094,,Cramer,Court,Baldwin,11510,299000,300000,Split Level,3,2.000,"Full,Finished",1 Car Attached,10,7624.00,CL,8/03/2019,10/02/2019,9/16/2019,10/11/2019,44,Det,1,1,3153523
3264,,Parkway,Drive,Baldwin Harbor,11510,399000,399000,Exp Ranch,4,2.000,"Crawl,Unfinished",1 Car Detached,10,18818.10,CL,4/16/2018,10/16/2018,6/29/2018,10/04/2018,74,Det,1,1,3021003
895,,Centennial,Avenue,N. Baldwin,11510,375000,385000,Cape,4,1.000,"Full,Unfinished",1 Car Attached,10,9900.65,CL,3/19/2018,1/03/2019,7/25/2018,10/29/2018,128,Det,1,1,3013193
840,,Jefferson,Street,Baldwin,11510,389000,389000,Exp Cape,2,1.000,"Full,Unfinished",,10,7204.00,CL,3/06/2019,12/31/2019,5/01/2019,7/15/2019,55,Det,1,1,3106855
760,,Edward,Street,N. Baldwin,11510,399000,405000,Tudor,3,2.500,"Full,Finished",1 Car Detached,10,11827.40,CL,4/17/2017,11/01/2017,6/01/2017,7/18/2017,45,Det,1,1,2929635
2994,,Western,Boulevard,Baldwin,11510,360400,340000,Bungalow,3,2.000,"Crawl,Unfinished",,10,10285.00,CL,8/30/2017,11/30/2017,10/16/2018,10/11/2019,412,Det,1,1,2967046
3071,,Grand,Avenue,Baldwin Harbor,11510,359000,375000,Split Level,3,2.500,"Full,Finished",,10,13777.69,CL,7/21/2017,1/17/2018,7/31/2017,9/28/2017,10,Det,1,1,2957222
118,,Westbury,Avenue,Mineola,11501,409000,399000,Ranch,2,1.000,"Full,Finished",1 Car Detached,10,8566.00,CL,5/15/2017,11/13/2017,5/24/2017,8/02/2017,9,Det,1,1,*1284576
1320,,Circle,Drive,N. Baldwin,11510,370000,370000,Cape,4,2.000,"Full,Finished",,10,10500.00,CL,6/01/2017,9/30/2017,6/01/2017,6/01/2017,0,Det,1,1,*1286277
314,,Marcellus,Road,Mineola,11501,529000,420000,Colonial,4,2.500,"Full,Finished",1 Car Detached,10,9600.00,CL,9/19/2017,9/18/2018,5/18/2018,7/19/2018,241,Det,1,1,*1295923
630,,Rose,Boulevard,Baldwin,11510,419000,418500,Cape,4,2.000,"Full,Partially Finished",1 Car Attached,10,8596.49,CL,6/22/2018,12/22/2018,9/01/2018,10/30/2018,71,Det,1,1,*1319701
6,,Mayfair,Road,Baldwin,11510,399000,406000,Cape,4,1.000,"Full,Finished",1 Car Attached,10,7855.65,CL,7/05/2018,1/05/2019,8/06/2018,10/09/2018,32,Det,1,1,*1320805
114,,Adams,Street,Baldwin,11510,250000,230000,Bungalow,2,1.000,Full,,10,9085.90,CL,9/25/2018,9/15/2019,5/07/2019,7/10/2019,224,Det,1,1,*1327478
848,,Allen,Place,Baldwin,11510,399000,360000,2 Story,4,2.000,"Full,Unfinished",,10,13008.95,CL,9/25/2018,3/15/2019,12/04/2018,2/01/2019,70,Det,2,2,*1327515
2785,,Eastern,Boulevard,Baldwin,11510,229000,209000,Cape,2,1.000,"None,Unfinished",,10,13012.00,CL,11/01/2018,11/01/2020,1/16/2019,3/25/2019,76,Det,1,1,*1330463
27,,Barnes,Avenue,Baldwin,11510,305000,290000,Exp Cape,3,2.000,"None,Unfinished",1 Car Detached,10,12660.00,CL,9/08/2014,12/31/2017,2/07/2017,8/30/2017,883,Det,1,1,2704846
92-92A,,Coes Neck,Road,Baldwin,11510,305000,300000,Cape,7,3.000,"None,Unfinished",,10,8026.00,CL,5/02/2015,11/03/2015,3/28/2017,2/02/2018,696,Det,2,2,2759443
3499,,Steven,Road,Baldwin Harbor,11510,350000,300000,Splanch,3,2.500,"Partial,Unfinished",2 Car Attached,10,13963.00,CL,1/18/2016,2/28/2017,6/01/2017,6/01/2017,499,Det,1,1,2822413
1908,,Bryant,Place,N. Baldwin,11510,399000,390000,Cape,3,2.000,"Full,Finished",2 Car Detached,10,8208.80,CL,3/20/2016,11/26/2017,5/20/2017,8/22/2017,426,Det,1,1,2837421
3506,,Colony,Drive,Baldwin Harbor,11510,345000,345000,Colonial,4,2.000,"Crawl,Unfinished",,10,18667.74,CL,4/25/2016,2/28/2017,3/24/2017,3/27/2017,333,Det,1,1,2847256
3142,,Eastern,Parkway,Baldwin,11510,249000,230000,Hi Ranch,3,1.500,"None,Unfinished",2 Car Detached,10,9900.00,CL,6/10/2016,6/10/2017,8/04/2016,3/27/2017,55,Det,1,1,2860119
975,,Jerome Street,,Baldwin,11510,399000,375000,Other,5,4.000,"Full,Finished",,10,18947.00,CL,6/27/2016,6/27/2017,11/23/2016,10/16/2017,149,Det,1,1,2865987
1679,,Wales,Place,Baldwin,11510,299000,293000,Colonial,3,2.000,"Full,Partially Finished",,10,12284.00,CL,7/14/2016,7/01/2017,3/30/2017,6/30/2017,259,Det,1,1,2868826
683,,Stratford,Road,Baldwin,11510,359000,365000,Cape,3,1.000,"Full,Finished",,10,8679.00,CL,8/05/2016,8/05/2017,4/21/2017,6/30/2017,259,Det,1,1,2874632
917,,Waverly,Place,Baldwin,11510,439000,410000,Colonial,3,2.000,"Full,Unfinished",1 Car Detached,10,11360.17,CL,9/06/2016,3/05/2017,2/27/2017,5/31/2017,174,Det,1,1,2880975
1602,,Clifton,Street,Baldwin,11510,385000,388000,Cape,4,2.000,"Full,Finished",1 Car Attached,10,9500.00,CL,10/03/2016,3/30/2017,2/15/2017,4/13/2017,135,Det,1,1,2887642
3471,,Steven,Road,Baldwin Harbor,11510,425000,400000,Splanch,4,2.500,"Partial,Finished",1 Car Attached,10,16240.39,CL,9/30/2016,6/30/2018,10/18/2017,1/29/2018,383,Det,1,1,2888264
665,,Brooklyn,Avenue,Baldwin,11510,399000,370000,Colonial,5,3.000,"Full,Finished",1 Car Detached,10,10872.02,CL,10/05/2016,6/30/2018,12/12/2017,2/21/2018,433,Det,1,1,2888389
151,,Brookside,Avenue,Roosevelt,11575,399999,393000,Hi Ranch,4,2.000,"None,Unfinished",2 Car Attached,10,11445.00,CL,10/22/2016,10/21/2017,6/06/2017,9/11/2017,227,Det,1,1,2891905
1401,,Exeter,Street,N. Baldwin,11510,379000,385000,Cape,3,2.000,"Full,Finished",1 Car Detached,10,11444.15,CL,11/08/2016,6/24/2017,12/28/2016,3/28/2017,50,Det,1,1,2895271
777,,Hastings,Street,Baldwin,11510,355000,337500,Split Ranch,3,1.500,"Full,Finished",1 Car Attached,10,12287.00,CL,11/18/2016,11/18/2017,5/15/2017,7/17/2017,177,Det,1,1,2897535
3072,,Milburn,Avenue,Baldwin Harbor,11510,419000,365000,Colonial,3,2.000,"Full,Unfinished",,10,10000.00,CL,12/14/2016,12/13/2017,2/10/2017,4/13/2017,58,Det,1,1,2901844
2869,S,Grand,Avenue,Baldwin,11510,355000,350075,Ranch,3,1.000,"Full,Unfinished",2 Car Detached,10,7451.00,CL,12/14/2016,11/15/2017,1/25/2017,3/29/2017,42,Det,1,1,2901931
2333,,Lancaster,Avenue,Baldwin,11510,290000,305000,Cape,3,1.500,"Full,Unfinished",1 Car Attached,10,11700.00,Cl,12/30/2016,12/30/2018,12/01/2017,1/02/2018,336,Det,1,1,2903761
2697,,Milburn,Avenue,Baldwin,11510,400000,407000,Exp Ranch,3,2.000,"Full,Finished",1 Car Attached,10,9961.00,CL,1/05/2017,12/15/2017,4/19/2017,8/14/2017,103,Det,1,1,2905038
766,,Grand Terrace,Avenue,Baldwin,11510,339000,316000,Cape,2,1.000,"Full,Unfinished",1 Car Detached,10,11580.00,CL,1/10/2017,5/09/2017,2/16/2017,4/11/2017,37,Det,1,1,2905712
3316,,Colony,Drive,Baldwin Harbor,11510,359000,350000,Colonial,3,2.000,"Full,Unfinished",,10,14242.00,CL,1/13/2017,6/15/2017,4/10/2017,6/12/2017,86,Det,1,1,2905782
2720,,Park,Avenue,Baldwin,11510,339000,335000,Colonial,3,2.000,"Partial,Unfinished",,10,11006.88,CL,1/23/2017,7/23/2017,5/08/2017,7/25/2017,104,Det,1,1,2909471
685,,Lenox,Road,N. Baldwin,11510,419000,415000,Tudor,4,2.000,"Full,Finished",1 Car Detached,10,13366.70,CL,1/31/2017,9/01/2017,4/11/2017,7/28/2017,69,Det,1,1,2910359
832,,Jefferson,Street,Baldwin,11510,409000,395000,Raised Ranch,4,2.000,"Full,Finished",1 Car Detached,10,8244.85,CL,2/08/2017,8/07/2017,6/09/2017,12/29/2017,120,Det,1,1,2912446
1331,,Woodside,Avenue,N. Baldwin,11510,314900,316000,Cape,4,3.000,Full,1 Car Detached,10,10014.69,CL,2/10/2017,8/10/2017,7/28/2017,11/02/2017,167,Det,1,1,2913048
11,,Prince,Street,Baldwin,11510,385000,380000,Colonial,3,1.500,"Full,Partially Finished",1 Car Attached,10,11491.00,CL,2/13/2017,9/02/2017,3/11/2017,7/28/2017,26,Det,1,1,2913379
700,,The Fenway,,Baldwin,11510,420000,410000,Colonial,3,2.000,"Full,Unfinished",1 Car Attached,10,10686.00,CL,2/15/2017,2/15/2018,3/27/2017,5/10/2017,39,Det,1,1,2914275
566,,Stowe,Avenue,Baldwin,11510,375000,380000,Colonial,4,1.000,"Full,Unfinished",1 Car Detached,10,8782.00,CL,2/17/2017,2/17/2018,3/22/2017,6/21/2017,32,Det,1,1,2914433
3097,,Eastern,Parkway,Baldwin,11510,339000,329000,Cape,3,1.000,"Full,Unfinished",,10,11158.56,CL,2/21/2017,6/21/2017,6/01/2017,9/05/2017,99,Det,1,1,2915339
806,,Miller,Place,N. Baldwin,11510,294800,283494,Bungalow,3,1.500,"None,Unfinished",,10,10881.00,CL,2/22/2017,1/12/2018,4/27/2017,1/30/2018,64,Det,1,1,2915569
2911,,Yale,Place,Baldwin,11510,379999,350000,Cape,3,1.500,Full,1 Car Detached,10,7751.46,CL,2/21/2017,2/21/2018,4/07/2017,7/28/2017,44,Det,1,1,2915709
105,,Connecticut,Avenue,Freeport,11520,429000,410000,Colonial,3,1.500,"Partial,Partially Finished",1 Car Attached,10,16967.43,CL,2/25/2017,5/24/2017,4/29/2017,7/12/2017,62,Det,1,1,2916363
1003,,Cornwell,Avenue,Baldwin,11510,379000,364000,Colonial,4,2.000,"Full,Unfinished",,10,10669.75,CL,2/27/2017,8/27/2017,7/27/2017,9/27/2017,149,Det,1,1,2916638
950,,Clyde,Road,Baldwin,11510,355000,350000,Cape,4,1.000,"Full,Partially Finished",1 Car Detached,10,10805.00,CL,2/27/2017,9/01/2017,5/16/2017,6/30/2017,77,Det,1,1,2917095
2901,,Carnation,Avenue,Baldwin,11510,294000,317000,Exp Cape,4,1.000,Full,,10,12473.32,CL,3/03/2017,6/01/2017,4/07/2017,4/21/2017,34,Det,1,1,2918263
985,,Van Buren Street,,Baldwin Harbor,11510,419990,395000,Split Level,4,2.500,"Full,Finished",1 Car Attached,10,16050.00,CL,3/13/2017,3/06/2018,1/20/2018,3/02/2018,313,Det,1,1,2921342
3265,,Parkway,Drive,Baldwin,11510,199500,205000,Ranch,2,3.000,"Full,Unfinished",,10,13939.78,CL,3/28/2017,10/27/2017,9/20/2017,10/20/2017,176,Det,1,1,2924567
2128,,Pine,Street,Baldwin,11510,325000,340000,Colonial,3,1.500,"Full,Finished",,10,11579.95,CL,3/28/2017,9/28/2017,4/20/2017,6/13/2017,23,Det,1,1,2924794
676,,Lakeside,Drive,Baldwin,11510,443900,420000,Colonial,4,1.500,"Full,Partially Finished",2 Car Detached,10,13113.30,CL,3/31/2017,3/29/2018,5/16/2017,11/27/2017,46,Det,1,1,2925537
847,,Waverly,Place,Baldwin,11510,369000,380000,Colonial,3,1.500,"Full,Unfinished",1 Car Detached,10,7905.00,CL,3/31/2017,9/29/2017,4/26/2017,7/18/2017,26,Det,1,1,2925657
506,,Russell,Street,N. Baldwin,11510,239900,245000,Cape,2,1.000,"Full,Unfinished",,10,11209.14,CL,3/31/2017,6/30/2017,4/18/2017,5/08/2017,18,Det,1,1,2925704
968,,Steele,Boulevard,Baldwin Harbor,11510,365000,365000,Cape,3,1.500,"Full,Finished",1 Car Detached,10,6394.78,CL,4/03/2017,9/28/2017,6/12/2017,9/13/2017,70,Det,1,1,2926385
2989,,Verity,Lane,Baldwin,11510,399000,400000,Split Level,5,3.000,"Partial,Partially Finished",,10,12376.83,CL,4/09/2017,4/09/2018,8/14/2017,1/30/2018,127,Det,1,1,2928357
2533,,Central,Avenue,Baldwin,11510,335000,345000,Colonial,4,1.500,"Full,Unfinished",1 Car Detached,10,11933.93,CL,4/19/2017,10/19/2017,5/18/2017,8/24/2017,29,Det,1,1,2930536
821,N,William,Street,N. Baldwin,11510,409000,408000,Cape,3,3.000,"Full,Finished",,10,10012.36,CL,4/21/2017,12/21/2017,5/17/2017,8/08/2017,26,Det,1,1,2931332
966,,Thomas,Avenue,Baldwin,11510,379000,380000,Colonial,3,2.000,"Full,Partially Finished",1 Car Detached,10,10349.49,CL,4/21/2017,11/20/2017,5/12/2017,7/25/2017,21,Det,1,1,2931341
1364,,Woodside,Avenue,N. Baldwin,11510,399990,400000,Cape,3,2.000,"Full,Finished",2 Car Detached,10,13313.00,CL,4/21/2017,12/30/2018,6/08/2018,8/29/2018,413,Det,1,1,2931474
556,,Emerson,Avenue,N. Baldwin,11510,329000,340000,Cape,2,1.000,"Full,Finished",1 Car Detached,10,10113.48,CL,4/25/2017,10/31/2017,5/20/2017,7/27/2017,25,Det,1,1,2932434
3125,,Western,Boulevard,Baldwin,11510,319000,310000,Cottage,2,1.500,"Full,Unfinished",1 Car Detached,10,6462.28,CL,4/29/2017,3/31/2018,5/26/2017,10/31/2017,27,Det,1,1,2933567
1026,,Cornwell,Avenue,Baldwin,11510,325000,320000,Cape,2,1.000,Full,,10,8930.00,CL,4/30/2017,11/30/2017,6/02/2017,7/14/2017,33,Det,1,1,2933776
1050,,Mckinley,Street,Baldwin,11510,419000,412000,Exp Ranch,3,2.000,"Partial,Unfinished",1 Car Detached,10,10467.00,CL,4/30/2017,10/29/2017,6/14/2017,8/16/2017,45,Det,1,1,2934532
614,,Terrace,Place,N. Baldwin,11510,325000,260000,Colonial,4,2.500,Partial,,10,10792.00,CL,5/08/2017,5/08/2018,8/26/2017,2/16/2018,110,Det,1,1,2936264
598,,Garfield,Road,N. Baldwin,11510,415000,415000,Colonial,4,2.000,"Full,Finished",1 Car Detached,10,9607.84,CL,5/08/2017,8/30/2017,5/26/2017,9/05/2017,18,Det,1,1,2936311
86,,Roslyn,Road,Mineola,11501,439000,410000,Colonial,3,1.500,"Full,Unfinished",,10,9060.43,CL,5/14/2017,5/13/2018,7/31/2017,11/29/2017,78,Att,1,1,2938085
194,,Harrison,Avenue,Mineola,11501,440000,420000,Colonial,4,2.000,"Crawl,Unfinished",,10,7175.96,CL,5/16/2017,12/10/2017,6/14/2017,9/20/2017,29,Det,1,1,2938694
608,,Terrace,Place,Baldwin,11510,395000,395000,Cape,3,2.000,"Full,Finished",1 Car Attached,10,10265.00,CL,5/19/2017,4/25/2018,6/16/2017,8/22/2017,28,Det,1,1,2939841
1111,,Hayes,Place,Baldwin,11510,395000,380000,Colonial,3,2.500,"Full,Unfinished",1 Car Detached,10,13680.32,CL,5/19/2017,10/24/2017,6/06/2017,7/13/2017,18,Det,1,1,2939962
925,,Thomas,Avenue,Baldwin,11510,329000,325000,Cape,4,1.000,"Full,Unfinished",2 Car Detached,10,13484.64,CL,5/18/2017,9/15/2017,7/11/2017,9/19/2017,54,Det,1,1,2940092
21,,Syracuse,Street,Williston Park,11596,365000,351500,Colonial,3,2.000,Full,,10,10753.24,CL,5/24/2017,11/01/2017,6/05/2017,10/26/2017,12,Det,1,1,2941302
1680,,Wilson,Street,N. Baldwin,11510,429000,418500,Tudor,2,2.000,"Full,Finished",1 Car Detached,10,9196.13,CL,5/31/2017,11/30/2017,7/13/2017,9/26/2017,43,Det,1,1,2942777
2300,,Edna,Court,Baldwin,11510,350000,340000,Exp Ranch,2,1.000,"Full,Unfinished",1 Car Detached,10,9304.40,CL,6/05/2017,3/01/2018,7/21/2017,8/21/2017,46,Det,1,1,2944572
621,,Garfield,Road,N. Baldwin,11510,349999,360000,Cape,4,2.000,"Full,Partially Finished",1 Car Attached,10,10329.82,CL,6/11/2017,2/10/2018,7/10/2017,9/01/2017,29,Det,1,1,2946016
2315,,Rockwood,Avenue,Baldwin,11510,409999,407990,Cape,3,1.500,"Full,Unfinished",1 Car Detached,10,12818.00,CL,6/14/2017,12/20/2017,7/18/2017,9/01/2017,34,Det,1,1,2946850
1506,,Westervelt,Avenue,Baldwin,11510,389000,361000,Mediterranean,3,1.000,"Full,Finished",1 Car Detached,10,9405.56,CL,6/22/2017,12/15/2017,8/01/2017,10/19/2017,40,Det,1,1,2949402
63,,Van Buren,Street,Baldwin,11510,359000,350000,Cape,3,1.000,"None,Unfinished",,10,10831.37,CL,7/10/2017,12/20/2017,11/15/2017,12/29/2017,128,Det,1,1,2953600
2113,,Walnut,Street,N. Baldwin,11510,399000,412000,Ranch,3,2.000,"Full,Finished",1 Car Detached,10,10163.00,CL,7/10/2017,12/16/2017,8/03/2017,10/30/2017,24,Det,1,1,2953661
885,,Jefferson,Street,Baldwin,11510,249000,230000,Cottage,2,1.000,"Crawl,Unfinished",1 Car Detached,10,8495.00,CL,7/11/2017,12/30/2017,11/15/2017,2/27/2018,127,Det,1,1,2954009
6,N,Jayne,Place,Baldwin,11510,419000,410500,Colonial,4,2.000,"Full,Finished",,10,9744.84,CL,7/12/2017,1/12/2018,10/30/2017,1/18/2018,110,Det,1,1,2955048
1022,,Elizabeth,Street,Baldwin,11510,348400,370000,Hi Ranch,3,2.000,"None,Unfinished",,10,15541.08,CL,7/17/2017,10/15/2017,8/14/2017,9/07/2017,28,Det,1,1,2955728
655,,Lincoln,Street,Baldwin Harbor,11510,179900,180000,Ranch,2,1.000,"None,Unfinished",1 Car Detached,10,9332.00,CL,7/19/2017,12/31/2017,11/17/2017,12/21/2017,121,Det,1,1,2956998
1036,,Pacific,Street,Baldwin,11510,358888,355888,Ranch,3,2.000,"Full,Partially Finished",,10,8774.00,CL,8/03/2017,1/31/2018,10/14/2017,1/23/2018,72,Det,1,1,2960439
1511,,Kingston,Avenue,Baldwin,11510,369000,376000,Ranch,3,1.500,"Full,Finished",1 Car Detached,10,11984.00,CL,8/04/2017,1/12/2018,8/31/2017,11/27/2017,27,Det,1,1,2961004
3083 (284),,Milburn,Avenue,Baldwin,11510,389000,375000,Exp Ranch,3,3.000,"Full,Unfinished",,10,7028.87,CL,8/05/2017,1/24/2018,1/15/2018,3/23/2018,163,Det,1,1,2961025
2793,,Grand,Avenue,Baldwin,11510,359000,345000,Raised Ranch,3,2.000,"Full,Finished",,10,10433.77,CL,8/07/2017,12/31/2017,9/06/2017,10/19/2017,30,Det,1,1,2961503
1875,,Bryant,Place,Baldwin,11510,385000,375000,Split Level,3,1.000,"Full,Unfinished",,10,12776.00,CL,8/11/2017,12/31/2017,10/20/2017,11/27/2017,70,Det,1,1,2962639
112,,Adams,Street,Baldwin,11510,317000,310000,Exp Ranch,2,1.000,"Full,Unfinished",1 Car Detached,10,9304.00,CL,1/31/2017,12/31/2017,10/12/2017,12/27/2017,253,Det,1,1,2964439
5,,Felix,Court,N. Baldwin,11510,425000,415000,Colonial,3,2.000,"Full,Finished",,10,9472.97,CL,8/22/2017,2/22/2018,12/06/2017,2/09/2018,106,Det,1,1,2965123
1038,,Henhawk,Road,Baldwin,11510,385000,385000,Cape,3,2.000,"Full,Finished",1 Car Attached,10,11495.05,CL,9/06/2017,3/01/2018,1/30/2018,3/14/2018,146,Det,1,1,2968391
94,,Fairfield,Avenue,Mineola,11501,449000,400000,Colonial,3,2.000,"Full,Finished",1 Car Detached,10,11408.00,CL,9/06/2017,9/05/2018,9/29/2017,12/07/2017,23,Det,1,1,2968677
2758,,Milburn,Avenue,Baldwin,11510,389000,380000,Cape,3,1.000,"Full,Unfinished",,10,8545.91,CL,9/15/2017,3/12/2018,11/07/2017,1/19/2018,53,Det,1,1,2971246
15,W,Forest,Avenue,Freeport,11520,340000,345000,Ranch,3,1.500,Unfinished,,10,12433.00,CL,9/17/2017,9/15/2018,10/21/2017,1/08/2018,34,Det,1,1,2971704
1044,,Cornwell,Avenue,Baldwin,11510,369000,351000,Exp Cape,2,2.000,"Full,Unfinished",,10,11107.00,CL,9/18/2017,12/31/2017,12/08/2017,2/09/2018,81,Det,1,1,2972140
22,,Bay Front,Drive,Baldwin,11510,385000,380000,Ranch,4,1.000,"Crawl,Unfinished",1 Car Attached,10,11175.43,CL,9/21/2017,9/19/2018,11/03/2017,12/28/2017,43,Det,1,1,2973003
177,,Green,Avenue,Freeport,11520,370000,370000,Ranch,4,2.000,"None,Unfinished",,10,10110.89,CL,9/25/2017,10/23/2017,9/25/2017,9/26/2017,0,Det,1,1,2973536
1057,,Field,Place,Baldwin,11510,400000,400000,Cape,4,2.000,"Full,Partially Finished",1 Car Attached,10,10104.36,CL,9/26/2017,3/24/2018,10/20/2017,7/23/2018,24,Det,1,1,2973899
3,,Garden,Place,Baldwin,11510,419000,410000,Colonial,3,1.500,"Full,Unfinished",1 Car Attached,10,8707.00,CL,10/02/2017,2/28/2018,12/28/2017,3/20/2018,87,Det,1,1,2975278
612,,Stratford,Road,N. Baldwin,11510,399999,410000,Cape,3,2.000,"Full,Partially Finished",1 Car Detached,10,8545.91,CL,10/04/2017,4/04/2018,11/15/2017,2/12/2018,42,Det,1,1,2976200
1680,,Kenneth,Avenue,N. Baldwin,11510,419000,410000,Colonial,3,1.500,"Full,Finished",1 Car Detached,10,8478.00,CL,10/10/2017,4/30/2018,10/27/2017,3/07/2018,17,Det,1,1,2977350
2716,,Grand,Avenue,Baldwin,11510,318200,286380,Colonial,3,2.500,"Full,Unfinished",2 Car Detached,10,14169.00,CL,10/24/2017,10/24/2018,11/15/2017,12/28/2017,22,Det,1,1,2981156
2765,,Central,Avenue,Baldwin,11510,299000,265000,Cape,3,1.000,"Full,Unfinished",,10,12894.00,CL,11/13/2017,11/13/2018,12/20/2017,1/16/2018,37,Det,1,1,2985389
721,,Emerson,Avenue,Baldwin,11510,145600,220000,Farm Ranch,2,1.000,"Full,Unfinished",,10,10632.49,CL,11/27/2017,2/20/2018,12/15/2017,1/16/2018,18,Det,1,1,2987946
2460,,Lakeside,Drive,Baldwin,11510,399900,395000,Ranch,3,1.000,"Full,Unfinished",1 Car Detached,10,15087.68,CL,12/05/2017,7/15/2018,6/14/2018,7/25/2018,190,Det,1,1,2989841
1464,,Dartmouth,Street,N. Baldwin,11510,359999,382000,Ranch,3,1.000,"Full,Finished",1 Car Attached,10,9102.00,CL,12/12/2017,6/12/2018,1/19/2018,4/18/2018,38,Det,1,1,2991345
1061,,Northern,Boulevard,Baldwin,11510,259900,255000,Ranch,3,1.500,"Full,Unfinished",,10,12608.15,CL,12/26/2017,3/26/2018,12/26/2017,1/29/2018,0,Det,1,1,2992832
661,,Joy,Boulevard,Baldwin,11510,399000,400000,Cape,4,1.000,"Full,Unfinished",,10,9699.50,CL,1/26/2018,1/22/2019,3/03/2018,6/25/2018,36,Det,1,1,2999506
2901,,Yale,Place,Baldwin,11510,379000,340000,Colonial,5,2.000,"Full,Unfinished",,10,10366.00,CL,2/08/2018,5/04/2018,3/23/2018,6/27/2018,42,Det,1,1,3003153
703,,Lincoln,Street,Baldwin,11510,324900,336000,Bungalow,3,1.000,"Full,Unfinished",2 Car Detached,10,12799.39,CL,2/09/2018,2/28/2019,1/25/2019,1/29/2019,350,Det,1,1,3003456
545,,Marcellus,Road,Williston Park,11596,399000,385000,Colonial,3,1.500,Full,,10,11030.00,CL,2/15/2018,9/01/2018,3/15/2018,6/12/2018,27,Det,1,1,3004958
1876,,Twain,Street,Baldwin,11510,349997,348497,Ranch,2,1.000,"Full,Unfinished",,10,13025.14,CL,2/23/2018,9/04/2018,3/05/2018,6/07/2018,10,Det,1,1,3006703
1848,,Fargo,Street,Baldwin,11510,349950,345000,Cape,3,1.000,"Full,Unfinished",1 Car Detached,10,11213.40,CL,2/22/2018,5/23/2018,3/20/2018,5/02/2018,25,Det,1,1,3006911
570,,Tennyson,Avenue,N. Baldwin,11510,429000,420000,Cape,3,2.000,"Full,Unfinished",1 Car Detached,10,12727.30,CL,3/05/2018,9/05/2018,4/06/2018,6/13/2018,31,Det,1,1,3009220
1028,,Cramer,Court,Baldwin,11510,349000,275000,Split Level,2,2.500,"Full,Finished",1 Car Attached,10,10503.00,CL,2/10/2018,2/10/2019,3/14/2018,9/25/2018,31,Det,1,1,3011931
650,,Westminster,Road,Baldwin,11510,369000,360000,Colonial,3,2.000,Full,1 Car Detached,10,12170.00,CL,5/03/2017,11/26/2018,6/15/2018,7/25/2018,408,Det,1,2,3014491
720,,Atlantic,Avenue,Baldwin,11510,339000,330000,Bungalow,2,1.500,"Full,Unfinished",2 Car Detached,10,10878.93,CL,3/26/2018,9/18/2018,5/02/2018,7/10/2018,37,Det,1,1,3014875
2997,,Harbor,Street,Baldwin,11510,410000,400000,Colonial,3,1.500,"Crawl,Unfinished",1 Car Attached,10,14575.00,CL,4/05/2018,9/24/2018,7/27/2018,8/31/2018,113,Det,1,1,3017917
2121,,Maple,Street,Baldwin,11510,249900,263100,Exp Cape,3,1.000,"Partial,Unfinished",,10,12516.04,CL,4/05/2018,10/13/2018,8/22/2018,9/04/2018,139,Det,1,1,3018216
959,,Washington,Street,Baldwin,11510,389000,390000,Exp Cape,4,1.500,"None,Unfinished",,10,11586.44,CL,4/07/2018,7/30/2018,7/19/2018,9/07/2018,103,Det,1,1,3018336
610,,Emerson,Avenue,Baldwin,11510,389000,370000,Cape,3,1.000,"Full,Partially Finished",,10,8480.01,CL,4/18/2018,10/12/2018,6/25/2018,7/18/2018,68,Det,1,1,3021687
1453,,Talmadge,Drive,Baldwin,11510,469000,400000,Hi Ranch,4,2.000,"None,Unfinished",2 Car Attached,10,14012.34,CL,4/19/2018,2/28/2019,1/03/2019,4/09/2019,259,Det,1,1,3022041
2686,,Milburn,Avenue,Baldwin,11510,379900,385000,Colonial,3,2.000,"Full,Unfinished",1 Car Detached,10,13272.99,CL,4/19/2018,9/20/2018,7/25/2018,9/04/2018,97,Det,1,1,3022546
889,,Wallace,Avenue,Baldwin,11510,410000,415000,Colonial,3,2.000,"Full,Finished",1 Car Detached,10,12128.76,CL,4/23/2018,10/14/2018,6/27/2018,8/30/2018,65,Det,1,1,3023332
733,,Stowe,Avenue,Baldwin,11510,380000,380000,Exp Ranch,4,1.000,"Full,Unfinished",1 Car Detached,10,8978.00,CL,4/28/2018,4/27/2019,8/15/2018,10/15/2018,109,Det,1,1,3024884
28,,Fishermans,Road,Baldwin,11510,325000,260000,Colonial,2,2.000,"Crawl,Unfinished",,10,13311.69,CL,5/08/2018,11/08/2018,9/28/2018,10/31/2018,143,Det,1,1,3028090
3134,,Western,Boulevard,Baldwin,11510,399000,397000,Cape,3,1.000,"Full,Unfinished",1 Car Detached,10,11635.88,CL,5/17/2018,11/12/2018,6/13/2018,8/27/2018,27,Det,1,1,3031042
31,,Lynton,Road,Albertson,11507,398000,420000,Cape,2,1.000,"Full,Unfinished",,10,10195.26,CL,5/21/2018,9/30/2018,6/06/2018,8/06/2018,16,Det,1,1,3031997
2759,,Homan,Place,Baldwin,11510,395000,390000,Colonial,3,1.000,"Partial,Unfinished",,10,9945.94,CL,5/24/2018,11/19/2018,6/14/2018,8/01/2018,21,Det,1,1,3033158
1459,,Wales,Avenue,Baldwin,11510,425000,420000,Exp Ranch,3,1.000,"Full,Unfinished",,10,13955.00,CL,5/23/2018,5/01/2019,7/23/2018,9/12/2018,61,Det,1,1,3033264
732,,Grand Terrace,Avenue,N. Baldwin,11510,369995,372000,Cape,3,2.000,"Full,Unfinished",1 Car Detached,10,8784.00,CL,5/29/2018,11/06/2018,6/18/2018,7/26/2018,20,Det,1,1,3033989
1018,,Mckinley,Street,Baldwin,11510,325000,300000,Cape,3,1.500,"Full,Unfinished",1 Car Detached,10,12034.12,CL,5/30/2018,12/31/2018,7/16/2018,11/19/2018,47,Det,1,1,3034524
1031,,Jefferson,Place,Baldwin,11510,350000,300000,Cape,3,2.000,"None,Unfinished",,10,12408.76,CL,5/31/2018,8/31/2018,8/02/2018,9/11/2018,63,Det,1,1,3035063
1484,,Paul,Street,N. Baldwin,11510,425000,405000,Cape,4,1.500,"Full,Finished",,10,11500.00,CL,6/04/2018,12/04/2018,7/02/2018,8/10/2018,28,Det,1,1,3036138
317,,Foch,Boulevard,Mineola,11501,489000,390000,Cape,4,1.000,"Full,Partially Finished",2 Car Attached,10,9152.45,CL,6/04/2018,6/04/2019,7/13/2018,11/12/2018,39,Det,1,1,3036583
875,,Shubert,Street,N. Baldwin,11510,366500,348175,Hi Ranch,4,2.500,"None,Unfinished",,10,15000.00,CL,6/08/2018,9/07/2018,7/02/2018,7/24/2018,24,Det,1,1,3037809
558,W,Stanton,Avenue,N. Baldwin,11510,419000,400000,Tudor,3,1.000,"Full,Finished",1 Car Detached,10,12304.81,CL,6/09/2018,5/20/2019,9/06/2018,10/04/2018,89,Det,1,1,3038048
3041,,Western,Boulevard,Baldwin,11510,345000,342000,Colonial,3,2.000,Full,,10,10843.00,CL,6/15/2018,12/30/2018,8/23/2018,10/04/2018,69,Det,1,1,3040079
94,,Sheridan,Avenue,Williston Park,11596,415000,410000,Colonial,3,1.000,"Full,Finished",,10,8041.26,CL,6/18/2018,3/01/2019,10/23/2018,12/13/2018,127,Det,1,1,3040415
66,,Harvard,Street,Roslyn Heights,11577,539000,416000,Cape,3,1.500,"None,Unfinished",1 Car Detached,10,7881.34,CL,6/18/2018,5/29/2019,10/17/2018,1/02/2019,121,Det,1,1,3040462
1009,,Barth,Drive,Baldwin,11510,399000,405000,Cape,3,2.000,"Full,Finished",,10,11027.13,CL,6/21/2018,11/15/2018,7/11/2018,9/17/2018,20,Det,1,1,3041596
177,,Jerome,Avenue,Mineola,11501,499999,410000,Exp Cape,4,1.000,"Full,Finished",1 Car Attached,10,11402.00,CL,6/22/2018,12/31/2018,7/31/2018,9/18/2018,39,Det,1,1,3042218
850,,Jefferson,Street,Baldwin,11510,328000,350000,Cape,4,2.000,"Full,Unfinished",,10,9509.36,CL,6/26/2018,8/31/2018,7/17/2018,9/13/2018,21,Det,1,1,3043135
1630,,Victoria,Street,N. Baldwin,11510,269900,267000,Cape,2,1.500,"Full,Unfinished",1 Car Detached,10,10689.00,CL,6/27/2018,9/27/2018,8/01/2018,8/21/2018,35,Det,1,1,3043592
736,,Grand Terrace,Avenue,Baldwin,11510,349000,345000,Estate,3,1.000,"Full,Finished",1 Car Detached,10,12375.00,CL,7/06/2018,12/31/2018,12/13/2018,2/13/2019,160,Det,1,1,3045889
145,W,Seaman,Avenue,N. Baldwin,11510,409000,400000,Tudor,3,2.000,"Full,Finished",,10,12758.87,CL,7/09/2018,12/31/2018,8/08/2018,10/09/2018,30,Det,1,1,3046724
2616,W,End,Avenue,Baldwin,11510,389900,357000,Cape,4,4.000,"Full,Partially Finished",1 Car Detached,10,16528.22,CL,7/10/2018,6/05/2019,4/12/2019,4/29/2019,276,Det,1,2,3047856
800,,Edward,Street,N. Baldwin,11510,425000,415000,Tudor,3,2.000,"Full,Unfinished",1 Car Detached,10,10400.00,CL,7/15/2018,1/15/2019,9/07/2018,10/26/2018,54,Det,1,1,3048428
911,,Southard,Street,Baldwin,11510,255000,242500,Bungalow,2,1.000,"Full,Unfinished",,10,9600.00,CL,7/26/2018,4/25/2019,1/30/2019,4/18/2019,188,Det,1,1,3052065
135,,Connecticut,Avenue,Freeport,11520,430000,415000,Colonial,3,1.500,"Full,Partially Finished",1 Car Attached,10,14339.00,CL,7/27/2018,7/18/2019,3/19/2019,5/21/2019,235,Det,1,1,3052341
456,,New York,Avenue,N. Baldwin,11510,435000,275000,Colonial,5,2.500,"Full,Finished",2 Car Detached,10,14558.06,CL,8/10/2018,7/24/2019,8/15/2018,10/04/2018,5,Det,1,1,3056155
3314,,Colony,Drive,Baldwin Harbor,11510,279900,289900,Hi Ranch,4,2.500,"None,Unfinished",1 Car Attached,10,20007.00,CL,9/03/2018,11/30/2018,9/27/2018,10/26/2018,24,Det,1,1,3061812
1027,,Mckinley,Street,Baldwin,11510,269000,266000,Exp Ranch,4,2.000,"Full,Unfinished",1 Car Detached,10,15637.00,CL,9/06/2018,3/05/2019,9/22/2018,11/16/2018,16,Det,1,1,3063004
1270,,Woodside,Avenue,N. Baldwin,11510,250000,225000,Cape,3,1.000,"Full,Unfinished",1 Car Detached,10,10421.58,CL,9/13/2018,12/31/2018,10/17/2018,12/11/2018,34,Det,1,1,3064984
1132,,Atlantic,Avenue,Baldwin,11510,399000,346660,Cape,4,2.000,"Full,Finished",1 Car Detached,10,11653.46,CL,9/15/2018,3/14/2019,10/25/2018,12/31/2018,40,Det,1,1,3065416
1021,,Alhambra,Road,Baldwin,11510,409000,390000,Exp Cape,3,2.000,"Full,Finished",2 Car Detached,10,12744.00,CL,9/25/2018,8/01/2019,4/17/2019,5/01/2019,204,Det,1,1,3068189
941,,Mckinley,Street,Baldwin,11510,365000,370000,Exp Ranch,5,1.000,"Full,Unfinished",1 Car Detached,10,10167.00,CL,10/03/2018,3/20/2019,2/07/2019,4/16/2019,127,Det,1,1,3070263
926,,Clay,Street,Baldwin,11510,319990,319990,Bungalow,2,1.000,"Partial,Unfinished",,10,9576.27,CL,10/13/2018,12/31/2018,10/24/2018,12/19/2018,11,Det,1,1,3073137
1875,,Longfellow,Street,N. Baldwin,11510,379999,396000,Colonial,4,1.000,"Full,Finished",,10,13583.00,CL,10/23/2018,4/23/2019,11/20/2018,1/07/2019,28,Det,1,1,3075959
2017,,Pine,Street,N. Baldwin,11510,345000,320000,Cape,4,3.000,"Full,Finished",,10,15508.00,CL,10/29/2018,9/05/2020,2/08/2019,3/12/2019,102,Det,1,1,3077053
2922,,Dahlia,Avenue,Baldwin,11510,499000,370000,Duplex,4,3.000,"Full,Finished",2 Car Detached,10,13046.00,CL,10/31/2018,7/24/2019,3/22/2019,6/14/2019,142,Det,2,2,3077467
922,,Clay,Street,Baldwin,11510,339000,345000,Exp Ranch,2,1.000,"Full,Partially Finished",,10,8039.86,CL,11/09/2018,11/15/2019,11/23/2018,2/25/2019,14,Det,1,1,3079945
1515,,Berkeley,Avenue,N. Baldwin,11510,349900,351000,Cape,4,2.000,"Full,Partially Finished",1 Car Detached,10,13462.70,CL,11/12/2018,2/28/2019,12/07/2018,2/23/2019,25,Det,1,1,3080466
668,,Jackie,Lane,Baldwin,11510,399000,370000,Split Level,4,2.500,"None,Unfinished",2 Car Attached,10,13459.70,CL,11/26/2018,3/31/2019,3/01/2019,4/10/2019,95,Det,1,1,3083034
885,,Pacific,Street,Baldwin,11510,285000,270750,Cape,4,2.000,Partial,1 Car Detached,10,9581.25,CL,11/27/2018,5/26/2019,2/15/2019,4/25/2019,80,Det,1,1,3083560
643,,De Mott,Avenue,N. Baldwin,11510,383250,383250,Cape,4,2.000,"Full,Unfinished",1 Car Detached,10,11459.00,CL,11/30/2018,11/30/2019,4/09/2019,7/08/2019,129,Det,1,1,3084361
540,,Stanton,Avenue,Baldwin,11510,399900,390001,Tudor,3,3.000,"Full,Unfinished",2 Car Detached,10,17193.06,CL,12/04/2018,4/18/2019,3/26/2019,4/11/2019,111,Det,1,1,3085741
841,,Allen,Place,Baldwin,11510,399000,395000,Ranch,2,1.000,"Full,Finished",1 Car Detached,10,9980.00,CL,12/26/2018,12/26/2019,3/14/2019,6/10/2019,77,Det,1,1,3088890
5,,Schoen,Street,Baldwin,11510,379000,355000,Exp Ranch,3,2.000,"Full,Finished",1 Car Detached,10,6703.51,CL,1/17/2019,4/17/2019,3/26/2019,4/17/2019,67,Det,1,1,3094058
595,,Emerson,Avenue,N. Baldwin,11510,344000,353500,Cape,4,1.000,"Full,Unfinished",1 Car Detached,10,8377.56,CL,1/28/2019,7/28/2019,2/26/2019,4/23/2019,29,Det,1,1,3096664
235,,Maple,Place,Mineola,11501,450000,350000,Colonial,3,1.000,Full,Detached,10,5517.63,CL,1/28/2019,7/15/2019,2/15/2019,5/24/2019,18,Det,1,1,3096796
2725,,Belcher,Street,Baldwin,11510,345000,287500,Split Level,3,1.000,"Full,Unfinished",1 Car Attached,10,14040.00,CL,1/29/2019,4/29/2019,2/20/2019,3/15/2019,22,Det,1,1,3096848
674,,Parsonage,Place,Baldwin,11510,123500,128100,Ranch,2,1.000,"Crawl,Unfinished",,10,11375.88,CL,1/30/2019,5/31/2019,4/29/2019,5/10/2019,88,Det,1,1,3097809
905,,Adams,Street,Baldwin,11510,312000,321000,Ranch,3,2.000,"Full,Unfinished",1 Car Attached,10,16121.97,CL,2/07/2019,5/08/2019,3/06/2019,3/25/2019,27,Det,1,1,3099864
932,,Washington,Street,Baldwin Harbor,11510,379000,370000,Colonial,2,1.000,"None,Unfinished",,10,8698.09,Cl,2/11/2019,2/09/2020,5/01/2019,8/22/2019,78,Det,1,1,3100342
2920,,Bayview,Avenue,Baldwin,11510,224900,220000,Colonial,2,1.000,"Partial,Unfinished",1 Car Detached,10,10692.35,CL,2/13/2019,9/13/2019,5/31/2019,8/30/2019,106,Det,1,1,3101320
662,,Parsonage,Place,Baldwin,11510,174900,180000,Exp Cape,3,1.000,"Crawl,Unfinished",,10,9843.09,CL,2/15/2019,5/06/2019,3/22/2019,4/12/2019,34,Det,1,1,3101581
1393,,Grand Ave,,Baldwin,11510,369000,389000,Exp Cape,4,1.500,Full,,10,8495.00,CL,2/27/2019,8/23/2019,3/26/2019,6/25/2019,26,Det,1,1,3104530
691,,Barnes,Avenue,Baldwin,11510,374999,370000,Cape,4,1.000,"None,Unfinished",,10,10932.65,CL,3/04/2019,9/04/2019,3/26/2019,7/11/2019,21,Det,1,1,3105836
1011,,Archer,Place,Baldwin,11510,380000,375000,Cape,2,1.000,"Full,Finished",1 Car Detached,10,7960.00,CL,3/11/2019,3/02/2020,4/17/2019,6/14/2019,37,Det,1,1,3108030
715,,New York,Avenue,N. Baldwin,11510,247700,220453,Traditional,2,1.000,"Partial,Partially Finished",1 Car Attached,10,9506.00,CL,3/14/2019,8/02/2019,6/13/2019,7/23/2019,91,Det,1,1,3109017
2725,,Belcher,Street,Baldwin,11510,379000,375000,Hi Ranch,4,2.000,"None,Unfinished",2 Car Attached,10,16202.63,CL,3/14/2019,9/13/2019,5/07/2019,9/10/2019,54,Det,1,1,3109691
227,,Evelyn,Road,Mineola,11501,499000,410000,Colonial,3,2.000,"Full,Unfinished",,10,10834.64,CL,4/17/2019,4/17/2020,5/07/2019,6/11/2019,20,Det,1,1,3120302
863,N,William,Street,N. Baldwin,11510,430000,410000,Cape,4,1.000,Full,,10,9215.20,CL,5/13/2019,5/13/2020,6/13/2019,7/19/2019,31,Det,1,1,3127957
3281,,Parkway,Drive,Baldwin,11510,450000,370000,Split Ranch,4,2.000,"None,Unfinished",,10,13241.00,CL,5/20/2019,5/20/2020,5/25/2019,6/21/2019,5,Det,1,1,3130659
2120,,Grove,Street,Baldwin,11510,323000,350000,Bungalow,3,1.000,"Full,Unfinished",1 Car Detached,10,16214.30,CL,5/20/2019,8/15/2019,6/21/2019,8/22/2019,32,Det,1,1,3131170
3139,,Western,Boulevard,Baldwin,11510,395000,400000,Cape,3,1.000,"None,Unfinished",1 Car Detached,10,11098.00,CL,5/23/2019,9/16/2019,6/14/2019,7/24/2019,22,Det,1,1,3131456
152,,Seaman,Avenue,N. Baldwin,11510,419000,415000,Ranch,3,1.000,Full,,10,7000.00,CL,6/06/2019,12/06/2019,7/11/2019,10/30/2019,35,Det,1,1,3135739
3020,,Grand,Boulevard,Baldwin,11510,379000,370000,Colonial,2,1.000,"Full,Unfinished",1 Car Detached,10,12465.43,CL,6/07/2019,12/06/2019,7/03/2019,9/13/2019,26,Det,1,1,3136213
196,,Prince,Avenue,Freeport,11520,400000,415000,Colonial,3,1.500,"Full,Finished",2 Car Detached,10,12268.14,CL,6/14/2019,3/01/2020,7/03/2019,9/18/2019,19,Det,1,1,3138511
668,,Lakeside,Drive,Baldwin,11510,389900,380000,Colonial,3,1.500,"Full,Partially Finished",2 Car Detached,10,15420.22,CL,7/05/2019,9/29/2019,8/30/2019,9/13/2019,56,Det,1,1,3144682
990,,Pacific,Street,Baldwin,11510,359990,380000,Colonial,3,1.500,"Full,Unfinished",2 Car Detached,10,10360.00,CL,7/08/2019,12/31/2019,9/18/2019,12/12/2019,72,Det,1,1,3145071
3452,,Bay Front,Drive,Baldwin,11510,329900,315000,Cape,4,2.000,"None,Unfinished",1 Car Detached,10,14127.53,CL,7/09/2019,10/07/2019,9/06/2019,9/30/2019,59,Det,1,1,3146451
2782,,Park,Avenue,Baldwin,11510,399000,397000,Cape,3,1.000,"Full,Partially Finished",1 Car Detached,10,12706.51,CL,7/17/2019,10/17/2019,8/21/2019,11/01/2019,35,Det,1,1,3148132
471,,Pennsylvania,Avenue,Freeport,11520,355000,328125,Colonial,3,2.000,"Full,Unfinished",,10,14000.00,CL,7/17/2019,10/18/2019,8/19/2019,10/11/2019,33,Det,1,1,3148162
961,,Ocean,Avenue,Baldwin,11510,349990,364999,Cape,4,1.500,"Full,Unfinished",,10,12613.19,CL,7/24/2019,1/24/2020,9/17/2019,12/03/2019,55,Det,1,1,3150588
1644,,Kenneth,Avenue,N. Baldwin,11510,272900,285000,Tudor,2,1.500,"Full,Finished",1 Car Detached,10,11929.90,CL,7/24/2019,7/23/2020,9/23/2019,10/21/2019,61,Det,1,1,3150591
710,,Arlington,Avenue,Baldwin,11510,379000,340000,Tudor,3,2.000,"Full,Finished",,10,13820.00,CL,7/30/2019,7/30/2020,9/05/2019,10/04/2019,37,Det,1,1,3151612
865,,Edward,Street,N. Baldwin,11510,333500,268000,Cape,3,1.000,"Full,Unfinished",1 Car Attached,10,12170.00,CL,8/17/2019,11/05/2019,1/29/2020,2/27/2020,165,Det,1,1,3156931
3052,N,Verity,Lane,Baldwin Harbor,11510,384500,357500,Split Level,4,3.000,"Crawl,Unfinished",,10,14736.90,CL,9/18/2019,9/18/2020,11/12/2019,12/16/2019,55,Det,1,1,3166521
2163,,Walnut,Street,N. Baldwin,11510,324900,303700,Cape,3,1.000,"Full,Unfinished",2 Car Detached,10,11856.03,CL,10/08/2019,1/03/2020,12/18/2019,12/26/2019,71,Det,1,1,3171091
745,,Wesley,Street,Baldwin,11510,360000,320000,Estate,4,1.000,"Full,Unfinished",1 Car Attached,10,8895.00,CL,10/08/2019,4/30/2020,10/30/2019,12/17/2019,22,Det,1,1,3171335
1884,,Twain,Street,Baldwin,11510,425000,420000,Cape,3,2.000,"Full,Unfinished",1 Car Detached,10,13982.00,CL,10/23/2019,10/23/2020,11/26/2019,1/30/2020,34,Det,1,1,3174920
576,,Portland,Avenue,Baldwin,11510,348400,335000,Cape,3,2.000,"Full,Unfinished",2 Car Detached,10,13924.35,CL,11/06/2019,2/04/2020,1/07/2020,1/31/2020,62,Det,1,1,3178950
3343,,Harbor Point,Road,Baldwin,11510,424900,410000,Colonial,4,2.500,Partial,2 Car Attached,10,21558.00,CL,11/23/2019,2/20/2020,1/20/2020,3/12/2020,58,Det,1,1,3182469
2731,,Park,Avenue,Baldwin,11510,369000,350000,Colonial,3,2.000,"Full,Unfinished",Detached,10,10929.00,CL,12/03/2019,5/30/2020,2/19/2020,3/13/2020,78,Det,1,1,3183873
509,,New York,Avenue,Baldwin,11510,356300,361300,Split Level,4,1.000,"Full,Finished",1 Car Attached,10,14781.00,CL,1/03/2020,4/02/2020,2/04/2020,2/20/2020,32,Det,1,1,3189086