St #,Dr,Street Name,Sfx,Town,Zip,ListPrice,SoldPrice,,Br,Bath,,,SD,Tot Tax,LSC,ListDate,ExpDate,ContDate,TitleDate,DOM,Det,#F,K,ML#
7,,Lewis,Lane,Port Washington,11050,699000,650000,Ranch,3,2.500,"Full,Partially Finished",1 Car Attached,4,10377.00,CL,9/07/2017,6/30/2018,10/18/2017,1/08/2018,41,Det,1,1,2968882
74,,Northern,Parkway,Plainview,11803,649000,658000,Split Level,6,3.000,"Partial,Unfinished",1 Car Attached,4,10689.99,CL,3/17/2019,9/17/2019,4/04/2019,7/25/2019,18,Det,1,1,3109989
2592,,Grant,Boulevard,N. Bellmore,11710,619777,580000,Exp Ranch,4,2.000,"Full,Finished",1 Car Attached,4,14774.00,CL,2/10/2019,4/30/2019,5/13/2019,6/18/2019,91,Det,1,1,3116984
3,,Highland,Avenue,Port Washington,11050,699000,665000,Colonial,3,1.500,"Full,Finished",,4,13806.00,CL,5/10/2019,5/11/2020,7/03/2019,10/25/2019,54,Det,1,1,3127472
87,,Virginia,Avenue,Plainview,11803,599888,606000,Split Level,3,2.500,"Full,Finished",1 Car Attached,4,14390.03,CL,5/17/2018,11/10/2018,7/09/2018,9/14/2018,53,Det,1,1,3031114
1391,,Pamela,Court,N. Bellmore,11710,649900,610000,Hi Ranch,5,3.000,"None,Unfinished",,4,14544.84,CL,6/13/2017,12/13/2017,10/09/2017,1/05/2018,118,Det,1,2,2946635
954,,Madison,Place,N. Merrick,11566,599000,590000,Split Level,5,3.000,Partial,1 Car Attached,4,11169.08,CL,7/29/2018,1/31/2019,9/26/2018,1/15/2019,59,Det,1,1,3052533
1869,,Zana,Court,N. Merrick,11566,679000,665000,Split Level,4,2.500,"Partial,Finished",1 Car Attached,4,12685.29,CL,5/10/2017,11/30/2017,6/08/2017,8/18/2017,29,Det,1,1,2937183
716,,Sterling,Street,N. Bellmore,11710,599000,585000,Colonial,4,3.000,"Full,Partially Finished",2 Car Detached,4,13234.00,CL,5/03/2017,11/30/2017,8/18/2017,11/08/2017,107,Det,1,2,2935506
94,,Highland,Avenue,Port Washington,11050,649000,625000,Colonial,2,1.000,Full,,4,10654.85,CL,9/09/2016,6/01/2017,3/24/2017,6/09/2017,196,Det,1,1,2882013
879,,Round Swamp,Road,Old Bethpage,11804,639000,625000,Hi Ranch,5,3.000,"Full,Unfinished",1 Car Attached,4,12000.00,CL,4/06/2017,10/06/2017,5/12/2017,6/26/2017,36,Det,1,1,2927461
1941,,Charles,Street,Bellmore,11710,629000,597000,Colonial,4,2.000,"Full,Finished",1 Car Detached,4,10366.00,CL,2/15/2017,10/15/2017,6/04/2017,8/30/2017,108,Det,1,1,2936260
17,,Felice,Lane,Plainview,11803,669000,655000,Split Level,5,2.500,"Partial,Unfinished",2 Car Attached,4,21571.79,CL,4/17/2017,7/17/2017,6/02/2017,7/26/2017,46,Det,1,1,2929663
233,,Floral,Avenue,Plainview,11803,589000,575000,Split Level,3,1.500,"Partial,Unfinished",1 Car Attached,4,17737.66,CL,5/16/2019,8/16/2019,6/07/2019,9/10/2019,22,Det,1,1,3129151
67,,Lent,Drive,Plainview,11803,659000,665000,Hi Ranch,5,2.500,"None,Unfinished",2 Car Attached,4,12464.37,CL,2/02/2017,6/02/2017,2/28/2017,5/18/2017,26,Det,1,1,2911113
39,,Marino,Avenue,Port Washington,11050,638000,605000,Ranch,3,2.000,"Full,Finished",,4,11124.00,CL,5/01/2019,10/31/2019,5/31/2019,8/01/2019,30,Det,1,1,3124510
2784,,Genevieve,Court,N. Bellmore,11710,599000,575000,Colonial,4,2.500,"Full,Unfinished",,4,12394.36,CL,2/28/2018,8/27/2018,4/20/2018,6/27/2018,50,Det,1,1,3007777
4,,Highland,Avenue,Port Washington,11050,679000,642500,Colonial,3,2.000,"Full,Unfinished",,4,18691.65,CL,5/16/2019,5/16/2020,6/18/2019,8/08/2019,33,Det,1,1,3129242
1,,Ruey,Place,Plainview,11803,668000,640000,Split Level,3,2.500,"Full,Finished",1 Car Attached,4,18008.00,CL,7/17/2018,12/30/2018,8/09/2018,10/15/2018,23,Det,1,1,3048927
20,,Pleasant,Avenue,Plainview,11803,598888,578000,Split Level,3,1.500,"Partial,Finished",1 Car Attached,4,15598.00,CL,4/04/2018,10/04/2018,7/08/2018,9/07/2018,95,Det,1,1,3017310
21,,Jody,Lane,Plainview,11803,699000,669000,Split Level,3,2.500,"Partial,Partially Finished",1 Car Attached,4,12321.00,CL,4/23/2019,11/15/2019,6/03/2019,10/07/2019,41,Det,1,1,3121520
22,,Jane,Drive,Old Bethpage,11804,599000,587500,Split Level,3,1.500,"Partial,Partially Finished",,4,11059.00,CL,3/08/2018,9/05/2018,4/06/2018,11/14/2018,28,Det,1,1,3010209
92,,Manor,Street,Plainview,11803,575000,572000,Colonial,5,3.000,"Full,Finished",1 Car Attached,4,14688.74,CL,4/13/2019,9/15/2019,8/22/2019,10/03/2019,131,Det,1,1,3119014
8,,S Irene,Lane,Plainview,11803,624888,600000,Split Level,4,2.500,"Partial,Finished",1 Car Attached,4,15065.38,CL,4/15/2019,12/31/2019,10/10/2019,12/27/2019,178,Det,1,1,3119362
574,,Plainview,Road,Plainview,11803,669999,642500,Hi Ranch,5,3.000,"Full,Finished",1 Car Attached,4,18638.31,CL,2/03/2017,8/01/2017,5/08/2017,8/22/2017,93,Det,1,1,2911327
11,,Lindsay,Street,Plainview,11803,669999,640000,Split Level,3,1.500,"Partial,Finished",1 Car Attached,4,16415.69,CL,4/01/2019,9/01/2019,6/18/2019,7/31/2019,78,Det,1,1,3115171
65,,Barnum,Avenue,Plainview,11803,649999,620000,Colonial,4,2.500,"Full,Unfinished",2 Car Attached,4,25388.64,CL,8/19/2016,2/15/2017,12/14/2016,3/28/2017,117,Det,1,1,2877562
36,,Virginia,Avenue,Plainview,11803,575000,585000,Exp Cape,4,2.000,"Full,Finished",1 Car Detached,4,14011.00,CL,8/17/2018,2/15/2019,1/04/2019,3/12/2019,140,Det,1,1,3057663
30,,Main,Parkway,Plainview,11803,659000,659000,Colonial,3,4.000,"Full,Partially Finished",2 Car Attached,4,14055.84,CL,11/26/2018,5/26/2019,12/20/2018,2/26/2019,24,Det,1,1,3083040
192,,Roxton,Road,Plainview,11803,599000,572800,Hi Ranch,4,2.000,"None,Unfinished",1 Car Attached,4,8681.22,CL,4/08/2019,11/01/2019,5/09/2019,7/24/2019,31,Det,1,1,3116886
67,W,Crest,Road,N. Merrick,11566,579000,579000,Colonial,3,1.500,"Full,Finished",1 Car Attached,4,10162.00,CL,11/27/2019,5/24/2020,12/10/2019,2/24/2020,13,Det,1,1,3183128
82,,Victor,Street,Plainview,11803,679000,630000,Exp Ranch,3,2.000,"Full,Finished",1 Car Attached,4,9866.68,CL,12/23/2017,6/30/2018,3/19/2018,5/09/2018,85,Det,1,1,2992729
32,,Surrey,Lane,Plainview,11803,649000,599000,Colonial,3,2.500,"Full,Finished",1 Car Attached,4,14964.00,CL,7/03/2018,6/21/2019,8/16/2018,9/24/2018,44,Det,1,1,3045135
80,,Westbury,Avenue,Plainview,11803,699000,650000,Colonial,4,3.500,"Full,Finished",1 Car Attached,4,14706.68,CL,6/25/2019,12/31/2019,8/16/2019,10/03/2019,52,Det,1,1,3141776
1136,,Albert,Road,Bellmore,11710,599000,601000,Split Level,4,2.500,"Partial,Unfinished",1 Car Attached,4,16653.92,CL,7/09/2018,1/09/2019,8/14/2018,9/26/2018,36,Det,1,1,3046328
36,,Gilbert,Lane,Plainview,11803,679990,640000,Split Level,4,2.500,"Full,Finished",1 Car Attached,4,15531.66,CL,2/26/2019,8/30/2019,6/07/2019,7/26/2019,100,Det,1,1,3104008
36,,Manetto,Drive,Plainview,11803,568000,575000,Ranch,3,2.500,"Full,Finished",1 Car Attached,4,11493.00,CL,12/13/2018,6/30/2019,4/12/2019,8/23/2019,119,Det,1,1,3086922
37,,Crescent,Drive,Old Bethpage,11804,599999,599000,Colonial,4,1.500,"Partial,Finished",1 Car Attached,4,12918.87,CL,7/28/2018,9/28/2018,8/21/2018,10/18/2018,24,Det,1,1,3052474
36,,Ontario,Avenue,Plainview,11803,589000,585000,Exp Cape,3,3.000,"Full,Finished",1 Car Attached,4,16858.83,CL,7/17/2018,7/17/2019,8/08/2018,9/21/2018,22,Det,1,1,3048955
4,,Arthur,Court,Plainview,11803,680000,620000,Colonial,4,3.000,"Full,Finished",1 Car Attached,4,22500.62,Cl,1/03/2018,2/10/2019,10/17/2018,1/30/2019,286,Det,1,1,2994147
74,,Irma,Avenue,Port Washington,11050,649000,649000,Colonial,3,1.500,Full,1 Car Detached,4,13378.00,CL,11/15/2018,5/15/2019,11/26/2018,1/22/2019,11,Det,1,1,3081569
41,,Hillview,Avenue,Port Washington,11050,640000,640000,Colonial,3,1.000,Full,1 Car Detached,4,10924.00,CL,5/03/2017,9/01/2017,5/19/2017,8/01/2017,16,Det,1,1,2934759
2303,,Howes,Street,N. Merrick,11566,649990,630000,Exp Cape,4,2.000,"Full,Finished",,4,14312.35,CL,5/28/2019,12/31/2019,6/19/2019,8/12/2019,22,Det,1,1,3132336
2208,N,Jerusalem,Road,N. Bellmore,11710,619000,607000,Split Level,3,3.000,Full,2 Car Attached,4,13602.84,CL,6/06/2019,12/04/2019,7/29/2019,8/30/2019,53,Det,1,1,3134936
1321,N,Pierce,Avenue,N. Bellmore,11710,599000,595000,Colonial,4,3.000,"Full,Finished",,4,10526.53,CL,1/03/2017,7/01/2017,2/01/2017,4/05/2017,29,Det,1,1,*1272411
11,,Judith,Street,Plainview,11803,600000,611500,Split Level,4,2.500,"Full,Finished",1 Car Attached,4,9613.00,CL,4/24/2018,4/23/2019,5/24/2018,7/23/2018,30,Det,1,1,*1313324
9,,Harold,Road,Plainview,11803,699000,659000,Colonial,4,2.000,"Full,Finished",,4,11798.00,CL,1/13/2016,1/09/2018,6/05/2017,8/14/2017,508,Det,1,1,2821302
16,,Jody,Lane,Plainview,11803,674999,655000,Hi Ranch,5,2.500,"None,Unfinished",2 Car Attached,4,15414.35,CL,4/22/2016,11/30/2016,11/23/2016,4/21/2017,215,Det,1,1,2846611
87,,Westbury,Avenue,Plainview,11803,635000,625000,Split Level,5,3.500,"Full,Finished",1 Car Attached,4,18585.00,CL,7/04/2016,7/01/2017,3/01/2017,6/02/2017,240,Det,1,1,2866113
18,,Earl,Drive,N. Merrick,11566,629000,585000,Exp Cape,3,2.000,"Full,Finished",,4,12597.00,CL,10/04/2016,12/04/2016,12/12/2016,5/05/2017,69,Det,1,1,2887902
26,,Michael,Drive,Old Bethpage,11804,629000,600000,Split Level,3,1.500,"Partial,Finished",1 Car Attached,4,11069.07,CL,11/08/2016,5/08/2017,2/08/2017,4/20/2017,92,Det,1,1,2895256
20,,Overlook,Lane,Plainview,11803,629000,600000,Split Level,4,2.500,"None,Unfinished",,4,17000.00,CL,11/09/2016,11/09/2017,8/15/2017,9/01/2017,278,Det,1,1,2895627
21,,Pasadena,Drive,Plainview,11803,650000,650000,Split Level,3,2.500,"Partial,Finished",2 Car Attached,4,13516.56,CL,1/27/2017,7/31/2017,2/08/2017,4/27/2017,12,Att,1,1,2909518
4,,Firwood,Road,Port Washington,11050,680000,645000,2 Story,5,3.000,"Full,Finished",,4,12164.52,CL,2/02/2017,1/31/2018,3/24/2017,7/19/2017,49,Det,2,2,2910943
25,,Fairview,Avenue,Port Washington,11050,759000,660000,Colonial,4,2.500,"Full,Unfinished",2 Car Detached,4,17457.53,CL,2/09/2017,2/07/2018,12/08/2017,3/23/2018,302,Det,1,2,2912727
54,,Eldorado,Boulevard,Plainview,11803,599000,575000,Exp Cape,4,2.000,"Full,Finished",1 Car Attached,4,12497.00,CL,3/10/2017,5/29/2017,3/29/2017,4/13/2017,18,Det,1,1,2920155
6,,Dahill,Road,Old Bethpage,11804,629000,630000,Split Level,3,2.500,Full,1 Car Attached,4,12415.78,CL,3/15/2017,10/14/2017,5/31/2017,7/31/2017,77,Det,1,1,2921453
9,,Brook,Path,Plainview,11803,599000,600000,Split Level,3,2.500,Full,1 Car Attached,4,15281.35,CL,3/29/2017,11/01/2017,7/07/2017,9/15/2017,100,Det,1,1,2925071
37,,2nd,Avenue,Port Washington,11050,685000,660000,Colonial,4,2.000,"Full,Partially Finished",,4,14344.00,CL,3/30/2017,9/29/2017,4/18/2017,6/21/2017,19,Det,1,1,2925268
1323,,Taft,Avenue,N. Merrick,11566,579000,575000,Hi Ranch,4,3.000,"None,Unfinished",,4,15188.00,CL,4/13/2017,12/31/2017,5/18/2017,7/18/2017,35,Det,1,1,2928949
14,,Coronet,Lane,Plainview,11803,589000,589000,Split Level,3,2.500,"Full,Finished",1 Car Attached,4,17223.00,CL,4/19/2017,4/19/2018,5/14/2017,7/24/2017,25,Det,1,1,2930848
9,,Wayne,Drive,Plainview,11803,629000,625000,Split Level,3,2.000,"Partial,Finished",1 Car Attached,4,17094.00,CL,4/21/2017,8/01/2017,6/20/2017,8/24/2017,60,Det,1,1,2931252
1135,,Albert,Road,N. Bellmore,11710,599000,635000,Split Level,4,2.500,"Partial,Finished",1 Car Attached,4,12403.50,CL,5/02/2017,5/02/2018,5/19/2017,9/26/2017,17,Det,1,1,2934255
47,,John,Street,Plainview,11803,629000,635000,Hi Ranch,3,2.500,"None,Unfinished",,4,13225.18,CL,5/24/2017,11/12/2017,6/16/2017,9/14/2017,23,Det,1,1,2941225
6,,Irene S,Lane,Plainview,11803,699000,662500,Split Level,4,3.000,"Partial,Partially Finished",1 Car Attached,4,13354.67,CL,5/31/2017,5/31/2018,7/05/2017,10/13/2017,35,Det,1,1,2942685
872,,Beckman,Drive,N. Bellmore,11710,559000,585000,Colonial,4,2.500,"Full,Unfinished",2 Car Attached,4,11372.24,CL,6/02/2017,11/08/2017,6/21/2017,8/24/2017,19,Det,1,1,2943552
4,,Country,Drive,Plainview,11803,629999,587000,Exp Ranch,3,2.000,"Full,Finished",2 Car Attached,4,14924.87,CL,6/08/2017,11/08/2017,7/18/2017,8/29/2017,40,Det,1,1,2945477
1929,,Allison,Drive,N. Bellmore,11710,579000,571000,Hi Ranch,4,2.000,"None,Unfinished",2 Car Attached,4,12277.98,CL,6/21/2017,12/21/2017,8/15/2017,10/13/2017,55,Det,1,1,2948791
5,,Beaumont,Drive,Plainview,11803,599000,595000,Exp Ranch,4,2.000,"Full,Finished",1 Car Attached,4,13791.00,CL,7/05/2017,12/31/2017,8/15/2017,9/28/2017,41,Det,1,1,2952274
106,,Fairfield,Avenue,Port Washington,11050,669000,656000,Cape,4,1.000,"Full,Unfinished",1 Car Attached,4,13278.24,CL,7/12/2017,11/12/2017,8/23/2017,11/21/2017,42,Det,1,1,2954335
59,,Marino,Avenue,Port Washington,11050,649000,640000,Cape,3,1.500,Full,1 Car Detached,4,9746.00,CL,9/08/2017,9/07/2018,10/20/2017,1/03/2018,42,Det,1,1,2969499
43,,Haven,Avenue,Port Washington,11050,699000,655000,Colonial,4,1.500,"Full,Unfinished",3 Car Detached,4,14124.72,CL,9/13/2017,12/13/2017,11/29/2017,11/29/2017,77,Det,1,1,2970508
55,,Irma,Avenue,Port Washington,11050,639000,629000,Colonial,2,2.000,Partial,,4,11237.52,CL,9/13/2017,3/30/2018,10/20/2017,1/22/2018,37,Det,1,1,2970751
911,,Old Britton,Road,N. Bellmore,11710,615000,590000,Split Level,4,3.500,"Full,Finished",2 Car Attached,4,12900.00,CL,10/03/2017,10/21/2018,2/14/2018,5/18/2018,134,Det,1,1,2975887
42,,Radcliff,Avenue,Port Washington,11050,659000,670000,Ranch,3,1.500,"Full,Finished",1 Car Attached,4,13424.00,CL,10/06/2017,4/05/2018,10/16/2017,12/04/2017,10,Det,1,1,2976657
6,,Martin,Lane,Old Bethpage,11804,649000,625000,Split Level,4,2.000,"Full,Finished",1 Car Attached,4,12508.00,CL,11/14/2017,11/14/2018,2/09/2018,5/11/2018,87,Det,1,1,2985408
42,,Irma,Avenue,Port Washington,11050,699000,650000,Colonial,5,2.000,Full,,4,8503.00,CL,11/15/2017,5/14/2018,12/01/2017,3/05/2018,16,Det,1,1,2986096
13-13A,,Inwood,Road,Port Washington,11050,774900,609000,Duplex,8,3.550,Partial,,4,14634.04,CL,12/14/2017,3/19/2018,1/12/2018,1/26/2018,29,Det,2,2,2991574
80,W,Crest,Road,N. Merrick,11566,629000,651000,Colonial,3,2.000,"Full,Unfinished",1 Car Attached,4,11300.00,CL,1/09/2018,8/31/2018,2/14/2018,7/20/2018,36,Det,1,1,2995415
44,,Midwood,Drive,Plainview,11803,649000,630000,Exp Cape,4,2.000,"Full,Finished",2 Car Attached,4,18408.46,CL,1/18/2018,6/15/2018,2/14/2018,4/03/2018,27,Det,1,1,2997676
2547,,Eileen,Court,N. Bellmore,11710,649999,645000,Split Level,3,2.000,"Full,Partially Finished",1 Car Attached,4,12826.72,CL,1/19/2018,7/17/2018,1/31/2018,7/09/2018,12,Det,1,1,2997791
29,,Shelter Hill,Road,Plainview,11803,599000,580000,Split Level,3,1.550,"Partial,Partially Finished",,4,14221.01,CL,1/23/2018,7/31/2018,5/04/2018,8/21/2018,100,Det,1,1,2998860
2,,Pamela,Court,Plainview,11803,589999,575000,Hi Ranch,4,2.000,"None,Unfinished",2 Car Attached,4,13950.38,CL,1/24/2018,7/24/2018,3/27/2018,6/21/2018,61,Det,1,1,2999038
106,,Radcliffe,Road,Plainview,11803,629990,626500,Split Level,3,1.500,"Full,Finished",1 Car Attached,4,15150.95,CL,4/03/2018,9/30/2018,4/18/2018,6/29/2018,15,Det,1,1,3017134
77,,Juniper,Road,Port Washington,11050,550000,635000,2 Story,4,3.000,"Full,Finished",,4,11476.22,CL,4/03/2018,12/31/2018,4/13/2018,8/28/2018,10,Det,2,2,3017242
6,,Patton,Place,Plainview,11803,639000,625000,Split Level,3,2.500,"Full,Finished",,4,11497.00,CL,4/07/2018,6/30/2018,5/18/2018,7/16/2018,41,Det,1,1,3018415
4,,Spector,Lane,Plainview,11803,629990,618700,Split Level,3,2.000,"Full,Finished",1 Car Attached,4,13037.27,CL,4/19/2018,10/15/2018,6/08/2018,8/28/2018,50,Att,1,1,3021948
11,,Judith,Street,Plainview,11803,600000,611500,Split Level,4,2.500,"Full,Finished",1 Car Attached,4,9613.00,CL,5/02/2018,4/23/2019,5/24/2018,7/23/2018,22,Det,1,1,3026022
29,,Marino,Avenue,Port Washington,11050,619000,610000,Cape,3,2.000,"Full,Finished",,4,9927.98,CL,5/02/2018,8/18/2018,7/23/2018,9/12/2018,82,Det,1,1,3026076
17A,,Irma,Avenue,Port Washington,11050,675000,650000,Colonial,3,1.500,Full,1 Car Detached,4,12114.04,CL,5/03/2018,11/03/2018,5/22/2018,7/17/2018,19,Det,1,1,3026918
27,S,Marwood,Road,Port Washington,11050,599000,598500,Colonial,4,1.000,"Full,Finished",,4,10070.06,CL,5/09/2018,5/08/2019,5/23/2018,7/03/2018,14,Det,1,1,3028476
21,,Myron,Road,Plainview,11803,629000,620000,Split Level,3,2.500,"Full,Finished",1 Car Attached,4,11836.00,CL,5/15/2018,11/15/2018,6/04/2018,11/29/2018,20,Det,1,1,3030368
30,,Irene,Lane,Plainview,11803,668000,640000,Split Level,3,2.500,"Full,Finished",2 Car Attached,4,12225.58,CL,5/18/2018,11/15/2018,7/20/2018,10/02/2018,63,Det,1,1,3031412
1,,Frederick,Drive,Plainview,11803,600000,600000,Split Level,3,2.000,"Full,Finished",1 Car Attached,4,13764.00,CL,5/28/2018,5/28/2019,6/15/2018,9/12/2018,18,Det,1,1,3034009
2175,,Jackson,Place,N. Bellmore,11710,689000,650000,Split Level,4,2.500,"Full,Finished",2 Car Attached,4,12059.37,CL,5/30/2018,12/31/2018,6/27/2018,8/01/2018,28,Det,1,1,3034671
155,,Parkway,Drive,Plainview,11803,660000,630000,Hi Ranch,4,3.000,"None,Unfinished",2 Car Attached,4,15298.51,CL,6/01/2018,2/28/2019,1/28/2019,5/14/2019,241,Det,1,1,3035421
1934,,Decatur,Avenue,N. Bellmore,11710,694999,663000,Colonial,3,2.000,"Full,Finished",1 Car Attached,4,16249.95,CL,6/07/2018,3/31/2019,12/03/2018,3/25/2019,179,Det,1,1,3037585
58,,Jamaica,Avenue,Plainview,11803,589000,575000,Exp Cape,4,2.000,"Full,Finished",,4,9875.18,CL,6/15/2018,12/31/2018,8/14/2018,11/20/2018,60,Det,1,1,3040044
16,,Warwick,Place,Port Washington,11050,529000,575000,Ranch,3,2.000,"Full,Finished",1 Car Attached,4,12684.00,CL,6/27/2018,12/26/2018,7/16/2018,9/30/2018,19,Att,1,1,3043490
22,,Graywood,Road,Port Washington,11050,670000,665000,Exp Cape,4,2.500,Full,1 Car Detached,4,10079.00,CL,8/16/2018,8/15/2019,2/15/2019,4/23/2019,183,Det,1,1,3057607
9,,Manhasset,Avenue,Port Washington,11050,669000,640000,Cape,2,1.000,"None,Unfinished",1 Car Attached,4,7561.62,CL,8/20/2018,12/31/2018,9/05/2018,11/06/2018,16,Det,1,1,3059131
22,,Spector,Lane,Plainview,11803,599000,585000,Split Level,4,2.000,"Full,Finished",1 Car Attached,4,13138.72,CL,4/14/2018,5/31/2019,12/06/2018,2/27/2019,236,Det,1,1,3062826
2765,,Natta,Boulevard,Bellmore,11710,629000,605000,Colonial,4,2.500,"Partial,Unfinished",2 Car Detached,4,9807.25,CL,9/26/2018,3/26/2019,10/30/2018,1/25/2019,34,Det,1,1,3068606
277,,Haypath,Road,Old Bethpage,11804,649000,645000,Ranch,3,3.000,"Full,Finished",1 Car Attached,4,14880.37,CL,10/01/2018,9/15/2019,4/25/2019,6/22/2019,206,Det,1,1,3069615
182,,Roxton,Road,Plainview,11803,639000,635000,Hi Ranch,4,3.000,"None,Unfinished",2 Car Attached,4,12835.35,CL,11/04/2018,12/31/2018,12/08/2018,1/30/2019,34,Det,1,1,3078574
2376,,Henry,Street,N. Bellmore,11710,615000,600000,Exp Ranch,4,2.000,"Full,Finished",1 Car Attached,4,15792.92,CL,11/06/2018,5/06/2019,1/10/2019,3/12/2019,65,Det,1,1,3079034
4,,Coronet,Lane,Plainview,11803,659999,655000,Split Level,3,3.000,"Full,Finished",1 Car Attached,4,19263.82,CL,11/08/2018,8/31/2019,2/13/2019,4/11/2019,97,Det,1,1,3079673
10,,Dunes,Lane,Port Washington,11050,574500,625000,Ranch,3,1.000,"Full,Unfinished",1 Car Detached,4,9085.00,CL,11/20/2018,2/20/2019,12/13/2018,1/14/2019,23,Det,1,1,3082467
1809,,Seaman,Drive,Merrick,11566,629000,615000,Exp Cape,3,2.000,"None,Unfinished",1 Car Attached,4,14100.41,CL,12/10/2018,6/10/2019,1/28/2019,4/03/2019,49,Det,1,1,3086373
13,,Charles,Avenue,Port Washington,11050,694900,614250,Colonial,5,3.000,Full,1 Car Attached,4,15911.00,CL,5/22/2018,5/03/2019,4/22/2019,5/31/2019,335,Det,1,1,3086791
939,,Old Britton,Road,N. Bellmore,11710,630000,605000,Split Level,5,2.500,"Partial,Finished",2 Car Attached,4,18111.00,CL,1/23/2019,7/22/2019,3/18/2019,5/31/2019,53,Det,1,1,3095561
2844,,Ammel,Drive,N. Bellmore,11710,579000,575000,Split Level,3,2.000,"Full,Unfinished",1 Car Attached,4,11648.58,CL,1/24/2019,6/30/2019,2/14/2019,4/22/2019,21,Det,1,1,3095915
2880,,Saw Mill,Road,Wantagh,11793,559990,577500,Split Level,3,2.000,"Full,Finished",2 Car Attached,4,10442.00,CL,2/05/2019,2/05/2020,3/12/2019,5/10/2019,34,Det,1,1,3098766
2561,,Elderberry,Road,N. Bellmore,11710,669000,649000,Split Level,4,2.500,"Full,Finished",,4,13016.00,CL,4/09/2019,4/09/2020,4/26/2019,8/02/2019,17,Det,1,1,3117701
221,,Manetto Hill,Road,Plainview,11803,685000,630000,Colonial,3,2.500,"Full,Unfinished",1 Car Detached,4,15114.66,CL,4/10/2019,9/30/2019,8/21/2019,11/14/2019,133,Det,1,1,3117783
5,W,Park,Drive,Old Bethpage,11804,625000,620000,Split Level,3,1.500,"Partial,Unfinished",,4,15424.00,CL,4/13/2019,10/13/2019,4/18/2019,7/01/2019,5,Det,1,1,3119100
53,,Blanche,Street,Plainview,11803,688000,650000,Split Level,3,2.000,"Partial,Finished",1 Car Attached,4,12231.65,CL,4/25/2019,10/25/2019,6/07/2019,8/30/2019,43,Det,1,1,3122347
1122,,Albert,Road,Bellmore,11710,599999,600000,Split Level,4,1.500,"Partial,Finished",1 Car Attached,4,10134.44,CL,4/25/2019,10/27/2019,5/10/2019,7/31/2019,15,Det,1,1,3122439
43,,Spector,Lane,Plainview,11803,659888,655500,Split Level,3,3.000,"Full,Finished",1 Car Attached,4,16671.00,CL,5/01/2019,6/30/2019,6/24/2019,8/27/2019,54,Det,1,1,3124162
2505,,Locust,Avenue,N. Bellmore,11710,599000,599000,Split Level,3,2.000,"Partial,Finished",1 Car Attached,4,15519.95,CL,5/08/2019,11/08/2019,7/10/2019,8/12/2019,63,Det,1,1,3126927
27,,Fresno,Drive,Plainview,11803,649999,600000,Ranch,3,2.000,"Full,Finished",1 Car Attached,4,11425.00,CL,6/21/2019,12/31/2019,7/12/2019,10/07/2019,21,Det,1,1,3141068
156,,Radcliffe,Road,Plainview,11803,608488,580000,Split Level,3,1.500,"Full,Finished",,4,17648.00,CL,6/26/2019,12/26/2019,9/23/2019,11/07/2019,89,Det,1,1,3142197
102,,Wilson,Place,Plainview,11803,629888,600000,Split Level,4,2.000,"Partial,Finished",,4,15944.18,CL,7/08/2019,12/31/2019,9/23/2019,10/18/2019,77,Det,1,1,3145187
4,,Glen,Drive,Plainview,11803,599000,575000,Cape,3,2.000,"Full,Finished",,4,13558.83,CL,7/17/2019,1/17/2020,8/07/2019,9/27/2019,21,Det,1,1,3148441
2600,,Phyllis,Drive,N. Bellmore,11710,649000,627500,Split Level,3,2.000,"Full,Partially Finished",1 Car Attached,4,11717.40,CL,7/24/2019,12/31/2019,8/13/2019,12/02/2019,20,Det,1,1,3150011
279,,Haypath,Road,Old Bethpage,11804,649888,650000,Split Level,3,2.500,"Full,Finished",1 Car Attached,4,10101.37,CL,8/27/2019,7/30/2020,9/19/2019,11/01/2019,23,Det,1,1,3159468
23,,Redwood,Drive,Plainview,11803,648000,625000,Split Level,3,2.000,"Full,Finished",1 Car Attached,4,13451.25,CL,9/10/2019,3/10/2020,11/18/2019,12/26/2019,69,Det,1,1,3163159
16,,Newcastle,Avenue,Plainview,11803,669000,649000,Split Ranch,3,2.000,"Partial,Unfinished",1 Car Attached,4,15190.92,CL,9/18/2019,3/17/2020,12/12/2019,3/04/2020,85,Det,1,1,3165591
21,,Boxwood,Road,Port Washington,11050,725000,660000,Split Level,4,2.500,"Full,Finished",,4,13307.00,CL,10/28/2019,10/12/2020,12/27/2019,2/13/2020,60,Det,2,2,3176285
3,,Fairview,Avenue,Port Washington,11050,689000,660000,Split Level,4,3.000,Partial,2 Car Attached,4,16910.99,CL,10/31/2019,4/30/2020,11/13/2019,12/31/2019,13,Det,1,1,3177015
143,,Cow Neck,Road,Port Washington,11050,599000,585000,Raised Ranch,4,1.550,Full,,4,17092.00,CL,11/13/2019,5/11/2020,11/26/2019,2/28/2020,13,Det,1,1,3180288
47,,Joyce,Road,Plainview,11803,660000,650000,Split Level,3,2.500,"Full,Finished",2 Car Attached,4,14960.90,CL,11/26/2019,11/12/2020,12/23/2019,2/10/2020,27,Det,1,1,3183008
8,,Julliard,Drive,Plainview,11803,629000,610000,Split Level,4,1.500,"Partial,Finished",,4,14082.00,CL,8/19/2017,2/19/2018,9/05/2017,11/13/2017,17,Det,1,1,*1293485
12,E,Crest,Road,Merrick,11566,579000,592500,Colonial,3,2.000,Full,1 Car Detached,4,14546.00,CL,4/09/2018,8/01/2018,5/14/2018,7/25/2018,35,Det,1,1,*1311714
2,,Oakwood,Lane,Plainview,11803,649990,647000,Split Level,3,1.500,Full,1 Car Attached,4,17416.83,CL,5/14/2018,7/18/2018,5/23/2018,7/27/2018,9,Det,1,1,*1316521
26,,Maxine,Avenue,Plainview,11803,648000,635000,Split Level,3,2.500,Partial,2 Car Attached,4,15410.00,CL,11/12/2018,8/31/2019,12/26/2018,3/27/2019,44,Det,1,1,*1331287
1266,,Park,Avenue,N. Merrick,11566,689999,655000,Colonial,4,2.500,"Full,Unfinished",1 Car Attached,4,0.00,CL,6/11/2016,4/11/2017,3/06/2017,4/12/2017,268,Att,1,1,2860401
24,,Avenue A,,Port Washington,11050,649000,640000,Other,2,2.500,"None,Unfinished",2 Car Detached,4,12328.43,CL,10/07/2016,9/30/2017,2/02/2017,6/30/2017,118,Det,2,2,2888793
6,E,Park,Drive,Old Bethpage,11804,599999,590000,Split Level,3,2.000,"Partial,Finished",1 Car Attached,4,16268.00,CL,10/11/2016,4/14/2017,2/16/2017,3/24/2017,128,Det,1,1,2889482
76,,Highfield,Avenue,Port Washington,11050,659000,659000,Exp Cape,5,2.000,"Full,Partially Finished",1 Car Detached,4,8193.30,CL,12/09/2016,3/10/2017,12/20/2016,7/10/2017,11,Det,1,1,2901067
127A,,Harbor,Road,Port Washington,11050,688000,650000,Colonial,5,4.000,"Full,Finished",,4,14422.00,CL,1/02/2017,12/10/2017,3/08/2017,6/09/2017,65,Det,1,1,2903888
106,,Home,Street,N. Bellmore,11710,629000,595000,Exp Cape,4,3.000,"Full,Finished",2 Car Attached,4,12220.00,CL,1/20/2017,1/31/2018,11/13/2017,2/20/2018,297,Det,1,1,2908050
27,,Phipps,Lane,Plainview,11803,639000,635000,Split Level,3,2.500,"Partial,Finished",1 Car Attached,4,16818.82,CL,1/30/2017,7/28/2017,3/06/2017,6/27/2017,35,Det,1,1,2910252
777,,Bellmore,Road,N. Bellmore,11710,625000,621500,Hi Ranch,5,4.000,"Full,Finished",,4,13027.54,CL,1/31/2017,7/31/2017,3/17/2017,6/13/2017,44,Det,1,1,2910451
21,,Richard,Court,Plainview,11803,679000,655000,Hi Ranch,3,2.000,"None,Unfinished",2 Car Attached,4,14517.00,CL,2/17/2017,12/31/2017,3/28/2017,5/05/2017,38,Det,1,1,2914457
64,,Wallace,Drive,Plainview,11803,649000,629530,Split Level,4,3.000,"Full,Finished",1 Car Attached,4,23034.78,CL,2/20/2017,8/01/2017,5/23/2017,8/14/2017,91,Det,1,1,2915168
192,,Haypath,Road,Old Bethpage,11804,629000,575000,Split Level,3,2.500,"Full,Finished",1 Car Attached,4,13435.00,CL,3/07/2017,10/06/2017,3/31/2017,6/28/2017,23,Det,1,1,2919160
68,,Ontario,Avenue,Plainview,11803,589000,600000,Exp Cape,5,2.000,"Full,Finished",1 Car Attached,4,16366.00,CL,3/09/2017,3/08/2018,4/28/2017,7/06/2017,49,Det,1,1,2919818
1129,,Ruth,Place,N. Bellmore,11710,609900,610000,Colonial,5,2.500,"Full,Unfinished",1 Car Attached,4,12542.00,CL,3/15/2017,9/15/2017,6/06/2017,7/27/2017,83,Att,1,1,2921201
4,,Lois,Lane,Old Bethpage,11804,636000,600000,2 Story,5,2.500,"Partial,Unfinished",2 Car Detached,4,15535.00,CL,3/17/2017,9/17/2017,8/08/2017,11/20/2017,144,Det,1,1,2921839
69,,Barry,Lane,Old Bethpage,11804,659000,638000,Hi Ranch,3,2.000,"None,Unfinished",2 Car Attached,4,11937.13,CL,3/24/2017,9/30/2017,5/26/2017,8/01/2017,63,Det,1,1,2923660
40,,Garnet,Lane,Plainview,11803,612000,585000,Split Level,4,2.000,"Full,Finished",,4,14800.00,CL,3/31/2017,5/31/2017,4/10/2017,5/31/2017,10,Det,1,1,2925783
2821,,Wilson,Avenue,Bellmore,11710,599000,590000,Colonial,4,2.500,Full,,4,12776.09,CL,4/24/2017,12/31/2017,6/16/2017,8/24/2017,53,Det,1,1,2932780
986,,Rector,Street,N. Bellmore,11710,599000,575000,Hi Ranch,5,3.000,"None,Unfinished",2 Car Attached,4,13652.42,CL,4/27/2017,10/27/2017,6/30/2017,10/03/2017,64,Det,1,1,2933241
23,S,Maryland,Avenue,Port Washington,11050,599000,600000,Colonial,4,1.500,Full,2 Car Detached,4,11831.00,CL,4/28/2017,10/31/2017,5/25/2017,6/27/2017,27,Det,1,1,2933460
15,,Willow,Road,Old Bethpage,11804,649000,622000,Colonial,4,2.500,"Full,Unfinished",1 Car Attached,4,17703.01,CL,5/09/2017,4/15/2018,6/05/2017,7/11/2017,27,Det,1,1,2936601
21,,Alan,Court,Plainview,11803,579000,575000,Split Level,3,1.500,"Partial,Finished",,4,12852.88,CL,5/14/2017,11/14/2017,6/01/2017,8/29/2017,18,Det,1,1,2938107
11,,Marino,Avenue,Port Washington,11050,650000,622600,Cape,4,2.000,"Full,Unfinished",2 Car Detached,4,8000.00,CL,5/15/2017,5/15/2018,6/24/2017,10/13/2017,40,Det,1,1,2938271
2687,,Arthur,Lane,Bellmore,11710,595888,601000,Hi Ranch,4,3.000,"None,Unfinished",,4,14621.00,CL,5/15/2017,5/15/2018,6/13/2017,8/07/2017,29,Det,1,1,2938516
110,,Briarwood,Lane,Plainview,11803,635000,620000,Split Level,3,2.500,"Full,Finished",1 Car Attached,4,14050.73,CL,5/17/2017,11/17/2017,7/31/2017,9/25/2017,75,Det,1,1,2939118
77,,Richfield,Street,Plainview,11803,629000,590000,Split Level,4,2.000,Partial,,4,16041.80,CL,5/17/2017,11/30/2017,6/23/2017,8/22/2017,37,Det,1,1,2939411
866,,Oakland,Court,N. Bellmore,11710,649001,625000,Traditional,6,3.500,"Full,Finished",1 Car Attached,4,19001.00,CL,4/08/2017,5/25/2018,7/12/2017,9/12/2017,95,Det,1,2,2941398
1560,,Park,Avenue,Merrick,11566,599000,610000,Hi Ranch,5,2.000,,,4,14465.23,CL,5/30/2017,5/23/2018,7/06/2017,9/01/2017,37,Det,1,1,2942272
36,,Marilyn,Boulevard,Plainview,11803,629999,602500,Split Level,3,2.000,"Partial,Finished",1 Car Attached,4,16058.01,CL,5/30/2017,11/30/2017,8/23/2017,12/14/2017,85,Det,1,1,2942369
55,,Belmont,Avenue,Plainview,11803,649000,640000,Split Level,3,2.500,Full,,4,12218.00,CL,5/31/2017,10/31/2017,8/09/2017,10/26/2017,70,Det,1,2,2942642
28,,Whitlock,Street,Plainview,11803,649000,615000,Hi Ranch,3,2.500,"None,Unfinished",2 Car Attached,4,14552.55,CL,6/07/2017,12/15/2017,9/06/2017,11/30/2017,91,Det,1,1,2945289
178,,Central Park,Road,Plainview,11803,619888,615000,Colonial,4,2.000,"Full,Partially Finished",1 Car Detached,4,17622.00,CL,6/26/2017,1/06/2018,8/28/2017,10/06/2017,63,Det,1,1,2950000
2656,,Columbus,Avenue,N. Bellmore,11710,639000,605000,Split Level,3,2.500,"Partial,Finished",2 Car Attached,4,11663.00,CL,6/28/2017,12/31/2017,9/07/2017,10/25/2017,71,Det,1,1,2950984
2019,,Bedford,Avenue,N. Bellmore,11710,649999,645000,Colonial,4,3.000,"Full,Finished",1 Car Detached,4,14706.15,CL,7/05/2017,7/06/2018,8/14/2017,11/29/2017,40,Det,1,1,2952511
5,,Miriam,Lane,Plainview,11803,679000,650000,Split Level,4,2.000,Partial,,4,17288.24,CL,7/11/2017,11/16/2017,10/23/2017,12/15/2017,104,Det,1,1,2954088
59,,Joyce,Road,Plainview,11803,689000,665990,Split Level,3,2.500,"Partial,Finished",1 Car Attached,4,18000.51,CL,7/13/2017,1/13/2018,10/26/2017,12/18/2017,105,Det,1,1,2954857
8,,Country,Drive,Plainview,11803,655000,635000,Split Level,3,3.000,"Partial,Finished",1 Car Attached,4,15313.37,CL,7/13/2017,1/30/2018,1/29/2018,4/20/2018,200,Det,1,1,2955021
220,,Floral,Avenue,Plainview,11803,659000,659000,Split Level,4,2.000,"Partial,Finished",,4,18000.00,CL,7/24/2017,7/23/2018,8/09/2017,9/19/2017,16,Det,1,1,2957763
79,,Beaumont,Drive,Plainview,11803,635000,635000,Hi Ranch,3,2.000,"None,Unfinished",2 Car Attached,4,16090.38,CL,8/03/2017,2/03/2018,8/28/2017,10/17/2017,25,Det,1,1,2960435
41,,Forest,Drive,Plainview,11803,579000,582000,Split Level,3,2.000,"Full,Unfinished",1 Car Attached,4,10666.00,CL,8/07/2017,2/07/2018,8/24/2017,10/30/2017,17,Det,1,1,2961179
2,,Holly,Lane,Plainview,11803,630000,615000,Split Level,3,2.500,"Full,Finished",Attached,4,12756.00,CL,8/07/2017,2/04/2018,9/17/2017,11/22/2017,41,Det,1,1,2961322
74,,Victor,Street,Plainview,11803,639000,626000,Ranch,3,2.000,"Full,Finished",1 Car Attached,4,12577.71,CL,9/05/2017,11/22/2017,11/06/2017,11/27/2017,62,Det,1,1,2968098
20,,Richfield,Street,Plainview,11803,599999,599999,Split Level,3,2.000,"Crawl,Unfinished",1 Car Attached,4,15054.36,CL,9/08/2017,2/03/2018,10/13/2017,11/30/2017,35,Det,1,1,2969362
31,,Norwood,Road,Port Washington,11050,670000,645000,Duplex,4,2.000,"Full,Unfinished",,4,8940.00,CL,9/20/2017,9/18/2018,2/12/2018,3/23/2018,145,Det,2,2,2972432
23,,Nixon,Drive,Plainview,11803,649000,615000,Exp Cape,3,3.000,"Full,Finished",,4,10489.00,CL,9/28/2017,9/28/2018,1/02/2018,2/16/2018,96,Det,1,1,2974430
2160,,Isabelle,Court,N. Bellmore,11710,600000,600000,Split Level,3,3.000,"Full,Finished",1 Car Attached,4,12614.15,CL,10/03/2017,4/03/2018,10/31/2017,1/09/2018,28,Det,1,1,2975745
5,,Irene Ln. N,,Plainview,11803,649999,615000,Split Level,5,2.500,"Full,Unfinished",1 Car Attached,4,16964.48,CL,10/12/2017,3/11/2018,2/13/2018,8/01/2018,124,Det,1,1,2977982
6,,Spector,Lane,Plainview,11803,609900,585000,Split Level,4,2.000,"Full,Unfinished",,4,17176.68,CL,10/15/2017,4/11/2018,2/01/2018,3/23/2018,109,Att,1,1,2978675
18,,Newport,Drive,Plainview,11803,649999,585000,Ranch,3,2.500,Full,1 Car Attached,4,19121.00,CL,10/25/2017,4/20/2018,11/18/2017,2/01/2018,24,Det,1,1,2980932
5,,Gainsville,Drive,Plainview,11803,629888,595000,Split Level,4,2.000,"Full,Finished",,4,12011.11,CL,10/26/2017,4/25/2018,11/16/2017,12/04/2017,21,Det,1,1,2981307
11,,Arthur,Court,Plainview,11803,599988,587500,Split Level,3,1.500,Full,,4,12857.13,CL,11/10/2017,3/30/2018,2/01/2018,4/13/2018,83,Det,1,1,2984813
10,N,Maryland,Avenue,Port Washington,11050,658000,620000,Colonial,3,1.500,"Full,Unfinished",,4,10250.00,CL,11/28/2017,11/28/2018,3/07/2018,5/11/2018,99,Det,1,1,2988201
14,,Eva,Lane,Plainview,11803,625000,615000,Exp Ranch,3,2.000,Full,1 Car Attached,4,13338.50,CL,12/18/2017,6/30/2018,1/10/2018,3/26/2018,23,Det,1,1,2991905
82,,Nassau,Avenue,Plainview,11803,622000,612500,Exp Cape,4,2.000,"Full,Finished",1 Car Attached,4,13597.17,CL,12/20/2017,4/01/2018,3/20/2018,5/03/2018,89,Det,1,1,2992382
82,,Nassau,Avenue,Plainview,11803,622000,612500,Exp Cape,4,2.000,"Full,Finished",,4,13597.00,CL,12/19/2017,4/01/2018,3/20/2018,5/03/2018,90,Det,1,1,2992385
265,,Manetto Hill,Road,Plainview,11803,679000,650000,Colonial,6,2.000,"Full,Finished",,4,17822.00,CL,1/01/2018,6/01/2018,4/13/2018,7/05/2018,101,Det,1,1,2993584
283,,Haypath,Road,Old Bethpage,11804,585000,600000,Ranch,3,1.500,"Full,Finished",1 Car Attached,4,16460.72,CL,1/02/2018,6/30/2018,1/18/2018,2/26/2018,16,Det,1,1,2993984
24,,Wensley,Road,Plainview,11803,689000,655000,Colonial,5,2.500,"Full,Finished",1 Car Attached,4,12496.58,CL,1/08/2018,6/07/2018,1/30/2018,4/02/2018,22,Det,1,1,2995078
10,,Woodland,Drive,Old Bethpage,11804,579000,612000,Colonial,3,2.500,"Full,Finished",1 Car Attached,4,12500.35,CL,1/20/2018,7/16/2018,2/26/2018,5/04/2018,37,Det,1,1,2998070
6,,Richfield,Court,Plainview,11803,625888,575000,Splanch,4,2.500,"Full,Partially Finished",,4,13720.21,CL,1/20/2018,12/31/2018,11/15/2018,12/19/2018,299,Det,1,1,2998144
875,,Leeds,Drive,N. Bellmore,11710,595000,582000,Exp Ranch,5,3.000,"Full,Finished",1 Car Attached,4,10370.38,CL,1/25/2018,10/25/2018,2/08/2018,4/24/2018,14,Det,1,1,2999317
59,,Graywood,Road,Port Washington,11050,599000,580000,Other,4,2.000,"Full,Partially Finished",1 Car Detached,4,10568.99,CL,2/06/2018,2/06/2019,5/29/2018,7/23/2018,111,Det,2,2,3002240
6,,Melony,Avenue,Plainview,11803,599999,592000,Ranch,3,2.000,"Full,Finished",,4,10602.31,CL,2/09/2018,12/31/2018,3/05/2018,7/25/2018,24,Det,1,1,3003277
39,,Davenport,Place,N. Bellmore,11710,612000,575000,Colonial,4,2.500,"Full,Partially Finished",,4,11220.00,CL,2/12/2018,9/01/2018,7/25/2018,8/17/2018,162,Det,1,1,3003827
17,,Netto,Lane,Plainview,11803,659999,644000,Hi Ranch,4,3.000,"None,Unfinished",2 Car Attached,4,15793.50,CL,2/12/2018,8/12/2018,2/27/2018,4/27/2018,15,Det,1,1,3004044
50,,Phipps,Lane,Plainview,11803,619000,620000,Split Level,3,2.000,"Partial,Finished",1 Car Attached,4,14259.20,CL,2/16/2018,8/16/2018,3/13/2018,5/31/2018,24,Det,1,1,3005011
1012,S,Carley,Court,N. Bellmore,11710,615000,580000,Split Ranch,4,3.000,"None,Unfinished",2 Car Attached,4,12297.89,CL,2/21/2018,8/21/2018,4/03/2018,6/08/2018,40,Det,1,1,3006319
15,,Evelyn,Road,Plainview,11803,599999,600000,Ranch,3,2.500,"Full,Finished",1 Car Detached,4,14102.50,CL,2/21/2018,7/01/2018,3/09/2018,3/27/2018,16,Det,1,1,3006325
12,,Virginia,Avenue,Plainview,11803,649000,627500,Colonial,5,2.000,"Full,Partially Finished",,4,19530.57,CL,3/05/2018,8/22/2018,3/28/2018,6/15/2018,22,Det,1,1,3009404
21,,Melony,Avenue,Plainview,11803,619999,600000,Exp Ranch,4,2.000,"Full,Finished",1 Car Attached,4,17467.55,CL,3/07/2018,8/21/2018,4/09/2018,6/06/2018,32,Det,1,1,3010008
11,,Donald,Drive,Old Bethpage,11804,649000,649000,Split Level,3,2.000,"Full,Finished",2 Car Attached,4,14727.00,CL,3/12/2018,9/01/2018,4/06/2018,7/02/2018,25,Det,1,1,3011139
130,,Lincoln E,Road,Plainview,11803,588818,630000,Split Level,3,2.000,Full,Attached,4,13933.00,CL,3/14/2018,10/14/2018,4/02/2018,6/29/2018,19,Det,1,1,3011788
2719,,Elm,Drive,N. Bellmore,11710,660000,615000,Split Level,4,3.500,"Partial,Finished",1 Car Attached,4,16859.19,CL,3/19/2018,10/01/2019,10/30/2018,1/24/2019,225,Det,1,1,3013352
53,,Sherman,Avenue,Plainview,11803,599999,580000,Split Level,3,2.500,"Full,Finished",,4,13730.55,CL,3/20/2018,9/30/2018,4/03/2018,6/12/2018,14,Det,1,1,3013631
1,,Airway,Drive,Bellmore,11710,649000,660000,Colonial,3,2.000,"Full,Finished",,4,6931.49,CL,3/21/2018,5/21/2018,4/02/2018,5/14/2018,12,Det,1,1,3013861
2808,,Maple,Avenue,N. Bellmore,11710,579000,580000,Hi Ranch,4,2.500,"None,Unfinished",2 Car Attached,4,12538.00,CL,4/04/2018,9/30/2018,5/10/2018,7/02/2018,36,Att,1,1,3017386
1884,,Beltagh,Place,N. Bellmore,11710,589000,580000,Colonial,4,2.500,"Full,Finished",1 Car Attached,4,10558.96,CL,4/16/2018,10/16/2018,5/18/2018,8/21/2018,32,Att,1,1,3020800
3,,Marilyn,Boulevard,Plainview,11803,639999,620000,Split Level,3,2.500,"Full,Finished",,4,15725.86,CL,4/03/2018,12/31/2018,7/12/2018,7/12/2018,100,Det,1,1,3021216
2035,,Decatur,Avenue,N. Bellmore,11710,650000,625000,Hi Ranch,4,2.500,"None,Unfinished",2 Car Attached,4,11407.42,CL,4/18/2018,8/15/2018,7/05/2018,8/29/2018,78,Det,1,1,3021860
22,,Edi,Avenue,Plainview,11803,599999,615000,Ranch,3,2.000,"Full,Finished",1 Car Attached,4,10889.73,CL,4/19/2018,12/31/2018,5/13/2018,8/17/2018,24,Det,1,1,3022025
28,,Sherman,Avenue,Plainview,11803,569000,580000,Split Level,3,1.500,"Full,Finished",1 Car Attached,4,16418.00,CL,4/24/2018,10/20/2018,5/10/2018,7/30/2018,16,Det,1,1,3023398
55,,Kirkwood,Road,Port Washington,11050,625000,605000,Cape,4,2.000,Full,,4,10427.00,CL,4/25/2018,10/23/2018,5/19/2018,10/10/2018,24,Det,1,1,3023936
16,,Eton,Place,Plainview,11803,569888,595000,Split Level,4,1.500,"Full,Unfinished",,4,14373.00,CL,5/03/2018,10/29/2018,5/25/2018,8/10/2018,22,Det,1,1,3026526
65,S,Park,Drive,Old Bethpage,11804,599000,612000,Split Level,3,2.500,"Full,Partially Finished",1 Car Attached,4,13491.00,CL,5/06/2018,11/06/2018,6/13/2018,8/21/2018,38,Det,1,1,3027579
1814,,Roberta,Lane,Merrick,11566,629000,612000,Hi Ranch,4,2.500,"Crawl,Unfinished",2 Car Attached,4,14772.00,CL,5/14/2018,11/11/2018,6/18/2018,7/19/2018,35,Det,1,1,3029792
44,S,Washington,Street,Port Washington,11050,739000,665000,Hi Ranch,3,2.000,"Full,Finished",1 Car Attached,4,9314.00,CL,6/08/2018,2/28/2019,7/06/2018,7/30/2018,28,Det,1,1,3037951
57,,Lent,Drive,Plainview,11803,673000,650000,Hi Ranch,4,2.500,"None,Unfinished",1 Car Attached,4,17888.00,CL,6/11/2018,11/07/2018,10/10/2018,12/07/2018,121,Det,1,1,3038517
18,,Forest,Drive,Plainview,11803,625000,635750,Split Level,3,2.000,"Partial,Finished",,4,17400.00,CL,6/13/2018,12/13/2018,10/03/2018,12/06/2018,112,Det,1,1,3039429
1306,N,Pierce,Avenue,N. Bellmore,11710,624999,605000,Split Level,4,2.000,"Full,Finished",1 Car Attached,4,12570.05,CL,6/14/2018,6/01/2019,8/10/2018,11/19/2018,57,Det,1,1,3039817
56,,Marino,Avenue,Port Washington,11050,689000,635000,Colonial,4,2.000,Full,2 Car Attached,4,10777.00,CL,6/15/2018,12/07/2018,7/13/2018,9/18/2018,28,Att,1,1,3040037
1787,,Madison,Avenue,N. Bellmore,11710,599000,578000,Ranch,3,2.000,"Full,Finished",1 Car Attached,4,10800.00,CL,6/18/2018,11/15/2018,8/03/2018,10/22/2018,46,Det,1,1,3040678
6,,Willben,Lane,Plainview,11803,699000,615000,Colonial,4,4.000,Partial,,4,17420.00,CL,6/19/2018,12/31/2018,7/30/2018,12/21/2018,41,Det,1,1,3041038
32,,Irene East,Lane,Plainview,11803,668900,655000,Split Level,4,3.000,"Partial,Finished",1 Car Attached,4,15000.00,CL,6/20/2018,11/28/2018,7/17/2018,9/21/2018,27,Det,1,1,3041506
82,,Lincoln,Road,Plainview,11803,569000,579000,Split Level,3,1.500,"Partial,Finished",1 Car Attached,4,12580.00,CL,6/22/2018,12/22/2018,7/10/2018,8/27/2018,18,Det,1,1,3042012
2723,,Doris,Avenue,N. Bellmore,11710,649000,649000,Colonial,4,2.000,"Full,Finished",,4,13323.00,CL,6/27/2018,12/27/2018,8/22/2018,10/05/2018,56,Det,1,1,3043567
70,,Briarwood,Lane,Plainview,11803,629999,620000,Split Level,3,2.000,"Full,Finished",,4,13338.00,CL,7/13/2018,10/13/2018,8/17/2018,10/03/2018,35,Det,1,1,3047968
15,N,Irene,Lane,Plainview,11803,665000,660000,Split Level,4,2.500,"Full,Partially Finished",2 Car Attached,4,17044.82,CL,7/16/2018,1/16/2019,8/02/2018,10/12/2018,17,Det,1,1,3048656
47,,Joyce Rd,,Plainview,11803,668000,645000,Split Level,3,2.500,"Full,Finished",2 Car Attached,4,15135.72,CL,7/26/2018,1/18/2019,12/21/2018,3/19/2019,148,Det,1,1,3051875
8,,Redwood,Drive,Plainview,11803,599999,615000,Split Level,3,2.000,"Full,Finished",1 Car Attached,4,13138.72,CL,8/02/2018,5/31/2019,10/15/2018,10/15/2018,74,Det,1,1,3053919
2522,,Rutler,Street,Bellmore,11710,599900,601000,Cape,3,2.500,"Full,Finished",,4,13960.94,CL,8/07/2018,12/31/2018,9/05/2018,11/28/2018,29,Det,1,1,3055115
1141,,Round Swamp,Road,Old Bethpage,11804,659000,650000,Split Level,4,2.000,"Partial,Finished",,4,14204.01,CL,8/13/2018,3/15/2019,10/16/2018,12/11/2018,64,Det,1,1,3056698
76,,Park,Avenue,Port Washington,11050,699000,645000,Colonial,4,1.500,Full,1 Car Detached,4,17391.00,CL,8/15/2018,8/13/2019,9/18/2018,12/14/2018,34,Det,1,1,3057214
2374,,Schiller,Avenue,N. Bellmore,11710,629999,610000,Hi Ranch,4,3.000,"Full,Finished",1 Car Attached,4,16397.74,CL,8/20/2018,2/20/2019,12/03/2018,2/27/2019,105,Det,1,1,3058391
1122,,Ruth,Place,N. Bellmore,11710,659000,630000,Split Level,4,3.000,"Partial,Finished",,4,15957.00,CL,9/11/2018,3/04/2019,12/17/2018,2/01/2019,97,Det,1,1,3064019
29,,Park,Avenue,Port Washington,11050,595000,585000,Cape,4,3.000,"Full,Finished",,4,9947.00,CL,9/18/2018,3/04/2019,12/04/2018,2/15/2019,77,Det,1,1,3066041
56,,Beaumont,Drive,Plainview,11803,699999,664000,Hi Ranch,4,3.000,"None,Unfinished",2 Car Attached,4,15472.00,CL,9/29/2018,11/15/2018,10/10/2018,11/14/2018,11,Det,1,1,3069207
45,,Helen,Avenue,Plainview,11803,599999,585000,Ranch,3,2.000,"Full,Finished",,4,13007.00,CL,10/09/2018,3/31/2019,12/04/2018,4/23/2019,56,Det,1,1,3071762
2500,,Columbus,Avenue,N. Bellmore,11710,639000,639000,Colonial,4,3.000,"Full,Finished",1 Car Attached,4,15855.61,CL,10/20/2018,10/31/2019,8/09/2019,10/24/2019,293,Det,1,1,3075038
47,,Hollywood,Drive,Plainview,11803,679000,659170,Split Level,3,2.500,"Partial,Finished",2 Car Attached,4,13696.73,CL,10/23/2018,10/31/2019,12/14/2018,3/19/2019,52,Det,1,1,3075725
36,S,Oaks,Boulevard,Plainview,11803,629000,650000,Split Level,4,2.500,Full,,4,13640.00,CL,11/06/2018,7/06/2019,11/14/2018,2/08/2019,8,Det,1,1,3079247
2455,,Lincoln,Boulevard,N. Bellmore,11710,649999,622500,Split Level,4,3.500,"Crawl,Unfinished",1 Car Detached,4,12784.17,CL,11/19/2018,5/31/2019,3/08/2019,4/26/2019,109,Det,1,1,3082234
139,,Sutton,Drive,Plainview,11803,659900,660000,Colonial,4,3.500,"Full,Finished",1 Car Attached,4,19575.34,CL,12/20/2018,8/31/2019,5/07/2019,6/10/2019,137,Det,1,1,3088281
200,,Haypath,Road,Plainview,11803,659000,645000,Split Level,3,2.500,"Partial,Finished",1 Car Attached,4,17820.00,CL,1/07/2019,10/04/2019,4/04/2019,6/04/2019,86,Det,1,1,3091220
2676,,Edison,Place,Bellmore,11710,579000,580000,Split Level,3,2.000,Full,,4,13764.94,CL,1/23/2019,6/24/2019,3/05/2019,4/16/2019,41,Det,1,1,3095360
2769,,Regina,Avenue,N. Bellmore,11710,599000,585000,Hi Ranch,5,2.000,,,4,11545.36,Cl,1/24/2019,12/30/2019,2/22/2019,6/10/2019,29,Det,1,1,3095758
22,,Virginia,Avenue,Plainview,11803,680000,660000,Colonial,4,2.000,"Full,Unfinished",,4,11069.31,CL,1/30/2019,7/31/2019,4/24/2019,7/24/2019,83,Det,1,1,3097099
136,,Northern,Parkway,Plainview,11803,588000,579000,Ranch,3,2.000,"Full,Finished",1 Car Attached,4,14437.63,CL,1/31/2019,7/31/2019,2/16/2019,5/08/2019,16,Det,1,1,3097470
147,,Orchard,Street,Plainview,11803,668000,668000,Split Level,3,2.500,"Full,Unfinished",1 Car Attached,4,15101.00,CL,2/07/2019,8/04/2019,2/21/2019,6/13/2019,14,Det,1,1,3099309
11,,Crescent,Drive,Old Bethpage,11804,649000,655000,Colonial,3,2.500,"Partial,Finished",1 Car Attached,4,11764.00,CL,2/08/2019,8/08/2019,3/04/2019,4/23/2019,24,Det,1,1,3099725
19,,Wayne,Drive,Plainview,11803,634900,635000,Split Level,3,2.000,"Partial,Partially Finished",1 Car Attached,4,10301.00,CL,2/14/2019,9/30/2019,3/19/2019,6/07/2019,32,Det,1,1,3101204
9,,Acorn,Lane,Plainview,11803,679000,664000,Hi Ranch,4,2.500,"None,Unfinished",2 Car Attached,4,17446.15,CL,2/19/2019,10/31/2019,10/31/2019,12/30/2019,253,Det,1,1,3102271
26,,Vista,Road,Plainview,11803,699999,660000,Split Level,4,2.500,Partial,2 Car Attached,4,17414.85,CL,2/22/2019,8/22/2019,5/11/2019,8/23/2019,77,Det,1,1,3103218
9,,Pearl,Drive,Plainview,11803,649000,600000,Split Level,4,2.000,"Partial,Finished",1 Car Attached,4,18078.46,CL,2/22/2019,1/24/2020,5/28/2019,6/05/2019,94,Det,1,1,3103317
18,,Long Ridge,Road,Plainview,11803,578888,578888,Hi Ranch,4,2.500,"None,Unfinished",2 Car Attached,4,21073.57,CL,2/25/2019,8/25/2019,7/13/2019,9/12/2019,137,Det,1,1,3103631
43,,wakefield,Avenue,Port Washington,11050,699000,660000,Cape,3,2.000,"None,Unfinished",1 Car Attached,4,15308.55,CL,3/11/2019,3/08/2020,6/28/2019,9/06/2019,109,Det,1,1,3107840
920,,Bellmore,Avenue,N. Bellmore,11710,629000,618000,Exp Cape,4,3.000,Full,2 Car Detached,4,14076.52,CL,3/11/2019,9/11/2019,4/01/2019,4/23/2019,21,Det,1,1,3108123
198,,Roxton,Road,Plainview,11803,589000,580000,Split Ranch,5,3.000,"Full,Finished",,4,15777.51,CL,3/13/2019,12/31/2019,3/25/2019,7/15/2019,12,Det,1,1,3108849
2,,Abbey,Court,Plainview,11803,619000,603000,Exp Ranch,3,2.000,"Full,Finished",,4,11137.64,CL,3/14/2019,9/14/2019,4/15/2019,8/28/2019,32,Det,1,1,3109059
39,,Ontario,Avenue,Plainview,11803,638000,605000,Exp Cape,4,2.000,"Full,Finished",Attached,4,11693.59,CL,3/18/2019,9/18/2019,4/15/2019,8/05/2019,28,Det,1,1,3110003
1728,,Roberta,Lane,Merrick,11566,619000,610000,Hi Ranch,4,2.500,"None,Unfinished",2 Car Attached,4,11106.85,CL,3/18/2019,8/09/2019,4/18/2019,7/01/2019,31,Det,1,1,3110243
2535,,Elderberry,Road,N. Bellmore,11710,549999,575000,Split Level,3,2.500,"Full,Finished",1 Car Attached,4,10771.04,CL,3/19/2019,11/19/2019,3/29/2019,8/16/2019,10,Det,1,1,3111068
3,,John,Drive,Old Bethpage,11804,650000,620000,Split Level,3,3.000,"Partial,Partially Finished",1 Car Attached,4,14634.92,CL,3/27/2019,12/31/2019,12/27/2019,1/31/2020,275,Det,1,1,3113091
25,,Farragut,Road,Old Bethpage,11804,639000,600000,Cape,5,2.500,"Full,Finished",1 Car Attached,4,10419.00,CL,3/31/2019,9/30/2019,6/11/2019,8/28/2019,72,Det,1,1,3114190
1734,,Roberta,Lane,Merrick,11566,664900,648000,Split Level,3,2.500,"Partial,Finished",2 Car Attached,4,12319.71,CL,4/03/2019,10/03/2019,5/09/2019,6/26/2019,36,Det,1,1,3115583
11,,Donald,Drive,Old Bethpage,11804,649000,637000,Split Level,3,2.000,"Full,Finished",2 Car Attached,4,15000.00,CL,4/03/2019,9/25/2019,8/30/2019,11/01/2019,149,Det,1,1,3115765
214,,Haypath,Road,Old Bethpage,11804,629000,629000,Split Level,4,2.000,"Partial,Finished",1 Car Attached,4,11334.90,CL,4/05/2019,9/30/2019,4/25/2019,6/24/2019,20,Det,1,1,3116330
17,,Sands,Place,Port Washington,11050,695000,640000,Cape,4,3.000,"Full,Finished",2 Car Detached,4,17559.00,CL,4/08/2019,9/27/2019,10/07/2019,1/06/2020,182,Det,1,1,3117127
118,,Central Park,Road,Plainview,11803,599000,585000,Ranch,3,2.000,"Full,Finished",1 Car Detached,4,16170.00,CL,4/11/2019,7/10/2019,5/02/2019,7/12/2019,21,Det,1,1,3118411
8,,Toni,Place,Plainview,11803,645000,620000,Ranch,3,2.000,"Full,Finished",1 Car Detached,4,15775.78,CL,4/29/2019,10/28/2019,7/11/2019,9/10/2019,73,Det,1,1,3123477
11,,Farragut,Road,Old Bethpage,11804,679000,670000,Split Level,3,2.500,"Partial,Partially Finished",1 Car Attached,4,14281.90,CL,5/01/2019,11/01/2019,5/24/2019,9/10/2019,23,Det,1,1,3124071
31,,Oxford,Road,Old Bethpage,11804,699000,658000,Split Level,6,3.000,"Partial,Unfinished",1 Car Attached,4,17802.69,CL,5/08/2019,11/07/2019,11/04/2019,11/15/2019,180,Det,1,1,3126971
12,,Neulist,Avenue,Port Washington,11050,599000,599000,Colonial,3,1.000,Full,,4,10535.00,CL,5/09/2019,10/09/2019,6/03/2019,8/27/2019,25,Det,1,1,3127072
1447,,Carroll,Street,Wantagh,11793,579999,579999,Split Level,3,2.000,"Partial,Finished",2 Car Attached,4,18163.77,CL,5/14/2019,4/18/2020,9/25/2019,10/25/2019,134,Det,1,1,3128573
2011,,Henry,Street,N. Bellmore,11710,679000,650000,Splanch,4,2.500,"Crawl,Unfinished",2 Car Attached,4,12514.46,CL,5/17/2019,1/31/2020,1/09/2020,3/18/2020,237,Det,1,1,3129686
1554,,Sycamore,Avenue,Merrick,11566,635000,637000,Split Ranch,3,2.000,"Full,Finished",2 Car Attached,4,14102.00,CL,5/21/2019,11/21/2019,6/06/2019,8/20/2019,16,Det,1,1,3130888
25,,Slocum,Avenue,Port Washington,11050,615888,608000,Ranch,4,1.000,"Full,Finished",,4,14396.00,CL,5/22/2019,5/05/2020,6/11/2019,8/09/2019,20,Det,1,1,3131244
4,,Ruth,Road,Plainview,11803,625000,606500,Split Level,4,2.500,Full,,4,15962.17,CL,5/25/2019,6/30/2019,6/30/2019,10/08/2019,36,Att,1,1,3132131
59,,Chicago,Avenue,N. Bellmore,11710,599900,626000,Colonial,3,2.500,Full,,4,11356.06,CL,6/03/2019,8/31/2019,6/12/2019,7/12/2019,9,Det,1,1,3134378
50,,Helen,Avenue,Plainview,11803,629000,610000,Exp Ranch,3,2.000,"Full,Finished",1 Car Attached,4,15531.66,CL,6/03/2019,12/01/2019,7/18/2019,9/24/2019,45,Det,1,1,3134570
58,,Amby,Avenue,Plainview,11803,649999,645000,Cape,4,2.000,"Full,Finished",1 Car Attached,4,13236.01,CL,6/08/2019,12/31/2019,7/17/2019,8/29/2019,39,Det,1,1,3136185
2431,,Cliff,Lane,N. Bellmore,11710,599000,583000,Split Level,4,3.000,"Partial,Partially Finished",,4,15700.00,CL,6/12/2019,12/31/2019,7/08/2019,9/12/2019,26,Det,1,1,3137888
885,,Maplecrest,Drive,N. Bellmore,11710,649995,625000,Colonial,4,3.000,"Full,Finished",,4,8158.00,CL,6/14/2019,12/31/2019,10/28/2019,12/09/2019,136,Det,1,1,3138557
59,,Stephen,Drive,Plainview,11803,624999,615000,Ranch,3,2.000,"Full,Finished",1 Car Attached,4,16392.54,CL,5/06/2019,11/07/2019,8/08/2019,9/25/2019,94,Det,1,1,3140767
960,,Old Britton,Road,N. Bellmore,11710,649000,652000,Split Level,4,2.500,"Partial,Partially Finished",1 Car Attached,4,11734.59,CL,6/25/2019,2/25/2020,7/17/2019,10/15/2019,22,Det,1,1,3141524
6,,Wayland,Road,Plainview,11803,679000,655000,Split Level,3,1.500,"Full,Partially Finished",2 Car Attached,4,11715.00,CL,7/03/2019,7/02/2020,10/18/2019,1/10/2020,107,Det,1,1,3144207
7,,Bank,Street,Port Washington,11050,675000,635000,Colonial,4,3.000,"Full,Finished",1 Car Detached,4,17077.00,CL,7/10/2019,12/31/2019,8/13/2019,9/26/2019,34,Det,1,1,3145735
7,,Whitman,Avenue,Bellmore,11710,679000,650000,Colonial,4,3.000,"Partial,Partially Finished",,4,9113.68,CL,7/22/2019,2/01/2020,9/18/2019,11/22/2019,58,Det,1,1,3149154
123,,Manor,Street,Plainview,11803,699999,670000,Split Level,3,2.000,"Partial,Finished",2 Car Attached,4,15025.00,CL,5/29/2019,11/30/2019,9/06/2019,12/06/2019,100,Det,1,1,3149525
1142,,Vollkommer,Place,N. Bellmore,11710,624990,605000,Hi Ranch,5,3.000,"None,Unfinished",,4,11571.35,CL,8/01/2019,12/31/2019,10/28/2019,1/30/2020,88,Det,1,1,3152266
17,,Beth,Lane,Plainview,11803,634000,617000,Split Level,3,2.000,"Partial,Partially Finished",1 Car Attached,4,15226.79,CL,8/01/2019,2/01/2020,9/26/2019,11/26/2019,56,Det,1,1,3152764
212,,Haypath,Road,Old Bethpage,11804,628888,607000,Colonial,3,1.500,"Full,Finished",1 Car Attached,4,13325.98,CL,8/06/2019,8/05/2020,12/11/2019,2/28/2020,127,Det,1,1,3153655
18,,Park,Drive,Old Bethpage,11804,669000,659500,Exp Ranch,3,2.000,"Full,Finished",,4,11603.00,CL,8/19/2019,2/10/2020,11/16/2019,2/07/2020,89,Det,1,0,3157139
1088,,Olympia,Road,N. Bellmore,11710,589000,580000,Ranch,3,1.500,"Full,Finished",,4,11751.79,CL,8/27/2019,8/19/2020,9/23/2019,10/29/2019,27,Det,1,1,3159345
25,,Wallace,Drive,Plainview,11803,628000,635000,Hi Ranch,5,2.000,"None,Unfinished",2 Car Attached,4,15370.25,CL,9/08/2019,3/04/2020,9/13/2019,1/02/2020,5,Det,1,1,3162562
2759,S,Shelley,Road,N. Bellmore,11710,579999,579999,Exp Cape,4,3.000,"Full,Finished",1 Car Attached,4,12056.09,CL,9/18/2019,3/18/2020,11/04/2019,12/12/2019,47,Det,1,1,3165441
1407,,Anchor,Drive,Wantagh,11793,649000,620000,Split Level,3,2.000,"Partial,Finished",,4,12285.00,CL,9/18/2019,9/18/2020,10/16/2019,11/15/2019,28,Det,1,1,3165710
7,,Knowles,Street,Plainview,11803,598888,585000,Split Level,3,2.500,"Full,Partially Finished",1 Car Attached,4,17151.71,CL,10/05/2019,4/03/2020,11/18/2019,1/28/2020,44,Det,1,1,3170475
101,,Paolo,Court,Plainview,11803,668888,661550,Colonial,4,2.500,"Full,Finished",1 Car Attached,4,22418.21,CL,10/05/2019,1/05/2020,11/25/2019,1/30/2020,51,Det,1,1,3170476
1341,,Powell,Avenue,Merrick,11566,649000,635000,Hi Ranch,3,2.000,"None,Unfinished",1 Car Attached,4,14950.81,CL,10/09/2019,4/10/2020,12/20/2019,3/03/2020,72,Det,1,1,3171327
2379,,Webster,Street,N. Bellmore,11710,684999,669000,Colonial,4,3.000,Full,,4,11987.00,CL,10/10/2019,4/04/2020,12/10/2019,3/20/2020,61,Det,1,1,3171641
20,S,Oaks,Boulevard,Plainview,11803,679000,600000,Split Level,4,2.500,"None,Unfinished",2 Car Attached,4,21581.00,CL,10/30/2019,10/30/2020,12/04/2019,12/26/2019,35,Det,1,1,3176778
904,,Jennie,Court,N. Bellmore,11710,625000,625000,Split Level,6,3.500,"Full,Finished",,4,13149.31,CL,11/05/2019,4/08/2020,12/30/2019,3/12/2020,55,Det,1,1,3178149
1030,S,Carley,Court,N. Bellmore,11710,629000,629000,Split Level,4,2.500,"Full,Finished",2 Car Attached,4,13878.00,CL,1/02/2020,7/31/2020,2/03/2020,3/11/2020,32,Det,1,1,3188547
4,,Evelyn,Road,Plainview,11803,729000,650000,Split Level,3,2.500,"Full,Finished",,4,15376.00,CL,5/20/2017,5/20/2018,7/06/2017,8/24/2017,47,Det,1,1,*1285219
844,,Virginia,Avenue,N. Bellmore,11710,599000,599000,Split Level,4,3.000,"Partial,Unfinished",1 Car Attached,4,12047.01,CL,7/24/2018,1/24/2019,8/27/2018,1/07/2019,34,Det,1,1,*1322286
2170,,Jacqueline,Avenue,N. Bellmore,11710,614990,614990,Exp Ranch,3,2.000,"Full,Partially Finished",1 Car Attached,4,9700.54,CL,12/03/2018,6/30/2019,12/19/2018,3/01/2019,16,Det,1,1,*1332414
44,,John,Street,Plainview,11803,599000,611000,Hi Ranch,4,2.000,"None,Unfinished",2 Car Attached,4,15155.02,CL,2/06/2019,8/31/2019,3/06/2019,4/11/2019,28,Det,1,1,*1336740
122,,Grace,Street,Plainview,11803,600000,590000,Exp Ranch,3,2.000,"Full,Finished",,4,9574.34,CL,6/03/2019,12/05/2019,6/19/2019,8/27/2019,16,Det,1,1,*1348557
10,,Pasadena,Drive,Plainview,11803,675000,645000,Split Level,3,2.500,"Partial,Finished",2 Car Attached,4,14212.63,CL,7/07/2016,7/06/2017,4/14/2017,6/23/2017,281,Det,1,1,2866840
9,,Lindsay,Street,Plainview,11803,659000,620000,Split Level,4,2.000,"Full,Finished",1 Car Attached,4,10255.00,CL,8/16/2016,8/16/2017,11/21/2016,4/17/2017,97,Det,1,1,2876848
6,,Fresno,Drive,Plainview,11803,619000,615000,Split Level,4,2.000,"Partial,Finished",1 Car Attached,4,13066.00,CL,8/26/2016,2/25/2017,1/30/2017,3/31/2017,157,Det,1,1,2879157
28,,Cynthia,Lane,Plainview,11803,597000,575000,Ranch,4,3.000,"Full,Finished",1 Car Attached,4,11450.00,CL,9/13/2016,3/13/2017,1/23/2017,7/17/2017,132,Det,1,1,2882960
12,,Pulaski,Place,Port Washington,11050,619000,595000,Colonial,3,2.500,"Full,Finished",1 Car Attached,4,9610.00,CL,10/12/2016,10/07/2017,5/25/2017,8/16/2017,225,Det,1,1,2889698
64,,Shelter Hill,Road,Plainview,11803,629000,620000,Split Level,3,2.500,"Full,Finished",2 Car Attached,4,15579.37,CL,10/29/2016,5/31/2017,5/31/2017,8/15/2017,214,Det,1,1,2893228
39,S,Bayles,Avenue,Port Washington,11050,639000,626000,Colonial,3,1.500,Full,1 Car Detached,4,10848.14,CL,11/03/2016,11/15/2017,1/16/2017,3/23/2017,74,Det,1,1,2894412
1,,Montclair,Road,Plainview,11803,599999,585000,Split Level,4,3.000,"Partial,Unfinished",,4,13972.16,CL,1/09/2017,7/31/2017,2/06/2017,5/31/2017,28,Det,1,1,2905439
52,,Netto,Lane,Plainview,11803,664900,602500,Hi Ranch,5,3.000,"None,Unfinished",2 Car Attached,4,15297.00,CL,1/22/2017,7/31/2017,4/20/2017,7/26/2017,87,Det,1,1,2908364
4,,Long Ridge,Road,Plainview,11803,668000,660000,Split Ranch,5,2.500,Partial,2 Car Attached,4,17595.00,CL,2/25/2017,8/20/2017,5/17/2017,6/29/2017,80,Det,1,1,2916427
7,,Shelart,Street,Plainview,11803,669000,650000,Hi Ranch,3,3.000,"None,Unfinished",2 Car Attached,4,17142.00,CL,3/01/2017,4/30/2017,4/25/2017,6/14/2017,54,Det,1,1,2917366
991,S,Carley,Court,N. Bellmore,11710,639000,580000,Colonial,4,2.500,"Full,Finished",2 Car Attached,4,19633.21,CL,3/03/2017,9/01/2017,4/14/2017,6/29/2017,41,Det,1,1,2918229
40,,Jerold,Street,Plainview,11803,619000,575000,Split Level,3,2.000,Full,1 Car Attached,4,13613.00,CL,3/15/2017,9/06/2017,4/17/2017,7/31/2017,33,Det,1,1,2921305
1,,Beacon,Drive,Port Washington,11050,749000,650000,Split Level,4,1.500,"Partial,Partially Finished",1 Car Attached,4,16964.00,CL,3/17/2017,7/15/2017,5/24/2017,8/10/2017,68,Det,1,1,2921769
12,,Abbey,Lane,Plainview,11803,619900,585000,Colonial,5,3.000,"Full,Finished",1 Car Attached,4,16673.00,CL,4/03/2017,12/31/2017,5/08/2017,7/06/2017,35,Det,1,1,2926207
1,,Rosalie,Court,Plainview,11803,639000,615000,Hi Ranch,3,3.000,"None,Unfinished",2 Car Attached,4,12043.49,CL,4/08/2017,10/17/2017,6/02/2017,8/15/2017,55,Det,1,1,2927815
12,,Edgewood Gate,,Plainview,11803,629888,610000,Split Level,4,2.500,"Partial,Finished",1 Car Attached,4,16106.00,CL,4/17/2017,11/01/2017,6/15/2017,8/21/2017,59,Det,1,1,2930105
129,,Bayview,Avenue,Port Washington,11050,628500,641000,Colonial,3,1.500,"Full,Unfinished",1 Car Detached,4,12859.00,CL,4/26/2017,4/24/2018,5/10/2017,7/26/2017,14,Det,1,1,2932706
47,,Firwood,Road,Port Washington,11050,550000,580000,2 Story,5,3.000,"None,Unfinished",,4,11457.02,CL,4/27/2017,12/31/2017,7/17/2017,10/12/2017,81,Det,2,2,2932892
7,,Lesley,Lane,Old Bethpage,11804,589000,587000,Split Level,3,1.500,"Full,Unfinished",1 Car Attached,4,12561.50,CL,4/26/2017,11/30/2017,5/08/2017,8/02/2017,12,Det,1,1,2933129
16,,Laura,Lane,Plainview,11803,619000,595000,Hi Ranch,4,2.500,"None,Unfinished",2 Car Attached,4,18097.00,CL,5/02/2017,10/16/2017,8/01/2017,9/28/2017,91,Det,1,1,2934423
28,,Highfield,Avenue,Port Washington,11050,688000,660000,Ranch,3,3.000,"Partial,Unfinished",1 Car Attached,4,11233.93,CL,5/11/2017,12/31/2017,6/12/2017,8/09/2017,32,Det,1,1,2937416
18,,Neulist,Avenue,Port Washington,11050,649000,630000,Colonial,3,2.000,"Partial,Unfinished",1 Car Detached,4,11396.00,CL,5/12/2017,9/17/2017,9/11/2017,10/31/2017,122,Det,1,1,2937647
95,,Fairview,Avenue,Port Washington,11050,699000,650000,Ranch,2,1.000,"Partial,Unfinished",1 Car Attached,4,15456.60,CL,5/10/2017,11/15/2017,5/19/2017,8/07/2017,9,Det,1,1,2937654
96,,Radcliffe,Road,Plainview,11803,598000,585000,Split Level,3,2.000,"Partial,Unfinished",1 Car Attached,4,17660.00,CL,5/12/2017,8/30/2017,6/07/2017,8/31/2017,26,Det,1,1,2937738
7,,Marilyn,Boulevard,Plainview,11803,599000,582000,Split Level,3,1.500,"Partial,Finished",,4,14540.46,CL,5/22/2017,5/15/2018,6/30/2017,8/24/2017,39,Det,1,1,2940410
63,,Lent,Drive,Plainview,11803,669000,665000,Hi Ranch,4,2.500,"None,Unfinished",2 Car Attached,4,14439.24,CL,5/25/2017,11/30/2017,7/19/2017,10/10/2017,55,Det,1,1,2941641
2663,,Pine,Court,N. Bellmore,11710,729000,660000,Split Level,5,2.500,"Partial,Unfinished",2 Car Attached,4,15501.00,CL,5/26/2017,12/31/2017,7/03/2017,8/15/2017,38,Det,1,1,2941952
17,,Laura,Lane,Plainview,11803,679000,670000,Hi Ranch,3,2.500,"None,Unfinished",2 Car Attached,4,18146.00,CL,6/02/2017,12/01/2017,7/06/2017,8/29/2017,34,Det,1,1,2943587
4,,Evelyn,Road,Plainview,11803,729000,650000,Split Level,3,2.500,"Full,Finished",,4,15376.00,CL,6/05/2017,5/20/2018,7/06/2017,8/24/2017,31,Det,1,1,2944330
2443,,Sycamore,Lane,N. Bellmore,11710,599999,608000,Split Level,4,2.500,"Partial,Finished",1 Car Attached,4,17410.00,CL,6/06/2017,12/31/2017,7/14/2017,10/03/2017,38,Det,1,1,2944752
2519,,Columbus,Avenue,N. Bellmore,11710,699000,670000,Hi Ranch,5,4.000,"Full,Finished",1 Car Attached,4,15127.25,CL,6/09/2017,10/02/2017,7/24/2017,10/03/2017,45,Det,1,1,2945546
18,,Pal,Way,Plainview,11803,599000,575000,Colonial,4,1.500,"Full,Partially Finished",1 Car Attached,4,14752.64,CL,6/26/2017,12/31/2017,8/04/2017,9/18/2017,39,Det,1,1,2950115
6,,Roxbury,Avenue,Plainview,11803,629000,590000,Split Level,3,1.500,"Full,Finished",1 Car Attached,4,12415.78,CL,6/27/2017,2/28/2018,8/08/2017,3/29/2018,42,Det,1,1,2950459
16,,Foxwood,Road,Old Bethpage,11804,629000,615000,Splanch,4,2.500,"Partial,Partially Finished",1 Car Attached,4,14990.86,CL,7/07/2017,10/30/2017,8/15/2017,11/01/2017,39,Det,1,1,2953165
18,,Dover,Lane,Old Bethpage,11804,589000,585000,Split Level,3,3.000,"Partial,Partially Finished",,4,18783.63,CL,7/14/2017,2/01/2018,9/19/2017,12/08/2017,67,Det,1,1,2955182
2290,,Pine,Street,Merrick,11566,589000,590000,Hi Ranch,5,2.000,"None,Unfinished",,4,14879.40,CL,7/18/2017,12/30/2017,9/27/2017,12/08/2017,71,Det,1,2,2956365
100,,Shadyside,Avenue,Port Washington,11050,619000,631000,Ranch,2,1.000,Full,1 Car Attached,4,9285.00,CL,7/22/2017,1/15/2018,8/10/2017,11/03/2017,19,Det,1,1,2957545
11,,Pal,Way,Plainview,11803,608000,597000,Colonial,4,2.500,"Full,Finished",1 Car Attached,4,15086.74,CL,7/27/2017,10/15/2017,9/08/2017,11/17/2017,43,Det,1,1,2958837
15,,Flowerhill,Place,Port Washington,11050,639000,617000,Colonial,4,1.000,"Full,Unfinished",1 Car Detached,4,11728.02,CL,8/16/2017,8/16/2018,5/22/2018,6/27/2018,279,Det,1,1,2963586
15,,Randy,Lane,Plainview,11803,600000,587500,Split Level,3,2.500,"Full,Finished",2 Car Attached,4,16705.00,CL,8/17/2017,2/01/2018,9/07/2017,10/25/2017,21,Det,1,1,2964311
52,,Relda,Street,Plainview,11803,619000,588000,Colonial,3,2.000,"Full,Finished",1 Car Attached,4,11004.77,CL,8/23/2017,12/23/2017,9/21/2017,11/17/2017,29,Det,1,1,2965375
7,,Pine,Drive,Old Bethpage,11804,699900,668000,Hi Ranch,5,2.500,"None,Unfinished",2 Car Attached,4,19395.24,CL,9/05/2017,4/15/2018,1/05/2018,4/20/2018,122,Det,1,1,2968531
25,,Cranford,Road,Plainview,11803,599000,585000,Colonial,3,1.500,"Full,Finished",1 Car Attached,4,14575.78,CL,9/08/2017,4/15/2018,11/29/2017,5/04/2018,82,Det,1,1,2969384
20,,Motor,Lane,Old Bethpage,11804,649900,625000,Hi Ranch,5,2.000,"None,Unfinished",2 Car Attached,4,16754.00,CL,9/16/2017,4/30/2018,12/22/2017,3/01/2018,97,Det,1,1,2971498
2909,,Terra Park,Lane,N. Bellmore,11710,649000,614500,2 Story,6,2.000,"Full,Finished",,4,11157.00,CL,9/30/2017,12/31/2017,12/10/2017,2/09/2018,71,Det,2,2,2975096
1096,,Laux,Place,N. Bellmore,11710,579990,585000,Split Level,4,2.000,"Full,Finished",1 Car Attached,4,12554.48,CL,10/23/2017,5/30/2018,11/06/2017,1/22/2018,14,Det,1,1,2980355
87,,Nassau,Avenue,Plainview,11803,629000,600000,Split Level,3,2.500,"Partial,Partially Finished",2 Car Attached,4,15183.00,CL,10/24/2017,5/01/2018,3/16/2018,7/26/2018,143,Det,1,1,2980677
3,,Vivian,Place,Plainview,11803,550000,618000,Split Level,4,2.500,"Partial,Unfinished",2 Car Attached,4,10376.00,CL,11/01/2017,4/20/2018,11/16/2017,1/05/2018,15,Det,1,1,2982383
5,,Marwood Rd South,,Port Washington,11050,695000,670000,2 Story,4,2.000,"None,Unfinished",,4,11346.26,CL,11/08/2017,5/31/2018,2/26/2018,4/13/2018,110,Det,1,1,2984199
10,,Jo Ann,Drive,Old Bethpage,11804,629000,582500,Ranch,4,2.000,"Full,Partially Finished",2 Car Attached,4,14711.00,CL,11/14/2017,11/01/2018,12/07/2017,2/05/2018,23,Det,1,1,2985605
46,,Acorn,Lane,Plainview,11803,639999,630000,Splanch,4,2.500,Partial,2 Car Attached,4,16199.33,CL,1/03/2018,3/31/2018,1/26/2018,3/21/2018,23,Det,1,1,2994119
5,,Barbara,Lane,Plainview,11803,699998,665000,Split Level,4,2.500,"Full,Finished",1 Car Attached,4,15410.36,CL,1/06/2018,7/15/2018,2/16/2018,5/23/2018,41,Det,1,1,2994697
4,,Monfort,Road,Port Washington,11050,669900,650000,2 Story,3,2.500,Full,,4,16000.00,CL,1/08/2018,4/13/2018,3/22/2018,5/01/2018,72,Det,1,1,2995159
55,,Oak,Drive,Plainview,11803,650000,630000,Hi Ranch,4,2.000,"None,Unfinished",2 Car Attached,4,16983.58,CL,1/16/2018,7/09/2018,2/08/2018,4/18/2018,23,Det,1,1,2996802
28,,Devonshire,Court,Plainview,11803,679900,665000,Split Level,4,2.500,"Partial,Unfinished",2 Car Attached,4,16605.00,CL,1/16/2018,5/16/2018,3/01/2018,4/24/2018,44,Det,1,1,2996854
5,,Myron,Road,Plainview,11803,679888,670000,Split Level,3,2.500,"Partial,Finished",2 Car Attached,4,12783.00,CL,1/22/2018,10/01/2018,2/28/2018,8/15/2018,37,Det,1,1,2998242
42,,Sandy Hollow,Road,Port Washington,11050,739000,660000,Split Level,3,2.500,Full,1 Car Attached,4,20742.00,CL,1/29/2018,1/29/2019,8/02/2018,9/13/2018,184,Att,1,1,3000265
57,,Mitchell,Avenue,Plainview,11803,649000,643000,Split Level,4,2.000,"Partial,Finished",1 Car Attached,4,14204.00,CL,2/06/2018,7/24/2018,3/16/2018,5/04/2018,37,Det,1,1,3002496
22,,Netto,Lane,Plainview,11803,599900,595000,Hi Ranch,5,3.500,"Full,Finished",2 Car Attached,4,17342.33,CL,2/12/2018,8/18/2018,3/08/2018,6/14/2018,24,Det,1,1,3003824
2836,,Fallwood,Court,N. Bellmore,11710,629000,632500,Colonial,4,2.500,"Full,Finished",2 Car Attached,4,15646.00,CL,2/13/2018,8/13/2018,3/05/2018,5/07/2018,20,Det,1,1,3004243
117,,Briarwood,Lane,Plainview,11803,599888,590000,Split Level,4,1.500,"Partial,Finished",1 Car Attached,4,12580.00,CL,2/28/2018,10/01/2018,3/13/2018,7/30/2018,12,Det,1,1,3007897
2822,,Robert,Lane,N. Bellmore,11710,589000,582000,Split Level,3,1.500,"Full,Finished",1 Car Attached,4,13195.00,CL,3/01/2018,9/01/2018,3/28/2018,8/06/2018,26,Det,1,1,3008925
8,,Rockwood,Avenue,Port Washington,11050,659000,580000,Ranch,2,1.000,"Full,Partially Finished",1 Car Detached,4,10110.00,CL,3/03/2018,2/27/2019,11/01/2018,1/15/2019,242,Det,1,1,3009054
26,,Beatrice,Lane,Old Bethpage,11804,689888,649200,Hi Ranch,5,2.500,"None,Unfinished",2 Car Attached,4,20781.00,CL,3/05/2018,10/01/2018,4/07/2018,5/16/2018,32,Det,1,1,3009225
2,,Beth,Lane,Plainview,11803,685000,662000,Split Level,3,2.500,Partial,1 Car Attached,4,10703.74,CL,3/08/2018,7/15/2018,4/24/2018,7/16/2018,46,Det,1,1,3010347
4,,Crestwood,Drive,Plainview,11803,665888,660000,Split Level,3,2.500,"Partial,Finished",2 Car Attached,4,12171.00,CL,3/12/2018,12/31/2018,3/26/2018,5/29/2018,14,Det,1,1,3011221
1916,,Allison,Drive,N. Bellmore,11710,649000,615000,Hi Ranch,4,2.000,"None,Unfinished",2 Car Attached,4,12420.43,CL,3/13/2018,9/13/2018,4/20/2018,6/12/2018,38,Det,1,1,3012018
26,,Hillview,Avenue,Port Washington,11050,638000,600000,Tudor,3,1.000,"Full,Unfinished",1 Car Attached,4,13015.39,CL,3/22/2018,9/22/2018,4/23/2018,5/24/2018,32,Det,1,1,3014036
19,,Pleasant,Avenue,Port Washington,11050,679900,640000,Colonial,3,2.000,"Full,Partially Finished",,4,9283.49,CL,3/28/2018,9/28/2018,7/06/2018,9/14/2018,100,Det,1,1,3015662
10,,Harbor Hills,Drive,Port Washington,11050,599000,630000,Cape,4,2.000,"Full,Partially Finished",,4,13900.00,CL,3/29/2018,9/29/2018,4/30/2018,8/14/2018,32,Det,1,1,3016434
183,W,Main,Parkway,Plainview,11803,660000,640000,Colonial,4,2.000,"Full,Finished",1 Car Attached,4,12377.05,CL,4/06/2018,10/02/2018,7/12/2018,10/24/2018,97,Det,1,1,3018153
21,,Rockwood,Avenue,Port Washington,11050,660000,660000,Cape,3,2.500,"Full,Finished",1 Car Detached,4,11939.69,CL,4/11/2018,4/11/2019,12/31/2018,3/06/2019,264,Det,1,1,3019470
58,,Crest Rd E,,N. Merrick,11566,625000,665000,Colonial,3,2.000,"Full,Finished",1 Car Attached,4,14881.30,CL,4/12/2018,8/01/2018,5/02/2018,8/17/2018,20,Det,1,1,3020005
59,,Shelter Hill,Road,Plainview,11803,698000,655000,Split Level,3,2.000,"Full,Partially Finished",2 Car Attached,4,13128.00,CL,4/17/2018,11/15/2018,5/21/2018,10/29/2018,34,Det,1,1,3021673
52,,Ontario,Avenue,Plainview,11803,645000,617000,Colonial,5,2.000,"Full,Finished",1 Car Attached,4,12901.00,CL,4/21/2018,9/30/2018,8/28/2018,11/19/2018,129,Det,1,1,3022789
2749,,Natta,Boulevard,Bellmore,11710,625000,632000,Exp Cape,4,2.000,"Full,Unfinished",2 Car Attached,4,12709.27,CL,4/23/2018,10/31/2018,5/11/2018,7/19/2018,18,Det,1,1,3022957
98,,Nassau,Avenue,Plainview,11803,629000,670000,Split Level,3,2.500,"Full,Finished",2 Car Attached,4,13949.00,CL,4/23/2018,11/22/2018,5/07/2018,7/06/2018,14,Det,1,1,3023324
895,,Beckman,Drive,N. Bellmore,11710,599000,599000,Split Level,3,2.500,"Partial,Finished",1 Car Attached,4,10440.73,CL,4/27/2018,10/24/2018,5/22/2018,9/04/2018,25,Det,1,1,3024916
1582,,Middle Neck,Road,Port Washington,11050,669000,610000,Ranch,3,2.000,"Full,Finished",1 Car Attached,4,12482.06,CL,3/08/2018,9/17/2018,8/20/2018,10/26/2018,164,Det,1,1,3024938
1836,,Bradley,Court,N. Bellmore,11710,639000,615000,Split Level,3,2.500,"Partial,Partially Finished",2 Car Attached,4,10653.37,CL,4/28/2018,12/31/2018,6/08/2018,7/18/2018,41,Det,1,1,3024990
553,,Old Country,Road,Plainview,11803,699888,650000,Other,3,2.500,"Partial,Partially Finished",,4,22314.00,CL,4/30/2018,4/30/2019,8/09/2018,10/04/2018,101,Det,1,1,3025156
17,,Marilyn,Boulevard,Plainview,11803,599000,595000,Split Level,3,2.500,"Full,Finished",1 Car Attached,4,14529.11,CL,5/02/2018,5/07/2019,6/22/2018,9/25/2018,51,Det,1,1,3026311
1,,Lindsay,Street,Plainview,11803,599888,592000,Split Level,3,2.000,"Partial,Finished",1 Car Attached,4,10382.00,CL,5/03/2018,12/31/2018,6/20/2018,9/27/2018,48,Det,1,1,3026978
17,,Midwood,Drive,Plainview,11803,569000,575000,Split Level,3,2.000,Partial,,4,16095.36,CL,5/05/2018,7/30/2018,6/08/2018,9/06/2018,34,Det,1,1,3027338
8,,Barbara Lynn,Court,Plainview,11803,679000,660000,Hi Ranch,4,3.000,"None,Unfinished",2 Car Attached,4,20274.55,CL,5/08/2018,9/30/2018,5/24/2018,8/08/2018,16,Det,1,1,3028005
2337,,Faye,Court,Merrick,11566,589987,583000,Hi Ranch,4,1.500,"None,Unfinished",2 Car Attached,4,14351.00,CL,5/08/2018,11/02/2018,5/31/2018,10/12/2018,23,Det,1,1,3028424
34,,2nd,Avenue,Port Washington,11050,639000,670000,Colonial,2,1.000,Partial,,4,8607.00,CL,5/10/2018,11/08/2018,6/28/2018,9/07/2018,49,Det,1,1,3029061
22,,Summit,Court,Plainview,11803,599888,599888,Colonial,4,2.500,"Full,Finished",2 Car Attached,4,20325.00,CL,5/14/2018,12/31/2018,5/29/2018,8/01/2018,15,Det,1,1,3029920
74,,Middle Neck,Road,Port Washington,11050,550000,571000,Cape,4,1.000,"None,Unfinished",1 Car Attached,4,16136.00,CL,5/16/2018,11/16/2018,5/30/2018,7/30/2018,14,Det,1,1,3030809
7,,Patton,Place,Plainview,11803,629000,625000,Split Level,3,2.500,"Partial,Finished",,4,16097.00,CL,5/17/2018,12/31/2018,6/13/2018,8/16/2018,27,Det,1,1,3030996
23,,Wayne,Drive,Plainview,11803,639888,625000,Split Level,3,2.000,"Partial,Finished",1 Car Attached,4,16267.00,CL,5/29/2018,12/31/2018,6/28/2018,8/15/2018,30,Det,1,1,3034022
41,,Dunwood,Road,Port Washington,11050,755000,625000,2 Story,4,2.000,"Crawl,Unfinished",,4,12170.00,CL,5/31/2018,11/28/2018,8/15/2018,2/11/2019,76,Det,2,2,3034954
2540,,Sawmill,Road,N. Bellmore,11710,589900,585000,Splanch,4,2.500,"Partial,Unfinished",1 Car Attached,4,12858.00,CL,5/31/2018,12/31/2018,8/21/2018,10/01/2018,82,Det,1,1,3035268
979,,Mark,Drive,N. Bellmore,11710,594900,585000,Split Level,3,2.500,"Full,Finished",,4,15585.00,CL,6/01/2018,12/31/2018,6/15/2018,8/28/2018,14,Det,1,1,3035612
715,,Clemons,Street,Bellmore,11710,668000,665000,Colonial,4,3.000,"Full,Finished",1 Car Detached,4,9019.00,CL,6/04/2018,10/01/2018,8/17/2018,11/02/2018,74,Det,1,1,3036532
2,,Cornwall,Lane,Port Washington,11050,675000,650000,Other,3,3.000,"Partial,Finished",,4,14082.00,CL,6/08/2018,6/05/2019,3/01/2019,7/17/2019,266,Det,2,2,3037901
14,,Pine,Drive,Old Bethpage,11804,599888,580000,Ranch,3,2.000,"Full,Finished",1 Car Attached,4,12157.00,CL,6/09/2018,12/31/2018,7/18/2018,11/15/2018,39,Det,1,1,3038100
27,,Laura,Lane,Plainview,11803,598820,585000,Split Level,3,2.500,"Partial,Finished",1 Car Attached,4,12332.00,CL,6/11/2018,12/31/2018,8/23/2018,10/19/2018,73,Det,1,1,3038275
81,,Victor,Street,Plainview,11803,600000,600000,Ranch,3,2.000,"Full,Finished",,4,11498.47,CL,6/12/2018,12/29/2018,6/29/2018,9/20/2018,17,Det,1,1,3038673
2773,,Carley,Court,N. Bellmore,11710,569500,580000,Hi Ranch,4,3.000,"None,Unfinished",2 Car Attached,4,10216.55,CL,6/20/2018,12/20/2018,8/17/2018,10/09/2018,58,Det,1,1,3041536
71,,Victor,Street,Plainview,11803,609000,609000,Exp Cape,4,2.000,"Full,Finished",1 Car Attached,4,10213.36,CL,6/21/2018,12/01/2018,7/24/2018,10/12/2018,33,Det,1,1,3041591
2081,,Briggs,Street,Bellmore,11710,636111,660000,Hi Ranch,5,3.000,"Full,Finished",,4,9863.00,CL,7/05/2018,11/02/2018,7/30/2018,10/04/2018,91,Det,1,1,3045519
961,,Old Britton,Road,N. Bellmore,11710,619000,619000,Split Level,3,2.500,"Partial,Unfinished",2 Car Attached,4,11177.32,CL,7/06/2018,1/31/2019,8/09/2018,12/27/2018,34,Det,1,1,3045803
1116,,Melissa,Lane,N. Bellmore,11710,649999,635000,Split Level,4,2.500,"Partial,Finished",1 Car Attached,4,9104.59,CL,7/09/2018,7/10/2019,7/18/2018,8/22/2018,9,Det,1,1,3046608
997,,Huckleberry,Road,N. Bellmore,11710,639999,635000,Colonial,5,3.000,"Full,Finished",,4,14748.33,CL,4/02/2018,12/14/2018,9/04/2018,11/16/2018,155,Det,1,1,3047430
72,,Stephen,Drive,Plainview,11803,649888,615000,Split Level,4,2.000,"Partial,Finished",1 Car Attached,4,14170.00,CL,7/16/2018,12/31/2018,10/04/2018,11/30/2018,80,Det,1,1,3048617
3,,Phipps,Lane,Plainview,11803,639000,641000,Split Level,3,2.000,"Full,Finished",1 Car Attached,4,13798.17,CL,7/22/2018,1/19/2019,8/31/2018,11/08/2018,40,Det,1,1,3050566
12,,Julliard,Drive,Plainview,11803,608000,587000,Split Level,3,2.000,"Full,Finished",1 Car Attached,4,13392.40,CL,7/26/2018,1/30/2019,8/09/2018,10/05/2018,14,Det,1,1,3051862
33,,Newcastle,Avenue,Plainview,11803,599000,590000,Split Level,3,1.500,Partial,1 Car Attached,4,16705.00,CL,7/26/2018,10/26/2018,9/20/2018,10/19/2018,56,Det,1,1,3052044
16,,Linda,Lane,Plainview,11803,599000,599000,Split Level,3,2.500,"Partial,Finished",2 Car Attached,4,14592.00,CL,7/27/2018,2/28/2019,8/24/2018,10/24/2018,28,Det,1,1,3052085
25,,Theodore,Drive,Plainview,11803,665888,650000,Split Level,3,2.500,"Partial,Unfinished",2 Car Attached,4,20122.00,CL,8/06/2018,12/31/2018,10/06/2018,1/07/2019,61,Det,1,1,3054594
90,,Bar Beach,Road,Port Washington,11050,649000,600000,Colonial,3,1.500,"Full,Unfinished",,4,15855.79,CL,8/10/2018,8/06/2019,8/24/2018,11/08/2018,14,Det,1,1,3055985
112,,Jefferson Avenue,,N. Bellmore,11710,549000,610000,Colonial,4,2.500,"Partial,Finished",2 Car Attached,4,22002.41,CL,8/16/2018,8/15/2019,10/18/2018,11/09/2018,63,Det,1,1,3057807
21,,Juniper,Road,Port Washington,11050,689000,650000,Ranch,3,2.000,"Full,Finished",2 Car Attached,4,13149.00,CL,9/13/2018,9/11/2019,10/05/2018,12/06/2018,22,Det,2,2,3064929
35,S,Oaks,Boulevard,Plainview,11803,675000,589000,Split Level,4,3.000,"None,Unfinished",,4,13931.00,CL,9/14/2018,9/19/2019,11/14/2018,1/14/2019,61,Det,1,1,3065018
22,,Guild,Court,Plainview,11803,589900,585000,Colonial,4,2.500,"Partial,Finished",1 Car Attached,4,9764.80,CL,9/19/2018,1/15/2019,10/11/2018,12/21/2018,22,Det,1,1,3066504
30,,Edi,Court,Plainview,11803,589000,577500,Ranch,3,2.000,"Full,Finished",,4,11266.48,CL,9/20/2018,10/31/2018,11/01/2018,3/29/2019,42,Det,1,1,3066672
91,S,Lincoln,Road,Plainview,11803,679888,670000,Split Level,4,2.000,"Partial,Finished",1 Car Attached,4,15066.00,CL,9/24/2018,4/01/2019,10/17/2018,12/20/2018,23,Det,1,1,3067757
10,,Holly,Lane,Plainview,11803,679000,669000,Split Level,3,2.500,"Partial,Finished",1 Car Attached,4,10027.36,CL,9/25/2018,9/30/2019,10/12/2018,1/03/2019,17,Det,1,1,3068011
15,,Stauber,Drive,Plainview,11803,659000,659000,Split Level,3,2.500,"Full,Finished",2 Car Attached,4,15658.24,CL,9/25/2018,3/31/2019,10/26/2018,12/31/2018,31,Det,1,1,3068035
928,,Wenwood,Drive,N. Bellmore,11710,599999,580000,Split Level,4,2.500,"Full,Finished",,4,10212.00,CL,9/28/2018,3/31/2019,11/02/2018,12/21/2018,35,Det,1,1,3069059
25,,Harold,Road,Plainview,11803,649000,655000,Ranch,3,2.000,"Full,Finished",1 Car Attached,4,11209.00,CL,10/13/2018,4/07/2019,10/26/2018,1/03/2019,13,Det,1,1,3073207
21,,Hope,Drive,Plainview,11803,649000,622000,Colonial,4,2.500,"Full,Finished",1 Car Attached,4,15605.35,CL,10/25/2018,11/30/2018,11/15/2018,1/04/2019,21,Det,1,1,3076333
157,,Orchard,Street,Plainview,11803,649000,625000,Split Level,3,2.500,Partial,1 Car Attached,4,14900.00,CL,10/31/2018,3/31/2019,2/25/2019,4/19/2019,117,Det,1,1,3077637
15,,Karen,Avenue,Plainview,11803,699888,635000,Colonial,5,2.500,"Partial,Finished",1 Car Attached,4,25575.00,CL,11/05/2018,6/01/2019,3/29/2019,6/26/2019,143,Det,1,1,3078677
20,,Nautilus,Avenue,Plainview,11803,680000,668000,Split Level,3,2.000,"Partial,Finished",,4,16033.00,CL,11/05/2018,8/15/2019,1/08/2019,3/15/2019,64,Det,1,1,3078935
14,,Nautilus,Avenue,Plainview,11803,649888,640000,Split Level,3,2.000,"Full,Finished",1 Car Attached,4,12435.38,CL,11/06/2018,2/06/2019,12/07/2018,3/04/2019,31,Det,1,1,3079177
60,N,Marwood,Road,Port Washington,11050,615000,590000,Duplex,6,4.000,"Full,Unfinished",,4,19315.38,CL,11/07/2018,8/31/2019,7/03/2019,7/30/2019,237,Det,2,2,3080200
97,,Fairview,Avenue,Port Washington,11050,649000,600000,Colonial,2,1.000,"Full,Unfinished",2 Car Detached,4,12838.00,CL,11/14/2018,11/12/2019,12/11/2018,2/05/2019,27,Det,1,1,3081251
8,,Sunrise,Street,Plainview,11803,659888,609000,Colonial,6,2.000,"None,Unfinished",,4,15208.00,CL,1/14/2019,7/14/2019,6/06/2019,8/19/2019,142,Det,1,1,3092853
26,,Richard,Court,Plainview,11803,649888,615000,Hi Ranch,4,2.000,"None,Unfinished",1 Car Attached,4,12393.00,CL,1/21/2019,8/01/2019,2/27/2019,5/17/2019,37,Det,1,1,3094735
135,,Manor,Street,Plainview,11803,649000,615000,Split Level,3,2.000,Partial,2 Car Attached,4,13756.09,CL,1/24/2019,5/31/2019,4/08/2019,6/12/2019,73,Det,1,1,3095677
2660,,Sacco,Place,N. Bellmore,11710,619000,615000,Exp Ranch,6,3.000,"Full,Finished",1 Car Attached,4,13661.70,CL,8/30/2018,5/01/2019,3/15/2019,4/30/2019,197,Det,1,1,3096873
12,,Devonshire,Court,Plainview,11803,649888,630000,Split Level,3,2.500,"Partial,Finished",1 Car Attached,4,21796.00,CL,2/01/2019,9/04/2019,5/13/2019,7/24/2019,100,Det,1,1,3097750
27,S,Oaks,Boulevard,Plainview,11803,629000,630000,Split Level,4,3.000,"None,Unfinished",2 Car Attached,4,24190.73,CL,2/25/2019,2/25/2020,6/26/2019,8/06/2019,120,Det,1,1,3103805
29,,Wensley,Road,Plainview,11803,649888,655000,Exp Ranch,4,2.000,"Full,Finished",1 Car Attached,4,12608.26,CL,3/01/2019,6/01/2019,3/18/2019,7/19/2019,16,Det,1,1,3105040
69,,Bayview,Avenue,Port Washington,11050,629000,619000,Colonial,4,1.500,Full,1 Car Detached,4,15255.00,CL,3/01/2019,9/01/2019,7/03/2019,9/13/2019,123,Det,1,1,3105251
22,,Oak,Drive,Plainview,11803,639000,621000,Split Level,3,1.500,"Partial,Unfinished",1 Car Attached,4,10187.06,CL,3/01/2019,5/31/2019,3/25/2019,11/25/2019,23,Det,1,1,3105280
2461,,Marshall,Avenue,N. Bellmore,11710,550000,575000,Colonial,5,2.000,"None,Unfinished",1 Car Attached,4,12611.00,CL,3/07/2019,9/02/2019,3/13/2019,7/08/2019,5,Det,1,1,3107020
2253,,Laura,Court,Merrick,11566,689000,640000,Hi Ranch,4,3.000,"None,Unfinished",1 Car Attached,4,19491.00,CL,3/08/2019,10/01/2019,4/01/2019,6/26/2019,23,Det,1,1,3107245
3,,Barbara,Lane,Plainview,11803,679000,670000,Split Level,3,2.000,"Full,Finished",,4,12930.64,CL,3/08/2019,9/30/2019,3/29/2019,7/01/2019,20,Det,1,1,3107263
2430,,Cliff,Lane,N. Bellmore,11710,615000,600000,Split Level,4,1.500,"Partial,Partially Finished",,4,15826.00,CL,3/12/2019,8/18/2019,6/20/2019,9/24/2019,100,Det,1,1,3108223
21,,Manhasset,Avenue,Port Washington,11050,599000,595000,Ranch,3,2.000,Full,,4,9931.00,CL,3/13/2019,10/31/2019,4/10/2019,7/15/2019,28,Det,1,1,3108825
12,,Warren,Place,Plainview,11803,699000,645000,Split Level,4,2.500,"Partial,Finished",,4,19118.00,CL,3/18/2019,9/17/2019,5/15/2019,7/23/2019,58,Det,1,1,3110012
1722,,Roberta,Lane,Merrick,11566,639900,639000,Hi Ranch,3,3.000,"Full,Finished",,4,12718.00,CL,3/18/2019,12/31/2019,4/03/2019,6/06/2019,16,Det,1,1,3110359
106,,Tulip,Place,Bellmore,11710,599000,610000,Colonial,3,2.000,"Full,Finished",1 Car Detached,4,14298.33,CL,3/28/2019,6/28/2019,5/20/2019,8/15/2019,53,Det,1,1,3113411
24,,Hollywood,Drive,Plainview,11803,599000,580000,Split Level,3,2.500,"Full,Finished",2 Car Attached,4,12984.89,CL,3/28/2019,10/01/2019,7/26/2019,10/21/2019,120,Det,1,1,3113445
2237,,Benefit,Street,Merrick,11566,649999,630000,Exp Cape,7,3.000,"Full,Partially Finished",1 Car Attached,4,15993.12,CL,4/04/2019,10/04/2019,6/20/2019,8/01/2019,77,Det,1,1,3116166
3,,Corchaug,Avenue,Port Washington,11050,675000,650000,Cape,4,2.000,"None,Unfinished",1 Car Detached,4,12014.00,CL,4/15/2019,10/15/2019,11/15/2019,1/21/2020,214,Det,1,1,3119983
57,,Crest,Road,N. Merrick,11566,599999,600000,Colonial,3,1.500,"Full,Partially Finished",1 Car Attached,4,12902.55,CL,4/25/2019,6/25/2019,5/24/2019,8/30/2019,29,Det,1,1,3122286
2758,,Natta,Boulevard,Bellmore,11710,639000,660000,Colonial,3,2.500,"Full,Unfinished",1 Car Detached,4,10321.86,CL,4/25/2019,10/25/2019,5/14/2019,10/30/2019,19,Det,1,1,3122555
48,,Simpson,Drive,Old Bethpage,11804,649000,612000,Split Level,3,2.500,"Partial,Finished",,4,14045.00,CL,4/29/2019,12/31/2019,7/02/2019,8/22/2019,64,Det,1,1,3123265
16,,Crest,Road,Merrick,11566,589000,600000,Colonial,3,1.500,"Full,Finished",,4,8700.50,CL,5/08/2019,10/31/2019,6/07/2019,8/27/2019,30,Det,1,1,3126832
10,S,Linwood,Road,Port Washington,11050,670000,650000,2 Story,4,2.000,"Full,Finished",1 Car Attached,4,12265.00,CL,5/09/2019,2/06/2020,8/13/2019,11/12/2019,96,Det,2,2,3127107
51,,Richfield,Street,Plainview,11803,599000,600000,Hi Ranch,5,2.000,"None,Unfinished",Private Parking,4,15872.00,CL,5/16/2019,4/19/2020,11/08/2019,2/12/2020,176,Det,1,2,3129295
18,,Margaret,Drive,Plainview,11803,649000,630000,Split Level,3,2.000,Partial,1 Car Attached,4,11342.00,CL,5/20/2019,12/31/2019,10/31/2019,1/30/2020,164,Det,1,1,3130259
48,,Stratford,Road,Plainview,11803,699000,661500,Split Level,3,2.500,"Full,Finished",1 Car Attached,4,15155.02,CL,5/22/2019,11/16/2019,6/25/2019,8/15/2019,34,Det,1,1,3131194
5,,Chestnut,Drive,Plainview,11803,698000,612000,Splanch,4,2.500,Partial,2 Car Attached,4,15933.00,CL,5/23/2019,5/22/2020,9/03/2019,9/26/2019,103,Det,1,1,3131717
2,,Palo Alto,Drive,Plainview,11803,629000,620000,Split Level,4,3.000,"Full,Finished",2 Car Attached,4,14939.00,CL,5/30/2019,12/31/2019,9/01/2019,10/29/2019,94,Det,1,1,3133496
81,,Westbury,Avenue,Plainview,11803,678000,668000,Colonial,3,3.000,"Full,Finished",1 Car Attached,4,12375.12,CL,6/06/2019,11/29/2019,6/21/2019,8/16/2019,15,Det,1,1,3135845
4,,Helen,Avenue,Plainview,11803,619999,595000,Exp Ranch,3,2.000,"Full,Finished",,4,14491.46,CL,6/19/2019,12/08/2019,7/15/2019,10/03/2019,26,Det,1,1,3140079
868,,Beckman,Drive,N. Bellmore,11710,625000,625000,Colonial,4,3.000,"Full,Unfinished",2 Car Attached,4,9297.79,CL,6/27/2019,6/19/2020,9/19/2019,11/27/2019,84,Det,1,2,3142428
1,,Vera,Avenue,Plainview,11803,599999,590000,Ranch,3,2.000,"Full,Finished",1 Car Attached,4,11639.80,CL,7/05/2019,12/30/2019,7/23/2019,9/25/2019,18,Det,1,1,3144408
116,,Middle Neck,Road,Port Washington,11050,619000,650000,Cape,3,2.000,Full,1 Car Attached,4,14525.00,CL,7/05/2019,1/01/2020,7/30/2019,10/17/2019,25,Det,1,1,3144494
38,,Michael,Drive,Old Bethpage,11804,675000,650000,Split Level,3,3.000,"Full,Finished",1 Car Attached,4,12398.76,CL,7/05/2019,1/04/2020,11/12/2019,1/15/2020,130,Att,1,1,3144521
29,E,Park,Drive,Old Bethpage,11804,669999,640000,Split Level,4,3.000,"Full,Finished",1 Car Attached,4,18404.84,CL,7/07/2019,11/15/2019,10/17/2019,12/13/2019,102,Det,1,1,3144775
14,,Richard,Court,Plainview,11803,680000,655000,Hi Ranch,4,2.000,"None,Unfinished",2 Car Attached,4,16000.00,CL,7/10/2019,12/10/2019,12/18/2019,12/18/2019,161,Det,1,1,3146362
212,,Camp,Avenue,Merrick,11566,679999,660000,Colonial,3,2.500,"Full,Partially Finished",1 Car Attached,4,14018.00,CL,7/26/2019,1/15/2020,9/27/2019,12/20/2019,63,Det,1,1,3150645
2615,,Grant,Boulevard,N. Bellmore,11710,619000,600000,Colonial,4,2.500,"Full,Partially Finished",1 Car Attached,4,15313.48,CL,8/09/2019,2/01/2020,9/07/2019,12/20/2019,29,Det,1,1,3154716
15,,Belair,Drive,Old Bethpage,11804,649888,630000,Hi Ranch,4,2.500,"None,Unfinished",1 Car Attached,4,14837.00,CL,8/12/2019,1/01/2020,9/04/2019,1/29/2020,23,Det,1,1,3155281
82,,Country,Drive,Plainview,11803,620000,572000,Split Level,3,2.500,"Full,Finished",2 Car Attached,4,14634.72,CL,8/23/2019,10/31/2019,9/11/2019,11/18/2019,19,Det,1,1,3158532
219,,Floral,Avenue,Plainview,11803,599000,580000,Split Level,3,3.000,"Crawl,Unfinished",1 Car Attached,4,10714.00,CL,9/03/2019,3/01/2020,12/13/2019,2/05/2020,101,Det,1,1,3160728
10,,Rose,Street,Plainview,11803,619000,615000,Colonial,3,2.500,Full,1 Car Attached,4,10466.05,CL,9/09/2019,3/08/2020,9/20/2019,10/17/2019,11,Det,1,1,3162629
2261,,Brook,Avenue,Merrick,11566,625000,650000,Ranch,3,2.000,Full,3 Car Attached,4,11741.16,CL,10/17/2019,12/31/2019,11/08/2019,1/23/2020,22,Det,1,1,3173445
56,,Marwood,Road,Port Washington,11050,685000,630000,Other,5,3.000,"Full,Finished",,4,15148.00,CL,11/04/2019,10/31/2020,12/19/2019,2/07/2020,45,Det,2,2,3177950
2542,,Eileen,Court,N. Bellmore,11710,599000,599000,Split Level,3,2.000,"Partial,Unfinished",1 Car Attached,4,12832.87,CL,12/18/2019,6/30/2020,1/14/2020,2/27/2020,27,Det,1,1,3186829
59,,Shadyside,Avenue,Port Washington,11050,650000,650000,Ranch,3,1.000,"Full,Finished",,4,7373.00,CL,1/02/2020,3/02/2020,1/10/2020,2/28/2020,8,Det,1,1,3188379