St #,Dr,Street Name,Sfx,Town,Zip,ListPrice,SoldPrice,,Br,Bath,,,SD,Tot Tax,LSC,ListDate,ExpDate,ContDate,TitleDate,DOM,Det,#F,K,ML#
3044,,Xavier,Place,Oceanside,11572,579000,570000,Exp Cape,4,2.000,Full,1 Car Attached,11,12813.61,CL,4/05/2018,4/05/2019,6/01/2018,7/23/2018,57,Det,1,1,3017838
3035,,Waverly,Avenue,Oceanside,11572,599000,590000,Hi Ranch,5,3.000,"None,Unfinished",2 Car Attached,11,10754.49,CL,2/15/2018,11/15/2018,3/30/2018,6/01/2018,42,Det,1,1,3004740
126,,Vernon,Avenue,Rockville Centre,11570,600000,585000,Colonial,4,2.500,"Full,Partially Finished",,11,12198.05,CL,8/12/2016,12/28/2017,11/16/2017,12/28/2017,461,Det,1,1,2876037
53,,Perkins,Avenue,Oceanside,11572,545000,546000,Colonial,3,3.000,"Full,Finished",,11,14585.72,CL,7/18/2018,1/16/2019,8/31/2018,10/05/2018,44,Det,1,1,3049609
2568,,Parkview,Place,Baldwin,11510,489000,499000,Colonial,3,1.000,"Full,Unfinished",2 Car Detached,11,12113.00,CL,5/18/2018,5/19/2019,6/01/2018,9/04/2018,14,Det,1,1,3031483
2375,,Loft,Avenue,Baldwin,11510,519000,519000,Hi Ranch,4,2.000,"Full,Finished",1 Car Attached,11,10982.00,CL,10/07/2019,4/07/2020,12/19/2019,2/19/2020,73,Det,1,1,3170627
613,,Chelsea,Road,Oceanside,11572,519000,515000,Exp Ranch,5,2.000,"None,Unfinished",,11,9693.62,CL,8/23/2017,2/23/2018,9/26/2017,11/28/2017,34,Det,1,1,2965455
2985,,Gerard,Court,Oceanside,11572,539000,500000,Colonial,4,2.000,Full,1 Car Detached,11,12160.00,CL,6/15/2017,9/14/2017,7/17/2017,11/30/2017,32,Det,1,1,2947217
189,,Bennett,Street,Oceanside,11572,524900,540000,Splanch,4,2.500,"Partial,Unfinished",1 Car Attached,11,16509.00,CL,7/11/2018,1/10/2019,7/30/2018,9/12/2018,19,Det,1,1,3047502
2731,,Fortesque,Avenue,Oceanside,11572,549900,535000,Exp Cape,3,2.500,"Full,Unfinished",,11,14768.00,CL,10/10/2018,4/12/2019,12/20/2018,2/22/2019,71,Det,1,1,3072383
3097,,Trinity,Street,Oceanside,11572,569000,555000,Split Level,4,2.000,"Partial,Partially Finished",2 Car Attached,11,11375.00,CL,4/08/2019,8/01/2019,5/23/2019,7/31/2019,45,Det,1,1,3117274
2,,Suffolk,Court,Oceanside,11572,539000,517500,Colonial,4,2.000,"Full,Finished",Detached,11,11595.00,CL,7/15/2019,10/15/2019,10/08/2019,1/16/2020,85,Det,1,1,3147480
298,,Glen Cove,Road,Carle Place,11514,525000,490000,Ranch,3,2.000,"Full,Finished",1 Car Detached,11,9809.71,CL,7/25/2019,1/24/2020,1/17/2020,3/13/2020,176,Det,1,1,3150423
3801,,Carrel,Boulevard,Oceanside,11572,589000,600000,Hi Ranch,4,2.500,"Full,Finished",2 Car Attached,11,11497.08,CL,5/15/2019,11/15/2019,6/08/2019,7/30/2019,24,Det,1,1,3129616
3050,,Brower,Avenue,Oceanside,11572,499000,485000,Hi Ranch,4,2.500,"None,Unfinished",2 Car Attached,11,11541.33,CL,8/22/2018,2/28/2019,11/19/2018,1/11/2019,89,Det,1,1,3059316
367,,Mildred,Street,Oceanside,11572,499000,536000,Exp Cape,4,2.000,"Full,Partially Finished",,11,9532.58,CL,3/06/2019,9/30/2019,3/25/2019,6/14/2019,18,Det,1,1,3106881
3125,,Roxbury,Road,Oceanside,11572,499000,482500,Colonial,3,1.500,"None,Unfinished",1 Car Attached,11,12687.78,CL,12/11/2018,6/30/2019,2/12/2019,4/09/2019,63,Det,1,1,3086821
70,W,Waukena,Avenue,Oceanside,11572,575000,600000,Split Level,3,3.000,"None,Unfinished",1 Car Attached,11,10836.87,CL,7/19/2019,1/19/2020,8/07/2019,11/06/2019,19,Det,1,1,3148772
172,,Byrd,Street,Oceanside,11572,539000,525000,Colonial,4,2.000,"Crawl,Unfinished",,11,11786.92,CL,1/24/2019,7/31/2019,2/18/2019,5/08/2019,25,Det,1,1,3095635
2790,,Roswell,Avenue,Oceanside,11572,615000,585000,Hi Ranch,4,2.000,"Crawl,Unfinished",1 Car Attached,11,14646.31,CL,5/05/2018,10/31/2018,8/09/2018,10/04/2018,96,Det,1,1,3027319
77,,Henrietta,Avenue,Oceanside,11572,549000,535000,Split Level,4,2.500,"Crawl,Unfinished",,11,12418.19,CL,3/30/2017,9/30/2017,5/05/2017,7/27/2017,36,Det,1,1,2925185
3420,,2nd,Street,Oceanside,11572,519000,505000,Cape,4,2.000,"Crawl,Unfinished",1 Car Attached,11,11600.79,CL,7/26/2017,1/31/2018,10/27/2017,12/04/2017,93,Det,1,1,2958432
3385,,Frederick,Street,Oceanside,11572,529000,529000,Hi Ranch,4,3.000,"None,Unfinished",1 Car Attached,11,12547.24,CL,5/16/2017,11/16/2017,7/12/2017,8/17/2017,57,Det,1,1,2939216
98,,Harris,Drive,Oceanside,11572,565000,550000,Hi Ranch,3,3.000,"None,Unfinished",1 Car Attached,11,10284.21,CL,4/06/2018,10/06/2018,7/02/2018,8/14/2018,87,Det,1,1,3018283
21,,Harris Dr,,Oceanside,11572,549000,530000,Hi Ranch,5,2.000,"None,Unfinished",,11,8587.86,CL,8/22/2018,2/28/2019,9/20/2018,12/14/2018,29,Det,1,2,3059092
3179,,Roxbury,Road,Oceanside,11572,525000,525000,Colonial,4,2.000,"None,Unfinished",1 Car Attached,11,14025.00,CL,6/08/2018,1/31/2019,9/13/2018,11/13/2018,97,Det,1,1,3052514
3745,E,Oceanside,Road,Oceanside,11572,599000,599000,Hi Ranch,3,3.000,"None,Unfinished",2 Car Attached,11,13092.16,CL,2/02/2017,12/31/2017,4/13/2017,6/27/2017,69,Det,1,1,2911062
2994,,Alvin,Court,Oceanside,11572,539000,535000,Colonial,4,2.000,"Full,Finished",1 Car Detached,11,9500.37,CL,3/20/2019,9/30/2019,6/24/2019,8/14/2019,96,Det,1,1,3110793
3415,,Frederick,Street,Oceanside,11572,559000,545000,Colonial,3,2.500,"Full,Partially Finished",1 Car Attached,11,12059.07,CL,2/03/2017,9/30/2017,3/01/2017,6/08/2017,26,Det,1,1,2911523
3420,,2nd,Street,Oceanside,11572,575000,575000,Exp Cape,4,2.000,"Crawl,Unfinished",1 Car Attached,11,13026.82,CL,8/01/2019,2/29/2020,8/29/2019,12/04/2019,28,Det,1,1,3152674
3334,,Poplar,Street,Oceanside,11572,539000,525000,Split Level,4,3.000,"None,Unfinished",1 Car Attached,11,12844.77,CL,8/01/2016,1/31/2017,1/06/2017,5/30/2017,158,Det,1,1,2873253
3929,,Greentree,Drive,Oceanside,11572,599000,515000,Splanch,4,2.500,"Full,Finished",2 Car Attached,11,16470.19,CL,3/17/2018,9/17/2018,9/14/2018,11/15/2018,181,Det,1,1,3012921
242,W,Links,Drive,Oceanside,11572,565000,548000,Hi Ranch,5,3.000,"None,Unfinished",1 Car Attached,11,15198.00,CL,9/18/2016,3/31/2017,1/12/2017,3/24/2017,116,Det,1,1,2884813
2918,,Moreland,Avenue,Oceanside,11572,539000,545000,Hi Ranch,3,2.000,"None,Unfinished",2 Car Attached,11,13110.75,CL,9/08/2017,3/30/2018,10/19/2017,1/22/2018,41,Det,1,1,2969370
3462,,Margie,Street,Oceanside,11572,495000,482500,Hi Ranch,4,2.000,"None,Unfinished",Attached,11,13608.37,CL,11/02/2017,5/02/2018,1/26/2018,3/27/2018,85,Det,1,2,2983270
3289,,Judith,Lane,Oceanside,11572,549000,500000,Split Level,6,2.500,"Full,Finished",2 Car Attached,11,12578.00,CL,9/10/2019,3/10/2020,11/08/2019,1/13/2020,59,Det,1,1,3163087
266,,Jerome,Avenue,Carle Place,11514,549000,500000,Cape,4,2.000,"None,Unfinished",1 Car Attached,11,10905.00,CL,4/04/2019,10/04/2019,5/31/2019,7/16/2019,57,Att,1,1,3115957
290,,Curtis,Avenue,Carle Place,11514,599888,565000,Colonial,4,2.000,"None,Unfinished",,11,15786.92,CL,1/29/2019,7/30/2019,5/21/2019,7/29/2019,111,Det,1,1,3096996
132,,Carle,Road,Westbury,11590,599000,570000,Colonial,5,2.000,"Full,Partially Finished",1 Car Detached,11,11821.29,CL,9/17/2018,12/31/2018,11/11/2018,1/29/2019,55,Det,1,1,3066192
230,,Mineola,Avenue,Carle Place,11514,549000,528000,Colonial,3,2.000,"Full,Unfinished",,11,10110.65,CL,3/01/2018,9/01/2018,4/06/2018,7/06/2018,35,Det,1,1,*1308163
28,,Broadmoor,Lane,Westbury,11590,529000,524000,Colonial,4,3.500,"Full,Partially Finished",,11,14781.00,CL,5/17/2018,9/30/2018,7/06/2018,8/24/2018,50,Det,1,1,3031312
25,,Lexington,Street,Westbury,11590,675000,600000,Colonial,3,1.500,"Full,Partially Finished",1 Car Attached,11,8961.34,CL,9/29/2018,2/28/2019,1/13/2019,3/14/2019,106,Det,1,1,3070850
18,,Owen,Street,Westbury,11590,528000,505000,Cape,4,2.000,"Full,Finished",1 Car Detached,11,12489.91,CL,5/31/2018,9/30/2018,7/23/2018,9/04/2018,53,Det,1,1,3035058
13,,Cherry,Lane,Carle Place,11514,525000,490000,Exp Cape,4,2.500,"Full,Finished",2 Car Detached,11,13163.19,CL,11/19/2019,4/01/2020,2/06/2020,3/20/2020,79,Det,1,1,3181507
12,,11th,Street,Carle Place,11514,549990,532000,Exp Cape,4,2.000,"None,Unfinished",1 Car Attached,11,8114.97,CL,7/02/2018,12/02/2018,8/10/2018,11/19/2018,39,Det,1,1,*1326214
14,,Cherry,Lane,Carle Place,11514,549000,510000,Colonial,6,3.000,"Full,Unfinished",1 Car Detached,11,8803.42,CL,1/13/2019,5/31/2019,2/25/2019,5/06/2019,43,Det,1,1,*1334805
248,,Silverlake,Boulevard,Carle Place,11514,525000,515000,Exp Ranch,2,1.000,"Full,Unfinished",2 Car Attached,11,11244.14,CL,6/04/2019,9/30/2019,7/02/2019,9/04/2019,28,Det,1,1,*1349005
431,,Mineola,Avenue,Carle Place,11514,525000,517000,Exp Cape,3,1.000,"Full,Unfinished",,11,9043.27,CL,10/23/2019,4/30/2020,12/18/2019,1/28/2020,56,Det,1,1,*1360775
18,,Morningside,Drive,Westbury,11590,549000,525000,Exp Cape,4,2.000,"Full,Unfinished",1 Car Detached,11,9929.85,CL,9/03/2019,4/30/2020,10/15/2019,12/13/2019,42,Det,1,1,*1361578
236,,Stonehinge,Lane,Carle Place,11514,599000,500000,Exp Ranch,3,1.000,"Full,Finished",,11,13822.10,CL,2/07/2018,6/30/2018,4/06/2018,5/17/2018,57,Det,1,1,3002757
33,,Cherry,Lane,Carle Place,11514,525000,482000,Exp Cape,4,2.000,Full,1 Car Detached,11,7136.95,CL,10/16/2018,4/30/2019,11/16/2018,5/06/2019,31,Det,1,1,3073901
41,,Whitney,Street,Westbury,11590,599000,600000,Exp Cape,4,2.000,"Full,Unfinished",1 Car Attached,11,9062.41,CL,4/11/2019,9/30/2019,5/03/2019,7/31/2019,22,Det,1,1,3118311
318,,Wright,Avenue,Carle Place,11514,525000,515000,Estate,4,2.000,"None,Unfinished",1 Car Detached,11,9677.64,CL,5/03/2017,9/11/2017,5/25/2017,8/14/2017,22,Det,1,1,2934740
393,,Perkins,Avenue,Oceanside,11572,525000,513000,Raised Ranch,4,2.000,"Crawl,Unfinished",,11,11890.00,CL,4/21/2018,10/21/2018,5/22/2018,7/11/2018,31,Det,1,1,3022804
3400,,Frederick,Street,Oceanside,11572,499000,499550,Exp Cape,4,2.000,"None,Unfinished",,11,10625.00,CL,4/21/2018,10/21/2018,8/13/2018,10/15/2018,114,Det,1,1,3022799
248,,Cherry,Lane,Carle Place,11514,588000,545000,Colonial,5,2.000,"Full,Unfinished",2 Car Detached,11,10877.25,CL,2/06/2018,9/15/2018,4/03/2018,8/24/2018,55,Det,1,1,3002230
350,W,Cortland,Avenue,Oceanside,11572,510000,510000,Ranch,4,2.000,"Full,Partially Finished",1 Car Attached,11,8904.95,CL,4/24/2017,10/24/2017,5/11/2017,7/28/2017,17,Det,1,1,2931847
29,,Woodland,Avenue,Rockville Centre,11570,599000,575000,Colonial,3,2.000,"Full,Partially Finished",2 Car Detached,11,16603.49,CL,9/06/2017,9/10/2018,6/30/2018,11/07/2018,297,Det,1,1,2968522
3244,,Brower,Avenue,Oceanside,11572,565000,565000,Victorian,2,2.000,"Full,Finished",1 Car Detached,11,8940.74,CL,11/03/2019,4/30/2020,12/10/2019,2/09/2020,37,Det,2,2,3177685
60,,Rose,Avenue,Westbury,11590,499000,586500,Split Level,3,2.500,"Partial,Partially Finished",2 Car Attached,11,6701.10,CL,6/11/2018,12/15/2018,6/27/2018,8/31/2018,16,Det,1,1,3038383
193,,Amos,Avenue,Oceanside,11572,519000,505000,Cape,3,2.500,"Full,Finished",1 Car Detached,11,12071.45,CL,7/30/2018,11/20/2018,10/02/2018,11/15/2018,64,Det,1,1,3052843
2994,,Adeline,Street,Oceanside,11572,495000,490000,Colonial,4,2.500,"Full,Unfinished",1 Car Detached,11,13789.48,CL,8/02/2017,7/23/2018,10/05/2017,12/12/2017,64,Det,1,1,2960278
3511,,Westminster,Road,Oceanside,11572,559000,545000,Hi Ranch,5,2.000,"None,Unfinished",1 Car Attached,11,16615.76,CL,5/19/2017,11/20/2017,9/07/2017,11/01/2017,111,Det,1,1,2940133
368,,Evans,Avenue,Oceanside,11572,559000,545000,Cape,5,3.000,"Crawl,Unfinished",,11,13665.75,CL,10/12/2017,3/31/2018,11/13/2017,12/28/2017,32,Det,1,1,2978078
2463,,Rockville Centre,Parkway,Oceanside,11572,499000,490000,Hi Ranch,4,2.000,"None,Unfinished",1 Car Attached,11,9570.23,CL,4/20/2017,1/31/2018,5/23/2017,7/31/2017,33,Det,1,1,2930997
22,,Elaine,Drive,Oceanside,11572,625000,600000,Hi Ranch,4,3.000,"None,Unfinished",1 Car Attached,11,11012.90,CL,8/14/2017,2/28/2018,10/31/2017,12/29/2017,78,Det,1,1,2964033
67,,N Oceanside,Road,Rockville Centre,11570,499999,505000,Exp Cape,3,2.000,"Full,Finished",1 Car Detached,11,12954.88,CL,12/03/2018,1/10/2019,12/26/2018,1/25/2019,23,Det,1,1,3084819
165,,Harris,Drive,Oceanside,11572,599000,590000,Hi Ranch,4,2.500,,2 Car Attached,11,11758.56,CL,4/01/2017,12/31/2017,5/15/2017,8/01/2017,44,Det,1,1,2925857
120,,Davison,Avenue,Oceanside,11572,579000,545000,Exp Cape,5,2.500,"Full,Finished",2 Car Detached,11,13086.00,CL,4/09/2018,6/08/2018,5/16/2018,7/18/2018,37,Det,1,2,3018943
43,,Irma,Drive,Oceanside,11572,524999,530000,Split Level,4,3.000,"None,Unfinished",,11,16000.00,CL,6/11/2018,11/15/2018,8/15/2018,10/04/2018,65,Det,1,1,3038403
3490,,Knight,Street,Oceanside,11572,535000,540000,Splanch,3,1.500,"Partial,Finished",1 Car Attached,11,14879.16,CL,2/22/2019,8/21/2019,3/26/2019,7/30/2019,31,Det,1,1,3103187
2899,,Rugby,Road,Oceanside,11572,489000,489000,Exp Cape,4,2.000,"Full,Finished",1 Car Attached,11,8607.57,CL,5/11/2018,12/31/2018,5/22/2018,9/17/2018,11,Det,1,1,*1315707
315,E,Lexington,Avenue,Oceanside,11572,499000,515000,Split Level,4,2.000,"None,Unfinished",,11,10724.17,CL,7/30/2018,1/30/2019,1/30/2019,3/25/2019,184,Det,1,1,3052710
391,W,Cortland,Avenue,Oceanside,11572,499000,486000,Ranch,3,1.000,"Full,Finished",2 Car Detached,11,9823.53,CL,8/08/2018,2/08/2019,10/12/2018,1/31/2019,65,Det,1,1,3055378
540,,Anderson,Street,Baldwin,11510,575000,555000,Hi Ranch,4,2.500,"None,Unfinished",2 Car Attached,11,14733.64,CL,2/22/2019,8/22/2019,6/11/2019,9/23/2019,108,Det,1,1,3103355
3263,,Skillman,Avenue,Oceanside,11572,525000,510000,Split Level,4,2.000,"Full,Finished",1 Car Attached,11,11667.66,CL,5/30/2018,11/30/2018,6/29/2018,9/18/2018,30,Det,1,1,3034576
304,,Jordan,Street,Oceanside,11572,549000,535000,Ranch,3,2.500,"Full,Finished",1 Car Attached,11,9406.85,CL,3/11/2017,9/10/2017,6/06/2017,7/18/2017,86,Det,1,1,2920521
175,,Mott,Street,Oceanside,11572,579000,550000,Colonial,6,3.000,"Crawl,Unfinished",,11,18618.00,CL,3/22/2018,9/21/2018,6/12/2018,10/26/2018,82,Det,1,1,3014099
65,,Concord,Avenue,Oceanside,11572,639000,599000,Split Level,4,3.000,"None,Unfinished",,11,11223.33,CL,8/30/2018,3/02/2019,3/02/2019,4/12/2019,184,Det,1,1,3090047
16,,9th,Street,Carle Place,11514,575000,562000,Exp Cape,4,3.000,"None,Unfinished",,11,12092.00,CL,10/25/2018,4/30/2019,11/20/2018,2/28/2019,26,Det,1,1,3076210
4,,Appletree,Lane,Carle Place,11514,575000,575000,Cape,3,2.000,"None,Unfinished",2 Car Detached,11,11300.00,CL,5/03/2018,8/04/2018,5/21/2018,7/25/2018,18,Det,1,1,3026709
607,,Pearl,Street,Oceanside,11572,525000,485000,Split Level,3,2.500,"Partial,Finished",1 Car Attached,11,11158.91,CL,4/01/2019,1/01/2020,8/11/2019,10/11/2019,132,Det,1,1,3114561
98,,Harris,Drive,Oceanside,11572,599000,570000,Hi Ranch,3,3.000,"None,Unfinished",1 Car Attached,11,10241.08,CL,7/31/2019,12/31/2019,9/30/2019,11/22/2019,61,Det,1,1,3152110
349,,Clive,Avenue,Oceanside,11572,595000,595000,Colonial,5,3.000,"Full,Unfinished",1 Car Attached,11,10898.18,CL,4/27/2017,10/09/2017,7/24/2017,10/10/2017,88,Det,1,1,2932888
3245,,Shore,Road,Oceanside,11572,525000,495000,Hi Ranch,4,2.500,"None,Unfinished",2 Car Attached,11,15948.00,CL,5/21/2018,11/21/2018,6/22/2018,10/12/2018,32,Det,1,1,3032214
3037,,Nassau,Road,Oceanside,11572,499000,490000,Cape,4,1.000,"Full,Partially Finished",1 Car Attached,11,10352.94,CL,4/07/2019,9/30/2019,6/03/2019,8/19/2019,57,Det,1,1,3116779
3426,,Knight,Street,Oceanside,11572,499000,500000,Split Level,3,2.000,"Partial,Unfinished",1 Car Attached,11,8775.89,CL,11/01/2017,5/01/2018,11/29/2017,2/13/2018,28,Det,1,1,2982406
148,,Thompson,Avenue,Oceanside,11572,569000,569000,Split Level,3,2.000,"Partial,Finished",,11,10913.73,CL,6/10/2019,12/10/2019,6/26/2019,10/08/2019,16,Det,1,1,3137084
3807,E,Oceanside,Road,Oceanside,11572,535000,500000,Hi Ranch,4,2.500,"None,Unfinished",1 Car Attached,11,15056.69,CL,4/13/2017,6/16/2017,6/14/2017,12/18/2017,62,Det,1,1,2929217
480,,Ayers,Place,Oceanside,11572,549000,530000,Exp Cape,4,2.000,"Full,Finished",1 Car Attached,11,11979.00,CL,5/03/2019,4/03/2020,6/05/2019,7/18/2019,33,Det,1,1,3125467
495,,Starks,Place,Baldwin,11510,574999,573000,Exp Cape,4,2.000,Full,1 Car Detached,11,10368.69,CL,10/09/2018,10/09/2019,11/13/2018,1/04/2019,35,Det,1,1,3072095
544,,Derby North,Drive,Oceanside,11572,549000,559000,Ranch,3,2.000,"None,Unfinished",1 Car Attached,11,12300.00,CL,6/05/2018,6/05/2019,6/25/2018,8/10/2018,20,Att,1,1,3036819
391,E,Links,Drive,Oceanside,11572,625500,575000,Split Level,6,4.500,"Partial,Finished",2 Car Attached,11,18379.84,CL,6/19/2017,1/18/2018,12/22/2017,2/21/2018,186,Det,1,1,2948083
433,,Links,Drive,Oceanside,11572,549000,549000,Split Level,4,2.500,"Full,Finished",1 Car Attached,11,12881.88,CL,6/17/2019,12/15/2019,11/20/2019,3/12/2020,156,Det,1,1,3138966
490,,Griffin,Street,Oceanside,11572,515000,510000,Colonial,3,1.500,"Full,Finished",1 Car Attached,11,14038.56,CL,7/11/2017,1/10/2018,8/28/2017,11/02/2017,48,Det,1,1,2961733
202,,Barwick,Boulevard,Mineola,11501,525000,510000,Cape,4,2.000,"Full,Partially Finished",1 Car Attached,11,8265.10,CL,9/07/2018,2/28/2019,9/20/2018,12/18/2018,13,Det,1,1,3063231
2890,,Sylvan,Court,Oceanside,11572,589000,585000,Split Level,4,3.000,"Partial,Finished",,11,17116.00,CL,4/26/2019,4/24/2020,5/25/2019,9/03/2019,29,Det,1,1,3122655
223,,Madison,Avenue,Oceanside,11572,559000,550000,Colonial,3,1.500,"Full,Unfinished",2 Car Detached,11,11200.00,CL,4/01/2017,10/01/2017,4/13/2017,5/25/2017,12,Det,1,1,*1281340
501,,Kent,Court,Oceanside,11572,489000,510000,Cape,3,2.000,"Full,Finished",1 Car Detached,11,9750.00,CL,6/06/2017,12/31/2017,6/22/2017,7/24/2017,16,Det,1,1,*1286883
285,,Rudolf,Road,Mineola,11501,575000,554000,Exp Cape,4,3.000,"Full,Unfinished",,11,11944.72,CL,10/23/2017,10/23/2018,5/25/2018,8/01/2018,214,Det,1,1,*1302391
2560,,Clovermere,Road,Oceanside,11572,579000,580000,Ranch,3,2.000,Full,,11,8212.20,CL,3/25/2019,1/24/2020,4/22/2019,6/28/2019,28,Sd,1,1,*1341195
318,,Lansdowne,Avenue,Carle Place,11514,535000,535000,Ranch,3,2.000,"Full,Finished",1 Car Attached,11,9735.00,CL,6/19/2019,9/17/2019,7/19/2019,12/16/2019,30,Det,1,1,*1350219
469,,Zadig,Street,Oceanside,11572,535000,510000,Raised Ranch,3,2.000,"Full,Finished",2 Car Attached,11,11900.00,CL,9/16/2019,12/31/2019,9/20/2019,1/31/2020,4,Det,1,1,*1357773
224,,Merrifield,Avenue,Oceanside,11572,539000,544000,Duplex,4,2.000,Full,2 Car Detached,11,12000.00,CL,9/27/2016,9/27/2017,4/11/2017,6/29/2017,196,Det,2,2,2886413
3912,,Sally,Lane,Oceanside,11572,549990,565000,Colonial,5,2.550,"None,Unfinished",2 Car Attached,11,13550.88,CL,10/14/2016,4/14/2017,4/01/2017,7/17/2017,169,Det,1,1,2890106
2872,,Stevens,Street,Oceanside,11572,529000,525000,Split Level,4,3.000,"Full,Finished",,11,14110.00,CL,10/15/2016,4/15/2017,3/15/2017,5/12/2017,151,Det,1,2,2890447
7,,Mills,Street,Oceanside,11572,539000,500000,Colonial,3,3.000,"Full,Finished",1 Car Detached,11,13300.00,CL,12/12/2016,6/12/2017,2/17/2017,3/29/2017,67,Det,1,1,2901460
2829,,Elm,Street,Oceanside,11572,509000,500000,2 Story,5,2.000,"Full,Unfinished",1 Car Detached,11,10611.38,CL,1/05/2017,7/15/2017,3/22/2017,6/07/2017,75,Det,1,2,2904775
60,,Concord,Street,Rockville Centre,11570,549000,565000,Ranch,3,2.000,"Full,Finished",2 Car Attached,11,12237.74,CL,1/11/2017,7/16/2017,2/08/2017,5/04/2017,28,Det,1,1,2906183
172,,Carlton,Court,Oceanside,11572,495000,485000,Colonial,4,2.000,Full,,11,10859.00,CL,1/12/2017,7/31/2017,2/15/2017,5/23/2017,34,Det,1,1,2906422
27,S,Kensington,Avenue,Rockville Centre,11570,549000,580000,Cape,3,2.000,"Full,Finished",1 Car Detached,11,11233.21,CL,1/26/2017,7/19/2017,2/22/2017,6/13/2017,27,Det,1,1,2909189
11,,Cromwell,Road,Carle Place,11514,599000,535000,Cape,4,2.000,"Full,Finished",,11,9075.35,CL,3/07/2017,9/25/2017,4/10/2017,6/09/2017,33,Det,1,1,2919304
77,,Woodland,Avenue,Rockville Centre,11570,632000,590000,Split Level,5,3.000,"Full,Partially Finished",1 Car Attached,11,11884.00,CL,3/13/2017,8/19/2017,5/12/2017,7/27/2017,60,Det,1,1,2920963
36,,Cumberland,Street,Rockville Centre,11570,539999,539000,Cape,3,2.000,"Full,Finished",1 Car Detached,11,9017.00,CL,3/21/2017,5/21/2017,4/10/2017,5/24/2017,20,Det,1,1,2922975
2912,,Moreland,Avenue,Oceanside,11572,485000,485000,Hi Ranch,3,2.000,"None,Unfinished",2 Car Attached,11,9277.80,CL,3/21/2017,3/21/2018,4/10/2017,6/02/2017,20,Det,1,1,2923432
282,,Parkway,Drive,Westbury,11590,546000,546000,Split Level,5,3.500,Partial,2 Car Attached,11,16075.41,CL,3/24/2017,3/22/2018,4/20/2017,6/23/2017,27,Det,1,1,2923743
172,,Thompson,Avenue,Oceanside,11572,530000,530000,Split Level,3,2.000,"Crawl,Unfinished",,11,14397.00,CL,3/26/2017,9/30/2017,6/02/2017,6/29/2017,68,Det,1,1,2924338
378,,Montgomery,Avenue,Oceanside,11572,499999,487060,Split Level,3,1.500,"Crawl,Unfinished",1 Car Attached,11,13600.25,CL,3/31/2017,5/15/2017,5/02/2017,6/22/2017,32,Att,1,1,2925791
453,,Bedell,Street,Oceanside,11572,559000,512000,Split Level,3,2.000,"Partial,Partially Finished",2 Car Attached,11,13149.00,CL,4/11/2017,4/11/2018,6/02/2017,8/03/2017,52,Det,1,1,2928573
619,,Fairview,Avenue,Baldwin,11510,465000,500000,Tudor,3,1.500,"Full,Partially Finished",1 Car Detached,11,13829.90,CL,4/18/2017,10/18/2017,9/20/2017,11/17/2017,155,Det,1,1,2930430
160,,Thompson,Avenue,Oceanside,11572,580000,580000,Split Level,3,2.500,"None,Unfinished",,11,10451.68,CL,4/20/2017,10/31/2017,5/09/2017,8/18/2017,19,Det,1,1,2931112
49,,Gateway,,Rockville Centre,11570,549000,545000,Cape,4,2.000,"Full,Partially Finished",1 Car Attached,11,13654.00,CL,4/27/2017,10/31/2017,5/11/2017,9/05/2017,14,Det,1,1,2932128
473,,Matthew,Street,Oceanside,11572,579000,570000,Splanch,4,3.000,"Partial,Finished",1 Car Attached,11,14500.00,CL,5/01/2017,9/30/2017,8/02/2017,10/12/2017,93,Det,1,1,2934230
2339,,Yorktown,Street,Oceanside,11572,559000,520000,Colonial,4,2.500,"Full,Finished",2 Car Detached,11,12400.00,CL,5/01/2017,10/31/2017,5/16/2017,7/31/2017,15,Det,1,1,2934234
3489,,Westminster,Road,Oceanside,11572,599000,585000,Hi Ranch,4,2.000,"None,Unfinished",1 Car Attached,11,12489.88,CL,5/01/2017,11/01/2017,6/23/2017,8/25/2017,53,Det,1,1,2934235
379,E,Links,Drive,Oceanside,11572,519000,492500,Split Level,4,2.500,"Full,Finished",,11,16488.95,CL,5/03/2017,11/15/2017,9/28/2017,12/26/2017,148,Det,1,1,2934714
44,,Rockville,Avenue,Rockville Centre,11570,499500,512000,Cape,3,2.000,"Full,Partially Finished",,11,11945.00,CL,5/05/2017,11/05/2017,5/25/2017,8/18/2017,20,Det,1,1,2935421
3294,,Ocean Harbor,Drive,Oceanside,11572,550000,510000,Hi Ranch,4,2.500,"None,Unfinished",2 Car Attached,11,19027.00,CL,5/06/2017,12/15/2017,10/12/2017,12/13/2017,159,Det,1,1,2935913
256,,Raff,Avenue,Carle Place,11514,499000,490000,Exp Cape,4,2.000,"None,Unfinished",1 Car Attached,11,9863.55,CL,5/13/2017,10/13/2017,6/27/2017,8/31/2017,45,Det,1,1,2938112
3526,,Westminster,Road,Oceanside,11572,517000,510000,Hi Ranch,4,2.000,"None,Unfinished",2 Car Attached,11,10467.98,CL,5/15/2017,4/30/2018,9/19/2017,12/05/2017,127,Det,1,1,2938466
95,,Concord,Avenue,Oceanside,11572,599000,575000,Split Level,4,2.500,"Partial,Unfinished",1 Car Attached,11,10985.00,CL,5/23/2017,5/23/2018,7/26/2017,11/27/2017,64,Att,1,1,2940866
48,,Seitz,Avenue,Rockville Centre,11570,539000,520000,Duplex,6,2.500,"Full,Partially Finished",,11,12469.25,CL,5/24/2017,12/24/2017,6/09/2017,1/19/2018,16,Det,2,2,2941337
638,,Lakeview,Avenue,Rockville Centre,11570,539000,540000,Cape,3,1.000,"Full,Partially Finished",1 Car Attached,11,12860.53,CL,6/12/2017,12/12/2017,7/12/2017,10/10/2017,30,Det,1,1,2946055
3370,,Lindbergh,Avenue,Oceanside,11572,589000,570000,Exp Ranch,4,2.000,"Crawl,Unfinished",1 Car Attached,11,13746.89,CL,6/13/2017,3/31/2018,1/10/2018,2/12/2018,211,Det,1,1,2946454
441,,Frank,Street,Oceanside,11572,579000,565000,Hi Ranch,6,2.000,Full,,11,10898.00,CL,6/14/2017,6/14/2018,7/18/2017,12/08/2017,34,Det,1,2,2947103
28,S,Kensington,Avenue,Rockville Centre,11570,529000,505000,Cape,3,1.500,"Full,Partially Finished",1 Car Detached,11,11200.37,CL,6/19/2017,12/31/2017,9/11/2017,10/30/2017,84,Det,1,1,2948399
298,W,Waukena,Avenue,Oceanside,11572,569000,565000,Split Level,3,2.000,"Partial,Finished",1 Car Attached,11,10052.13,CL,6/23/2017,10/31/2017,6/30/2017,8/31/2017,7,Det,1,1,2949663
37,,River,Avenue,Rockville Centre,11570,500000,524000,Cape,2,1.000,"Full,Unfinished",,11,10355.79,CL,6/26/2017,1/05/2018,7/14/2017,8/14/2017,18,Det,1,1,2950203
12,,Ormond,Street,Rockville Centre,11570,559000,550000,Colonial,3,1.500,"Full,Unfinished",,11,12157.61,CL,6/29/2017,12/29/2017,12/29/2017,3/09/2018,183,Det,1,1,2951001
3283,,Benjamin,Road,Oceanside,11572,580000,575000,Split Level,4,2.000,"Full,Finished",,11,11672.00,CL,7/19/2017,1/12/2018,8/07/2017,10/12/2017,19,Det,1,1,2956416
112,,Roosevelt,Court,Carle Place,11514,569990,539000,Cape,3,2.000,"Full,Partially Finished",2 Car Detached,11,7764.72,CL,7/21/2017,12/31/2017,8/30/2017,11/14/2017,40,Det,1,1,2957145
581,,Gifford,Avenue,Oceanside,11572,524999,522000,Exp Cape,4,2.000,Full,1 Car Detached,11,13063.47,CL,7/24/2017,7/24/2018,11/20/2017,3/01/2018,119,Det,1,1,2957711
2797,,James,Street,Oceanside,11572,519000,500000,Cape,4,2.000,"Full,Finished",,11,11600.79,CL,7/26/2017,2/28/2018,9/06/2017,10/20/2017,42,Det,1,1,2958413
95,,Knollwood,Drive,Carle Place,11514,520000,530000,Ranch,5,1.000,"Full,Finished",1 Car Attached,11,10008.00,CL,8/01/2017,1/30/2018,8/17/2017,9/29/2017,16,Det,1,1,2960035
3207,,Benjamin,Road,Oceanside,11572,625000,600000,Split Level,4,2.500,"None,Unfinished",2 Car Attached,11,11885.27,CL,8/04/2017,1/25/2018,1/12/2018,3/30/2018,161,Det,1,1,2960891
3400,,Westminster,Road,Oceanside,11572,530000,530000,Exp Cape,7,2.000,"Full,Finished",2 Car Attached,11,11342.73,CL,8/14/2017,7/31/2018,12/10/2017,2/26/2018,118,Det,1,2,2963080
3105,,Ralph,Avenue,Oceanside,11572,539000,535000,Ranch,3,3.000,"Full,Finished",2 Car Detached,11,14511.00,CL,8/16/2017,11/30/2017,11/08/2017,1/08/2018,84,Det,1,1,2964016
3394,,Lawrence,Avenue,Oceanside,11572,599000,565000,Split Level,3,2.500,"None,Unfinished",2 Car Attached,11,10783.46,CL,8/19/2017,4/30/2018,11/20/2017,2/01/2018,93,Det,1,1,2964677
3190,,Lawrence,Avenue,Oceanside,11572,539000,532000,Ranch,4,1.000,"None,Unfinished",,11,9074.00,CL,8/21/2017,2/15/2018,9/18/2017,1/05/2018,28,Det,1,1,2964851
14,,Garden,Avenue,Carle Place,11514,549000,550000,Colonial,3,3.000,"Full,Finished",,11,7777.09,CL,8/30/2017,5/01/2018,9/08/2017,11/27/2017,9,Det,1,1,2967145
296,,Virginia,Avenue,Oceanside,11572,619999,600000,Split Level,3,2.000,"None,Unfinished",1 Car Attached,11,9229.59,CL,9/06/2017,9/06/2018,10/31/2017,12/20/2017,55,Det,1,1,2968706
2524,,Westlake,Avenue,Oceanside,11572,529000,505000,Colonial,3,2.000,"Full,Finished",1 Car Detached,11,13966.86,CL,9/11/2017,12/31/2017,12/05/2017,1/23/2018,85,Det,1,1,2969801
2488,,Arthur,Court,Oceanside,11572,579000,550000,2 Story,4,3.000,"Full,Partially Finished",,11,13006.09,CL,9/12/2017,3/12/2018,11/20/2017,1/19/2018,69,Det,1,1,2970172
3331,,Lawrence,Avenue,Oceanside,11572,519000,527500,Hi Ranch,4,2.000,"None,Unfinished",,11,9077.03,CL,9/15/2017,3/18/2018,10/24/2017,12/07/2017,39,Det,1,1,2971304
34,,Cheslan,Court,Oceanside,11572,599000,569000,Split Level,6,2.500,"Full,Partially Finished",1 Car Attached,11,15372.17,CL,9/18/2017,6/30/2018,4/19/2018,6/27/2018,213,Det,1,1,2971719
3275,,Ocean Harbor,Drive,Oceanside,11572,549000,531500,Hi Ranch,4,2.500,"None,Unfinished",2 Car Attached,11,13794.00,CL,9/18/2017,9/19/2018,10/07/2017,12/04/2017,19,Det,1,1,2971993
23,,Cherry,Lane,Carle Place,11514,605000,595000,Exp Cape,3,2.500,Full,,11,9854.30,CL,9/20/2017,9/10/2018,10/19/2017,12/14/2017,29,Det,1,1,2972545
6,,Wood Land,Avenue,Rockville Centre,11570,509000,490000,Cape,3,1.000,"Full,Finished",1 Car Detached,11,10107.16,CL,9/27/2017,3/31/2018,11/15/2017,12/19/2017,49,Det,1,1,2974120
150,S,Forest,Avenue,Rockville Centre,11570,499000,490000,Colonial,3,1.500,"Partial,Finished",2 Car Detached,11,12728.72,CL,10/12/2017,4/11/2018,1/23/2018,3/16/2018,103,Det,1,1,2977926
3385,,Lindbergh,Avenue,Oceanside,11572,549000,545000,Contemporary,3,2.000,"None,Unfinished",,11,12690.35,CL,10/17/2017,12/31/2018,10/01/2018,12/07/2018,349,Det,1,1,2979215
40,W,Windsor,Parkway,Oceanside,11572,499000,495000,Colonial,3,2.000,"Full,Finished",1 Car Detached,11,10166.85,CL,11/17/2017,5/31/2018,12/12/2017,2/12/2018,25,Det,1,1,2986401
249,,Anchor,Avenue,Oceanside,11572,529000,525000,Colonial,7,2.000,"Full,Finished",,11,12437.55,CL,11/19/2017,6/01/2018,5/09/2018,6/22/2018,170,Det,1,1,2986753
55,,Concord,Street,Rockville Centre,11570,565000,557500,Colonial,3,2.000,"Full,Finished",2 Car Detached,11,14252.79,CL,11/27/2017,5/27/2018,2/09/2018,4/12/2018,74,Det,1,1,2987867
376,,Moore,Avenue,Oceanside,11572,589000,600000,2 Story,5,2.550,"Crawl,Unfinished",,11,11278.65,CL,12/20/2017,12/14/2018,3/05/2018,5/09/2018,75,Det,1,2,2992597
107,,Fenway,,Rockville Centre,11570,549000,540000,Cape,3,2.000,"Full,Partially Finished",1 Car Attached,11,11612.45,CL,1/03/2018,6/19/2018,1/26/2018,3/30/2018,23,Det,1,1,2994030
27,,Harrison,Avenue,Rockville Centre,11570,549000,532000,Ranch,3,3.000,"Full,Finished",1 Car Attached,11,15010.00,CL,1/18/2018,7/20/2018,4/24/2018,6/15/2018,95,Det,1,1,2997780
116,S,Kensington,Avenue,Rockville Centre,11570,549000,539000,Ranch,3,1.000,"Full,Partially Finished",2 Car Detached,11,11484.00,CL,1/31/2018,8/01/2018,5/24/2018,6/19/2018,112,Det,1,1,3000834
2548,,Columbus,Avenue,Oceanside,11572,524000,515000,Exp Cape,4,2.000,"Full,Unfinished",2 Car Detached,11,12646.99,CL,2/18/2018,7/28/2018,4/17/2018,7/16/2018,57,Det,1,1,3005415
391,E,Links,Drive,Oceanside,11572,608999,594000,Split Level,6,4.500,"Full,Finished",2 Car Attached,11,18408.00,CL,2/22/2018,2/22/2019,2/12/2019,4/16/2019,355,Det,1,1,3006477
525,,Farrington,Road,Oceanside,11572,549900,545000,Colonial,4,2.500,"Full,Finished",1 Car Detached,11,10996.01,CL,2/28/2018,3/28/2019,5/30/2018,8/13/2018,90,Det,1,1,3008555
200,,Seaman,Avenue,Rockville Centre,11570,499000,515000,Exp Ranch,4,3.000,Full,1 Car Attached,11,17412.30,CL,3/08/2018,7/08/2018,4/06/2018,5/24/2018,28,Det,1,1,3010253
3295,,Frederick,Street,Oceanside,11572,589000,550000,Ranch,3,2.000,"Full,Finished",1 Car Attached,11,9284.56,CL,3/08/2018,8/01/2018,5/21/2018,8/20/2018,73,Det,1,1,3010359
2941,,Stanley,Place,Oceanside,11572,539000,515000,Ranch,3,1.500,"Full,Finished",1 Car Attached,11,7936.58,CL,3/13/2018,2/28/2019,4/02/2018,5/16/2018,20,Det,1,1,3011649
477,,Waukena,Avenue,Oceanside,11572,599999,590000,Colonial,5,2.500,"Full,Partially Finished",1 Car Attached,11,12313.79,CL,3/14/2018,2/28/2019,6/15/2018,8/17/2018,93,Det,1,1,3012131
3015,,Nassau,Road,Oceanside,11572,494999,495000,Colonial,3,2.000,"Full,Finished",1 Car Detached,11,11739.00,CL,3/24/2018,3/24/2019,4/18/2018,7/11/2018,25,Det,1,1,3015102
530,,Surrey,Place,Oceanside,11572,549900,560000,Exp Ranch,4,2.000,"Full,Finished",1 Car Attached,11,12783.00,CL,4/02/2018,10/15/2018,4/26/2018,6/15/2018,24,Det,1,1,3016562
2610,,Harvey,Avenue,Oceanside,11572,479000,485000,Cape,3,1.000,"Full,Partially Finished",,11,12253.19,CL,4/06/2018,12/02/2018,5/10/2018,7/02/2018,34,Det,1,1,3018103
2608,,Overlook,Place,Baldwin,11510,559000,555000,Colonial,4,2.500,"Full,Partially Finished",2 Car Attached,11,16493.62,CL,4/06/2018,12/31/2018,6/28/2018,8/07/2018,83,Det,1,1,3018123
3156,,4th,Street,Oceanside,11572,499000,495000,Ranch,3,2.000,"None,Unfinished",,11,11549.05,CL,4/06/2018,12/31/2018,4/27/2018,7/23/2018,21,Det,1,1,3018126
3453,,Westminster,Road,Oceanside,11572,549000,540000,Hi Ranch,3,2.000,"None,Unfinished",,11,9966.14,CL,4/09/2018,12/31/2018,11/26/2018,2/20/2019,231,Det,1,1,3018549
57,,Harris,Drive,Oceanside,11572,529000,544000,Hi Ranch,3,1.500,"None,Unfinished",,11,9387.87,CL,4/11/2018,6/30/2018,5/01/2018,8/02/2018,20,Det,1,1,3019434
3218,,Brower,Avenue,Oceanside,11572,524000,510000,Exp Cape,5,2.000,"Full,Unfinished",1 Car Attached,11,15661.09,CL,4/14/2018,12/31/2018,8/01/2018,9/14/2018,109,Det,1,1,3020653
29,,Irma,Drive,Oceanside,11572,585000,595000,Split Level,3,2.500,Partial,1 Car Attached,11,14276.79,CL,4/15/2018,10/31/2018,6/22/2018,8/24/2018,68,Det,1,1,3020769
249,,Merrifield,Avenue,Oceanside,11572,509000,510000,Hi Ranch,5,2.000,"None,Unfinished",1 Car Detached,11,11551.45,CL,4/18/2018,10/30/2018,7/10/2018,8/16/2018,83,Det,1,1,3021788
3339,,Woodward,Street,Oceanside,11572,549990,556500,Colonial,5,2.500,"Crawl,Unfinished",,11,14898.00,CL,4/20/2018,4/20/2019,8/20/2018,11/30/2018,122,Det,1,2,3022518
161,,Maxine,Court,Oceanside,11572,549000,520000,Splanch,4,3.000,"Full,Unfinished",,11,15600.49,CL,4/23/2018,10/31/2018,9/25/2018,1/25/2019,155,Det,1,1,3023175
54,,Howard,Place,Oceanside,11572,549000,528000,Cape,3,2.000,"Full,Finished",1 Car Detached,11,9057.38,CL,5/03/2018,11/03/2018,5/23/2018,7/12/2018,20,Det,1,1,3026469
2722,,Harrison,Avenue,Oceanside,11572,524000,524000,Duplex,4,3.500,"Full,Finished",2 Car Detached,11,15761.09,CL,5/14/2018,12/31/2018,8/02/2018,9/05/2018,80,Det,1,2,3029872
140,S,Forest,Avenue,Rockville Centre,11570,599000,585000,Colonial,3,1.500,"Full,Unfinished",1 Car Detached,11,13009.35,CL,5/16/2018,11/04/2018,6/01/2018,8/31/2018,16,Det,1,1,3030653
2954,,Clark,Avenue,Oceanside,11572,589900,551000,Colonial,5,4.000,Full,2 Car Detached,11,29885.00,CL,5/16/2018,11/30/2018,10/05/2018,11/05/2018,142,Det,1,1,3031285
415,,Mildred,Street,Oceanside,11572,549000,525000,Colonial,3,1.500,"Full,Unfinished",2 Car Detached,11,13374.02,CL,5/21/2018,10/31/2018,8/08/2018,10/10/2018,79,Det,1,1,3031992
559,,Fir,Place,Oceanside,11572,550000,550000,Exp Ranch,4,2.000,"Full,Finished",1 Car Detached,11,11738.00,CL,5/22/2018,12/30/2018,10/25/2018,4/02/2019,156,Det,1,1,3032566
2650,,Locust,Avenue,Oceanside,11572,545000,540000,Colonial,3,1.500,"Full,Finished",1 Car Detached,11,12344.00,CL,5/23/2018,5/15/2019,9/09/2018,11/13/2018,109,Det,1,1,3033310
22,,Madison,Avenue,Oceanside,11572,499999,482500,Colonial,3,2.000,"Full,Unfinished",1 Car Detached,11,14434.25,CL,5/29/2018,11/29/2018,10/08/2018,12/17/2018,132,Det,2,2,3034011
60,,Concord,Avenue,Oceanside,11572,599000,565000,Split Level,5,2.000,"Crawl,Unfinished",,11,11056.00,CL,5/29/2018,11/30/2018,7/02/2018,8/20/2018,34,Det,1,1,3034028
630,,Lakeview,Avenue,Rockville Centre,11570,549000,535000,Cape,4,2.000,"Full,Finished",1 Car Attached,11,10685.53,CL,5/31/2018,5/09/2019,9/24/2018,11/19/2018,116,Det,1,1,3035198
2377,,Rockville Centre,Parkway,Oceanside,11572,549000,546000,Colonial,4,2.000,"Full,Finished",,11,10874.90,CL,6/07/2018,11/21/2018,8/15/2018,11/14/2018,69,Det,1,1,3037249
2520,,Eileen,Road,Oceanside,11572,494999,490000,Exp Ranch,3,2.000,"Full,Finished",1 Car Attached,11,9528.00,CL,6/08/2018,12/04/2018,6/26/2018,8/24/2018,18,Det,1,1,3038025
3649,,Carrel,Boulevard,Oceanside,11572,529000,500000,Hi Ranch,4,2.000,"None,Unfinished",2 Car Attached,11,10257.38,CL,6/13/2018,3/15/2019,2/04/2019,4/11/2019,236,Det,1,1,3039096
3102,,Erwin,Place,Oceanside,11572,529000,510000,Colonial,4,2.000,"Crawl,Unfinished",2 Car Attached,11,9254.27,CL,6/16/2018,12/31/2018,9/10/2018,11/14/2018,86,Det,1,1,3040213
2444,,Rockville Centre,Parkway,Oceanside,11572,499000,492000,Colonial,3,1.500,"Full,Finished",1 Car Detached,11,12328.94,CL,6/18/2018,12/31/2018,8/27/2018,10/17/2018,70,Det,1,1,3040500
32,,Intervale,Street,Rockville Centre,11570,569000,530000,Cape,2,1.000,"Full,Unfinished",1 Car Attached,11,12627.94,CL,6/21/2018,12/21/2018,7/25/2018,9/20/2018,34,Det,1,1,3041572
2878,,Saint Johns,Road,Oceanside,11572,489000,485000,Ranch,3,1.000,"Full,Unfinished",2 Car Detached,11,8659.82,CL,6/29/2018,12/31/2018,7/17/2018,9/25/2018,18,Det,1,1,3044376
525,,Fairview,Avenue,Baldwin,11510,599000,590000,Colonial,3,2.500,"Full,Unfinished",1 Car Detached,11,14234.00,CL,7/01/2018,12/31/2018,7/23/2018,8/31/2018,22,Det,1,1,3044517
2749,,Brower,Avenue,Oceanside,11572,579000,590000,Duplex,5,2.500,"Full,Finished",,11,12262.34,CL,7/04/2018,12/30/2018,8/15/2018,12/18/2018,42,Det,2,2,3045339
88,E,Lexington,Avenue,Oceanside,11572,579000,571800,Split Level,3,2.000,"Crawl,Unfinished",,11,16690.00,CL,7/05/2018,12/31/2018,9/27/2018,11/26/2018,84,Det,1,1,3045462
311,,Merrifield,Avenue,Oceanside,11572,499000,514000,Hi Ranch,4,2.000,"None,Unfinished",1 Car Attached,11,10175.71,CL,7/16/2018,12/31/2018,8/20/2018,10/31/2018,35,Det,1,1,3048806
11,S,Kensington,Avenue,Rockville Centre,11570,549000,535000,Colonial,3,1.500,"Full,Finished",,11,11097.13,CL,7/19/2018,1/15/2019,11/07/2018,12/17/2018,111,Det,1,1,3049725
3018,,Waverly Avenue,,Oceanside,11572,579000,555000,Hi Ranch,4,2.000,"None,Unfinished",,11,13300.00,CL,8/03/2018,8/03/2019,9/05/2018,10/30/2018,33,Att,1,1,3054161
59,,Rockville,Avenue,Rockville Centre,11570,525000,500000,Cape,5,2.000,"Full,Partially Finished",1 Car Attached,11,11887.24,CL,8/09/2018,2/10/2019,10/29/2018,12/19/2018,81,Det,1,1,3055946
16,,Hanscom,Place,Rockville Centre,11570,629000,600000,Exp Cape,6,2.000,"Full,Finished",2 Car Detached,11,11283.00,CL,8/20/2018,8/21/2019,9/27/2018,11/15/2018,38,Det,1,1,3058376
81,,Bruce,Terrace,Mineola,11501,629000,550000,Hi Ranch,4,2.000,"Full,Finished",2 Car Detached,11,11344.99,CL,8/21/2018,2/15/2019,12/10/2018,3/07/2019,111,Det,1,1,3059041
3817,,Carrel,Boulevard,Oceanside,11572,599000,575000,Hi Ranch,4,2.500,"None,Unfinished",2 Car Attached,11,11511.00,CL,8/22/2018,2/15/2019,10/30/2018,12/31/2018,69,Det,1,1,3059207
265,,Amos,Avenue,Oceanside,11572,510000,495000,Cape,3,2.000,"Full,Partially Finished",1 Car Attached,11,11359.00,CL,8/26/2018,2/26/2019,9/13/2018,12/13/2018,18,Det,1,1,3059905
587,S,Derby,Drive,Oceanside,11572,544000,540000,Ranch,3,2.000,"None,Unfinished",1 Car Attached,11,14040.44,CL,8/25/2018,2/28/2019,11/06/2018,2/15/2019,73,Det,1,1,3060090
360,,Golf,Drive,Oceanside,11572,539000,525000,Split Level,3,2.500,"Crawl,Unfinished",1 Car Attached,11,10916.00,CL,9/16/2018,3/28/2019,10/19/2018,12/14/2018,33,Det,1,1,3065795
528,,Wateredge,Avenue,Baldwin,11510,565000,550000,Colonial,3,1.500,"Full,Partially Finished",,11,8253.00,CL,9/23/2018,9/23/2019,10/19/2018,11/21/2018,26,Det,1,1,3067559
56,,Cumberland,Street,Rockville Centre,11570,599000,585000,Colonial,3,1.500,"Full,Partially Finished",1 Car Detached,11,14273.27,CL,9/24/2018,3/17/2019,1/02/2019,4/04/2019,100,Det,1,1,3067560
488,,Nassau,Parkway,Baldwin,11510,489000,520000,Colonial,4,2.000,"Full,Finished",,11,10929.13,CL,9/27/2018,3/20/2019,10/25/2018,12/24/2018,28,Det,1,1,3068564
385,E,Links,Drive,Oceanside,11572,589000,550000,Split Level,5,3.500,"Full,Finished",2 Car Attached,11,15720.83,CL,10/19/2018,4/19/2019,1/15/2019,2/20/2019,88,Det,1,1,3074834
23,,Stuart,Place,Oceanside,11572,559000,540000,Exp Cape,4,3.000,"Full,Partially Finished",1 Car Detached,11,10301.44,CL,10/21/2018,6/01/2019,1/30/2019,3/20/2019,101,Det,1,1,3075102
140,,Thompson,Avenue,Oceanside,11572,549000,527500,Split Level,3,2.000,"Crawl,Unfinished",1 Car Attached,11,11500.00,CL,10/25/2018,6/03/2019,3/25/2019,6/06/2019,151,Det,1,1,3076148
2568,,Columbus,Avenue,Oceanside,11572,549000,530000,Cape,4,2.000,"Full,Finished",,11,15419.09,CL,10/26/2018,1/27/2019,11/21/2018,12/26/2018,26,Det,1,1,3076560
2909,,Evergreen,Avenue,Oceanside,11572,535000,535000,Colonial,3,2.000,"Full,Unfinished",1 Car Detached,11,14401.40,CL,10/30/2018,4/22/2020,2/07/2020,3/18/2020,465,Det,1,1,3077237
2612,,Yorktown,Street,Oceanside,11572,515000,515000,Cape,4,2.000,"Full,Partially Finished",1 Car Detached,11,12433.00,CL,11/03/2018,10/31/2019,11/19/2018,1/30/2019,16,Det,1,1,3078517
2297,,Alexander,Place,Oceanside,11572,599000,570000,Colonial,3,2.000,"Full,Finished",1 Car Detached,11,9727.42,CL,11/16/2018,5/31/2019,4/18/2019,5/31/2019,152,Det,1,1,3081666
3857,,Sally,Lane,Oceanside,11572,631900,568710,Colonial,4,3.000,"None,Unfinished",,11,17836.00,CL,1/08/2019,10/08/2019,9/24/2019,10/31/2019,258,Det,1,1,3091319
100,,Burt,Avenue,Oceanside,11572,599000,580000,Colonial,4,3.000,"Crawl,Unfinished",1 Car Attached,11,8759.69,CL,1/10/2019,8/09/2019,3/04/2019,4/10/2019,53,Det,1,1,3091981
2881,,Terrell,Avenue,Oceanside,11572,509000,495000,Split Level,3,2.500,"None,Unfinished",,11,9436.98,CL,1/18/2019,1/14/2020,4/17/2019,6/27/2019,88,Det,1,1,3094435
2379,,Loft,Avenue,Baldwin,11510,489900,489900,Cape,4,1.500,"Full,Finished",,11,9927.85,CL,1/22/2019,7/13/2019,2/19/2019,4/30/2019,28,Det,1,1,3095275
5,,Greenway,Street,Rockville Centre,11570,569000,560000,Cape,3,1.500,"Full,Finished",,11,14704.00,CL,1/24/2019,7/24/2019,3/15/2019,6/07/2019,49,Det,1,1,3095906
475,,Zadig,Street,Oceanside,11572,549000,526000,Exp Ranch,4,2.000,"None,Unfinished",1 Car Attached,11,14073.00,CL,1/29/2019,10/01/2019,2/20/2019,4/29/2019,22,Det,1,1,3096921
3427,,Lawrence,Avenue,Oceanside,11572,539000,529000,Split Level,3,2.000,"None,Unfinished",1 Car Attached,11,10466.54,CL,1/30/2019,12/29/2019,10/03/2019,11/26/2019,245,Det,1,1,3097306
32,,State,Street,Rockville Centre,11570,569990,580000,Cape,4,2.000,"Full,Finished",1 Car Attached,11,11821.00,CL,2/11/2019,2/11/2020,2/26/2019,5/08/2019,15,Det,1,1,3100200
42,W,Cortland,Avenue,Oceanside,11572,539000,525500,Colonial,4,3.000,"Full,Partially Finished",1 Car Detached,11,16617.61,CL,2/18/2019,8/18/2019,4/17/2019,7/01/2019,57,Det,1,1,3102230
171,,Forest,Street,Oceanside,11572,539000,525000,Exp Cape,4,2.000,"Full,Finished",,11,11191.13,CL,2/25/2019,8/31/2019,4/04/2019,7/01/2019,37,Det,1,1,3103665
3297,,Murdock,Avenue,Oceanside,11572,489000,489000,Hi Ranch,3,1.500,"Full,Finished",2 Car Attached,11,11489.22,CL,2/25/2019,7/16/2019,3/07/2019,5/21/2019,10,Det,1,1,3103812
373,,Moore,Avenue,Oceanside,11572,489900,510000,Exp Ranch,3,2.000,"Crawl,Unfinished",1 Car Detached,11,10949.60,CL,2/27/2019,8/26/2019,3/22/2019,8/01/2019,22,Det,1,1,3104268
479,,Bender,Street,Oceanside,11572,539000,535000,Hi Ranch,4,2.000,"None,Unfinished",1 Car Attached,11,11207.00,CL,3/04/2019,11/01/2019,3/27/2019,6/25/2019,22,Det,1,1,3105704
488,,Pearl,Street,Oceanside,11572,499000,499000,Colonial,3,2.000,"Full,Unfinished",,11,8614.74,CL,3/05/2019,9/30/2019,3/19/2019,5/31/2019,13,Det,1,1,3106397
3291,,Weidner,Avenue,Oceanside,11572,479000,485000,Raised Ranch,3,2.000,"Full,Finished",,11,7777.44,CL,3/07/2019,10/31/2019,3/14/2019,7/18/2019,6,Det,1,1,3106957
558,,Anderson,Street,Baldwin,11510,499000,485000,Ranch,3,1.500,"Crawl,Unfinished",1 Car Attached,11,9613.40,CL,3/08/2019,8/08/2019,7/11/2019,10/25/2019,124,Det,1,1,3107349
88,,Roosevelt,Court,Carle Place,11514,558888,555500,Colonial,4,2.000,Full,1 Car Attached,11,13490.00,CL,3/20/2019,2/25/2020,7/24/2019,8/14/2019,126,Det,1,2,3110861
2457,,Fox,Avenue,Baldwin,11510,499000,505555,Cape,3,2.000,"Full,Finished",1 Car Detached,11,8118.78,CL,3/21/2019,9/21/2019,4/02/2019,6/14/2019,12,Det,1,1,3111210
2324,,Charing Cross,Road,Baldwin,11510,559000,570000,Cape,4,2.000,"Full,Partially Finished",1 Car Attached,11,9387.74,CL,3/26/2019,12/26/2019,4/17/2019,6/21/2019,22,Det,1,1,3112638
2497,,Fortesque,Avenue,Oceanside,11572,539000,550000,Ranch,3,2.000,"Full,Partially Finished",1 Car Attached,11,14814.12,CL,4/01/2019,9/30/2019,4/19/2019,7/16/2019,18,Det,1,1,3114358
2932,,Cleveland,Avenue,Oceanside,11572,479000,485000,Colonial,4,1.500,"Full,Unfinished",1 Car Detached,11,9630.37,CL,4/01/2019,7/01/2019,5/03/2019,6/14/2019,32,Det,1,1,3114518
315,W,Windsor,Parkway,Oceanside,11572,519000,515000,Split Level,4,2.000,"Full,Finished",,11,9807.87,CL,4/03/2019,10/03/2019,5/31/2019,8/12/2019,58,Det,1,1,3116246
102,,Concord,Avenue,Oceanside,11572,615000,589000,Split Level,3,2.000,"Crawl,Unfinished",,11,10869.06,CL,4/05/2019,10/31/2019,5/16/2019,7/01/2019,41,Det,1,1,3116299
50,,Joann,Court,Oceanside,11572,579000,545000,Hi Ranch,3,2.000,"None,Unfinished",,11,15000.00,CL,4/05/2019,10/31/2019,5/14/2019,7/30/2019,39,Det,1,1,3116409
82,S,Kensington,Avenue,Rockville Centre,11570,599000,585000,Colonial,3,2.000,"Full,Finished",1 Car Detached,11,12600.70,CL,4/09/2019,7/09/2019,6/04/2019,8/22/2019,56,Det,1,1,3117419
313,,Moore,Avenue,Oceanside,11572,479000,500000,Exp Ranch,3,1.000,"Crawl,Unfinished",1 Car Detached,11,12720.86,CL,4/10/2019,10/09/2019,4/30/2019,7/11/2019,20,Det,1,1,3117763
160,,Whitney,Street,Westbury,11590,639000,570000,2 Story,4,2.500,"Full,Partially Finished",,11,9212.57,CL,4/10/2019,9/30/2019,6/20/2019,7/29/2019,71,Det,1,1,3118080
3510,,Kings,Highway,Oceanside,11572,599000,585000,Colonial,4,2.500,"Crawl,Unfinished",1 Car Detached,11,0.00,CL,4/14/2019,10/14/2019,12/30/2019,2/26/2020,260,Det,1,1,3119181
2454,,Columbus,Avenue,Oceanside,11572,529000,507500,Cape,3,2.000,Full,1 Car Attached,11,8057.00,CL,4/24/2019,10/31/2019,6/05/2019,8/20/2019,42,Det,1,1,3121965
590,,Yale,Street,Oceanside,11572,498000,495000,Split Level,3,2.000,"Full,Finished",1 Car Attached,11,11942.48,CL,4/24/2019,10/31/2019,8/01/2019,10/16/2019,99,Det,1,1,3122947
426,,Bedell,Street,Oceanside,11572,585000,585000,Colonial,3,2.500,"Full,Finished",1 Car Detached,11,16296.00,CL,4/29/2019,4/29/2020,5/27/2019,7/31/2019,28,Det,1,1,3123777
433,,Broadway,,Carle Place,11514,559888,545000,Ranch,3,2.000,"Full,Finished",,11,5944.00,CL,4/30/2019,9/06/2019,7/02/2019,9/03/2019,63,Det,1,1,3123813
17,,Howard,Place,Oceanside,11572,579000,552500,Cape,4,2.000,"Full,Finished",1 Car Detached,11,11081.00,CL,4/30/2019,10/30/2019,6/21/2019,9/16/2019,52,Det,1,1,3124311
3003,,Trinity,Street,Oceanside,11572,549000,545000,Split Level,3,2.500,"Full,Finished",1 Car Attached,11,14814.15,CL,5/01/2019,11/01/2019,5/23/2019,7/23/2019,22,Det,1,1,3124602
3133,,Perry,Avenue,Oceanside,11572,549000,525000,Split Level,3,2.000,"Partial,Finished",1 Car Detached,11,9012.35,CL,5/02/2019,10/31/2019,8/27/2019,11/06/2019,117,Det,1,1,3124642
108,,Merle,Avenue,Oceanside,11572,595000,560000,Cape,4,2.000,"Full,Partially Finished",,11,14327.27,CL,5/03/2019,10/31/2019,6/03/2019,8/22/2019,31,Det,2,2,3125171
2489,,Loft,Avenue,Baldwin,11510,469999,490000,Cape,4,2.000,"Full,Finished",1 Car Detached,11,11063.66,CL,5/06/2019,11/11/2019,8/16/2019,10/17/2019,102,Det,1,1,3125727
316,,Center,Street,Oceanside,11572,549000,549000,Split Level,3,1.550,"Partial,Partially Finished",1 Car Attached,11,9758.00,CL,5/08/2019,11/30/2019,5/31/2019,8/26/2019,23,Det,1,1,3126753
70,,Howard,Place,Oceanside,11572,580000,558000,Colonial,4,2.000,"Full,Finished",1 Car Detached,11,15844.71,CL,5/15/2019,12/31/2019,12/03/2019,2/04/2020,202,Det,1,1,3128822
494,,Henry,Street,Oceanside,11572,499000,497000,Colonial,3,1.500,"Full,Unfinished",1 Car Detached,11,10337.72,CL,5/15/2019,11/30/2019,8/30/2019,11/08/2019,107,Det,1,1,3129069
3234,,Brower,Avenue,Oceanside,11572,539000,530000,Colonial,3,2.000,Full,,11,12721.00,CL,5/20/2019,5/20/2020,7/18/2019,8/28/2019,59,Det,1,1,3130447
2527,,Southard,Avenue,Oceanside,11572,539000,541500,Cape,3,2.000,"Full,Finished",1 Car Detached,11,12405.00,CL,5/29/2019,11/29/2019,7/25/2019,8/29/2019,57,Det,1,1,3132961
373,,Anchor,Avenue,Oceanside,11572,525000,510000,Colonial,5,2.000,Full,,11,16311.00,CL,5/29/2019,5/29/2020,12/06/2019,2/07/2020,191,Det,1,1,3135190
3362,,1st,Street,Oceanside,11572,520000,495000,Exp Cape,4,1.500,"Crawl,Unfinished",,11,10300.00,CL,6/10/2019,6/10/2020,8/15/2019,1/10/2020,66,Det,1,1,3137024
153,,Irma,Drive,Oceanside,11572,599900,590000,Split Level,3,2.500,"Full,Finished",1 Car Attached,11,15500.00,CL,6/12/2019,9/30/2019,8/22/2019,10/30/2019,71,Det,1,1,3137706
401,,Jordan,Street,Oceanside,11572,599000,585000,Split Level,3,2.000,"None,Unfinished",2 Car Attached,11,10354.00,CL,6/14/2019,12/15/2019,10/23/2019,2/04/2020,131,Det,1,1,3138605
2951,,Mills,Street,Oceanside,11572,489000,489000,Duplex,5,3.000,"Partial,Unfinished",,11,10257.19,CL,6/18/2019,12/31/2019,7/22/2019,10/11/2019,34,Det,1,1,3139501
2472,,Fox,Avenue,Baldwin,11510,499500,500000,Ranch,3,1.000,"Full,Finished",2 Car Detached,11,10656.91,CL,6/26/2019,12/25/2019,7/17/2019,8/30/2019,21,Det,1,1,3142010
92,,Harris,Drive,Oceanside,11572,549900,533000,Split Level,5,4.000,"Partial,Finished",,11,12865.76,CL,7/07/2019,10/03/2019,9/16/2019,10/31/2019,71,Det,1,1,3144778
151,,Vernon,Avenue,Rockville Centre,11570,599000,557000,Colonial,4,1.500,"Full,Partially Finished",1 Car Attached,11,18486.87,CL,7/11/2019,3/24/2020,11/07/2019,1/09/2020,119,Det,1,1,3146341
2422,,Loft,Avenue,Baldwin,11510,519000,510000,Colonial,4,2.000,"Full,Finished",,11,14041.10,CL,7/12/2019,1/11/2020,9/05/2019,10/29/2019,55,Det,1,1,3146923
2435,,Columbus,Avenue,Oceanside,11572,515000,520000,Exp Cape,4,2.000,"Full,Partially Finished",,11,9162.23,CL,7/16/2019,1/20/2020,9/04/2019,12/18/2019,50,Det,1,1,3147540
639,,Lakeview Ave,,Rockville Centre,11570,599000,585000,Cape,5,3.000,"Full,Partially Finished",1 Car Attached,11,18820.97,CL,7/25/2019,1/18/2020,9/19/2019,12/23/2019,56,Det,1,1,3150434
8,,Olive,Court,Rockville Centre,11570,599000,577500,Split Level,4,2.500,"Full,Unfinished",1 Car Attached,11,11208.00,CL,8/01/2019,11/01/2019,8/30/2019,11/15/2019,29,Det,1,1,3152407
2630,,Terrell,Avenue,Oceanside,11572,540000,525000,Colonial,3,1.500,"Full,Unfinished",1 Car Detached,11,15168.40,CL,8/08/2019,12/01/2019,10/24/2019,12/11/2019,77,Det,1,1,3154503
3411,,2nd,Street,Oceanside,11572,512900,495000,Exp Cape,4,1.500,"Crawl,Unfinished",1 Car Attached,11,10210.52,CL,8/16/2019,2/20/2020,10/28/2019,12/06/2019,73,Att,1,1,3156842
140,,Atlantic,Avenue,Oceanside,11572,525000,535000,Townhouse,3,2.500,"Full,Finished",,11,17052.00,CL,6/04/2019,12/31/2019,12/27/2019,3/06/2020,206,Att,1,1,3161736
460,,Anthony,Street,Oceanside,11572,499000,499000,Hi Ranch,4,2.500,,1 Car Attached,11,16166.75,CL,9/18/2019,3/31/2020,10/18/2019,12/23/2019,30,Det,1,2,3165350
247,,Weidner,Avenue,Oceanside,11572,549000,542500,Colonial,4,2.000,"Full,Finished",1 Car Attached,11,10501.25,CL,9/18/2019,3/28/2020,10/18/2019,1/03/2020,30,Det,1,1,3165523
3364,,5th,Street,Oceanside,11572,519000,519000,Split Level,4,1.500,"Partial,Finished",1 Car Attached,11,11429.50,CL,9/20/2019,3/20/2020,10/11/2019,12/30/2019,21,Det,1,1,3166117
10,,Winding,Road,Rockville Centre,11570,549000,535000,Cape,4,2.000,"Full,Partially Finished",1 Car Attached,11,11165.26,CL,9/20/2019,3/20/2020,10/29/2019,12/20/2019,39,Det,1,1,3166238
3275,,Shore,Road,Oceanside,11572,549000,535000,Hi Ranch,4,2.500,"None,Unfinished",2 Car Attached,11,13528.58,CL,9/28/2019,3/31/2020,11/15/2019,3/04/2020,48,Det,1,1,3168476
160,,Mott,Street,Oceanside,11572,525000,525000,Raised Ranch,4,2.000,"Full,Finished",,11,10873.84,CL,10/30/2019,4/30/2020,11/29/2019,2/26/2020,30,Det,1,1,3177260
394,W,Windsor,Parkway,Oceanside,11572,579000,525000,Exp Cape,3,2.000,"Full,Finished",1 Car Detached,11,8733.21,CL,11/15/2019,6/30/2020,12/18/2019,2/04/2020,33,Det,1,1,3180636
118,,Knollwood,Drive,Carle Place,11514,579000,530000,Ranch,3,2.000,"Full,Finished",,11,8507.16,CL,12/18/2019,12/18/2020,1/21/2020,3/18/2020,34,Det,1,1,3186962
3790,,Illona,Lane,Oceanside,11572,529000,525000,Hi Ranch,4,2.500,"None,Unfinished",2 Car Attached,11,9247.72,CL,12/01/2017,5/31/2018,1/02/2018,3/01/2018,32,Det,1,1,*1301719
2387,,Westlake,Avenue,Oceanside,11572,529000,522000,Colonial,4,2.000,"Full,Unfinished",1 Car Attached,11,10836.90,CL,7/01/2019,1/02/2020,8/06/2019,11/01/2019,36,Det,1,1,*1351339
47,,Thompson,Avenue,Oceanside,11572,535000,517000,Split Level,3,2.500,"None,Unfinished",1 Car Attached,11,12736.00,CL,3/01/2016,9/01/2016,3/31/2016,3/31/2017,29,Det,1,1,2832032
66,S,Kensington,Avenue,Rockville Centre,11570,549000,543000,Cape,4,1.000,"Full,Partially Finished",1 Car Detached,11,10447.36,CL,10/26/2016,3/17/2017,3/16/2017,4/17/2017,141,Det,1,1,2892522
78,,Virginia,Avenue,Oceanside,11572,585000,545000,Split Level,3,3.000,"Partial,Finished",1 Car Attached,11,10233.27,CL,10/28/2016,7/28/2017,1/31/2017,4/13/2017,95,Det,1,1,2893160
418,,Adeline,Street,Oceanside,11572,569000,569000,Hi Ranch,4,2.000,"None,Unfinished",1 Car Attached,11,12561.57,CL,1/11/2017,1/11/2018,2/04/2017,4/10/2017,24,Att,1,1,2906264
131,,Vernon,Avenue,Rockville Centre,11570,599000,585000,Colonial,3,1.500,"Full,Unfinished",,11,14141.00,CL,1/18/2017,7/18/2017,3/12/2017,5/22/2017,53,Det,1,1,2907687
3264,,Park,Avenue,Oceanside,11572,494900,490000,Exp Ranch,3,2.000,"Full,Finished",1 Car Attached,11,13880.00,CL,1/21/2017,7/30/2017,2/20/2017,5/09/2017,30,Det,1,1,2908313
9,,Henrietta,Avenue,Oceanside,11572,615000,600000,Exp Cape,4,3.000,"Full,Unfinished",2 Car Detached,11,13296.88,CL,2/02/2017,7/02/2017,3/24/2017,6/21/2017,49,Det,1,2,2911099
290,,Jerome,Avenue,Carle Place,11514,495000,485000,Cape,4,1.000,"None,Unfinished",1 Car Attached,11,9582.29,CL,2/04/2017,6/05/2017,3/08/2017,4/21/2017,32,Det,1,1,2911924
72,,Morningside,Drive,Westbury,11590,529000,520000,Colonial,4,2.000,"Full,Finished",1 Car Detached,11,11232.00,CL,2/27/2017,11/01/2017,3/30/2017,7/10/2017,30,Det,1,1,2916946
90,,Terrace,Drive,Carle Place,11514,579000,575000,Raised Ranch,6,2.000,"Full,Finished",1 Car Attached,11,13981.79,CL,2/28/2017,9/01/2017,5/02/2017,6/22/2017,62,Det,1,1,2917119
3328,,Bayfield,Boulevard,Oceanside,11572,545000,528800,Colonial,4,3.000,"Full,Finished",1 Car Attached,11,10554.00,CL,2/28/2017,8/01/2017,6/12/2017,8/23/2017,103,Det,1,1,2917231
2575,,Eileen,Road,Oceanside,11572,550000,550500,Ranch,3,2.000,"Full,Finished",1 Car Attached,11,9247.72,CL,3/03/2017,7/01/2017,3/20/2017,5/19/2017,16,Det,1,1,2918251
3,,Howard,Court,Carle Place,11514,599000,590000,Cape,3,1.500,"None,Unfinished",1 Car Attached,11,13141.43,CL,3/07/2017,8/08/2017,5/31/2017,9/08/2017,84,Det,1,1,2919217
8,,Vine,Court,Carle Place,11514,599000,585000,Exp Cape,3,2.000,"None,Unfinished",1 Car Attached,11,11866.74,CL,3/08/2017,9/08/2017,4/27/2017,6/27/2017,49,Det,1,1,2919575
2800,,Stewart,Avenue,Oceanside,11572,585000,570000,Colonial,5,2.000,"Full,Finished",1 Car Attached,11,13485.46,CL,3/27/2017,10/27/2017,6/16/2017,8/10/2017,81,Det,1,1,2924197
207,,Roslyn Avenue,,Carle Place,11514,599000,545000,Exp Cape,6,2.000,"Full,Finished",,11,11423.14,CL,3/29/2017,9/29/2017,5/02/2017,7/20/2017,34,Det,1,2,2925156
402,,Foxdale,Avenue,Oceanside,11572,529000,510000,Exp Cape,4,2.000,"Full,Finished",2 Car Detached,11,10381.93,CL,4/17/2017,10/31/2017,5/10/2017,7/14/2017,23,Det,1,1,2929668
2727,,Evans,Road,Oceanside,11572,560000,560000,Colonial,3,2.000,"Full,Unfinished",1 Car Detached,11,10530.58,CL,4/19/2017,10/31/2017,5/16/2017,8/15/2017,27,Det,1,1,2930674
5,,Gifford,Avenue,Oceanside,11572,525000,500000,Exp Cape,4,2.000,"Full,Partially Finished",1 Car Attached,11,9660.00,CL,4/21/2017,10/17/2017,5/11/2017,8/11/2017,20,Det,1,1,2931329
254,,Jackson,Street,Oceanside,11572,549000,549000,Colonial,3,3.000,"Full,Partially Finished",,11,10730.17,CL,4/21/2017,9/21/2017,7/20/2017,9/15/2017,90,Det,1,1,2931704
146,,Virginia,Avenue,Oceanside,11572,589000,585000,Split Level,3,2.000,"None,Unfinished",1 Car Attached,11,13852.16,CL,4/27/2017,1/26/2018,5/15/2017,6/26/2017,18,Det,1,1,2933193
2951,,Stanley,Place,Oceanside,11572,535000,535000,Split Level,3,2.500,"Full,Unfinished",1 Car Attached,11,9202.86,CL,5/12/2017,9/08/2017,6/03/2017,7/20/2017,22,Det,1,1,2937676
365,,Bayside,Avenue,Oceanside,11572,569900,569900,Ranch,4,2.000,"None,Unfinished",,11,11532.00,CL,5/19/2017,11/18/2017,9/19/2017,12/20/2017,123,Det,1,1,2939867
61,,Elaine,Drive,Oceanside,11572,589000,589000,Hi Ranch,4,2.000,"None,Unfinished",1 Car Attached,11,10554.00,CL,5/23/2017,11/18/2017,7/07/2017,9/26/2017,45,Det,1,1,2940872
14,,Morningside,Drive,Westbury,11590,639000,600000,Cape,4,2.500,"Full,Finished",1 Car Detached,11,9398.09,CL,5/30/2017,5/30/2018,9/14/2017,10/20/2017,107,Det,2,2,2942575
496,,Wateredge,Avenue,Baldwin,11510,589000,585000,Colonial,4,2.000,"Full,Finished",,11,13960.00,CL,6/02/2017,12/31/2017,7/07/2017,8/31/2017,35,Det,1,1,2943751
265,,Madison,Avenue,Oceanside,11572,549000,549000,Exp Cape,3,2.000,"Full,Finished",1 Car Attached,11,9334.53,CL,6/07/2017,9/07/2017,7/11/2017,8/30/2017,34,Att,1,1,2944984
3441,,Frederick,Street,Oceanside,11572,549000,535000,Exp Cape,3,2.000,"Full,Partially Finished",1 Car Attached,11,11853.44,CL,6/10/2017,12/09/2017,8/28/2017,9/19/2017,79,Det,1,1,2946065
2831,,River,Avenue,Oceanside,11572,559000,548500,Farm Ranch,5,2.000,"None,Unfinished",,11,10840.00,CL,6/13/2017,12/09/2017,9/15/2017,10/23/2017,94,Det,1,1,2946497
505,,Ayers,Place,Oceanside,11572,579990,550000,Colonial,5,3.000,"Full,Unfinished",2 Car Detached,11,16834.28,CL,6/18/2017,12/31/2017,9/18/2017,12/15/2017,92,Det,1,1,2948021
2718,,Harrison,Avenue,Oceanside,11572,599000,525000,2 Story,6,3.000,"Full,Finished",,11,10593.00,CL,7/15/2017,1/15/2018,8/21/2017,10/11/2017,37,Det,1,2,2955424
140,,Vernon,Avenue,Rockville Centre,11570,599000,570000,Colonial,4,1.500,"Full,Finished",2 Car Detached,11,15512.50,CL,7/17/2017,1/10/2018,9/11/2017,11/01/2017,56,Det,1,1,2956028
2581,,Eileen,Road,Oceanside,11572,550000,550000,Ranch,3,2.000,"Full,Finished",,11,8290.00,CL,7/19/2017,3/19/2018,8/09/2017,11/20/2017,21,Det,1,1,2956972
2948,,Deen,Street,Oceanside,11572,619000,590000,Hi Ranch,4,3.000,"Full,Finished",1 Car Attached,11,12160.06,CL,7/26/2017,7/26/2018,1/23/2018,4/03/2018,181,Det,1,1,2958383
31,,Merle,Avenue,Oceanside,11572,515000,500000,Colonial,3,2.500,"Partial,Finished",2 Car Detached,11,14038.00,CL,8/01/2017,2/01/2018,12/21/2017,1/24/2018,142,Det,2,2,2959831
3480,,Weidner,Avenue,Oceanside,11572,499900,487500,Hi Ranch,5,2.000,"None,Unfinished",,11,10754.79,CL,8/07/2017,9/07/2017,8/29/2017,11/22/2017,22,Det,1,1,2961352
526,,Starks,Place,Baldwin,11510,529000,515000,Hi Ranch,4,2.000,"None,Unfinished",2 Car Attached,11,10023.46,CL,8/11/2017,5/31/2018,9/27/2017,12/19/2017,47,Det,1,1,2962598
66,,Montgomery,Avenue,Oceanside,11572,599000,580000,Colonial,3,3.000,"Full,Unfinished",1 Car Detached,11,14496.00,CL,8/23/2017,2/20/2018,9/20/2017,11/27/2017,28,Det,1,1,2965601
225,,Elizabeth,Avenue,Oceanside,11572,510000,518000,Bungalow,5,2.000,"Full,Unfinished",1 Car Detached,11,10998.54,CL,8/28/2017,2/28/2018,9/11/2017,12/27/2017,14,Det,1,1,2966652
24,,Stuart,Place,Oceanside,11572,559000,545000,Exp Cape,4,2.000,"Full,Finished",2 Car Detached,11,8474.78,CL,9/07/2017,3/07/2018,10/05/2017,12/08/2017,28,Det,1,1,2969119
313,,Weidner,Avenue,Oceanside,11572,549000,540000,Exp Cape,3,2.000,"None,Unfinished",,11,12446.50,CL,9/07/2017,3/31/2018,10/08/2017,12/15/2017,31,Det,1,1,2969391
178,,Lincoln Avenue,,Rockville Centre,11570,599000,578888,Ranch,3,3.000,"Full,Finished",,11,12652.00,CL,9/20/2017,4/20/2018,10/21/2017,1/17/2018,31,Det,1,1,2972434
33,,Rodney,Place,Rockville Centre,11570,549000,544000,Colonial,4,1.500,"Full,Unfinished",1 Car Attached,11,15009.05,CL,9/21/2017,3/16/2018,10/14/2017,12/20/2017,23,Det,1,1,2972749
72,,Henrietta,Avenue,Oceanside,11572,579000,580000,Split Level,4,1.500,"Crawl,Unfinished",,11,15558.57,CL,9/19/2017,9/19/2018,10/18/2017,11/16/2017,29,Det,1,1,2972842
3441,,5th,Street,Oceanside,11572,579000,575000,Split Level,3,2.500,"Crawl,Unfinished",1 Car Attached,11,10152.51,CL,9/26/2017,3/31/2018,10/23/2017,12/21/2017,27,Det,1,1,2974115
216,,Chance,Drive,Oceanside,11572,589900,567300,Colonial,4,2.000,"None,Unfinished",1 Car Attached,11,13766.11,CL,10/16/2017,3/30/2018,1/10/2018,2/21/2018,86,Det,1,1,2978809
142,,Greystone,Road,Rockville Centre,11570,549000,538000,Cape,4,2.000,"Full,Unfinished",1 Car Attached,11,13267.32,CL,11/03/2017,4/28/2018,12/04/2017,2/01/2018,31,Det,1,1,2983086
41,,Thompson,Avenue,Oceanside,11572,549000,525000,Split Level,3,2.500,"None,Unfinished",1 Car Attached,11,12690.00,CL,11/29/2017,11/12/2018,12/26/2017,3/29/2018,27,Det,1,1,2988290
248,,Glen Cove,Road,Carle Place,11514,529000,529000,Colonial,5,2.000,"Full,Finished",1 Car Detached,11,10398.31,CL,12/08/2017,9/01/2018,6/08/2018,6/22/2018,181,Det,1,1,2990299
293,,Virginia,Avenue,Oceanside,11572,529000,520000,Split Level,4,2.500,"Crawl,Unfinished",,11,12905.75,CL,12/11/2017,12/11/2018,5/31/2018,8/09/2018,170,Det,1,1,2991005
225,,Windsor,Avenue,Rockville Centre,11570,549000,515000,Colonial,4,1.500,"Full,Partially Finished",2 Car Detached,11,13758.44,CL,12/22/2017,6/15/2018,1/19/2018,3/30/2018,28,Det,1,1,2992607
349,,Vermont,Avenue,Oceanside,11572,499000,495000,Hi Ranch,4,2.500,"None,Unfinished",2 Car Attached,11,13828.41,CL,1/11/2018,7/11/2018,3/09/2018,6/20/2018,57,Det,1,1,2995819
3689,,Carrel,Boulevard,Oceanside,11572,579000,550000,Hi Ranch,4,2.000,"None,Unfinished",2 Car Attached,11,10587.14,CL,1/19/2018,7/31/2018,4/06/2018,8/01/2018,76,Det,1,1,2997835
39,N,Long Beach,Road,Rockville Centre,11570,579000,555000,Exp Cape,3,2.000,"Full,Unfinished",1 Car Attached,11,14559.77,CL,1/24/2018,7/01/2018,3/08/2018,5/10/2018,43,Det,2,2,2998879
117,E,Lexington,Avenue,Oceanside,11572,520000,500000,Split Level,3,2.000,"None,Unfinished",,11,9026.00,CL,2/02/2018,7/30/2018,4/05/2018,6/22/2018,61,Det,1,1,3001396
3352,,Woodward,Street,Oceanside,11572,629000,590000,Exp Ranch,4,2.500,"None,Unfinished",,11,11586.78,CL,2/07/2018,9/07/2018,5/31/2018,8/21/2018,112,Det,1,1,3002707
2491,,Columbus,Avenue,Oceanside,11572,539000,555000,Exp Cape,3,2.000,"Full,Finished",1 Car Detached,11,10655.57,CL,2/08/2018,8/20/2018,3/02/2018,4/16/2018,22,Det,1,1,3003205
3238,,Ocean Harbor,Drive,Oceanside,11572,600000,560000,Hi Ranch,4,2.500,"None,Unfinished",,11,13661.80,CL,2/20/2018,8/01/2018,5/27/2018,7/11/2018,95,Det,1,1,3005844
473,,Matthew,Street,Oceanside,11572,599000,584000,Splanch,4,3.000,"Partial,Finished",1 Car Attached,11,14897.75,CL,2/21/2018,8/07/2018,4/23/2018,7/09/2018,60,Det,1,1,3006186
3380,,Weidner,Avenue,Oceanside,11572,625000,590000,Duplex,4,3.000,"Full,Finished",2 Car Detached,11,10234.00,CL,3/01/2018,9/01/2018,4/25/2018,6/29/2018,54,Det,2,2,3008542
2324,,Saratoga,Street,Oceanside,11572,489000,489500,Cape,4,3.000,"Full,Finished",1 Car Detached,11,11482.00,CL,3/19/2018,4/10/2018,3/28/2018,5/18/2018,9,Det,1,1,3013135
1,,Clearland,Avenue,Carle Place,11514,615000,600000,Exp Ranch,6,3.000,"Full,Finished",1 Car Attached,11,10652.56,CL,3/19/2018,11/01/2018,4/16/2018,6/28/2018,28,Det,1,1,3013324
168,,Soper,Street,Oceanside,11572,579000,580000,2 Story,6,3.000,"Full,Finished",2 Car Detached,11,10595.00,CL,3/20/2018,12/31/2018,8/22/2018,11/08/2018,155,Det,1,1,3013595
3400,,5th,Street,Oceanside,11572,518000,507500,Hi Ranch,4,2.500,"None,Unfinished",1 Car Attached,11,13449.25,CL,4/09/2018,8/08/2018,5/18/2018,7/06/2018,39,Det,1,1,3018781
3646,E,Oceanside,Road,Oceanside,11572,549000,530000,Hi Ranch,4,3.000,"None,Unfinished",1 Car Attached,11,10934.00,CL,4/11/2018,10/30/2018,5/01/2018,6/27/2018,20,Det,1,1,3020214
2963,,Roxbury,Road,Oceanside,11572,520000,520000,Exp Cape,4,2.000,"None,Unfinished",1 Car Attached,11,13163.13,CL,4/19/2018,12/31/2018,5/25/2018,9/26/2018,36,Det,1,1,3022156
58,,Perkins,Avenue,Oceanside,11572,549000,550000,Colonial,3,2.500,"Full,Unfinished",,11,12250.00,CL,5/01/2018,9/28/2018,8/20/2018,10/22/2018,111,Det,1,1,3025513
101,,Broadmoor,Lane,Carle Place,11514,507000,495000,Colonial,4,1.500,"Full,Partially Finished",,11,10829.06,CL,5/11/2018,2/15/2019,9/13/2018,10/25/2018,125,Det,1,1,3029261
2913,,Marlborough,Road,Oceanside,11572,549000,550000,Exp Cape,3,2.000,"Partial,Unfinished",,11,12526.56,CL,5/15/2018,11/15/2018,6/07/2018,8/16/2018,23,Det,1,1,3030342
300,E,Lexington,Avenue,Oceanside,11572,569000,549000,Split Level,3,2.500,"Crawl,Unfinished",,11,13160.92,CL,5/16/2018,11/15/2018,9/04/2018,3/01/2019,111,Det,1,1,3030881
3438,,4th,Street,Oceanside,11572,539900,505000,Split Level,3,2.500,"Partial,Finished",1 Car Attached,11,9845.70,CL,5/23/2018,11/15/2019,10/03/2018,11/14/2018,133,Det,1,1,3032894
3242,,Harold,Street,Oceanside,11572,499000,510000,Cape,4,2.000,"Full,Finished",,11,10738.59,CL,5/29/2018,11/29/2018,6/15/2018,8/30/2018,17,Det,1,1,3034296
313,,Jordan,Street,Oceanside,11572,589000,575000,Raised Ranch,4,3.000,"None,Unfinished",1 Car Attached,11,11426.49,CL,6/01/2018,10/31/2018,7/25/2018,10/17/2018,54,Det,1,1,3035399
2938,,Higgins,Street,Oceanside,11572,595000,595000,Hi Ranch,4,2.000,"None,Unfinished",2 Car Attached,11,10511.37,CL,6/04/2018,9/30/2018,7/06/2018,9/19/2018,32,Det,1,1,3036087
211,,Manhattan,Avenue,Westbury,11590,529000,515000,Exp Cape,5,2.000,Full,,11,7236.36,CL,6/06/2018,12/06/2018,8/13/2018,10/05/2018,68,Det,1,1,3037216
3017,,Moreland,Avenue,Oceanside,11572,645000,592000,Split Level,4,3.000,"Partial,Finished",2 Car Attached,11,16024.00,CL,6/11/2018,6/09/2019,9/20/2018,11/01/2018,101,Det,1,1,3038454
109,W,Cortland,Avenue,Oceanside,11572,549000,545000,Exp Cape,5,2.000,"Crawl,Unfinished",1 Car Detached,11,9299.73,CL,6/14/2018,2/28/2019,10/26/2018,12/07/2018,134,Det,1,1,3039741
19,,Greenway,,Rockville Centre,11570,519000,500000,Cape,4,2.500,Full,,11,17372.16,CL,4/11/2018,9/30/2018,8/28/2018,10/15/2018,139,Det,1,1,3042581
2517,,Rockville Centre,Parkway,Oceanside,11572,549000,525000,Colonial,3,2.500,"Full,Finished",,11,14237.34,CL,6/26/2018,6/26/2019,1/29/2019,5/10/2019,217,Det,1,1,3042954
434,,Wanamaker,Street,Oceanside,11572,599000,590000,Hi Ranch,4,2.000,"None,Unfinished",,11,13283.13,CL,6/28/2018,10/31/2018,7/17/2018,10/19/2018,19,Det,1,1,3043766
3316,,Weidner,Avenue,Oceanside,11572,549000,520000,Hi Ranch,4,2.000,"None,Unfinished",1 Car Attached,11,9262.00,CL,6/30/2018,12/31/2018,8/16/2018,11/01/2018,47,Det,1,1,3044528
247,,Merrifield,Avenue,Oceanside,11572,559000,537000,Tudor,3,1.500,"Full,Finished",1 Car Detached,11,9693.51,CL,7/02/2018,12/22/2018,10/24/2018,1/14/2019,114,Det,1,1,3044853
477,,Deirving,Street,Oceanside,11572,548888,540000,Raised Ranch,3,2.000,"None,Unfinished",1 Car Attached,11,13252.85,CL,3/17/2018,12/31/2018,8/10/2018,10/29/2018,146,Det,1,1,3045521
290,,Foxhurst,Road,Oceanside,11572,569000,569000,Exp Cape,4,3.000,"Full,Finished",1 Car Attached,11,11411.17,CL,7/11/2018,12/31/2018,7/30/2018,9/17/2018,19,Det,1,1,3047304
90,W,Cortland,Avenue,Oceanside,11572,559000,525000,Colonial,6,3.000,"Full,Finished",1 Car Detached,11,10965.79,CL,7/10/2018,7/07/2019,1/10/2019,5/01/2019,184,Det,1,1,3047478
226,,Hoke,Avenue,Oceanside,11572,515000,545000,Colonial,4,2.000,"Full,Partially Finished",2 Car Detached,11,10859.00,CL,8/03/2018,1/29/2019,10/16/2018,1/14/2019,74,Det,1,1,3054302
9,,Greenway,,Rockville Centre,11570,499000,515000,Split Level,3,2.500,"Partial,Partially Finished",1 Car Attached,11,15561.99,CL,8/06/2018,2/06/2019,8/29/2018,11/01/2018,23,Det,1,1,3054648
2665,,Windsor,Avenue,Oceanside,11572,519000,515000,Colonial,3,2.000,"Full,Finished",,11,12071.00,CL,8/08/2018,2/07/2019,8/29/2018,10/25/2018,21,Det,1,1,3055395
3319,,Fulton,Avenue,Oceanside,11572,543900,535000,Split Level,3,3.000,"Crawl,Unfinished",1 Car Attached,11,11169.69,CL,8/16/2018,8/10/2019,10/29/2018,1/18/2019,74,Det,1,1,3057754
288,,Jamaica,Boulevard,Carle Place,11514,529000,535000,Exp Cape,3,2.000,"None,Unfinished",1 Car Detached,11,10123.89,CL,8/17/2018,2/17/2019,9/08/2018,10/30/2018,22,Det,1,1,3058051
263,,Dow,Avenue,Carle Place,11514,589000,580000,Cape,4,2.000,"Full,Finished",1 Car Attached,11,8273.55,CL,8/17/2018,1/15/2019,10/08/2018,12/11/2018,52,Det,1,1,3058100
110,,Davison Avenue,,Oceanside,11572,599999,600000,Exp Cape,3,2.500,"Full,Finished",,11,11535.00,CL,8/17/2018,2/14/2019,1/14/2019,4/30/2019,150,Det,1,1,3058120
2937,,Cleveland,Avenue,Oceanside,11572,499000,500000,Colonial,3,1.500,"Full,Unfinished",,11,8754.45,CL,8/21/2018,2/21/2019,9/17/2018,12/10/2018,27,Det,1,1,3058767
3448,,Poplar,Street,Oceanside,11572,599000,590000,Split Level,4,2.500,"Full,Unfinished",1 Car Attached,11,13647.00,CL,8/21/2018,6/30/2019,6/06/2019,8/21/2019,289,Det,1,1,3058783
131,,Knollwood,Drive,Carle Place,11514,579000,540000,Ranch,3,3.000,"Full,Finished",,11,12793.61,CL,8/22/2018,8/20/2019,9/18/2018,11/09/2018,27,Det,1,1,3059256
3318,,Murdock,Avenue,Oceanside,11572,535000,520000,Ranch,3,2.000,"Full,Finished",,11,12768.17,CL,8/22/2018,2/08/2019,11/08/2018,12/21/2018,78,Det,1,1,3059261
160,,Lincoln,Avenue,Rockville Centre,11570,599000,600000,Colonial,4,1.500,Partial,,11,17774.39,CL,9/10/2018,5/17/2019,3/21/2019,6/21/2019,192,Det,1,1,3063720
580,,Edwards,Street,Baldwin,11510,569000,560000,Split Level,4,3.000,"Partial,Unfinished",2 Car Attached,11,16819.61,CL,9/14/2018,2/07/2019,10/08/2018,11/30/2018,24,Det,1,1,3065243
20,,Owen St,,Westbury,11590,588000,568000,Exp Cape,5,2.000,"Full,Unfinished",,11,12455.03,CL,9/12/2018,12/31/2018,12/06/2018,1/28/2019,85,Det,1,1,3065462
482,,Allen,Avenue,Baldwin,11510,539000,545000,Exp Cape,3,2.000,"Full,Partially Finished",1 Car Detached,11,13177.00,CL,9/20/2018,4/02/2019,10/19/2018,12/13/2018,29,Det,1,1,3066635
3424,,3rd,Street,Oceanside,11572,499000,499000,Cape,3,1.000,"None,Unfinished",2 Car Detached,11,10753.00,CL,9/26/2018,3/17/2019,10/10/2018,11/28/2018,14,Det,1,1,3068503
3353,,Oceanside,Road,Oceanside,11572,489000,482000,Splanch,5,2.500,"Partial,Unfinished",1 Car Attached,11,10613.00,CL,10/04/2018,3/22/2019,11/02/2018,12/20/2018,29,Det,1,1,3070681
41,,Harvard,Street,Westbury,11590,549000,550000,Cape,4,2.000,"Full,Unfinished",1 Car Attached,11,16676.55,CL,10/07/2018,6/30/2019,10/25/2018,2/25/2019,18,Det,1,1,3071575
142,,George,Place,Oceanside,11572,499999,525000,Cape,4,3.000,"Full,Finished",,11,13904.00,CL,10/22/2018,10/22/2019,11/14/2018,12/24/2018,23,Det,1,1,3075318
112,,Fenway,,Rockville Centre,11570,589000,562500,Ranch,3,2.000,"Full,Partially Finished",1 Car Attached,11,11364.58,CL,11/02/2018,4/20/2019,12/14/2018,2/15/2019,42,Det,1,1,3078294
118,,Park,Avenue,Carle Place,11514,539000,520000,Cape,5,1.000,"None,Unfinished",1 Car Attached,11,11342.36,CL,11/16/2018,5/15/2019,1/18/2019,3/07/2019,63,Det,1,1,3081686
3512,,De Irving,Street,Oceanside,11572,559000,520000,Hi Ranch,5,2.000,"None,Unfinished",1 Car Attached,11,15330.16,CL,11/16/2018,11/16/2019,6/21/2019,9/18/2019,216,Det,1,1,3081763
3759,,Illona,Lane,Oceanside,11572,560000,552500,Hi Ranch,4,2.500,"None,Unfinished",2 Car Attached,11,9807.87,CL,11/19/2018,5/31/2019,3/27/2019,7/15/2019,127,Det,1,1,3082195
84,,Rose,Avenue,Westbury,11590,579000,555000,Hi Ranch,6,2.550,"Full,Unfinished",1 Car Attached,11,16550.35,CL,11/20/2018,8/15/2019,2/22/2019,4/29/2019,94,Det,1,1,3082354
2286,,Charing Cross,Road,Baldwin,11510,559000,560000,Cape,4,2.000,"Full,Finished",1 Car Attached,11,10801.72,CL,12/03/2018,6/03/2019,2/25/2019,4/09/2019,84,Det,1,1,3084854
3068,,Lincoln,Avenue,Oceanside,11572,525000,495000,Split Level,4,2.000,"Partial,Finished",,11,11477.54,CL,12/13/2018,6/05/2019,1/21/2019,3/25/2019,39,Det,1,1,3086897
3,,Garson,Road,Carle Place,11514,589000,560000,Cape,6,2.000,"Full,Partially Finished",2 Car Detached,11,7688.89,CL,1/04/2019,7/04/2019,6/05/2019,7/11/2019,151,Det,1,1,3090559
3180,,4th,Street,Oceanside,11572,489000,489000,Split Level,3,2.000,"Crawl,Unfinished",,11,10901.30,CL,1/15/2019,7/31/2019,2/12/2019,4/12/2019,28,Det,1,1,3093393
3529,,Bayfield,Boulevard,Oceanside,11572,599500,592000,Split Level,4,2.500,"Partial,Finished",,11,11383.34,CL,1/16/2019,7/16/2019,4/12/2019,7/16/2019,85,Det,1,1,3093921
124,,Pine,Street,Oceanside,11572,599000,575000,Colonial,4,2.500,"Full,Finished",1 Car Attached,11,13896.32,CL,1/23/2019,7/15/2019,7/08/2019,10/10/2019,165,Det,1,1,3095465
306,W,Henrietta,Avenue,Oceanside,11572,579000,560000,Split Level,4,2.500,"Crawl,Unfinished",,11,17756.64,CL,1/23/2019,10/20/2019,7/25/2019,10/08/2019,182,Det,1,1,3095767
222,,Sunnyside,Road,Oceanside,11572,579000,558000,Contemporary,5,2.000,"None,Unfinished",2 Car Detached,11,15407.36,CL,1/30/2019,7/30/2019,4/24/2019,5/22/2019,83,Det,1,1,3097248
3453,,Frederick,Street,Oceanside,11572,619000,600000,Split Level,4,2.500,"Partial,Finished",1 Car Attached,11,12463.00,CL,2/01/2019,9/01/2019,4/26/2019,7/25/2019,83,Det,1,1,3097822
5-7,,Merle,Avenue,Oceanside,11572,549000,549000,Colonial,5,3.000,"Full,Finished",2 Car Detached,11,12700.00,CL,11/12/2018,5/31/2019,3/07/2019,4/26/2019,115,Det,2,2,3098624
159,,Chamberlin,Street,Oceanside,11572,549000,515000,Colonial,4,2.000,"Crawl,Unfinished",1 Car Detached,11,9305.14,CL,2/06/2019,10/05/2019,7/29/2019,10/03/2019,172,Det,1,1,3099128
32,,Woods Place,,Rockville Centre,11570,495000,485000,Colonial,3,2.000,"Full,Partially Finished",1 Car Detached,11,14381.43,CL,2/22/2019,8/31/2019,3/11/2019,4/25/2019,16,Det,1,1,3103378
535,,Gifford,Avenue,Oceanside,11572,549900,538000,Exp Cape,3,2.000,"Full,Unfinished",1 Car Detached,11,10080.06,CL,2/26/2019,2/26/2020,4/17/2019,7/01/2019,49,Det,1,1,3103972
3780,,Greentree,Drive,Oceanside,11572,599000,590000,Splanch,4,2.500,"Partial,Partially Finished",1 Car Attached,11,17266.56,CL,3/01/2019,9/01/2019,4/04/2019,7/27/2019,33,Det,1,1,3105038
3061,,Ellen Terry,Drive,Oceanside,11572,575000,568000,Colonial,4,2.000,"Full,Partially Finished",,11,9952.13,CL,3/06/2019,9/06/2019,4/12/2019,6/27/2019,36,Det,2,2,3106440
3078,,Erwin,Place,Oceanside,11572,599000,595000,Contemporary,4,3.000,"Crawl,Unfinished",,11,12288.67,CL,3/09/2019,9/30/2019,8/30/2019,10/23/2019,173,Det,1,1,3107672
136,S,Forest,Avenue,Rockville Centre,11570,579000,597000,Cape,4,2.000,"Full,Partially Finished",1 Car Attached,11,12479.81,CL,3/18/2019,9/18/2019,4/06/2019,6/04/2019,19,Det,1,1,3110389
2848,,Weeks,Avenue,Oceanside,11572,549000,549000,Colonial,3,2.000,"Full,Partially Finished",,11,10273.00,CL,3/20/2019,9/15/2019,4/11/2019,6/13/2019,22,Det,1,1,3110798
2900,,Saint Johns,Road,Oceanside,11572,579000,579000,Exp Cape,5,2.500,"Full,Partially Finished",2 Car Detached,11,12216.36,CL,3/22/2019,9/20/2019,5/21/2019,6/21/2019,60,Det,1,1,3111844
1,,Carter,Avenue,Oceanside,11572,529000,515000,Colonial,4,2.500,"Full,Unfinished",,11,12495.43,CL,1/17/2019,10/07/2019,8/22/2019,11/01/2019,216,Det,1,1,3112595
3236,,Harold,Street,Oceanside,11572,589000,585000,Colonial,6,2.000,"Full,Finished",,11,14095.00,CL,4/03/2019,10/01/2019,4/30/2019,7/01/2019,27,Det,1,1,3115303
101,,Moore,Avenue,Oceanside,11572,529500,529500,Colonial,3,2.000,"Full,Finished",1 Car Detached,11,10208.89,CL,4/04/2019,10/05/2019,6/18/2019,8/22/2019,75,Det,1,1,3115880
166,,Virginia,Avenue,Oceanside,11572,615000,599000,Split Level,3,2.500,"Crawl,Unfinished",1 Car Attached,11,9709.74,CL,4/04/2019,1/15/2020,5/23/2019,10/11/2019,49,Det,1,1,3115984
48,,Virginia,Avenue,Oceanside,11572,629000,600000,Split Level,3,2.000,"Crawl,Unfinished",1 Car Attached,11,11609.80,CL,4/04/2019,1/15/2020,8/29/2019,11/27/2019,147,Det,1,1,3116005
354,,Clive,Avenue,Oceanside,11572,567000,570000,Exp Ranch,4,3.000,"Full,Partially Finished",1 Car Attached,11,10306.38,CL,4/11/2019,10/02/2019,4/26/2019,8/22/2019,15,Det,1,1,3117730
2425,,Soper,Avenue,Baldwin,11510,519000,492000,Tudor,3,1.500,"Full,Finished",1 Car Detached,11,8980.00,CL,4/10/2019,10/10/2019,5/03/2019,5/23/2019,23,Det,1,1,3118140
147,,Cecelia,Place,Oceanside,11572,628000,598000,Hi Ranch,4,2.000,"None,Unfinished",,11,12902.95,CL,4/11/2019,11/07/2019,11/08/2019,1/07/2020,211,Det,1,1,3118218
86,,Harris,Drive,Oceanside,11572,580000,575000,Hi Ranch,4,2.000,"None,Unfinished",1 Car Attached,11,14991.27,CL,4/14/2019,10/07/2019,5/31/2019,7/31/2019,47,Det,1,2,3119255
555,,Anderson,Street,Baldwin,11510,579000,550000,Hi Ranch,4,2.500,"None,Unfinished",,11,10845.76,CL,1/14/2019,8/01/2019,6/25/2019,11/12/2019,161,Det,1,1,3119821
633,,Chelsea,Road,Oceanside,11572,525000,507000,Exp Ranch,3,1.500,"None,Unfinished",,11,10005.58,CL,4/16/2019,11/16/2019,8/01/2019,10/16/2019,107,Det,1,1,3119973
414,,Jackson,Street,Oceanside,11572,589999,575000,Colonial,5,2.000,"Partial,Partially Finished",1 Car Detached,11,12521.00,CL,4/23/2019,11/02/2019,5/16/2019,7/12/2019,23,Det,1,1,3121751
3152,,Brower,Avenue,Oceanside,11572,539000,545000,Ranch,3,2.000,"Full,Finished",1 Car Attached,11,10836.87,CL,4/24/2019,10/08/2019,6/20/2019,9/04/2019,57,Det,1,1,3121946
2611,,Soper,Avenue,Baldwin,11510,499000,490000,Colonial,5,2.000,Full,,11,15407.78,CL,4/25/2019,8/21/2019,6/19/2019,10/30/2019,55,Det,1,1,3122625
546,,Rebecca Ln,,Oceanside,11572,599000,584000,Colonial,3,2.500,"None,Unfinished",,11,15007.38,CL,5/09/2019,12/31/2019,7/28/2019,10/29/2019,80,Det,1,1,3127028
118,,Roosevelt,Street,Oceanside,11572,549000,555000,Colonial,3,1.500,"Full,Unfinished",3 Car Detached,11,9178.32,CL,5/10/2019,11/10/2019,5/24/2019,8/16/2019,14,Det,1,1,3127575
2685,,Terrell,Avenue,Oceanside,11572,579000,565000,Colonial,3,1.500,Full,,11,8530.00,CL,5/15/2019,8/14/2019,5/30/2019,8/06/2019,15,Det,1,1,3129116
94,,Howard,Place,Oceanside,11572,499999,500000,Colonial,3,2.000,"Full,Finished",,11,12060.63,CL,5/22/2019,5/18/2020,6/19/2019,9/05/2019,28,Det,1,1,3131124
3038,,Xavier,Place,Oceanside,11572,589000,570000,Exp Cape,4,2.000,"Crawl,Unfinished",1 Car Detached,11,14459.90,CL,5/24/2019,11/24/2019,8/14/2019,9/24/2019,82,Det,1,1,3132011
2524,,Columbus,Avenue,Oceanside,11572,529000,545000,Colonial,3,1.500,"Full,Partially Finished",1 Car Detached,11,12769.15,CL,5/28/2019,11/28/2019,6/27/2019,8/28/2019,30,Det,1,1,3132440
110,,Greystone,Road,Rockville Centre,11570,515000,515000,Cape,4,1.000,"Full,Partially Finished",1 Car Attached,11,13547.00,CL,5/29/2019,11/29/2019,8/13/2019,10/09/2019,76,Det,1,1,3132917
68,,Harris,Drive,Oceanside,11572,609900,595000,Hi Ranch,4,2.000,"None,Unfinished",1 Car Attached,11,9800.00,CL,5/29/2019,11/29/2019,8/01/2019,11/25/2019,64,Det,1,1,3133115
2275,,Charing Cross,Road,Baldwin,11510,535000,525000,Ranch,3,2.000,Full,1 Car Attached,11,10624.37,CL,5/30/2019,12/31/2019,7/08/2019,8/12/2019,39,Det,1,1,3133467
2941,W,Derby,Drive,Oceanside,11572,549000,495000,Ranch,3,1.500,"Full,Finished",1 Car Attached,11,10155.00,CL,6/03/2019,12/02/2019,7/16/2019,9/04/2019,43,Det,1,1,3134402
2558,,Lorna,Place,Oceanside,11572,589000,575000,Ranch,3,2.000,"Full,Finished",1 Car Attached,11,11464.86,CL,6/03/2019,12/03/2019,9/16/2019,11/13/2019,105,Det,1,1,3134577
3483,,Bayfield,Boulevard,Oceanside,11572,535000,507000,Split Level,3,2.500,"Partial,Finished",,11,12392.00,CL,6/07/2019,12/07/2019,8/09/2019,10/02/2019,63,Det,1,1,3136160
107,,Evans,Avenue,Oceanside,11572,519000,545000,Colonial,4,2.000,"Crawl,Unfinished",1 Car Attached,11,11835.21,CL,6/06/2019,12/05/2019,7/01/2019,8/20/2019,25,Det,1,1,3136329
3339,,Weidner,Avenue,Oceanside,11572,569000,585000,Cape,4,3.000,"None,Unfinished",,11,11417.00,CL,6/07/2019,10/15/2019,8/06/2019,12/19/2019,60,Att,1,1,3136412
3328,,Ocean,Avenue,Oceanside,11572,565000,535000,Cape,4,3.500,"None,Unfinished",1 Car Attached,11,10852.99,CL,6/10/2019,12/31/2019,10/15/2019,12/18/2019,127,Det,1,1,3137162
3413,,Woodward,Street,Oceanside,11572,539000,545000,Split Level,4,2.000,"Full,Finished",,11,10015.64,CL,6/13/2019,12/01/2019,7/11/2019,8/31/2019,28,Det,1,1,3137982
120,,Bert,Avenue,Westbury,11590,499000,492000,Colonial,4,2.000,"Full,Partially Finished",1 Car Detached,11,10410.83,CL,6/13/2019,12/15/2019,9/06/2019,11/25/2019,85,Det,1,1,3138023
3442,,Poplar,Street,Oceanside,11572,599000,570000,Split Level,4,3.000,"Partial,Unfinished",1 Car Attached,11,18260.06,CL,6/01/2019,12/01/2019,7/22/2019,9/13/2019,51,Det,1,1,3139993
160,,Virginia,Avenue,Oceanside,11572,589000,577500,Split Level,3,2.000,"None,Unfinished",1 Car Attached,11,10579.23,CL,6/21/2019,6/21/2020,7/11/2019,9/19/2019,20,Det,1,1,3140921
327,,Niles,Street,Oceanside,11572,519000,500000,Ranch,3,2.000,"None,Unfinished",1 Car Attached,11,11401.00,CL,6/26/2019,10/26/2019,8/12/2019,9/17/2019,47,Det,1,1,3142165
99,,Woodland,Avenue,Rockville Centre,11570,599000,599000,Split Level,5,3.000,"Full,Unfinished",1 Car Attached,11,15771.28,CL,6/27/2019,6/27/2020,7/24/2019,10/15/2019,27,Det,1,2,3142446
3285,,1st,Street,Oceanside,11572,519000,541000,Cape,5,2.000,"Full,Finished",2 Car Attached,11,8824.06,CL,7/10/2019,1/10/2020,7/29/2019,10/18/2019,19,Det,1,1,3145795
293,,Montgomery,Avenue,Oceanside,11572,519000,525000,Cape,4,2.000,"Crawl,Unfinished",,11,12801.36,CL,7/12/2019,10/01/2019,8/07/2019,8/29/2019,26,Det,1,1,3146705
2864,,Davis,Street,Oceanside,11572,525000,510000,Colonial,3,1.500,"Full,Finished",1 Car Detached,11,12559.80,CL,7/17/2019,7/17/2020,9/06/2019,11/04/2019,51,Det,1,1,3148251
6,,Marshall,Street,Oceanside,11572,499000,490000,Ranch,3,2.000,"None,Unfinished",1 Car Attached,11,9001.21,CL,7/18/2019,1/18/2020,8/16/2019,10/10/2019,29,Det,1,1,3148323
3140,,Nassau,Road,Oceanside,11572,549990,555000,Colonial,3,2.000,"None,Unfinished",1 Car Detached,11,12585.00,CL,7/26/2019,1/26/2020,9/10/2019,11/20/2019,46,Det,1,1,3150769
2839,,Besade,Court,Oceanside,11572,519000,498000,Cape,3,2.000,"Full,Finished",1 Car Detached,11,10892.79,CL,7/29/2019,1/26/2020,9/03/2019,10/29/2019,36,Det,1,1,3151413
2635,,Oceanside,Road,Oceanside,11572,585000,540000,2 Story,4,2.000,"Full,Unfinished",,11,13950.00,CL,7/30/2019,1/21/2020,9/17/2019,10/09/2019,49,Det,2,2,3151585
3010,,Trinity,Street,Oceanside,11572,629999,595000,Hi Ranch,4,3.000,"None,Unfinished",1 Car Attached,11,14766.96,CL,8/01/2019,12/31/2019,9/26/2019,1/27/2020,56,Det,1,2,3152347
3694,,Illona,Lane,Oceanside,11572,565000,555000,Hi Ranch,4,2.500,"None,Unfinished",2 Car Attached,11,9400.00,CL,8/08/2019,2/01/2020,9/25/2019,1/24/2020,48,Det,1,1,3154362
3105,,Royal,Avenue,Oceanside,11572,499000,505000,Hi Ranch,4,3.000,"None,Unfinished",1 Car Attached,11,10724.17,CL,8/11/2019,8/11/2020,9/06/2019,10/21/2019,26,Det,1,1,3155498
481,,Jackson,Street,Baldwin,11510,569000,528000,Exp Cape,4,1.000,"Full,Partially Finished",1 Car Attached,11,13840.00,CL,8/15/2019,12/31/2019,12/13/2019,2/07/2020,120,Det,1,1,3156323
540,,Rebecca,Lane,Oceanside,11572,575000,570000,Exp Ranch,4,2.000,"None,Unfinished",2 Car Detached,11,9178.00,CL,9/06/2019,3/06/2020,10/28/2019,12/19/2019,52,Det,1,1,3162261
3364,,Lawrence,Avenue,Oceanside,11572,599000,595000,Split Level,3,2.500,"Crawl,Unfinished",1 Car Attached,11,8582.00,CL,9/06/2019,3/04/2020,10/02/2019,1/16/2020,26,Det,1,1,3162280
19,,Park,Circle,Mineola,11501,540000,510000,Cape,4,2.000,Full,1 Car Detached,11,8184.99,CL,9/09/2019,1/01/2020,10/10/2019,11/20/2019,31,Det,1,1,3163704
46,,Ongley,Street,Rockville Centre,11570,499999,482000,Exp Cape,4,2.000,Full,1 Car Detached,11,13638.90,CL,9/19/2019,12/18/2019,11/18/2019,2/12/2020,60,Det,1,1,3165684
3074,,Yost,Boulevard,Oceanside,11572,489000,500000,Ranch,3,2.000,"Full,Finished",,11,9874.56,CL,9/19/2019,10/19/2019,9/19/2019,11/08/2019,0,Det,1,1,3165926
3055,,Yost,Boulevard,Oceanside,11572,545000,530000,Cape,3,2.000,"Full,Unfinished",2 Car Detached,11,10546.00,CL,9/27/2019,3/22/2020,11/17/2019,2/13/2020,51,Det,1,1,3168260
2829,,Willard,Avenue,Oceanside,11572,579000,550000,Split Level,3,2.000,"Full,Finished",1 Car Attached,11,9709.74,CL,10/07/2019,3/20/2020,11/12/2019,1/10/2020,36,Det,1,1,3170799
125,,Lexington,Street,Westbury,11590,609000,595000,Colonial,3,2.000,"Full,Partially Finished",1 Car Attached,11,15884.21,CL,10/10/2019,2/28/2020,11/25/2019,1/15/2020,46,Det,1,1,3171671
58,,Perkins,Avenue,Oceanside,11572,589000,565000,Colonial,3,2.500,"Full,Unfinished",,11,12012.37,CL,10/11/2019,9/30/2020,12/05/2019,2/19/2020,55,Det,1,1,3171983
209,,Madison,Avenue,Oceanside,11572,525000,535300,Exp Cape,4,2.000,"Full,Finished",1 Car Attached,11,8658.00,CL,10/24/2019,4/30/2020,12/30/2019,2/25/2020,67,Det,1,1,3175294
3487,,Lawrence,Avenue,Oceanside,11572,539000,517500,Hi Ranch,4,2.500,"None,Unfinished",2 Car Attached,11,10539.50,CL,10/30/2019,2/25/2020,11/26/2019,1/30/2020,27,Det,1,1,3176614
87,,Evans,Avenue,Oceanside,11572,509000,500000,Cape,3,2.000,"None,Unfinished",1 Car Detached,11,9800.00,CL,11/07/2019,5/04/2020,11/27/2019,3/03/2020,20,Det,1,1,3178913
2815,,Davison,Street,Oceanside,11572,499000,485000,Exp Cape,4,2.000,"Full,Partially Finished",1 Car Detached,11,13093.26,CL,11/10/2019,10/26/2020,12/19/2019,2/14/2020,39,Det,1,1,3179448
272,,Jamaica,Boulevard,Carle Place,11514,579900,520000,Colonial,4,2.000,"None,Unfinished",,11,16196.00,CL,11/12/2019,12/02/2019,11/15/2019,11/27/2019,3,Det,1,1,3179986
223,,Perkins,Avenue,Oceanside,11572,519000,522000,Cape,3,2.000,"Full,Unfinished",1 Car Detached,11,9321.55,CL,11/13/2019,5/12/2020,11/24/2019,3/09/2020,11,Det,1,1,3180112
3257,,Benjamin,Road,Oceanside,11572,525000,535000,Split Level,4,2.000,"Partial,Finished",1 Car Attached,11,9935.14,CL,11/14/2019,2/15/2020,12/27/2019,1/31/2020,43,Det,1,1,3180376
2615,,Fortesque,Avenue,Oceanside,11572,549000,520000,Ranch,3,2.000,"Full,Unfinished",1 Car Detached,11,12566.83,CL,11/20/2019,5/31/2020,12/20/2019,2/26/2020,30,Det,1,1,3181794
2445,,Columbus,Avenue,Oceanside,11572,529000,535000,Cape,3,2.000,Full,1 Car Detached,11,13719.21,CL,12/15/2019,6/07/2020,1/13/2020,3/18/2020,29,Det,1,1,3186334