St #,Dr,Street Name,Sfx,Town,Zip,ListPrice,SoldPrice,,Br,Bath,,,SD,Tot Tax,LSC,ListDate,ExpDate,ContDate,TitleDate,DOM,Det,#F,K,ML#
2020,,Oakmere,Drive,N. Baldwin,11510,519777,510000,Colonial,3,2.000,"Full,Finished",1 Car Detached,10,10403.00,CL,9/25/2018,11/15/2018,10/18/2018,12/12/2018,23,Det,1,1,3068963
663,W,Carl,Avenue,Baldwin,11510,649000,625000,Colonial,4,3.500,"Full,Finished",2 Car Attached,10,19317.00,CL,7/10/2017,1/10/2018,8/15/2017,10/12/2017,36,Det,1,1,2953708
840,,Waverly,Place,Baldwin,11510,575000,550000,Colonial,3,1.500,"Full,Partially Finished",2 Car Detached,10,14082.76,CL,8/24/2017,3/20/2018,2/21/2018,6/19/2018,181,Det,1,1,2965828
386,,Marcellus,Road,Mineola,11501,525000,518000,Tudor,4,1.500,"Full,Finished",1 Car Detached,10,12108.68,CL,4/20/2017,4/18/2018,9/27/2017,11/08/2017,160,Det,1,1,2931024
826,,Washington,Street,Baldwin,11510,549000,537000,Hi Ranch,5,2.000,"None,Unfinished",2 Car Attached,10,10834.32,CL,6/26/2019,6/26/2020,7/23/2019,8/30/2019,27,Det,1,1,3142250
300,,Horton,Highway,Mineola,11501,549000,550000,Colonial,2,1.500,"Full,Finished",2 Car Detached,10,11348.00,CL,4/19/2017,10/19/2017,5/19/2017,8/23/2017,30,Det,1,1,2930948
498,,Helen,Road,Mineola,11501,599000,585000,Cape,4,2.000,"Full,Finished",1 Car Detached,10,8045.59,CL,1/12/2019,7/31/2019,7/30/2019,10/04/2019,198,Det,1,1,3092695
964,,Marcel,Road,Baldwin,11510,618000,618000,Splanch,4,2.500,"Partial,Finished",1 Car Attached,10,18619.00,CL,7/15/2019,10/15/2019,7/18/2019,10/25/2019,3,Det,1,1,3147483
897,,Stanton,Avenue,N. Baldwin,11510,539900,530000,Colonial,4,1.500,"Full,Partially Finished",,10,15937.00,CL,4/05/2019,8/31/2019,7/03/2019,10/16/2019,89,Det,1,1,3116200
11,,Tanglewood,Lane,Freeport,11520,535000,545000,Exp Cape,3,2.500,"Full,Finished",,10,11156.77,CL,5/28/2019,12/31/2019,7/08/2019,8/20/2019,41,Det,1,1,3132539
757,,Adams,Street,Baldwin,11510,525000,517500,Hi Ranch,5,2.000,"None,Unfinished",1 Car Attached,10,17156.15,CL,8/20/2019,2/29/2020,10/25/2019,2/03/2020,66,Det,1,1,3158000
2802,,1st,Place,Baldwin,11510,525000,525000,Split Level,3,2.500,Partial,1 Car Attached,10,10160.32,CL,10/08/2018,4/30/2019,10/19/2018,11/16/2018,11,Det,1,1,3071787
105,,Fairfield,Avenue,Mineola,11501,565000,530000,Colonial,3,1.500,"Full,Partially Finished",1 Car Attached,10,9371.00,CL,9/04/2019,3/04/2020,11/26/2019,1/13/2020,83,Det,1,1,3161154
3123,,Ann,Street,Baldwin Harbor,11510,585000,550000,Split Level,4,3.500,Full,,10,12000.00,CL,5/12/2017,5/12/2018,8/18/2017,10/13/2017,98,Det,1,2,2937699
381,,Maryland,Avenue,Freeport,11520,525000,530000,Exp Ranch,5,3.500,"Full,Unfinished",2 Car Attached,10,15578.42,CL,9/24/2018,3/24/2019,10/16/2018,12/13/2018,22,Att,1,1,3067781
734,,Lakeside,Drive,Baldwin,11510,549990,560500,Colonial,5,2.000,"Full,Unfinished",1 Car Detached,10,9067.46,CL,2/14/2019,9/30/2019,2/27/2019,4/22/2019,13,Det,2,2,3101133
431,,Horton,Highway,Mineola,11501,549000,549000,Colonial,3,1.000,"Full,Partially Finished",2 Car Detached,10,10577.00,CL,6/28/2018,12/10/2018,7/18/2018,9/07/2018,20,Det,1,1,3043783
168,,Horton,Highway,Mineola,11501,649000,632000,Colonial,3,1.500,"Full,Finished",1 Car Detached,10,12033.66,CL,8/02/2017,1/30/2018,8/29/2017,11/07/2017,27,Det,1,1,2960303
740,,Imperial,Drive,Baldwin,11510,579000,585000,Split Level,4,2.500,"Crawl,Unfinished",2 Car Attached,10,12075.96,CL,6/12/2018,12/12/2018,6/28/2018,8/24/2018,16,Det,1,1,3039023
31,,Cross,Street,Williston Park,11596,635000,627500,Cape,3,2.000,"Full,Finished",1 Car Detached,10,11787.00,CL,11/27/2018,12/31/2018,12/27/2018,2/25/2019,30,Det,1,1,3083368
106,,Coventry,Avenue,Albertson,11507,549000,525000,Ranch,3,1.000,"Full,Finished",,10,6204.00,CL,11/15/2017,5/15/2018,12/20/2017,3/22/2018,35,Det,1,1,2985916
982,,Northern,Boulevard,Baldwin Harbor,11510,509990,515000,Split Level,3,2.500,Full,2 Car Attached,10,10512.76,CL,7/16/2018,1/01/2019,8/07/2018,9/13/2018,22,Det,1,1,3048793
235,,Sheridan,Boulevard,Mineola,11501,599000,590000,Colonial,5,3.000,"Full,Finished",1 Car Detached,10,12225.99,CL,4/14/2017,12/31/2017,6/20/2017,10/30/2017,67,Det,1,1,*1281417
165,,Sheridan,Boulevard,Mineola,11501,549000,520000,Cape,4,2.000,"Full,Unfinished",2 Car Detached,10,8464.79,CL,8/28/2017,8/28/2018,10/17/2017,2/08/2018,50,Det,1,1,*1294097
461,,Mineola,Boulevard,Williston Park,11596,689000,640000,Cape,3,2.000,"Full,Unfinished",2 Car Detached,10,14102.37,CL,1/22/2018,7/22/2018,3/29/2018,6/20/2018,65,Det,1,1,*1304708
177,,Sheridan,Boulevard,Mineola,11501,699999,650000,Exp Cape,4,3.000,"Full,Finished",2 Car Detached,10,13518.99,CL,1/31/2018,7/13/2018,5/09/2018,6/29/2018,97,Det,1,1,3000704
44,,Juniper,Avenue,Mineola,11501,599000,585000,Colonial,3,1.500,"Full,Partially Finished",1 Car Detached,10,11903.93,CL,3/24/2018,9/20/2018,5/01/2018,6/29/2018,38,Det,1,1,3014670
126,,Roslyn,Road,Mineola,11501,658000,640000,Cape,3,2.000,"Full,Finished",2 Car Detached,10,10905.56,CL,10/29/2017,10/28/2018,1/12/2018,4/05/2018,75,Det,2,2,2981741
474,,Wilson,Boulevard,Mineola,11501,525000,525000,Colonial,2,2.500,"Full,Finished",,10,12392.50,CL,9/27/2018,7/31/2019,10/17/2018,11/29/2018,20,Det,1,1,3068826
22,,Wisteria,Avenue,Mineola,11501,549999,525000,Colonial,3,1.500,"Full,Partially Finished",1 Car Detached,10,11616.67,CL,10/16/2017,4/17/2018,12/15/2017,3/15/2018,60,Det,1,1,*1298136
120,,Broad,Street,Williston Park,11596,559990,515000,Colonial,3,2.000,"Partial,Partially Finished",2 Car Detached,10,9720.83,CL,10/18/2018,3/25/2019,12/18/2018,4/12/2019,61,Det,1,1,3074292
351,,Marcellus,Road,Mineola,11501,549000,505000,Colonial,3,1.500,"Full,Unfinished",,10,11440.52,CL,8/10/2018,5/30/2019,12/18/2018,3/27/2019,130,Det,1,1,*1323774
2763,,2nd,Place,Baldwin,11510,549000,550000,Split Level,3,2.500,"Partial,Finished",,10,14174.28,CL,11/17/2018,5/17/2019,4/12/2019,5/22/2019,145,Det,1,1,3082305
707,,Glover,Place,Baldwin,11510,529000,530000,Colonial,5,2.000,"Full,Unfinished",1 Car Detached,10,10820.70,CL,6/09/2018,10/27/2018,6/27/2018,7/26/2018,18,Det,1,1,3038044
713,,Glover,Place,Baldwin,11510,539000,545000,Colonial,6,3.000,"Full,Unfinished",2 Car Detached,10,12027.63,CL,8/03/2018,2/03/2019,11/21/2018,3/01/2019,110,Det,1,1,3054947
131,,Shields,Avenue,Williston Park,11596,629000,609000,2 Story,5,1.500,"Full,Unfinished",1 Car Detached,10,9124.12,CL,5/01/2018,4/30/2019,9/04/2018,10/12/2018,126,Det,1,1,3025835
316,,Foch,Boulevard,Mineola,11501,599000,585000,Cape,4,3.000,"Full,Finished",1 Car Detached,10,10602.19,CL,2/08/2018,6/08/2018,3/08/2018,5/15/2018,28,Det,1,1,3003197
147,,Clemens,Road,Mineola,11501,659000,647000,Cape,4,1.000,"Full,Finished",1 Car Detached,10,10540.74,CL,5/17/2018,5/15/2019,6/16/2018,9/14/2018,30,Det,1,1,3031354
414,,Emory,Road,Mineola,11501,599000,599000,Exp Cape,4,2.000,"Full,Finished",1 Car Detached,10,11498.51,CL,8/14/2019,8/14/2020,9/20/2019,12/16/2019,37,Det,1,1,3157045
204,,Prince,Avenue,Freeport,11520,499000,508000,Colonial,4,2.000,"Full,Finished",2 Car Detached,10,13058.10,CL,6/20/2019,12/31/2019,7/15/2019,9/20/2019,25,Det,1,1,3140326
55,,Jackson,Avenue,Mineola,11501,629000,640000,2 Story,5,2.000,"Full,Finished",,10,10002.63,CL,6/27/2018,12/24/2018,7/25/2018,11/01/2018,28,Det,2,2,3043472
253,,Wellington,Road,Mineola,11501,599000,585000,Exp Ranch,3,2.000,"Full,Partially Finished",2 Car Detached,10,13319.71,CL,11/07/2018,5/07/2019,12/05/2018,3/06/2019,28,Det,1,1,3079375
173,,Ferncroft,Road,Mineola,11501,652000,645000,Ranch,3,2.000,Full,1 Car Detached,10,11520.00,CL,5/17/2018,11/12/2018,7/19/2018,10/15/2018,63,Det,1,1,3031152
1003,,Kings,Parkway,Baldwin,11510,519000,519000,Hi Ranch,5,2.000,"Crawl,Unfinished",,10,11911.43,CL,9/18/2019,12/17/2019,10/14/2019,11/22/2019,26,Det,1,1,3165724
830,,Wallace,Avenue,Baldwin,11510,539999,525000,Cape,4,3.500,"Full,Finished",,10,16000.00,CL,9/06/2019,12/06/2019,11/18/2019,3/04/2020,73,Det,1,1,3162315
1052,,Van Buren,Street,Baldwin Harbor,11510,599000,565000,Colonial,4,2.500,"Crawl,Unfinished",,10,0.00,CL,11/22/2017,12/01/2018,12/18/2017,9/04/2018,26,Det,1,1,2987268
639,,Lincoln,Street,Baldwin,11510,549000,549000,Colonial,3,3.000,"None,Unfinished",,10,0.00,CL,6/24/2017,6/24/2018,2/27/2018,8/22/2018,248,Det,1,1,2949906
257,,Wellington,Road,Mineola,11501,525000,519000,Colonial,3,1.000,"Full,Finished",1 Car Detached,10,10182.28,CL,4/28/2018,9/01/2018,6/01/2018,7/31/2018,34,Det,1,1,3024895
20,,Holly,Avenue,Mineola,11501,549000,549000,Colonial,3,1.500,"Full,Finished",1 Car Detached,10,10939.77,CL,7/05/2017,12/31/2017,8/11/2017,11/10/2017,37,Det,1,1,2952153
3484,,Carey,Lane,Baldwin,11510,625000,615000,Splanch,4,2.500,"Partial,Finished",1 Car Attached,10,13494.00,CL,7/25/2017,7/25/2018,8/24/2017,11/09/2017,30,Det,1,1,2958230
2709,,1st,Place,Baldwin,11510,670000,640000,Splanch,4,2.500,"Partial,Finished",2 Car Attached,10,10842.79,CL,2/06/2017,9/15/2017,5/30/2017,7/26/2017,112,Det,1,1,2912036
18,,Harvard,Street,Roslyn Heights,11577,525000,518000,Cape,2,1.000,"None,Unfinished",1 Car Detached,10,9306.00,CL,5/23/2019,5/23/2020,6/21/2019,10/01/2019,29,Det,1,1,3131743
52,,Wisteria,Avenue,Mineola,11501,598000,598000,Colonial,3,1.500,"Full,Partially Finished",1 Car Attached,10,9836.00,CL,5/18/2019,5/18/2020,5/28/2019,11/13/2019,10,Det,1,1,3130054
54,,Oxford,Street,Roslyn Heights,11577,539000,510000,Colonial,4,2.000,"None,Unfinished",1 Car Detached,10,10521.00,CL,8/05/2016,7/26/2017,5/19/2017,7/20/2017,287,Det,1,1,2874317
2081,,Ambrose,Court,Baldwin,11510,499000,530000,Ranch,4,2.500,"None,Unfinished",1 Car Attached,10,9717.13,CL,11/07/2018,12/31/2019,11/28/2018,12/28/2018,21,Det,1,1,3079515
132,,Jerome,Avenue,Mineola,11501,525000,510000,Exp Cape,5,2.000,Full,,10,16505.98,CL,5/10/2019,2/10/2020,6/10/2019,7/30/2019,31,Det,1,1,3127420
320,,Marcellus,Road,Mineola,11501,588000,575000,Colonial,4,1.500,Full,1 Car Detached,10,8368.00,CL,10/30/2019,7/28/2020,11/23/2019,2/03/2020,24,Det,1,1,3176886
306,,Marcellus,Road,Mineola,11501,528000,528000,Colonial,4,1.500,"Full,Unfinished",1 Car Detached,10,9401.00,CL,5/11/2017,1/31/2018,7/05/2017,9/22/2017,55,Det,1,1,2937384
363,,Emory,Road,Mineola,11501,548000,548000,Cape,4,1.000,"Full,Finished",1 Car Detached,10,10610.00,CL,6/05/2018,11/05/2018,7/09/2018,7/23/2018,34,Det,1,1,3036576
249,,White,Road,Mineola,11501,519000,514550,Ranch,3,1.000,"Full,Finished",,10,9725.17,CL,5/22/2017,11/30/2017,6/15/2017,2/20/2018,24,Det,1,1,*1285369
114,,Harvard,Street,Williston Park,11596,659000,650000,Colonial,3,2.500,"Full,Finished",1 Car Detached,10,12628.38,CL,5/22/2017,11/30/2017,6/15/2017,8/10/2017,24,Det,1,1,*1285374
61,,Cornell,Street,Williston Park,11596,599000,562000,Colonial,3,1.000,"Full,Finished",1 Car Detached,10,9814.00,CL,9/11/2017,8/31/2018,10/29/2017,12/01/2017,48,Det,1,1,2969761
60,,Broad,Street,Williston Park,11596,579000,560000,Colonial,3,2.000,Full,,10,8375.00,CL,2/28/2019,11/25/2019,4/26/2019,6/25/2019,56,Det,1,1,3104634
12,,Meadow,Lane,Freeport,11520,589000,560000,Split Ranch,4,4.000,"Full,Finished",2 Car Detached,10,14300.00,CL,8/22/2018,8/22/2019,11/30/2018,3/14/2019,100,Det,1,1,3059380
271,,Maryland,Avenue,Freeport,11520,575000,568000,Split Ranch,5,2.500,"Full,Unfinished",2 Car Attached,10,14064.00,CL,1/06/2019,1/06/2020,2/14/2019,4/18/2019,39,Det,1,1,3091027
207,,Frank,Avenue,Mineola,11501,529000,525000,Cape,3,1.000,"Full,Finished",1 Car Detached,10,11300.00,CL,3/14/2019,12/30/2019,4/26/2019,7/31/2019,43,Det,1,1,3109286
221,,Cleveland,Avenue,Mineola,11501,559000,559000,Colonial,3,1.000,"Full,Unfinished",,10,8595.51,CL,2/27/2018,12/30/2018,7/23/2018,9/25/2018,145,Det,1,1,3007741
77,,Shields,Avenue,Williston Park,11596,699000,650000,Exp Cape,4,2.000,"Full,Finished",1 Car Detached,10,11812.37,CL,3/26/2019,12/31/2019,5/14/2019,6/04/2019,49,Det,2,2,3112718
196,,Delaware,Avenue,Freeport,11520,529000,535000,Split Level,4,2.550,"Partial,Partially Finished",,10,18700.00,CL,7/16/2017,6/24/2018,1/25/2018,4/19/2018,193,Det,1,1,2955567
668,,Lakeside,Drive,Baldwin,11510,539000,535000,Tudor,3,1.500,"Full,Partially Finished",2 Car Detached,10,15000.00,CL,12/03/2019,3/03/2020,12/27/2019,1/31/2020,24,Det,1,1,3183906
76,,Cornell,Street,Williston Park,11596,539000,528800,Colonial,4,1.500,"Full,Unfinished",,10,8238.16,CL,4/15/2019,10/31/2019,5/10/2019,8/02/2019,25,Det,1,1,3119614
402,,Pennsylvania,Avenue,Freeport,11520,499999,505000,Colonial,4,2.500,"Full,Finished",,10,15426.68,CL,4/30/2018,5/01/2019,7/06/2018,8/30/2018,67,Det,1,1,3025373
599,,De Mott,Avenue,Baldwin,11510,539000,520000,Colonial,4,3.000,"Full,Finished",1 Car Attached,10,9557.25,CL,4/07/2017,4/07/2018,5/27/2017,7/31/2017,50,Det,1,1,2927535
631,,Demott Ave,,Baldwin,11510,530000,537000,Raised Ranch,4,3.000,Full,1 Car Attached,10,11737.33,CL,12/06/2017,4/15/2018,1/03/2018,3/19/2018,28,Det,1,1,2989784
449,,Brooklyn,Avenue,Baldwin,11510,586000,580000,Colonial,5,4.000,"Full,Finished",1 Car Attached,10,13677.89,CL,8/18/2018,2/28/2019,10/29/2018,1/15/2019,72,Det,1,2,3058244
23,,Harvard,Street,Roslyn Heights,11577,568000,550000,Cape,3,1.500,"None,Unfinished",1 Car Detached,10,9622.00,CL,10/29/2018,6/26/2019,2/22/2019,4/08/2019,116,Det,1,1,3076883
1641,,Edward,Court,N. Baldwin,11510,498000,510000,Tudor,4,3.000,"Full,Finished",1 Car Detached,10,9750.73,CL,1/31/2019,1/30/2020,2/20/2019,4/16/2019,20,Det,1,1,3097825
2381,S,Harrison,Avenue,Baldwin,11510,590000,560000,Victorian,3,2.000,"Full,Finished",2 Car Detached,10,14328.00,CL,6/03/2019,8/01/2019,8/05/2019,9/19/2019,63,Det,1,1,3134434
840,,Wesley,Street,N. Baldwin,11510,519840,505000,Colonial,3,2.000,"Full,Finished",,10,13434.00,CL,7/13/2018,12/31/2018,9/11/2018,2/01/2019,60,Det,1,1,*1321440
182,,Delaware,Avenue,Freeport,11520,525000,528000,Colonial,4,3.500,"Full,Finished",2 Car Attached,10,16503.72,CL,3/14/2018,11/02/2018,5/26/2018,8/27/2018,73,Det,1,1,3011987
128,,I U Willets,Road,Albertson,11507,658000,600000,Exp Cape,4,3.000,"Full,Finished",1 Car Attached,10,11808.00,CL,7/31/2019,12/31/2019,9/05/2019,9/27/2019,36,Det,1,1,3152052
3416,,Parkway,Drive,Baldwin,11510,525000,510000,Hi Ranch,3,2.000,"None,Unfinished",1 Car Attached,10,9239.17,CL,9/08/2017,9/07/2018,4/06/2018,5/11/2018,210,Att,1,1,2969756
310,,Schuster,Avenue,Mineola,11501,589000,577500,Colonial,3,2.000,"Full,Finished",2 Car Detached,10,8398.92,CL,7/12/2018,7/09/2019,8/23/2018,10/26/2018,42,Det,1,2,3047764
101,,Lehigh,Street,Williston Park,11596,629000,620000,Colonial,4,2.000,"Full,Finished",2 Car Detached,10,10149.05,CL,4/11/2019,4/30/2020,6/18/2019,9/05/2019,68,Det,1,1,3120748
3506,,Colony,Drive,Baldwin Harbor,11510,649000,630000,Colonial,4,3.000,"Crawl,Unfinished",2 Car Attached,10,21181.00,CL,9/03/2019,2/28/2020,12/03/2019,12/27/2019,91,Det,1,1,3160703
416,,Andrews,Road,Mineola,11501,569000,560000,Colonial,3,1.500,Full,,10,10165.90,CL,1/03/2019,7/01/2019,1/18/2019,3/18/2019,15,Det,1,1,3089982
11,,E Jefferson,Avenue,Mineola,11501,619000,619000,Cape,4,2.000,"Full,Finished",,10,11771.09,CL,7/18/2018,1/31/2019,8/08/2018,12/06/2018,21,Det,1,1,3049435
350,,Nassau,Boulevard,Mineola,11501,619000,625000,Cape,4,3.000,"Full,Finished",,10,7689.76,CL,8/03/2018,2/01/2019,8/10/2018,11/13/2018,7,Det,1,1,3054172
646,,Barnes,Avenue,Baldwin,11510,529000,520000,Colonial,5,2.000,"None,Unfinished",1 Car Detached,10,10171.00,CL,2/21/2018,9/30/2018,4/02/2018,8/30/2018,39,Det,1,1,3006331
9,,Van Buren,Street,Baldwin,11510,585000,565000,Colonial,8,3.000,"Crawl,Unfinished",,10,10850.15,CL,3/15/2017,9/29/2017,4/20/2017,6/30/2017,36,Det,1,1,*1278381
140,,White,Road,Mineola,11501,529000,542000,Cape,4,1.000,"Full,Partially Finished",1 Car Attached,10,7575.60,CL,1/25/2017,7/25/2017,2/10/2017,4/20/2017,16,Det,1,1,*1282439
77,,Oak Ridge,Lane,Albertson,11507,598000,598000,Exp Cape,4,2.000,Full,1 Car Attached,10,13149.33,CL,5/27/2017,5/27/2018,6/21/2017,9/29/2017,25,Det,1,1,*1285951
9,,Hillvale,Road,Albertson,11507,589000,580000,Exp Cape,4,2.000,Full,1 Car Attached,10,9686.49,CL,7/31/2017,2/01/2018,9/01/2017,10/27/2017,32,Det,1,1,*1292004
171,,Banbury,Road,Mineola,11501,530000,530000,Colonial,3,1.500,Full,,10,9792.00,CL,9/08/2017,9/08/2018,9/08/2017,9/08/2017,0,Det,1,1,*1296054
2286,,Coventry,Road,Baldwin,11510,499000,512000,Colonial,5,2.500,"Full,Unfinished",1 Car Attached,10,11970.32,CL,2/28/2018,8/31/2018,3/30/2018,5/22/2018,29,Det,1,1,*1307956
156,,Jackson,Avenue,Mineola,11501,649000,615000,Colonial,4,2.000,"Full,Finished",,10,13261.12,CL,3/26/2018,8/31/2018,5/04/2018,7/02/2018,39,Det,1,2,*1310434
60,,Dartmouth,Street,Williston Park,11596,649000,639000,Colonial,4,3.000,"Full,Finished",2 Car Detached,10,11534.00,CL,6/10/2018,9/30/2018,7/09/2018,8/15/2018,29,Det,1,1,*1318242
73,,Plainfield,Road,Albertson,11507,649000,630000,Exp Cape,4,2.000,Full,1 Car Attached,10,13437.30,CL,9/15/2019,12/30/2019,10/08/2019,12/02/2019,23,Det,1,1,*1357792
79,,Broad,Street,Williston Park,11596,559000,536800,Colonial,3,1.500,"Full,Unfinished",,10,12021.00,CL,11/12/2019,5/12/2020,12/09/2019,2/26/2020,27,Det,1,1,*1362396
3503,,Daniel,Crescent,Baldwin Harbor,11510,529888,515000,Hi Ranch,4,3.000,"None,Unfinished",2 Car Attached,10,20833.00,CL,5/06/2016,8/31/2017,8/19/2017,11/03/2017,470,Det,1,1,2850477
63,,Oxford,Street,Roslyn Heights,11577,599000,530000,Colonial,4,3.000,"None,Unfinished",,10,10197.00,CL,5/31/2016,8/31/2017,2/23/2017,6/20/2017,268,Det,1,1,2856788
736,,Florence,Street,N. Baldwin,11510,668888,575000,Duplex,8,4.000,Full,,10,27000.00,CL,1/02/2017,3/31/2017,3/05/2017,6/21/2017,62,Det,4,4,2904201
5,,Hudson,Street,Mineola,11501,630000,610000,Exp Cape,7,2.500,"Full,Finished",,10,11285.57,CL,1/25/2017,9/05/2017,5/09/2017,8/31/2017,103,Det,1,1,2909077
3332,,Bertha,Drive,Baldwin,11510,629000,625000,Split Level,5,3.000,"Partial,Finished",2 Car Attached,10,22502.57,CL,2/02/2017,8/01/2017,4/02/2017,6/15/2017,58,Det,1,1,2910949
230,,Marcellus,Road,Mineola,11501,525000,512500,Ranch,2,1.000,"Full,Partially Finished",2 Car Detached,10,8968.25,CL,2/02/2017,2/01/2018,3/01/2017,5/08/2017,27,Det,1,1,2911054
304,,Wellington,Road,Mineola,11501,569900,566900,Tudor,4,1.500,"Full,Finished",,10,9315.00,CL,3/01/2017,9/01/2017,3/25/2017,5/19/2017,23,Det,1,1,2917567
92,,Cottage,Place,Mineola,11501,585000,570000,Colonial,3,3.000,"Full,Finished",,10,8124.28,CL,3/03/2017,8/25/2017,4/20/2017,7/21/2017,47,Det,1,1,2918258
1450,,Coolidge,Avenue,Baldwin,11510,629000,601000,Colonial,5,3.500,"Full,Finished",2 Car Attached,10,15271.39,CL,2/24/2017,8/24/2017,4/14/2017,7/11/2017,48,Det,1,1,2918693
561,,Demott,Avenue,Baldwin,11510,585000,575000,Colonial,4,2.000,"Full,Finished",2 Car Detached,10,11613.67,CL,3/10/2017,9/04/2017,6/12/2017,8/10/2017,93,Det,2,2,2920169
47,,Stratford,Avenue,Williston Park,11596,579000,565000,Colonial,3,2.000,"Full,Finished",,10,6691.00,CL,3/13/2017,3/12/2018,4/03/2017,6/09/2017,21,Det,1,1,2920694
1859,,Westervelt,Avenue,Baldwin,11510,515000,510000,Colonial,3,1.500,"Full,Finished",1 Car Detached,10,11124.87,CL,3/15/2017,9/10/2017,3/31/2017,5/30/2017,16,Det,1,1,2921429
59,,Netz,Place,Albertson,11507,635000,648000,Colonial,4,2.500,Full,,10,11526.00,CL,3/16/2017,9/05/2017,4/06/2017,4/28/2017,21,Det,1,1,2921626
38,,Yale,Street,Williston Park,11596,529000,550000,Colonial,3,2.500,"Full,Finished",1 Car Detached,10,10126.29,CL,3/24/2017,9/23/2017,4/20/2017,7/06/2017,27,Det,1,1,2923667
3238,,Eastern,Parkway,Baldwin,11510,539000,525000,Colonial,4,2.500,"Crawl,Unfinished",Attached,10,13636.36,CL,3/27/2017,9/30/2017,7/13/2017,9/27/2017,108,Det,1,1,2924191
483,,Latham,Road,Mineola,11501,625000,618000,Cape,3,2.000,"Full,Finished",1 Car Detached,10,12014.41,CL,4/04/2017,10/04/2017,6/05/2017,8/08/2017,62,Det,1,1,2926734
349,,1st,Street,Mineola,11501,599000,605000,Colonial,3,1.500,"Full,Finished",1 Car Detached,10,10598.79,CL,4/04/2017,9/30/2017,4/21/2017,6/21/2017,17,Det,1,1,2926812
133,,Emory,Road,Mineola,11501,549000,550000,Exp Cape,4,2.000,"Full,Finished",,10,11086.00,CL,4/13/2017,10/13/2017,4/24/2017,6/07/2017,11,Det,1,1,2929210
273,,Maryland,Avenue,Freeport,11520,529000,507000,Colonial,5,3.000,"Full,Unfinished",2 Car Attached,10,23186.00,CL,4/17/2017,4/16/2018,5/30/2017,8/03/2017,43,Det,1,1,2929789
5,,Tanglewood,Lane,Freeport,11520,525000,525000,Exp Ranch,5,3.000,"Full,Partially Finished",2 Car Attached,10,12698.50,CL,4/17/2017,10/31/2017,5/31/2017,8/23/2017,44,Det,1,1,2929888
341,,Wellington,Road,Mineola,11501,579000,570000,Colonial,4,1.500,Full,1 Car Detached,10,10925.26,CL,4/18/2017,8/18/2017,5/22/2017,8/01/2017,34,Det,1,1,2930583
1091,,Cramer,Court,N. Baldwin,11510,549000,550000,Split Level,4,4.000,"Full,Finished",2 Car Attached,10,11962.00,CL,4/19/2017,4/10/2018,7/20/2017,11/22/2017,92,Det,1,1,2930779
413,,Mineola,Boulevard,Mineola,11501,620000,560000,Colonial,3,1.500,"Full,Unfinished",2 Car Detached,10,12731.60,CL,4/24/2017,4/24/2018,5/08/2017,6/02/2017,14,Det,1,1,2931841
344,,Houston,Avenue,Mineola,11501,569999,570000,Tudor,4,3.000,"Full,Finished",1 Car Detached,10,8262.00,CL,5/05/2017,12/31/2017,7/13/2017,9/18/2017,69,Det,1,1,2935574
57,,Plainfield,Road,Albertson,11507,598000,600000,Cape,4,2.000,"Full,Finished",1 Car Attached,10,8742.53,CL,5/15/2017,5/05/2018,7/02/2017,10/04/2017,48,Det,1,1,2938459
511,,Raymond,Street,Rockville Centre,11570,648000,648000,Exp Ranch,4,2.000,"None,Unfinished",1 Car Attached,10,14448.03,CL,5/22/2017,12/31/2017,6/20/2017,8/21/2017,29,Att,1,1,2940566
339,,Van Wagner,Place,Williston Park,11596,569000,600000,Colonial,3,2.500,"Full,Finished",,10,10221.10,CL,6/01/2017,11/04/2017,6/06/2017,10/25/2017,5,Det,1,1,2943366
321,,Houston,Avenue,Mineola,11501,569000,558500,Colonial,3,1.500,"Full,Finished",2 Car Detached,10,11821.35,CL,6/01/2017,10/17/2017,10/02/2017,1/26/2018,123,Det,1,1,2943400
2574,,Central,Avenue,Baldwin,11510,549000,530000,Hi Ranch,4,2.000,"None,Unfinished",1 Car Attached,10,14479.17,CL,6/03/2017,12/03/2017,7/07/2017,10/02/2017,34,Det,1,1,2943893
106,,Jerome,Avenue,Mineola,11501,539000,539000,Bungalow,3,1.000,"Full,Partially Finished",2 Car Detached,10,8495.90,CL,6/08/2017,12/07/2017,6/30/2017,8/28/2017,22,Det,1,1,2945337
3371,,Parkway,Drive,Baldwin,11510,469000,575000,Colonial,3,3.000,"None,Unfinished",,10,15805.00,CL,6/10/2017,6/10/2018,2/20/2018,6/15/2018,255,Det,1,1,2945873
1,,Plainfield,Road,Albertson,11507,585000,578000,Exp Cape,3,2.000,"Full,Unfinished",,10,10471.86,CL,6/13/2017,12/31/2017,6/29/2017,10/18/2017,16,Det,1,1,2946453
717,,William Street,,Baldwin,11510,539000,520000,Colonial,3,2.000,"Full,Partially Finished",2 Car Detached,10,9894.36,CL,6/19/2017,1/01/2018,10/14/2017,12/28/2017,117,Det,1,1,2948158
94,,Sheridan,Boulevard,Mineola,11501,585000,555000,Exp Cape,4,2.000,"Full,Finished",1 Car Detached,10,6105.00,CL,6/27/2017,12/27/2017,9/22/2017,11/22/2017,87,Det,1,1,2950535
1616,,Wilson,Street,Baldwin,11510,615000,610000,Colonial,5,3.000,"Full,Finished",1 Car Attached,10,14394.88,CL,7/05/2017,1/05/2018,7/24/2017,9/25/2017,19,Det,1,1,2952353
64,,Knollwood,Road,Rockville Centre,11570,594999,575000,Colonial,3,1.500,"Full,Partially Finished",1 Car Attached,10,14368.00,CL,7/12/2017,10/15/2017,8/08/2017,10/04/2017,27,Det,1,1,2954689
2542,,Central,Avenue,Baldwin,11510,649000,633000,Colonial,6,2.500,"Full,Unfinished",2 Car Detached,10,10197.79,CL,7/18/2017,7/01/2018,9/13/2017,11/21/2017,57,Det,2,2,2956316
982,,Mckinley,Street,Baldwin,11510,529900,520000,Split Level,5,2.000,"Partial,Finished",1 Car Detached,10,10872.02,CL,7/19/2017,12/31/2017,7/30/2017,9/29/2017,11,Det,1,1,2956503
2334,,Central,Avenue,Baldwin,11510,599000,600000,Victorian,6,3.000,"Full,Finished",2 Car Detached,10,11799.09,CL,7/19/2017,12/31/2017,9/07/2017,11/09/2017,50,Det,1,1,2956505
1093,,Northern,Boulevard,Baldwin,11510,539000,525000,Hi Ranch,4,2.000,"None,Unfinished",1 Car Attached,10,10938.00,CL,7/21/2017,1/12/2018,8/25/2017,10/27/2017,35,Det,1,1,2957123
379,,Latham,Road,Mineola,11501,559000,570000,Cape,3,2.000,"Full,Finished",,10,7954.11,CL,7/28/2017,1/28/2018,8/03/2017,8/03/2017,6,Det,1,1,2958978
23,,Cambridge,Street,Roslyn Heights,11577,588000,550000,Cape,3,2.000,"None,Unfinished",1 Car Detached,10,7068.49,CL,8/28/2017,2/28/2018,10/27/2017,12/28/2017,60,Det,1,1,2965878
93,,Lehigh,Street,Williston Park,11596,549000,535000,Colonial,3,2.000,"Full,Finished",,10,9908.48,CL,9/22/2017,9/22/2018,12/15/2017,2/27/2018,84,Det,2,2,2973272
366,,Herricks,Road,Mineola,11501,599999,595000,Colonial,4,3.000,"Full,Unfinished",,10,11583.09,CL,10/05/2017,1/17/2018,10/19/2017,1/23/2018,14,Det,1,1,2976267
439,,Foch,Boulevard,Mineola,11501,579000,590000,Colonial,4,1.500,"Full,Partially Finished",,10,6898.05,CL,10/10/2017,4/10/2018,11/01/2017,1/05/2018,22,Det,1,1,2977628
68,,Liberty,Avenue,Mineola,11501,575000,563000,Colonial,3,1.500,"Full,Finished",2 Car Detached,10,10144.61,CL,10/15/2017,10/15/2018,2/12/2018,4/19/2018,120,Det,1,1,2978674
147,,Rudolf,Road,Mineola,11501,559000,541800,Cape,4,2.000,"Full,Finished",,10,9897.03,CL,10/24/2017,4/21/2018,12/08/2017,3/01/2018,45,Det,1,1,2980702
3541,,Daniel,Crescent,Baldwin,11510,599000,595000,Splanch,4,2.500,"Full,Finished",1 Car Attached,10,15018.55,CL,11/13/2017,6/13/2018,4/16/2018,6/12/2018,153,Det,1,1,2985399
250,,Raff,Avenue,Mineola,11501,559000,559000,Cape,4,2.500,"Full,Finished",1 Car Detached,10,9699.67,CL,11/22/2017,5/31/2018,12/19/2017,1/30/2018,27,Det,1,1,2987420
2267,,Derby,Road,Baldwin,11510,549999,560000,Exp Cape,6,3.000,"Full,Partially Finished",1 Car Attached,10,17527.16,CL,11/27/2017,7/27/2018,1/19/2018,3/05/2018,53,Det,1,1,2987713
485,,Horton,Highway,Williston Park,11596,649000,615000,Tudor,3,2.000,"Full,Finished",2 Car Detached,10,11420.56,CL,11/27/2017,2/28/2018,12/01/2017,3/28/2018,4,Det,2,1,2987960
310,,1st,Street,Mineola,11501,619000,619500,Colonial,3,1.500,"Full,Unfinished",,10,10150.00,CL,11/30/2017,4/19/2018,1/23/2018,2/28/2018,54,Det,1,1,2988745
11,,Willow,Place,Albertson,11507,638000,618000,Exp Cape,5,2.000,Full,,10,8603.57,CL,1/09/2018,7/01/2018,3/15/2018,6/05/2018,64,Det,1,1,2995251
2325,,Central,Avenue,Baldwin,11510,619000,609500,Colonial,4,3.500,"Full,Finished",2 Car Detached,10,16030.75,CL,1/10/2018,6/30/2018,1/30/2018,3/30/2018,20,Det,1,1,2995668
1878,,Lake,Drive,Baldwin,11510,589000,590000,Colonial,4,2.500,"Full,Unfinished",1 Car Attached,10,0.00,CL,1/12/2018,3/31/2018,2/09/2018,5/10/2018,28,Det,1,1,2996092
824,,Barth,Drive,N. Baldwin,11510,499000,548000,Tudor,4,2.000,"Full,Finished",1 Car Detached,10,13642.68,CL,1/16/2018,6/16/2018,2/08/2018,3/30/2018,23,Det,1,1,2997248
18,,Plainfield,Road,Albertson,11507,599000,585000,Cape,4,2.000,"Full,Unfinished",1 Car Attached,10,8663.07,CL,1/17/2018,9/07/2018,7/27/2018,11/29/2018,190,Det,1,1,2997353
211,,Pershing,Parkway,Mineola,11501,539000,535000,Cape,4,2.000,"Full,Partially Finished",1 Car Detached,10,8792.83,CL,1/17/2018,7/31/2018,3/05/2018,5/09/2018,47,Det,1,1,2997378
26,,Liberty,Avenue,Mineola,11501,599900,610000,Colonial,3,1.500,"Full,Partially Finished",2 Car Detached,10,9264.18,CL,1/26/2018,6/30/2018,2/06/2018,5/31/2018,11,Det,1,1,2999513
116,,Broad,Street,Williston Park,11596,689000,635000,Colonial,4,1.500,"Full,Finished",,10,12325.93,CL,2/03/2018,7/02/2018,2/22/2018,5/03/2018,19,Det,1,1,3001621
9,,Raff,Avenue,Mineola,11501,625000,600000,Cape,5,2.000,"Full,Finished",,10,8636.45,CL,2/14/2018,8/30/2018,4/10/2018,7/13/2018,54,Det,1,1,3004533
379,,Wellington,Road,Mineola,11501,599999,585000,Colonial,4,1.500,"Full,Finished",1 Car Detached,10,12102.02,CL,2/14/2018,8/11/2018,3/22/2018,6/01/2018,35,Det,1,1,3004575
69,,Fairfield,Avenue,Mineola,11501,599999,600000,Cape,4,2.000,"Full,Finished",1 Car Detached,10,8238.74,CL,2/14/2018,8/10/2018,3/07/2018,6/25/2018,21,Det,1,1,3004590
2340,,Lancaster,Avenue,Baldwin,11510,549999,560000,Colonial,4,2.500,"Full,Finished",1 Car Attached,10,15187.11,CL,2/15/2018,8/15/2018,3/29/2018,5/18/2018,41,Det,1,1,3004746
197,,Sheridan,Boulevard,Mineola,11501,649000,650000,Cape,4,3.000,"Full,Finished",1 Car Detached,10,12091.75,CL,2/28/2018,9/15/2018,3/19/2018,6/29/2018,18,Det,1,1,3007817
21,,Berry,Place,Albertson,11507,649000,635000,Cape,3,2.000,"Full,Partially Finished",,10,11482.15,Cl,3/06/2018,9/06/2018,5/01/2018,7/27/2018,55,Det,1,1,3009755
469,,Pennsylvania,Avenue,Williston Park,11596,649000,590000,Colonial,3,1.500,"Full,Partially Finished",,10,11050.59,CL,3/13/2018,9/12/2018,4/26/2018,6/29/2018,44,Det,1,1,3011540
2063,,Walnut,Street,N. Baldwin,11510,529000,555000,Colonial,4,3.000,"Full,Finished",2 Car Detached,10,9840.32,CL,3/23/2018,9/23/2018,4/12/2018,6/08/2018,20,Det,2,2,3014527
70,,Oxford,Street,Roslyn Heights,11577,519000,530000,Cape,2,1.000,"None,Unfinished",1 Car Detached,10,9770.43,CL,3/26/2018,9/30/2018,4/28/2018,7/20/2018,33,Det,1,1,3015138
1024,,Jefferson,Street,Baldwin,11510,569000,535000,Colonial,4,3.000,"Crawl,Unfinished",1 Car Attached,10,22796.45,CL,4/02/2018,8/02/2018,5/11/2018,7/27/2018,39,Det,1,1,3016812
1511,,Hawkins,Avenue,Baldwin,11510,639000,620000,Colonial,5,3.000,"Full,Partially Finished",2 Car Attached,10,10931.75,CL,4/09/2018,9/28/2018,4/27/2018,7/06/2018,18,Det,1,1,3018588
710,,William,Street,N. Baldwin,11510,579000,589000,Tudor,4,2.500,"Full,Finished",2 Car Detached,10,16142.36,CL,4/11/2018,10/11/2018,5/04/2018,6/20/2018,23,Det,1,1,3019944
378,,Pennsylvania,Avenue,Freeport,11520,525000,525000,Colonial,4,4.000,"Full,Partially Finished",1 Car Detached,10,14516.42,CL,4/19/2018,4/19/2019,6/04/2018,8/15/2018,46,Det,1,1,3022250
186,,Jefferson,Avenue,Mineola,11501,598000,610000,Colonial,3,3.000,"Full,Finished",1 Car Detached,10,7846.00,CL,4/21/2018,10/31/2018,7/23/2018,10/05/2018,93,Det,1,1,3022810
401,,Bauer,Place,Mineola,11501,589000,587000,Colonial,3,1.500,"Full,Finished",1 Car Detached,10,11821.94,CL,4/29/2018,8/31/2018,5/18/2018,7/20/2018,19,Det,1,1,3025032
723,,William,Street,Baldwin,11510,550000,542500,Colonial,3,2.000,"Full,Finished",2 Car Detached,10,14000.00,CL,4/30/2018,7/03/2018,8/14/2018,10/02/2018,106,Det,1,1,3025839
100,,Syracuse,Street,Williston Park,11596,539000,570250,Colonial,3,1.500,"Full,Finished",,10,11247.00,CL,5/09/2018,4/19/2019,6/01/2018,9/06/2018,23,Det,1,1,3028835
453,,Lewis,Place,Mineola,11501,559000,530000,Tudor,3,1.500,"Full,Unfinished",,10,9120.61,CL,5/10/2018,11/09/2018,8/24/2018,10/26/2018,106,Det,1,1,3029107
1927,,Harte,Street,N. Baldwin,11510,525000,525000,Tudor,3,1.500,"Full,Partially Finished",2 Car Detached,10,11269.61,CL,5/15/2018,11/13/2018,6/04/2018,7/27/2018,20,Det,1,1,3030171
666,,Willis,Avenue,Williston Park,11596,675000,625000,Store+Dwell,3,3.000,Full,,10,18063.00,CL,5/23/2018,9/23/2018,7/18/2018,12/05/2018,56,Det,2,2,3032877
1486,,Kenneth,Avenue,N. Baldwin,11510,599000,650000,Split Level,4,2.500,"Full,Partially Finished",2 Car Attached,10,12533.65,CL,5/24/2018,9/30/2018,6/04/2018,6/29/2018,11,Det,1,1,3033423
922,,Southard,Street,Baldwin,11510,505000,505000,Colonial,3,1.500,"Full,Finished",2 Car Detached,10,10790.90,CL,5/31/2018,12/01/2018,6/19/2018,8/23/2018,19,Det,1,1,3034962
3332,,Bay Front,Drive,Baldwin,11510,609000,605000,Hi Ranch,3,2.000,"None,Unfinished",,10,14065.14,CL,5/31/2018,12/01/2018,10/18/2018,12/19/2018,140,Det,1,1,3034972
22,,Yale,Street,Williston Park,11596,579000,557000,Colonial,3,2.500,"Full,Unfinished",,10,9971.12,CL,6/01/2018,6/01/2019,6/14/2018,8/14/2018,13,Det,1,1,3035068
116,,Sherman,Avenue,Williston Park,11596,579000,540000,Cape,3,1.500,Full,1 Car Detached,10,9182.84,CL,6/04/2018,12/04/2018,8/29/2018,10/12/2018,86,Det,1,1,3036094
95,,Yale,Street,Williston Park,11596,565000,575000,Colonial,3,1.000,"Full,Partially Finished",2 Car Detached,10,8594.98,CL,6/06/2018,12/06/2018,6/25/2018,8/23/2018,19,Det,1,1,3036890
1000,,Cherrywood,Drive,Baldwin,11510,569888,535000,Hi Ranch,5,3.000,"None,Unfinished",2 Car Attached,10,15494.52,CL,6/13/2018,1/31/2019,9/19/2018,1/18/2019,98,Det,1,1,3039471
3467,,Howard,Boulevard,Baldwin,11510,639000,590000,Colonial,5,3.500,"Full,Finished",1 Car Attached,10,20242.25,CL,6/14/2018,4/15/2019,3/29/2019,6/26/2019,288,Det,1,1,3039666
2090,,Ambrose,Court,Baldwin,11510,519000,520000,Tudor,4,1.500,"Full,Finished",1 Car Detached,10,10210.00,CL,6/15/2018,12/31/2018,7/17/2018,8/23/2018,32,Det,1,1,3040053
949,,Mckinley,Street,Baldwin,11510,538999,538999,Colonial,4,2.500,"Crawl,Unfinished",,10,13000.00,CL,6/19/2018,11/19/2018,10/26/2018,12/28/2018,129,Det,1,1,3040752
11,,Woodhollow,Road,Albertson,11507,529000,550000,Cape,2,2.000,"Full,Finished",1 Car Attached,10,7315.00,CL,6/20/2018,1/31/2019,7/12/2018,9/21/2018,22,Det,1,1,3041229
2538,,Milburn,Avenue,Baldwin,11510,524999,515000,Colonial,5,2.500,"Full,Finished",,10,14822.10,CL,7/05/2018,1/05/2019,8/16/2018,10/23/2018,42,Det,1,1,3045460
460,,Wilson,Boulevard,Mineola,11501,539000,520000,Cape,4,2.000,"Full,Finished",1 Car Detached,10,11374.15,CL,7/24/2018,1/31/2019,11/06/2018,1/04/2019,105,Det,1,1,3051132
570,,Emerson,Avenue,Baldwin,11510,525000,522000,Tudor,4,2.000,"Full,Partially Finished",1 Car Detached,10,15451.80,CL,8/15/2018,4/08/2019,1/28/2019,3/20/2019,166,Det,1,1,3057186
560,,Harvard,Avenue,N. Baldwin,11510,635000,628500,Colonial,5,3.500,"Full,Finished",2 Car Detached,10,15067.00,CL,8/28/2018,2/28/2019,9/10/2018,10/18/2018,13,Det,1,1,3060754
875,,Shubert,Street,N. Baldwin,11510,569000,550000,Hi Ranch,4,2.500,"None,Unfinished",1 Car Attached,10,14434.00,CL,9/05/2018,3/05/2019,10/05/2018,3/29/2019,30,Det,1,1,3062665
145,,Evelyn,Road,Mineola,11501,579000,570000,Exp Cape,4,2.000,"Full,Partially Finished",1 Car Attached,10,9770.00,CL,9/21/2018,3/20/2019,1/10/2019,3/25/2019,111,Det,1,1,3067314
740,,Stanton,Avenue,Baldwin,11510,579999,570000,Tudor,5,2.500,"Full,Finished",1 Car Detached,10,10040.42,CL,10/04/2018,3/21/2019,11/08/2018,12/28/2018,35,Det,1,1,3070679
611,,Robert,Place,Baldwin,11510,599000,596000,Colonial,5,2.500,"Full,Partially Finished",1 Car Attached,10,18210.69,CL,10/09/2018,8/21/2019,12/04/2018,2/12/2019,56,Det,1,1,3071790
2504,,Central,Avenue,Baldwin,11510,559000,550000,Exp Cape,3,3.000,"Full,Finished",1 Car Detached,10,11853.30,CL,10/17/2018,2/25/2019,2/25/2019,3/22/2019,131,Det,1,1,3074031
1,,Gold,Circle,Freeport,11520,599999,600000,Farm Ranch,5,3.000,"Full,Finished",2 Car Attached,10,20498.72,CL,11/01/2018,2/28/2019,12/03/2018,2/14/2019,32,Det,1,1,3077966
438,,Garfield,Avenue,Mineola,11501,540000,525000,Cape,4,2.000,"Full,Partially Finished",1 Car Detached,10,11686.66,CL,11/02/2018,8/31/2019,12/04/2018,1/15/2019,32,Det,1,1,3078132
678,,Stanton,Avenue,N. Baldwin,11510,519000,520000,Tudor,3,2.000,"Full,Finished",1 Car Detached,10,9700.00,CL,11/07/2018,5/01/2019,11/30/2018,1/25/2019,23,Det,1,1,3079440
6,W,Forest,Avenue,Roosevelt,11575,509000,509000,Hi Ranch,4,2.000,"None,Unfinished",2 Car Attached,10,11490.70,CL,11/07/2018,4/19/2019,11/27/2018,1/22/2019,20,Det,1,1,3079585
560,,Latham,Road,Mineola,11501,598000,586000,Cape,4,2.000,Full,,10,9319.87,CL,11/08/2018,4/30/2019,11/23/2018,2/19/2019,15,Det,1,1,3079633
670,,Thomas,Avenue,Baldwin,11510,529000,546000,Colonial,4,2.000,"Full,Finished",,10,10720.00,CL,11/13/2018,11/13/2019,2/12/2019,4/25/2019,91,Det,1,1,3080854
789,,Imperial,Drive,Baldwin,11510,595999,590000,Hi Ranch,5,3.000,"None,Unfinished",,10,12581.04,CL,11/15/2018,6/13/2019,12/20/2018,2/06/2019,35,Att,1,1,3081415
32,,Meldon,Avenue,Albertson,11507,499000,506000,Cape,4,1.000,Full,,10,8997.45,CL,11/29/2018,11/30/2019,12/26/2018,4/26/2019,27,Det,1,1,3084129
852,,Shubert,,Baldwin,11510,559000,550000,Colonial,4,2.500,"Full,Unfinished",1 Car Attached,10,18809.00,CL,12/11/2018,12/11/2019,1/18/2019,4/09/2019,38,Att,1,1,3086620
3470,,Milburn,Avenue,Baldwin,11510,599000,530000,Colonial,4,2.500,"Full,Finished",2 Car Attached,10,12650.11,CL,1/07/2019,1/10/2020,5/28/2019,7/11/2019,140,Det,1,1,3091039
361,,Foch,Boulevard,Mineola,11501,639800,639800,Cape,4,2.000,"Full,Finished",,10,9255.15,CL,1/15/2019,6/30/2019,1/31/2019,4/01/2019,16,Det,1,1,3093416
103,,Stratford,Avenue,Williston Park,11596,549000,535000,Colonial,3,1.000,"Full,Unfinished",1 Car Detached,10,12745.53,CL,1/24/2019,1/10/2020,7/15/2019,9/04/2019,171,Det,1,1,3095749
25,,Yale,Street,Williston Park,11596,525000,520000,Colonial,3,1.000,"Full,Unfinished",2 Car Detached,10,8835.80,CL,1/28/2019,1/28/2020,4/12/2019,7/18/2019,73,Det,1,1,3096573
141,,Marcellus,Road,Mineola,11501,559000,555000,Colonial,3,1.000,Full,,10,8592.00,CL,2/09/2019,8/09/2019,3/12/2019,7/10/2019,30,Det,1,1,3099658
805,,Bonnie,Drive,Baldwin,11510,555000,578000,Hi Ranch,4,3.000,"None,Unfinished",2 Car Attached,10,19021.00,CL,2/08/2019,8/08/2019,6/25/2019,7/29/2019,136,Det,1,1,3099801
685,W,Carl,Avenue,N. Baldwin,11510,659000,638000,Colonial,4,3.000,"Full,Finished",1 Car Attached,10,16934.00,CL,2/12/2019,8/12/2019,5/04/2019,6/10/2019,80,Att,1,1,3100672
1859,,Westervelt,Avenue,N. Baldwin,11510,549999,551000,Tudor,3,2.000,"Full,Partially Finished",1 Car Detached,10,10525.00,CL,3/11/2019,9/01/2019,4/09/2019,6/06/2019,29,Det,1,1,3107897
194,,Banbury,Road,Mineola,11501,635000,615000,Colonial,3,1.500,Full,2 Car Detached,10,10359.40,CL,3/15/2019,9/15/2019,5/29/2019,7/18/2019,75,Det,1,1,3109355
185,,Beebe,Road,Mineola,11501,499900,502500,Cape,4,1.000,"Full,Partially Finished",1 Car Attached,10,11064.48,CL,3/15/2019,6/13/2019,4/04/2019,5/09/2019,20,Det,1,1,3109527
364,,Horton,Highway,Mineola,11501,519000,512500,Colonial,3,1.500,Full,1 Car Detached,10,10189.45,CL,3/20/2019,9/15/2019,4/21/2019,6/28/2019,32,Det,1,1,3110843
333,,Foch,Boulevard,Mineola,11501,588000,545000,Tudor,3,2.000,"Full,Finished",1 Car Detached,10,12592.00,CL,3/21/2019,8/31/2019,5/15/2019,8/02/2019,55,Det,1,1,3111548
38,,Woodhollow,Road,Albertson,11507,579000,532500,Exp Cape,4,2.000,Full,2 Car Detached,10,12790.10,CL,3/28/2019,9/15/2019,4/16/2019,6/13/2019,19,Det,1,1,3113269
3379,,Parkway,Drive,Baldwin,11510,515000,515000,Hi Ranch,4,2.500,"None,Unfinished",Under Home/Ground,10,11333.00,CL,3/28/2019,9/28/2019,6/07/2019,6/25/2019,71,Det,1,2,3113583
2763,,3rd Place,,Baldwin,11510,649000,637500,Split Level,5,3.000,"Partial,Unfinished",1 Car Attached,10,15937.31,CL,4/03/2019,10/05/2019,6/14/2019,8/20/2019,72,Det,1,1,3115218
41,,Jerome,Avenue,Mineola,11501,579000,543000,Colonial,3,2.000,"Full,Partially Finished",1 Car Detached,10,11725.32,CL,4/06/2019,4/04/2020,6/14/2019,7/15/2019,69,Det,1,1,3116628
66,,County Courthous,Road,New Hyde Park,11040,599999,550000,Hi Ranch,4,2.000,"Full,Finished",2 Car Attached,10,14261.88,CL,4/05/2019,4/05/2020,10/30/2019,12/05/2019,208,Det,1,1,3116676
101,,Seward,Avenue,Mineola,11501,610000,620000,Colonial,3,1.000,Full,,10,9248.00,CL,4/10/2019,9/08/2019,4/30/2019,6/25/2019,20,Det,1,1,3117735
1125,,Van Buren,Place,Baldwin,11510,629000,630000,Hi Ranch,4,3.000,"None,Unfinished",1 Car Attached,10,18166.77,CL,4/17/2019,10/17/2019,6/26/2019,9/05/2019,70,Det,1,1,3120081
2506,,Lakeside,Drive,Baldwin,11510,529900,529900,Tudor,3,1.500,"Full,Unfinished",2 Car Detached,10,10600.24,CL,4/25/2019,10/26/2019,5/10/2019,7/02/2019,15,Det,1,1,3122422
2783,,3rd,Place,Baldwin,11510,589000,565000,Split Level,3,3.000,"Full,Finished",1 Car Attached,10,12687.00,CL,4/29/2019,4/29/2020,8/13/2019,10/16/2019,106,Det,1,1,3123328
447,,Burkhard,Avenue,Williston Park,11596,585000,575000,Colonial,3,1.500,Partial,1 Car Detached,10,13068.06,CL,5/03/2019,10/18/2019,6/21/2019,8/02/2019,49,Det,1,1,3125059
456,,New York,Avenue,N. Baldwin,11510,539000,540000,Colonial,5,2.500,"Full,Finished",2 Car Detached,10,15275.00,CL,5/09/2019,11/09/2019,6/26/2019,9/11/2019,48,Det,1,1,3127019
144,,Wellington,Road,Mineola,11501,649000,610000,Colonial,3,1.500,"Full,Unfinished",1 Car Detached,10,8652.30,CL,5/15/2019,11/15/2019,8/16/2019,10/04/2019,93,Det,1,1,3128894
81,,Sherman,Avenue,Williston Park,11596,659000,635500,Cape,4,2.000,"Full,Unfinished",1 Car Detached,10,10386.56,CL,5/15/2019,9/15/2019,7/15/2019,9/23/2019,61,Det,1,1,3129102
126,,Harvard,Street,Williston Park,11596,529000,529000,Colonial,3,1.000,Full,,10,8033.00,CL,5/23/2019,12/31/2019,6/10/2019,8/20/2019,18,Det,1,1,3131532
1085,,Mckinley,Street,Baldwin,11510,499000,530000,Colonial,5,3.500,"Full,Partially Finished",,10,13027.01,CL,5/23/2019,5/23/2020,6/14/2019,9/17/2019,22,Det,1,1,3131619
20,,Linden,Avenue,N. Baldwin,11510,529000,515000,Colonial,3,1.500,"Partial,Finished",,10,8696.00,CL,5/28/2019,11/28/2019,6/11/2019,8/21/2019,14,Det,1,1,3132519
173,,Meadowsweet,Road,Mineola,11501,595000,550000,Colonial,3,1.000,"Full,Partially Finished",2 Car Detached,10,11843.33,CL,5/29/2019,11/29/2019,10/09/2019,12/04/2019,133,Det,1,1,3133004
430,,Marcellus,Road,Mineola,11501,615000,580000,Colonial,3,1.500,"Full,Partially Finished",2 Car Detached,10,11886.87,CL,5/31/2019,10/31/2019,7/11/2019,10/02/2019,41,Det,1,1,3133948
3465,,Steven,Road,Baldwin,11510,560000,550000,Splanch,5,2.500,"Full,Finished",1 Car Attached,10,12379.49,CL,6/04/2019,6/04/2020,9/24/2019,12/12/2019,112,Det,1,1,3134875
1004,,Cottage,Place,Baldwin,11510,535000,526000,Colonial,3,1.500,"Full,Finished",2 Car Detached,10,13407.00,CL,6/11/2019,12/30/2019,7/16/2019,9/11/2019,35,Det,1,1,3137154
1915,,Herbert,Street,N. Baldwin,11510,549000,549000,Exp Cape,3,2.500,"Full,Finished",2 Car Attached,10,13631.83,CL,6/19/2019,12/31/2019,7/26/2019,11/17/2019,37,Det,1,1,3139741
131,,Broad,Street,Williston Park,11596,579000,585000,Colonial,3,2.000,"Full,Finished",,10,11776.00,CL,6/20/2019,12/31/2019,7/12/2019,8/20/2019,22,Det,1,1,3140258
110,,Seward,Avenue,Mineola,11501,635000,600000,Cape,3,3.000,"Full,Finished",1 Car Detached,10,12457.75,CL,6/26/2019,12/31/2019,7/22/2019,9/23/2019,26,Det,1,1,3141958
668,,Jackie,Lane,Baldwin,11510,589000,575000,Split Level,4,2.500,"None,Unfinished",2 Car Attached,10,12410.38,CL,6/26/2019,7/26/2020,12/06/2019,2/26/2020,163,Det,1,1,3142124
132,,Wardwell,Road,Mineola,11501,549000,525000,Cape,4,1.000,Full,,10,11553.00,CL,7/04/2019,6/26/2020,10/18/2019,1/27/2020,106,Det,1,1,3144347
106,,Connecticut,Avenue,Freeport,11520,579000,579000,Colonial,4,3.000,"Full,Finished",1 Car Attached,10,12185.68,CL,7/15/2019,7/15/2020,8/08/2019,10/31/2019,24,Det,1,1,3147326
569,,Grimm,Place,Baldwin,11510,529000,540000,Colonial,3,2.500,"Full,Finished",1 Car Attached,10,13684.30,CL,7/17/2019,1/31/2020,8/07/2019,9/23/2019,21,Det,1,1,3147923
101,,Harvard,Street,Williston Park,11596,655000,640000,Colonial,3,2.000,"Full,Partially Finished",1 Car Detached,10,9626.71,CL,7/18/2019,1/17/2020,8/01/2019,9/10/2019,14,Det,1,1,3148321
817,,Ronald,Court,Baldwin,11510,589999,560000,Split Ranch,3,2.550,"Full,Finished",1 Car Attached,10,15076.00,CL,8/08/2019,1/31/2020,11/05/2019,1/17/2020,89,Det,1,1,3154893
57,,Lincoln,Avenue,Mineola,11501,520000,505000,Cape,4,2.000,"Full,Finished",2 Car Detached,10,11671.00,CL,8/16/2019,12/09/2019,8/21/2019,10/24/2019,5,Det,1,1,3156546
1117,,Elizabeth,Street,Baldwin,11510,515000,525000,Cape,4,3.500,"Full,Finished",,10,10138.55,CL,8/22/2019,2/12/2020,9/23/2019,12/09/2019,32,Det,1,1,3158121
360,,Bauer,Place,Mineola,11501,589000,584500,Tudor,3,1.000,"Full,Finished",1 Car Detached,10,11086.73,CL,8/26/2019,12/31/2019,10/09/2019,12/18/2019,44,Det,1,1,3159157
377,,Emory,Road,Mineola,11501,649000,630500,Cape,4,1.500,"Full,Finished",1 Car Detached,10,10404.00,CL,9/11/2019,3/01/2020,10/09/2019,12/24/2019,28,Det,1,1,3163327
1680,,Benedict,Place,N. Baldwin,11510,539000,520000,Colonial,3,2.500,"Full,Finished",,10,10705.00,CL,9/11/2019,3/15/2020,10/10/2019,12/20/2019,29,Det,1,1,3163671
409,,White,Road,Mineola,11501,549000,555500,Colonial,3,1.500,"Full,Finished",,10,11864.27,CL,9/11/2019,3/03/2020,10/16/2019,12/20/2019,35,Det,1,1,3163677
3284,,Parkway,Drive,Baldwin,11510,525000,525000,Colonial,4,2.500,"None,Unfinished",1 Car Attached,10,9356.50,CL,9/11/2019,3/31/2020,12/12/2019,3/05/2020,92,Det,1,1,3163695
150,,Andrews,Road,Mineola,11501,588888,520000,Tudor,3,1.000,"Full,Partially Finished",Detached,10,8735.00,CL,9/13/2019,12/31/2019,9/30/2019,11/21/2019,17,Det,1,1,3164141
1756,,Rockville,Drive,Baldwin,11510,509000,507000,Cape,3,2.000,Full,1 Car Attached,10,11615.79,CL,9/18/2019,3/01/2020,10/10/2019,12/06/2019,22,Det,1,1,3165548
800,,Mervin,Court,Baldwin,11510,579000,586500,Hi Ranch,4,3.000,"None,Unfinished",2 Car Attached,10,10157.05,CL,10/17/2019,4/17/2020,11/01/2019,1/29/2020,15,Det,1,1,3173623
424,,Burkhard,Avenue,Mineola,11501,549000,523000,Exp Cape,4,2.000,"Full,Unfinished",1 Car Detached,10,9311.00,CL,10/21/2019,4/30/2020,12/02/2019,2/03/2020,42,Det,1,1,3174793
69,,Whitehall,Road,Rockville Centre,11570,567000,527500,Exp Cape,4,2.500,"Full,Finished",,10,15158.50,CL,10/23/2019,3/31/2020,12/04/2019,1/07/2020,42,Det,1,1,3175100
87,,Stratford,Avenue,Williston Park,11596,635000,625000,Colonial,3,2.000,"Full,Unfinished",,10,8657.87,CL,10/29/2019,10/18/2020,12/12/2019,3/02/2020,44,Det,1,1,3176563
354,,Foch,Boulevard,Mineola,11501,549000,576000,Tudor,3,2.000,"Full,Partially Finished",1 Car Detached,10,12245.59,CL,11/13/2019,5/12/2020,11/27/2019,1/31/2020,14,Det,1,1,3180179
287,,Pennsylvania,Avenue,Freeport,11520,629000,630000,Colonial,5,2.500,"Full,Partially Finished",,10,13120.00,CL,11/25/2019,5/25/2020,12/30/2019,2/12/2020,35,Det,1,1,3182692
23,,Paul,Place,Roosevelt,11575,499000,501000,Colonial,3,2.500,"Full,Partially Finished",2 Car Attached,10,10486.00,CL,12/16/2019,12/16/2020,1/31/2020,3/18/2020,46,Det,1,1,3186395
1112,,Elizabeth,Street,Baldwin,11510,539000,530000,Colonial,4,2.500,"Full,Unfinished",1 Car Attached,10,21616.45,CL,1/08/2020,7/15/2020,2/01/2020,3/17/2020,24,Det,1,1,3190460
100,,Bradley,Place,Mineola,11501,649000,644000,Cape,3,2.000,"Full,Finished",1 Car Detached,10,8100.00,CL,2/02/2020,8/02/2020,2/15/2020,3/13/2020,13,Det,1,1,3196594
347,,Marcellus,Road,Mineola,11501,578800,570000,Colonial,4,1.500,"Full,Finished",1 Car Detached,10,10435.51,CL,1/23/2017,7/23/2017,2/15/2017,4/13/2017,23,Det,1,1,*1273967
518,,Argyle,Road,Mineola,11501,535000,540000,Exp Cape,4,2.500,"Full,Finished",2 Car Detached,10,11512.46,CL,2/08/2017,8/10/2017,3/07/2017,4/24/2017,27,Det,1,1,*1275334
20,,Violet,Avenue,Mineola,11501,579900,572000,Tudor,3,2.000,"Full,Partially Finished",2 Car Detached,10,12169.10,CL,5/04/2017,11/04/2017,6/06/2017,9/15/2017,33,Det,1,1,*1283550
52,,Coventry,Avenue,Albertson,11507,625000,610000,Cape,4,1.000,"Full,Partially Finished",2 Car Attached,10,9373.45,CL,1/02/2018,6/30/2018,1/26/2018,3/23/2018,24,Det,1,1,*1303319
2759,,Park,Avenue,Baldwin,11510,645000,645000,Colonial,4,2.500,"Full,Unfinished",1 Car Attached,10,0.00,CL,3/09/2018,9/30/2018,3/09/2018,9/27/2018,0,Det,1,1,*1308938
124,,Dow,Avenue,Mineola,11501,530000,530000,Split Level,3,1.500,"None,Unfinished",1 Car Detached,10,9778.82,CL,7/10/2019,1/10/2020,8/19/2019,9/23/2019,40,Det,1,1,*1352076
2597,,Harrison,Avenue,Baldwin,11510,549000,520000,Victorian,4,2.000,"Full,Unfinished",2 Car Detached,10,12022.66,CL,11/04/2016,6/04/2017,1/09/2017,5/12/2017,66,Det,1,1,2894538
371,,Horton,Highway,Mineola,11501,699000,625000,Colonial,3,2.500,"Full,Finished",,10,7800.00,CL,1/29/2017,7/06/2017,4/29/2017,6/19/2017,89,Det,1,1,2909852
190,,Elderberry,Road,Mineola,11501,619000,610000,Colonial,3,1.500,"Full,Finished",2 Car Detached,10,10060.08,CL,2/08/2017,8/15/2017,3/21/2017,5/31/2017,40,Det,1,1,2912533
3327,,Harbor Point,Road,Baldwin,11510,629000,590000,Splanch,4,3.000,"Partial,Finished",2 Car Attached,10,15354.50,CL,12/12/2016,7/30/2017,2/27/2017,7/03/2017,77,Det,1,1,2915024
457,,Emory,Road,Mineola,11501,569000,555000,Cape,4,3.000,"Full,Finished",1 Car Detached,10,10969.15,CL,3/01/2017,2/28/2018,3/30/2017,6/29/2017,28,Det,1,1,2917550
474,,Wellington,Road,Mineola,11501,619000,605000,Tudor,4,1.500,"Full,Finished",2 Car Detached,10,8732.33,CL,3/03/2017,9/02/2017,4/07/2017,6/16/2017,34,Det,1,1,2918159
371,,Latham,Road,Mineola,11501,659000,645000,Colonial,4,2.500,Full,1 Car Attached,10,8818.41,CL,3/09/2017,12/09/2017,10/10/2017,11/16/2017,214,Det,1,1,2920009
27,,Cambridge,Street,Roslyn Heights,11577,589000,560000,Cape,4,2.000,"None,Unfinished",1 Car Detached,10,8829.68,CL,3/12/2017,3/10/2018,5/04/2017,7/31/2017,52,Det,1,1,2920605
1342,,Tanwood,Drive,N. Baldwin,11510,479000,504000,Splanch,4,2.500,"Full,Partially Finished",2 Car Attached,10,15928.00,CL,3/14/2017,10/26/2017,8/30/2017,10/26/2017,169,Det,1,1,2921212
389,,Saville,Road,Mineola,11501,579000,575000,Colonial,4,2.000,"Full,Finished",1 Car Attached,10,9459.22,CL,4/02/2017,4/01/2018,4/19/2017,7/25/2017,17,Det,1,1,2926067
3062,,Ann,Street,Baldwin,11510,649000,620000,Hi Ranch,4,3.000,"None,Unfinished",2 Car Attached,10,18339.14,CL,4/13/2017,10/13/2017,8/18/2017,9/29/2017,127,Det,1,1,2929224
468,,Emory,Road,Mineola,11501,529999,529000,Exp Cape,4,2.000,Full,2 Car Detached,10,9990.00,CL,4/17/2017,10/17/2017,9/05/2017,11/29/2017,141,Det,1,1,2929984
3408,,Bertha,Drive,Baldwin Harbor,11510,675000,629000,Hi Ranch,5,3.000,"None,Unfinished",1 Car Attached,10,15987.00,CL,4/19/2017,1/15/2018,6/02/2017,8/16/2017,44,Det,1,1,2930732
866,,Hayes,Street,Baldwin,11510,499000,505000,Split Ranch,4,2.000,"Partial,Finished",1 Car Attached,10,12700.00,CL,4/19/2017,12/31/2017,5/12/2017,6/17/2017,23,Att,1,1,2930761
371,,Marcellus,Road,Mineola,11501,589000,595000,Colonial,3,1.500,"Full,Unfinished",1 Car Detached,10,12070.01,CL,4/28/2017,10/08/2017,5/19/2017,9/18/2017,21,Det,1,1,2933248
329,,Foch,Boulevard,Mineola,11501,539000,535000,Tudor,3,1.500,"Full,Finished",1 Car Detached,10,10091.00,CL,5/06/2017,11/08/2017,9/20/2017,12/22/2017,137,Det,1,1,2936337
59,,9th,Avenue,Mineola,11501,559900,530000,Exp Cape,4,2.000,Full,1 Car Detached,10,11018.81,CL,12/08/2016,9/30/2017,2/23/2017,5/31/2017,173,Det,1,1,2937398
200,W,Seaman,Avenue,Freeport,11520,505000,510000,Colonial,4,2.500,"Full,Finished",,10,12756.46,CL,5/31/2017,12/31/2017,6/22/2017,9/08/2017,22,Det,1,1,2942646
825,,Thomas,Avenue,Baldwin,11510,550000,524500,Colonial,4,2.000,"Full,Finished",2 Car Detached,10,14445.00,CL,6/08/2017,7/31/2017,7/12/2017,9/27/2017,34,Det,1,1,2945209
342,,Pennsylvania,Avenue,Mineola,11501,535000,530000,Cape,4,2.000,"None,Unfinished",1 Car Attached,10,0.00,CL,6/09/2017,12/31/2017,9/26/2017,12/22/2017,109,Det,1,1,2945670
309,,Emory,Road,Mineola,11501,599000,588500,Cape,5,2.500,"Full,Finished",2 Car Detached,10,12734.81,CL,6/27/2017,3/27/2018,7/24/2017,9/11/2017,27,Det,1,1,2950888
161,,Grant,Avenue,Mineola,11501,649000,645000,Duplex,4,2.000,"Full,Finished",2 Car Detached,10,11311.60,CL,6/27/2017,3/27/2018,7/17/2017,10/17/2017,20,Det,2,2,2950896
493,,Nancy,Road,Mineola,11501,639000,640000,Colonial,4,2.000,"Full,Unfinished",,10,9947.11,CL,7/07/2017,1/07/2018,7/25/2017,10/05/2017,18,Det,1,1,2953239
99,,Jerome,Avenue,Mineola,11501,649000,628000,Colonial,3,2.000,"Full,Unfinished",2 Car Detached,10,10579.48,CL,7/24/2017,10/30/2017,8/30/2017,12/26/2017,37,Det,1,1,2957818
346,,Beebe,Road,Mineola,11501,649000,630000,Colonial,4,2.000,"Full,Finished",1 Car Detached,10,9346.14,CL,7/24/2017,11/30/2017,12/14/2017,3/14/2018,143,Det,1,1,2958607
451,,Macatee,Place,Mineola,11501,569000,540000,Colonial,4,1.500,Full,1 Car Detached,10,10995.18,CL,8/02/2017,2/01/2018,8/21/2017,10/12/2017,19,Det,1,1,2960122
368,,Willis,Avenue,Mineola,11501,629000,610000,Colonial,3,0.550,"Full,Finished",2 Car Detached,10,19477.49,CL,8/18/2017,2/28/2018,9/21/2017,1/02/2018,34,Det,1,1,2964541
383,,White,Road,Mineola,11501,539000,525000,Colonial,3,2.000,"Full,Finished",,10,8849.00,CL,8/29/2017,12/30/2017,9/25/2017,10/31/2017,27,Det,1,1,2966875
12,,Wisteria,Avenue,Mineola,11501,599000,575000,Colonial,3,1.500,"Full,Finished",1 Car Detached,10,10643.30,CL,9/20/2017,12/30/2017,11/29/2017,3/14/2018,70,Det,1,1,2972634
3273,,Wolfson,Drive,Baldwin,11510,599000,573210,Splanch,4,2.500,"Partial,Finished",2 Car Attached,10,18633.00,CL,9/21/2017,3/31/2018,11/28/2017,2/26/2018,68,Det,1,1,2972926
751,,Florence,Street,Baldwin,11510,530000,530000,Colonial,6,2.000,Full,,10,15760.19,CL,9/21/2017,3/18/2018,10/13/2017,12/22/2017,22,Det,2,2,2973005
191,,Fairfield,Avenue,Mineola,11501,599999,585000,Colonial,3,1.500,Full,1 Car Detached,10,8252.06,CL,10/02/2017,2/17/2018,11/07/2017,12/28/2017,36,Det,1,1,2975269
92,,Dartmouth,Street,Williston Park,11596,579000,550000,Colonial,4,1.500,"Full,Finished",,10,10363.57,CL,10/09/2017,12/31/2017,11/29/2017,1/24/2018,51,Det,1,1,2977185
389,,Wilson,Boulevard,Mineola,11501,609000,615000,Cape,4,2.500,"Full,Finished",,10,9467.00,CL,10/18/2017,10/01/2018,11/17/2017,1/31/2018,30,Det,1,1,2979498
1022,,Elizabeth,Street,Baldwin,11510,539900,530000,Hi Ranch,3,2.000,"None,Unfinished",,10,15400.00,CL,10/19/2017,7/19/2018,2/28/2018,5/09/2018,132,Det,1,1,2979795
364,,1st,Street,Mineola,11501,499500,505000,Colonial,3,1.500,"Full,Unfinished",,10,7666.00,CL,10/24/2017,8/31/2018,12/06/2017,1/30/2018,43,Det,1,1,2980815
3306,,Wolfson,Drive,Baldwin,11510,578500,570000,Hi Ranch,4,2.500,"None,Unfinished",1 Car Attached,10,13181.26,CL,11/09/2017,11/15/2018,12/15/2017,4/27/2018,36,Det,1,1,2984659
116,,Wheeler,Avenue,Mineola,11501,515000,510000,Colonial,2,1.500,"Full,Finished",,10,8835.46,CL,11/10/2017,6/10/2018,4/19/2018,5/15/2018,159,Det,1,1,2985369
89,,Lehigh,Street,Williston Park,11596,549000,510000,Other,4,1.000,"Full,Partially Finished",1 Car Detached,10,7854.53,CL,11/14/2017,4/30/2018,12/20/2017,3/12/2018,36,Det,1,1,2985843
807,,Imperial,Drive,Baldwin,11510,538000,530000,Hi Ranch,4,3.000,"None,Unfinished",2 Car Attached,10,9171.75,CL,12/06/2017,6/06/2018,12/26/2017,3/30/2018,20,Det,1,1,2990174
746,,Vivian,Court,Baldwin,11510,539000,530000,Hi Ranch,4,3.000,"None,Unfinished",2 Car Attached,10,12001.34,CL,12/19/2017,5/31/2018,2/01/2018,7/09/2018,44,Det,1,1,2992179
3394,,Courtney,Place,Baldwin,11510,549000,535000,Hi Ranch,6,3.000,"None,Unfinished",2 Car Attached,10,17823.08,CL,1/11/2018,11/18/2018,2/19/2018,4/20/2018,39,Det,1,1,2996048
3293,,Harbor Point,Road,Baldwin,11510,569000,560000,Hi Ranch,4,3.000,"None,Unfinished",2 Car Attached,10,16899.30,CL,1/13/2018,9/01/2018,1/29/2018,4/02/2018,16,Det,1,1,2996359
3177,,Eastern,Parkway,Baldwin,11510,507000,515000,Split Level,3,2.500,"Full,Finished",1 Car Attached,10,16448.00,CL,1/19/2018,2/19/2019,8/22/2018,9/04/2018,214,Det,1,1,2997922
1496,,Coolidge,Avenue,Baldwin,11510,550000,540000,Colonial,3,1.500,"Full,Partially Finished",1 Car Attached,10,12492.82,CL,1/29/2018,7/29/2018,5/07/2018,6/21/2018,97,Det,1,1,3000482
21,,Cherrytree,Lane,Roslyn Heights,11577,679000,650000,Colonial,3,1.500,"Full,Finished",1 Car Attached,10,10570.06,CL,2/04/2018,7/05/2018,3/28/2018,6/28/2018,51,Det,1,1,3001827
376,,Foch,Boulevard,Mineola,11501,529000,520000,Cape,3,1.000,Full,,10,8532.00,CL,2/20/2018,8/19/2018,4/26/2018,6/12/2018,64,Det,1,1,3005838
468,,Emory,Road,Mineola,11501,579000,579000,Colonial,4,2.000,Full,2 Car Detached,10,9894.20,CL,2/22/2018,7/31/2018,6/19/2018,8/13/2018,116,Det,1,1,3006427
959,,Middle Bay,Drive,Baldwin,11510,525000,511000,Splanch,4,2.500,"Partial,Finished",2 Car Attached,10,11776.70,CL,2/22/2018,8/22/2018,3/19/2018,7/12/2018,24,Det,1,1,3006502
525,,Marcellus,Road,Williston Park,11596,629000,617000,Tudor,3,1.500,Full,1 Car Detached,10,11219.93,CL,2/24/2018,8/22/2018,4/06/2018,5/31/2018,40,Det,1,1,3007064
94,,Millington,Place,Mineola,11501,649000,639000,Cape,4,2.500,"Full,Finished",1 Car Detached,10,12718.12,CL,3/09/2018,3/08/2019,4/13/2018,6/18/2018,34,Det,1,1,3010648
3320,,Wolfson,Drive,Baldwin,11510,575000,575000,Colonial,4,3.500,"Full,Finished",,10,14750.00,CL,3/12/2018,3/12/2019,7/12/2018,12/04/2018,122,Det,1,1,3011494
408,,Andrews,Road,Mineola,11501,629990,605000,Colonial,3,1.000,"Full,Partially Finished",1 Car Attached,10,9519.28,CL,3/15/2018,9/15/2018,4/04/2018,6/07/2018,20,Det,1,1,3012190
321,,Pennsylvania,Avenue,Freeport,11520,579000,579000,Tudor,4,3.000,"Full,Partially Finished",1 Car Attached,10,12907.00,CL,3/20/2018,12/31/2018,6/03/2018,8/21/2018,75,Det,1,1,3013477
174,,Muirfield,Road,Rockville Centre,11570,669000,650000,Colonial,4,2.500,"Partial,Partially Finished",1 Car Attached,10,15335.05,CL,4/04/2018,9/03/2018,5/10/2018,7/03/2018,36,Det,1,1,3017498
993,,Jerome,Street,Baldwin,11510,529000,530000,Split Level,4,2.500,"Full,Finished",2 Car Attached,10,11100.00,CL,4/11/2018,10/10/2018,5/02/2018,6/28/2018,21,Det,1,1,3019905
3528,,Bertha,Drive,Baldwin,11510,599000,575000,Hi Ranch,4,3.000,Full,,10,17515.00,CL,4/26/2018,12/31/2018,5/08/2018,7/11/2018,12,Det,1,1,3024128
260,,Broad,Street,Williston Park,11596,499000,501000,Colonial,4,1.500,"Partial,Unfinished",,10,14134.26,CL,5/01/2018,9/18/2018,7/24/2018,10/29/2018,84,Det,1,1,3025792
906,,Wallace,Avenue,Baldwin,11510,589000,575000,Colonial,4,3.000,"Full,Unfinished",,10,0.00,CL,5/06/2018,11/03/2018,7/17/2018,11/07/2018,72,Att,1,1,3027503
136,,Andrews,Road,Mineola,11501,589000,525000,Cape,4,2.000,"Full,Unfinished",1 Car Detached,10,11305.65,CL,5/06/2018,12/31/2018,6/12/2018,8/31/2018,37,Det,1,1,3027577
421,,Marcellus,Road,Mineola,11501,569000,561000,Colonial,4,1.500,"Full,Finished",1 Car Detached,10,11415.00,CL,5/07/2018,10/28/2018,5/17/2018,7/16/2018,10,Det,1,1,3027678
31,,Plymouth,Avenue,Mineola,11501,559000,559000,Exp Cape,4,2.000,Full,,10,8133.66,CL,5/09/2018,11/09/2018,6/07/2018,9/07/2018,29,Det,1,1,3028714
768,,Glover,Place,Baldwin,11510,535000,550000,Colonial,4,3.000,"Full,Finished",2 Car Detached,10,8118.20,CL,5/14/2018,5/14/2019,6/05/2018,8/17/2018,22,Det,2,2,3029935
2289,,Lancaster,Avenue,Baldwin,11510,529000,525000,Colonial,4,2.500,"Full,Finished",1 Car Attached,10,13822.00,CL,5/16/2018,9/30/2018,8/23/2018,10/04/2018,99,Det,1,1,3030633
89,,Yale,Street,Williston Park,11596,649000,625000,Colonial,4,2.000,"Full,Finished",1 Car Detached,10,11893.29,CL,5/18/2018,5/17/2019,6/29/2018,8/29/2018,42,Det,1,1,3031596
240,,Beebe,Road,Mineola,11501,565000,555000,Colonial,3,1.500,"Full,Unfinished",2 Car Detached,10,9520.90,CL,5/24/2018,12/31/2018,8/30/2018,1/04/2019,98,Det,1,1,3033148
660,,Fisherman's,Road,Baldwin,11510,525000,520000,Hi Ranch,6,3.000,"Crawl,Unfinished",,10,12900.00,CL,5/31/2018,9/26/2018,10/07/2018,11/02/2018,129,Det,1,2,3035083
799,,Vivian,Court,Baldwin Harbor,11510,560000,560000,Hi Ranch,4,3.000,,2 Car Attached,10,15403.00,CL,5/31/2018,9/25/2018,8/08/2018,11/08/2018,69,Det,1,1,3035175
3615,,Bertha,Drive,Baldwin,11510,579000,574000,Splanch,4,2.500,"Partial,Finished",3 Car Attached,10,19504.60,CL,6/06/2018,11/22/2018,7/17/2018,10/01/2018,41,Det,1,1,3036926
708,,Jay,Way,Baldwin,11510,549000,535000,Split Level,4,2.500,"Full,Finished",,10,15170.00,CL,6/18/2018,8/18/2018,7/12/2018,8/23/2018,24,Att,1,1,3040297
116,,Maryland,Avenue,Freeport,11520,489000,510000,Colonial,5,2.000,"Full,Finished",1 Car Attached,10,16171.19,CL,6/18/2018,12/18/2018,8/15/2018,11/02/2018,58,Det,1,1,3040311
10,,South,Drive,Baldwin,11510,699000,645000,Contemporary,5,4.000,"Crawl,Unfinished",1 Car Attached,10,31469.00,CL,6/18/2018,12/01/2018,10/01/2018,12/18/2018,105,Det,1,1,3040551
128,,Iu Willets,Road,Albertson,11507,619000,619000,Cape,4,3.000,Full,1 Car Detached,10,11144.80,CL,6/21/2018,9/30/2018,7/18/2018,9/07/2018,27,Det,1,1,3042662
3,,Jayne,Place,Baldwin,11510,493500,508000,Colonial,3,2.000,"Full,Finished",2 Car Detached,10,14141.18,CL,6/26/2018,6/26/2019,10/24/2018,1/29/2019,120,Det,1,1,3043261
1040,,Thomas,Avenue,Baldwin,11510,499000,527350,Duplex,4,2.000,"Full,Unfinished",,10,15946.00,CL,7/02/2018,12/31/2018,11/16/2018,1/16/2019,137,Det,2,2,3044696
479,,Latham,Road,Mineola,11501,579999,565000,Cape,4,1.000,"Full,Finished",1 Car Detached,10,11566.44,CL,7/06/2018,7/06/2019,9/07/2018,11/06/2018,63,Det,1,1,3045790
3327,,Wolfson,Drive,Baldwin Harbor,11510,585000,557500,Hi Ranch,4,3.000,"None,Unfinished",1 Car Attached,10,14382.04,CL,7/06/2018,1/31/2019,9/18/2018,12/06/2018,74,Det,1,1,3045949
2591,,Harrison,Avenue,Baldwin,11510,549000,535000,Colonial,4,2.000,"Full,Partially Finished",1 Car Detached,10,11266.21,CL,7/09/2018,12/31/2018,9/21/2018,1/30/2019,74,Det,1,1,3046668
48,,Croyden,Road,Mineola,11501,599000,580000,Colonial,3,1.000,Full,1 Car Detached,10,11493.77,CL,7/11/2018,12/11/2018,9/18/2018,11/16/2018,69,Det,1,1,3047362
29,,Temple,Street,Williston Park,11596,549000,550000,Other,6,2.000,"Full,Unfinished",1 Car Detached,10,10276.32,CL,7/12/2018,7/07/2019,8/08/2018,10/15/2018,27,Det,1,1,3047703
154,,Evelyn,Road,Mineola,11501,569000,517000,Cape,4,2.000,"Full,Unfinished",,10,9250.00,CL,7/19/2018,12/31/2018,8/28/2018,8/28/2018,40,Det,1,1,3050360
1024,,Thomas,Avenue,Baldwin,11510,579000,550000,Cape,3,2.000,"Full,Partially Finished",2 Car Detached,10,12000.00,CL,7/25/2018,9/01/2019,6/26/2019,9/04/2019,336,Det,2,2,3051608
634,,Arlington,Avenue,Baldwin,11510,599000,580000,Hi Ranch,4,2.000,"None,Unfinished",,10,12300.00,CL,7/26/2018,3/22/2019,10/22/2018,1/14/2019,88,Det,1,1,3052012
3000,,Ann,Street,Baldwin Harbor,11510,549000,549000,Split Ranch,3,3.500,"Full,Finished",1 Car Attached,10,17258.33,CL,7/28/2018,1/31/2019,10/16/2018,12/20/2018,80,Det,1,1,3052399
3151,,Grand,Boulevard,Baldwin,11510,569000,560000,Colonial,6,3.500,"Crawl,Unfinished",1 Car Detached,10,18237.18,CL,7/30/2018,11/01/2018,9/11/2018,10/30/2018,43,Det,1,1,3052894
3392,,Milburn,Avenue,Baldwin,11510,519000,505000,Split Level,4,2.500,"Full,Finished",1 Car Attached,10,15653.00,CL,7/30/2018,3/01/2019,1/11/2019,3/14/2019,165,Det,1,1,3053011
66,,Sherman,Avenue,Williston Park,11596,689000,615000,Exp Cape,4,2.000,"Full,Finished",1 Car Attached,10,11406.42,CL,8/02/2018,12/05/2018,9/19/2018,12/03/2018,48,Det,1,1,3053806
62,,Plainfield,Road,Albertson,11507,660528,649250,Cape,4,2.500,"Full,Partially Finished",1 Car Attached,10,10281.54,CL,8/06/2018,12/31/2018,9/20/2018,11/29/2018,45,Det,1,1,3054781
964,,Jerome,Street,Baldwin,11510,524900,510000,Split Ranch,4,2.500,"Partial,Unfinished",2 Car Attached,10,18078.72,CL,8/09/2018,12/31/2018,10/09/2018,11/13/2018,61,Det,1,1,3056008
615,,Emerson,Avenue,N. Baldwin,11510,529000,525000,Colonial,4,2.000,"Full,Finished",1 Car Detached,10,10879.00,CL,8/14/2018,2/14/2019,9/28/2018,12/03/2018,45,Det,1,1,3056987
11,,Arden,Court,Rockville Centre,11570,550000,550000,Colonial,5,2.500,"Full,Finished",,10,22858.88,CL,8/15/2018,8/15/2020,11/08/2018,12/07/2018,85,Det,1,1,3057330
377,,Oak,Place,Mineola,11501,549000,530000,Cape,4,2.000,"Full,Finished",1 Car Detached,10,8623.53,CL,8/16/2018,2/16/2019,8/27/2018,10/16/2018,11,Det,1,1,3057942
230,,Andrews,Road,Mineola,11501,655000,630000,Colonial,4,2.000,"Full,Finished",1 Car Detached,10,13126.54,CL,9/11/2018,9/11/2019,3/01/2019,5/30/2019,171,Det,1,1,3064315
374,,Marcellus,Road,Mineola,11501,589000,565000,Colonial,3,1.500,"Full,Finished",1 Car Detached,10,11687.91,CL,9/13/2018,12/31/2018,10/24/2018,1/03/2019,41,Det,1,1,3064706
3400,,Bay Front,Place,Baldwin,11510,550000,510000,Colonial,4,2.500,"None,Unfinished",2 Car Detached,10,11389.43,CL,9/16/2018,9/13/2019,10/30/2018,1/07/2019,44,Det,1,1,3065694
66,,Jerome,Avenue,Mineola,11501,564999,558000,Colonial,3,2.000,Full,1 Car Detached,10,9417.19,Cl,9/18/2018,12/13/2018,11/01/2018,12/28/2018,44,Det,1,1,3066028
414,,Burkhard Avenue,,Mineola,11501,619000,585000,Colonial,4,2.000,"Full,Finished",,10,11584.00,CL,9/18/2018,3/18/2019,11/20/2018,1/28/2019,63,Det,1,1,3066080
2333,,Lancaster,Avenue,Baldwin,11510,524999,511000,Cape,3,1.500,"Full,Finished",,10,11300.00,CL,9/26/2018,12/31/2018,10/22/2018,12/18/2018,26,Det,1,1,3068530
3443,,Parkway,Drive,Baldwin,11510,560000,545000,Colonial,4,2.500,"None,Unfinished",2 Car Attached,10,17155.91,CL,9/27/2018,9/05/2019,1/02/2019,1/30/2019,97,Det,1,1,3068836
707,,John,Street,N. Baldwin,11510,599000,580000,Exp Cape,4,3.000,"Full,Finished",,10,17427.00,CL,9/30/2018,9/30/2019,12/13/2018,1/16/2019,74,Det,1,1,3069424
27,,Jefferson East,Avenue,Mineola,11501,649000,610000,Cape,4,2.000,"Full,Finished",1 Car Detached,10,8612.00,CL,10/06/2018,10/06/2019,11/14/2018,12/12/2018,39,Det,1,1,3071458
751,,Marilyn,Lane,Baldwin,11510,490000,505000,Hi Ranch,4,3.000,Finished,1 Car Attached,10,12480.00,CL,10/05/2018,6/01/2019,12/06/2018,2/22/2019,62,Det,1,1,3071475
187,,Voorhis,Avenue,Rockville Centre,11570,629000,625000,Colonial,3,1.500,"Full,Partially Finished",1 Car Attached,10,15709.78,CL,10/15/2018,4/15/2019,1/25/2019,5/09/2019,102,Det,1,1,3073458
528,,Concord,Avenue,Williston Park,11596,664990,638000,Tudor,5,1.500,"Full,Finished",1 Car Detached,10,10365.14,CL,11/01/2018,8/15/2019,5/02/2019,9/19/2019,182,Det,1,1,3077955
2571,,Central,Avenue,Baldwin,11510,539000,520000,Colonial,4,3.000,Full,2 Car Detached,10,0.00,CL,11/10/2018,3/10/2019,1/28/2019,5/02/2019,79,Det,1,1,3080248
2330,,Rockwood,Avenue,Baldwin,11510,525000,513000,Colonial,4,2.500,"Full,Finished",2 Car Detached,10,14829.00,CL,11/14/2018,2/10/2019,2/14/2019,3/21/2019,92,Det,1,1,3081320
2365,,Central,Avenue,Baldwin,11510,599999,605000,Colonial,4,3.000,"Full,Unfinished",,10,23787.00,CL,11/27/2018,6/01/2019,1/08/2019,2/14/2019,42,Det,2,1,3083290
140,,Fonda,Road,Rockville Centre,11570,539000,525000,Colonial,4,1.500,"Full,Partially Finished",,10,16960.65,CL,11/27/2018,5/13/2019,4/17/2019,7/02/2019,140,Att,1,1,3083478
189,,Emory,Road,Mineola,11501,649000,599000,Cape,4,3.000,"Full,Finished",1 Car Detached,10,11971.87,CL,1/02/2019,7/30/2019,3/14/2019,5/13/2019,70,Det,1,1,3089605
3427,,Steven,Road,Baldwin Harbor,11510,560000,545000,Splanch,5,3.000,"Partial,Partially Finished",,10,13200.00,CL,1/09/2019,6/09/2019,1/30/2019,2/28/2019,21,Det,1,1,3091869
977,,Marcel,Road,Baldwin,11510,519000,523000,Split Ranch,4,2.500,"Partial,Finished",1 Car Attached,10,13278.01,CL,1/16/2019,12/04/2019,1/31/2019,4/16/2019,15,Det,1,1,3092784
413,,Marcellus,Road,Mineola,11501,669918,607500,Colonial,3,1.500,"Full,Unfinished",,10,7974.83,CL,1/17/2019,1/17/2020,3/01/2019,3/25/2019,43,Det,1,1,3094092
165,,Voorhis,Avenue,Rockville Centre,11570,669000,630000,Colonial,4,2.500,"Full,Unfinished",2 Car Attached,10,16297.87,CL,1/18/2019,7/18/2019,6/18/2019,12/26/2019,150,Det,1,1,3094436
340,,Horton,Highway,Mineola,11501,585000,560000,Colonial,3,2.000,"Full,Unfinished",3 Car Detached,10,10849.54,CL,1/19/2019,6/19/2019,3/15/2019,5/07/2019,54,Det,1,1,3094637
3510,,Steven,Road,Baldwin,11510,550000,545000,Splanch,4,2.500,"Partial,Finished",1 Car Attached,10,12568.84,CL,1/22/2019,4/30/2019,3/25/2019,7/15/2019,61,Det,1,1,3095173
839,,Chess,Drive,Baldwin,11510,549999,530000,Split Level,3,2.500,"Partial,Partially Finished",1 Car Attached,10,13370.34,CL,1/23/2019,7/23/2019,5/28/2019,7/19/2019,124,Det,1,1,3095587
96,,Krug,Place,Mineola,11501,549000,505000,Cape,3,1.000,"Full,Partially Finished",1 Car Attached,10,7613.00,CL,1/24/2019,7/16/2019,4/08/2019,6/14/2019,73,Det,1,1,3095646
727,,Jackie,Lane,Baldwin,11510,549995,540000,Split Level,4,2.500,"Crawl,Unfinished",2 Car Attached,10,12723.00,CL,2/12/2019,8/12/2019,3/29/2019,6/14/2019,44,Det,1,1,3100871
568,,Lenox,Road,Baldwin,11510,515000,510000,Cape,4,2.500,Full,1 Car Detached,10,10914.13,CL,2/22/2019,8/20/2019,6/19/2019,8/30/2019,116,Det,1,1,3103252
84,,Cottage,Place,Mineola,11501,579000,545000,Colonial,3,1.500,"Full,Unfinished",1 Car Detached,10,7431.46,CL,2/26/2019,8/19/2019,3/18/2019,7/10/2019,19,Det,1,1,3104099
2657,,Fox,Road,Baldwin,11510,514999,510000,Split Level,3,2.500,"Full,Finished",1 Car Attached,10,9362.93,CL,2/27/2019,8/14/2019,3/04/2019,7/18/2019,5,Det,1,1,3104327
740,,Bonnie,Drive,Baldwin Harbor,11510,579999,545000,Split Level,3,2.500,"None,Unfinished",2 Car Attached,10,20126.50,CL,3/19/2019,8/31/2019,8/12/2019,10/01/2019,146,Det,1,1,3110460
508,,Foch,Boulevard,Mineola,11501,665000,635000,Cape,4,2.000,"Full,Unfinished",2 Car Attached,10,11057.10,CL,3/21/2019,12/21/2019,9/20/2019,11/12/2019,183,Det,1,1,3111113
237,,Seaman,Avenue,Rockville Centre,11570,649999,650000,Exp Ranch,3,3.000,"None,Unfinished",,10,10763.00,CL,3/27/2019,9/27/2019,4/22/2019,7/25/2019,26,Det,1,1,3113243
774,,Vivian,Court,Baldwin,11510,540000,527500,Hi Ranch,5,3.000,Finished,2 Car Attached,10,11616.00,CL,3/27/2019,5/15/2020,5/20/2019,7/31/2019,54,Det,1,1,3113474
3058,,Ann,Street,Baldwin,11510,629000,623000,Split Level,4,3.000,"Partial,Finished",2 Car Attached,10,18005.63,CL,3/29/2019,9/27/2019,5/24/2019,7/12/2019,56,Det,1,1,3113646
2553,,Harrison,Avenue,Baldwin,11510,650000,575000,Colonial,4,2.500,"Full,Finished",2 Car Detached,10,14218.00,CL,3/30/2019,4/27/2019,4/22/2019,5/06/2019,23,Det,1,1,3114140
315,,Garfield,Avenue,Mineola,11501,649000,620000,Colonial,4,2.500,"Full,Partially Finished",1 Car Attached,10,11030.19,CL,4/01/2019,7/01/2019,5/10/2019,7/15/2019,39,Att,1,1,3114852
387,,Marcellus,Road,Mineola,11501,549000,530000,Colonial,4,1.500,"Full,Partially Finished",1 Car Detached,10,8605.00,CL,4/08/2019,10/02/2019,4/29/2019,6/21/2019,21,Det,1,1,3117065
189,,Elderberry,Road,Mineola,11501,669000,640000,Cape,4,2.000,"Full,Finished",,10,13285.71,CL,4/09/2019,4/05/2020,5/07/2019,8/06/2019,28,Det,1,1,3117647
1240,,Lynne,Street,Baldwin,11510,699000,610000,Split Level,3,2.000,"Full,Finished",,10,16675.98,CL,4/12/2019,4/12/2020,5/10/2019,7/25/2019,28,Det,1,1,3118645
2335,,Milburn,Avenue,Baldwin,11510,529000,510000,Split Level,3,2.500,"Full,Unfinished",,10,9040.00,CL,4/12/2019,9/30/2019,5/08/2019,7/08/2019,26,Det,1,1,3118684
1230,,St Pauls,Street,Baldwin,11510,525000,520000,Hi Ranch,5,2.000,"Full,Finished",1 Car Attached,10,14533.78,CL,4/19/2019,7/25/2019,5/17/2019,6/21/2019,28,Det,1,1,3120731
11,,Meadow,Lane,Rockville Centre,11570,539000,515000,Ranch,3,2.000,"None,Unfinished",,10,12956.07,CL,4/21/2019,10/31/2019,6/05/2019,8/19/2019,45,Det,1,1,3121056
52,,Jackson,Avenue,Mineola,11501,575000,560000,Colonial,3,1.500,"Full,Partially Finished",,10,9126.00,CL,4/22/2019,10/22/2019,10/08/2019,11/12/2019,169,Det,1,1,3121120
27,,Pacific,Street,Baldwin,11510,550000,530000,Traditional,5,2.000,"Full,Unfinished",2 Car Detached,10,9749.00,CL,4/26/2019,10/31/2019,6/13/2019,7/01/2019,48,Det,1,1,3122899
686,,Fishermans,Road,Baldwin,11510,539000,539000,Hi Ranch,4,2.000,"None,Unfinished",2 Car Attached,10,13037.93,CL,4/29/2019,9/27/2019,6/13/2019,10/04/2019,45,Det,1,1,3123249
8,,Tanglewood,Lane,Freeport,11520,500000,530000,Exp Ranch,6,3.000,"Full,Unfinished",2 Car Attached,10,11659.00,CL,5/07/2019,5/07/2020,8/30/2019,12/03/2019,115,Det,1,1,3126236
126,,jefferson,Avenue,Mineola,11501,519000,520000,Colonial,3,2.000,"Full,Unfinished",1 Car Detached,10,8564.00,CL,5/11/2019,5/11/2020,8/02/2019,12/23/2019,83,Det,1,1,3127852
51,,11th,Avenue,Mineola,11501,549000,510000,Cape,4,2.000,"Full,Partially Finished",,10,7562.15,CL,5/15/2019,11/16/2019,6/17/2019,8/28/2019,33,Det,1,1,3129033
720,,Koelbel,Court,Baldwin,11510,539990,535000,Colonial,4,2.500,"Full,Unfinished",1 Car Attached,10,9750.73,CL,5/15/2019,1/15/2020,8/12/2019,9/27/2019,89,Det,1,1,3129073
3369,,Courtney,Place,Baldwin,11510,579999,578000,Hi Ranch,5,3.000,"None,Unfinished",2 Car Attached,10,12594.00,CL,5/19/2019,11/30/2019,7/02/2019,8/28/2019,44,Det,1,1,3130201
338,,Foch,Boulevard,Mineola,11501,595000,555000,Tudor,3,1.000,"Full,Finished",1 Car Detached,10,11450.00,CL,5/20/2019,2/28/2020,8/09/2019,12/06/2019,81,Det,1,1,3130456
3302,,Bertha,Drive,Baldwin,11510,589000,585000,Split Level,4,2.500,"Partial,Finished",2 Car Attached,10,16500.00,CL,5/22/2019,11/22/2019,7/02/2019,8/30/2019,41,Det,1,1,3131144
161,,Andrews,Road,Mineola,11501,569999,519000,Ranch,3,2.000,"Full,Finished",1 Car Detached,10,10135.23,CL,5/22/2019,11/15/2019,8/28/2019,1/07/2020,98,Det,1,1,3131153
769,,Marilyn,Lane,Baldwin Harbor,11510,515000,505000,Split Level,4,2.500,"None,Unfinished",2 Car Attached,10,12280.76,CL,5/28/2019,12/31/2019,8/12/2019,10/03/2019,76,Det,1,1,3132775
1124,,Hayes,Place,Baldwin,11510,569000,525000,Hi Ranch,5,2.000,"None,Unfinished",1 Car Attached,10,15312.70,CL,5/30/2019,5/24/2020,8/09/2019,10/16/2019,139,Att,1,2,3133321
40,,Coventry,Avenue,Albertson,11507,579000,550000,Cape,4,2.000,"Full,Partially Finished",1 Car Detached,10,8884.00,CL,5/31/2019,4/23/2020,8/01/2019,9/25/2019,62,Det,1,1,3133966
401,,Burkhard,Avenue,Mineola,11501,499000,507000,Cape,4,1.000,Full,1 Car Detached,10,11067.00,CL,6/20/2019,3/12/2020,7/19/2019,9/17/2019,29,Det,1,1,3140370
1235,,Village,Court,N. Baldwin,11510,585000,590000,Split Level,5,2.500,"Full,Finished",1 Car Attached,10,18005.63,CL,6/26/2019,6/26/2020,8/19/2019,10/11/2019,54,Det,1,1,3142245
85,,Woodhollow,Road,Albertson,11507,545000,520000,Cape,4,1.000,"Full,Partially Finished",,10,11438.30,CL,6/28/2019,12/31/2019,8/08/2019,11/21/2019,41,Det,1,1,3142808
226,,Jefferson,Avenue,Mineola,11501,579000,572000,Colonial,3,2.000,"Full,Unfinished",,10,8126.73,CL,7/08/2019,10/15/2019,7/23/2019,11/04/2019,15,Det,2,2,3145450
463,,Foch,Boulevard,Mineola,11501,699000,650000,Tudor,3,1.500,"Full,Finished",,10,10220.53,CL,7/09/2019,7/09/2020,10/29/2019,12/16/2019,112,Det,1,1,3145639
2630,,Harrison,Avenue,Baldwin,11510,559000,530000,Colonial,4,2.000,"Full,Finished",1 Car Detached,10,11357.39,CL,7/12/2019,12/31/2019,9/06/2019,12/03/2019,56,Det,1,1,3147055
488,,Emory,Road,Mineola,11501,549000,525000,Cape,4,2.000,"Full,Partially Finished",1 Car Attached,10,9788.00,CL,7/16/2019,12/15/2019,9/26/2019,11/26/2019,72,Det,1,1,3147547
2270,,Rockwood,Avenue,Baldwin,11510,549999,530000,Colonial,5,3.500,"Full,Finished",,10,16621.00,CL,7/18/2019,7/18/2020,9/11/2019,10/31/2019,55,Det,1,2,3148349
62,,11th,Avenue,Mineola,11501,550000,520000,Cape,4,2.500,"Full,Finished",,10,10949.52,CL,7/22/2019,12/31/2019,10/28/2019,1/17/2020,98,Det,1,1,3149259
21,,Hampton,Avenue,Albertson,11507,659000,622000,Colonial,3,1.500,"Full,Unfinished",1 Car Detached,10,10035.00,CL,7/22/2019,3/18/2020,8/29/2019,11/01/2019,38,Det,1,1,3149289
197,,Dow,Avenue,Mineola,11501,559000,510000,Cape,4,2.000,"Full,Finished",,10,12362.68,CL,7/29/2019,6/11/2020,10/24/2019,2/26/2020,87,Det,1,1,3151357
753,,Hastings,Street,Baldwin,11510,535000,523000,Split Level,4,3.000,"Crawl,Unfinished",1 Car Attached,10,10969.57,CL,8/16/2019,12/31/2019,10/10/2019,12/24/2019,55,Det,1,1,3156641
335,,Saville,Road,Mineola,11501,599000,585000,Exp Cape,3,2.000,"Full,Partially Finished",1 Car Attached,10,13402.60,CL,8/21/2019,1/01/2020,10/23/2019,12/04/2019,63,Det,1,1,3157861
108,,Albertson,Avenue,Albertson,11507,525000,520000,Cape,4,2.000,"Full,Partially Finished",,10,11703.05,CL,6/06/2019,3/31/2020,1/13/2020,3/05/2020,221,Det,1,1,3157902
796,,Jefferson,Street,Baldwin,11510,625100,610000,Split Level,5,3.500,"Full,Partially Finished",,10,19500.00,CL,8/21/2019,8/21/2020,9/06/2019,11/01/2019,16,Det,1,1,3158033
188,,Lincoln,Avenue,Mineola,11501,599000,595000,Colonial,5,2.500,"Full,Finished",1 Car Detached,10,12666.67,CL,8/22/2019,12/31/2019,9/19/2019,11/19/2019,28,Det,1,1,3158407
480,,Pennsylvania,Avenue,Freeport,11520,600000,600000,Colonial,4,3.500,"Full,Finished",2 Car Detached,10,14395.13,CL,8/26/2019,12/31/2019,9/17/2019,12/26/2019,22,Det,1,1,3159605
11,,Exeter,Street,Williston Park,11596,549000,520000,Colonial,4,1.000,"Full,Partially Finished",,10,10606.70,CL,8/29/2019,3/29/2020,12/21/2019,2/24/2020,114,Det,1,1,3159866
23,,Foxcroft,Road,Albertson,11507,549000,533000,Exp Cape,4,2.000,Full,,10,12009.53,CL,8/30/2019,2/29/2020,10/10/2019,1/17/2020,41,Det,1,1,3160296
173,,Grant,Avenue,Mineola,11501,649999,540000,Colonial,3,1.500,"Full,Finished",2 Car Detached,10,10133.28,CL,9/06/2019,2/29/2020,1/03/2020,2/18/2020,119,Det,1,1,3162123
12,,Berkley,Road,Mineola,11501,565000,545000,Tudor,2,1.000,"Full,Partially Finished",1 Car Detached,10,7271.90,CL,9/09/2019,1/01/2020,10/11/2019,11/06/2019,32,Det,1,1,3162640
545,,Watkins,Drive,Mineola,11501,549000,535000,Cape,4,1.000,Full,,10,9674.34,CL,9/10/2019,1/10/2020,10/31/2019,12/20/2019,51,Det,1,1,3163192
2605,,Harrison,Avenue,Baldwin,11510,569000,560000,Colonial,4,2.000,"Full,Unfinished",1 Car Detached,10,11357.39,CL,9/11/2019,1/31/2020,10/22/2019,3/16/2020,41,Det,1,1,3163685
1045,,Hastings,Street,Baldwin,11510,579000,570000,Hi Ranch,3,2.000,"None,Unfinished",2 Car Attached,10,12040.68,CL,9/17/2019,3/03/2020,10/16/2019,12/20/2019,29,Det,1,1,3165189
689,,Arlington,Avenue,Baldwin,11510,648000,620000,Colonial,5,3.000,"Full,Finished",1 Car Attached,10,19236.00,CL,10/01/2019,9/27/2020,10/23/2019,11/26/2019,22,Det,1,1,3169016
954,,Adams,Street,Baldwin,11510,599900,580000,Colonial,3,2.500,"Full,Finished",1 Car Attached,10,12658.82,CL,10/31/2019,4/22/2020,12/11/2019,2/13/2020,41,Det,1,1,3177167
731,,Glover,Place,Baldwin,11510,575000,565000,Colonial,3,2.000,"Full,Finished",1 Car Detached,10,8594.00,CL,10/31/2019,4/30/2020,12/04/2019,2/07/2020,34,Det,1,1,3177173
33,,Kenilworth,Road,Mineola,11501,649000,610000,Tudor,3,1.500,Full,1 Car Attached,10,10179.85,CL,11/13/2019,4/30/2020,12/13/2019,2/24/2020,30,Det,1,1,3180051
2852,,Eastern,Boulevard,Baldwin,11510,549000,520000,Hi Ranch,4,2.000,"Full,Finished",2 Car Attached,10,15279.11,CL,12/13/2019,6/16/2020,2/03/2020,3/10/2020,52,Det,1,1,3186197