St #,Dr,Street Name,Sfx,Town,Zip,ListPrice,SoldPrice,,Br,Bath,,,SD,Tot Tax,LSC,ListDate,ExpDate,ContDate,TitleDate,DOM,Det,#F,K,ML#
222,,Morris,Drive,East Meadow,11554,529000,505000,Cape,4,3.000,"Full,Finished",1 Car Detached,3,10500.00,CL,4/15/2018,5/31/2018,5/01/2018,7/19/2018,16,Det,1,1,3020798
3,,Godfrey,Avenue,Bayville,11709,489000,460000,Colonial,3,1.000,"Full,Partially Finished",,3,9686.88,CL,3/07/2018,9/07/2018,3/30/2018,6/01/2018,22,Det,1,1,3009923
14,,Oak,Street,Bayville,11709,510000,505000,Colonial,4,2.500,"None,Unfinished",,3,11623.87,CL,7/11/2017,6/11/2018,5/07/2018,8/02/2018,300,Det,1,1,2954034
49,,Riggs,Place,Locust Valley,11560,499000,475000,Colonial,3,1.000,"Full,Finished",,3,10377.62,CL,10/31/2017,10/31/2018,1/15/2018,3/06/2018,76,Det,1,1,2982155
12,,Oak,Street,Bayville,11709,485000,475000,Colonial,4,1.500,"None,Unfinished",,3,10373.75,CL,5/29/2018,6/01/2019,4/22/2019,9/13/2019,328,Det,1,1,3034122
69,,Mott,,Roslyn,11576,495000,475000,Ranch,2,1.000,"Full,Finished",,3,8045.41,CL,11/29/2017,10/14/2018,12/18/2017,3/26/2018,19,Det,1,1,2988420
2547,,7th,Street,East Meadow,11554,599000,525000,Split Level,5,3.000,Full,,3,16641.47,CL,9/05/2018,9/05/2019,10/19/2018,1/22/2019,44,Det,1,1,3061946
6,,Summitview,Drive,Bayville,11709,529999,490000,Ranch,3,2.000,Full,,3,9328.00,CL,4/19/2019,10/19/2019,7/24/2019,11/26/2019,96,Det,1,1,3120684
145,,Land,Lane,Westbury,11590,489500,505500,Cape,4,2.000,"None,Unfinished",1 Car Attached,3,10782.00,CL,4/20/2018,10/20/2018,5/15/2018,9/19/2018,25,Det,1,1,3022549
2601,,Park,Court,East Meadow,11554,469000,480000,Exp Cape,4,2.000,"Full,Unfinished",1 Car Attached,3,9437.70,CL,3/29/2017,9/28/2017,4/13/2017,7/17/2017,15,Det,1,1,2925150
2390,,2nd,Street,East Meadow,11554,469000,458000,Colonial,5,2.000,"None,Unfinished",,3,13795.01,CL,1/01/2018,8/30/2018,8/10/2018,11/15/2018,220,Det,1,1,2993523
34,,Ronni,Drive,East Meadow,11554,499000,490000,Ranch,4,2.000,"Full,Finished",1 Car Detached,3,12847.00,CL,4/06/2018,9/07/2018,4/23/2018,6/28/2018,17,Det,1,1,3018059
2776,,Granz,Court,East Meadow,11554,548800,530000,Split Level,3,2.500,"Partial,Finished",1 Car Attached,3,11126.00,CL,10/03/2018,4/03/2019,1/31/2019,2/22/2019,120,Det,1,1,3070787
54,,Cedar Ave,,Locust Valley,11560,519000,500000,Colonial,2,2.000,"Full,Unfinished",1 Car Detached,3,9028.00,CL,2/09/2019,8/09/2019,2/27/2019,4/04/2019,18,Det,1,1,3099958
114,,Greenbelt,Lane,Levittown,11756,549000,519000,Colonial,7,3.000,"None,Unfinished",,3,14213.64,CL,4/25/2018,10/30/2018,8/30/2018,11/02/2018,127,Det,1,1,3024179
11,,Greenvale,Lane,Levittown,11756,549000,525000,Colonial,5,2.000,"None,Unfinished",2 Car Attached,3,10236.04,CL,6/19/2019,1/31/2020,9/11/2019,11/15/2019,84,Det,1,2,3139902
16,,Satinwood,Road,Bayville,11709,524999,510000,Ranch,4,2.000,Full,1 Car Attached,3,12325.61,CL,4/26/2018,9/19/2018,5/07/2018,8/22/2018,11,Det,1,1,3024267
193,,Powerhouse,Road,Roslyn Heights,11577,519000,530000,Ranch,3,2.000,"Full,Unfinished",1 Car Attached,3,11114.49,CL,4/20/2017,10/31/2017,5/10/2017,7/21/2017,20,Det,1,1,2931152
876,,Stratford,Drive,East Meadow,11554,499000,500000,Cape,4,2.000,"Full,Finished",1 Car Attached,3,14114.52,CL,9/08/2017,5/31/2018,1/11/2018,3/15/2018,125,Det,1,1,2969410
7,,Franklin,Avenue,Bayville,11709,509000,475000,Cape,2,2.000,"Crawl,Unfinished",1 Car Detached,3,9538.00,CL,5/05/2018,6/04/2019,4/12/2019,7/26/2019,342,Det,1,1,3027351
1888,,Cole,Drive,East Meadow,11554,455000,455000,Ranch,3,1.000,"Full,Finished",1 Car Attached,3,9333.15,CL,10/04/2018,2/03/2019,10/23/2018,1/08/2019,19,Det,1,1,3070942
86,S,Cabot,Lane,Westbury,11590,519998,510000,Colonial,4,2.000,"None,Unfinished",,3,12994.00,CL,11/01/2016,5/31/2017,12/27/2016,4/10/2017,56,Det,1,1,2893879
70,,Mellow,Lane,Westbury,11590,519999,500000,Exp Ranch,6,1.500,"None,Unfinished",,3,14397.00,CL,5/06/2018,9/17/2018,5/07/2018,8/23/2018,1,Det,1,1,3027513
33,,Hedge,Lane,Westbury,11590,455000,457500,Exp Cape,4,2.000,"None,Unfinished",,3,11842.00,CL,2/16/2017,5/16/2017,3/13/2017,3/27/2017,24,Det,1,1,2914162
2515,,Lancaster,Street,East Meadow,11554,539000,523000,Colonial,4,2.000,"Full,Finished",1 Car Detached,3,12507.80,CL,5/02/2018,11/01/2018,5/31/2018,7/31/2018,29,Det,1,1,3026201
2369,,Lindy,Road,Westbury,11590,499000,475000,Colonial,5,2.000,Full,,3,13790.82,CL,1/07/2018,7/06/2018,6/18/2018,8/29/2018,161,Det,1,1,2994789
1875,,N Jerusalem,Road,East Meadow,11554,489000,489000,Split Level,3,2.500,"Full,Finished",,3,9115.00,CL,3/16/2018,6/16/2018,6/14/2018,7/12/2018,90,Det,1,1,3012577
829,,Plum Tree (West),Road,Westbury,11590,467000,462075,Exp Cape,4,2.000,"Full,Finished",1 Car Attached,3,12788.00,CL,12/14/2016,3/31/2017,2/03/2017,6/01/2017,51,Det,1,1,2901908
587,,Benton,Road,East Meadow,11554,495000,480000,Exp Ranch,3,2.000,"Full,Finished",1 Car Attached,3,13747.55,CL,6/20/2018,12/19/2018,8/22/2018,11/09/2018,63,Det,1,1,3041225
77,,Twig,Lane,Levittown,11756,524900,517500,Colonial,5,2.000,"None,Unfinished",,3,9754.00,CL,10/19/2019,7/19/2020,1/10/2020,2/24/2020,83,Det,1,1,3174082
15,,Forest,Lane,Westbury,11590,499999,487500,Exp Ranch,5,2.000,"None,Unfinished",,3,10056.01,CL,4/16/2019,10/14/2019,5/22/2019,9/06/2019,36,Det,1,1,3119922
2636,,Hyacinth,Street,Westbury,11590,495000,502000,Split Level,3,2.500,"Full,Partially Finished",Private Parking,3,12809.06,CL,5/28/2018,11/30/2018,6/29/2018,8/10/2018,32,Det,1,1,3034070
2612,,Hyacinth,Street,Westbury,11590,499999,485000,Ranch,3,1.500,"Full,Partially Finished",Private Parking,3,12314.05,CL,8/13/2019,2/28/2020,10/29/2019,1/17/2020,77,Det,1,1,3155640
2,,Foster,Lane,Westbury,11590,525000,475000,Exp Ranch,4,2.000,"None,Unfinished",,3,9353.91,CL,9/26/2019,3/26/2020,12/04/2019,1/17/2020,69,Det,1,1,3168061
2472,,8th,Street,East Meadow,11554,469000,465000,Exp Cape,4,2.000,"Full,Finished",1 Car Attached,3,9948.00,CL,5/18/2018,11/30/2018,6/14/2018,9/06/2018,27,Det,1,1,3031725
2115,,Randall,Avenue,East Meadow,11554,519000,501000,Exp Cape,5,2.000,"None,Unfinished",1 Car Attached,3,11688.00,CL,5/15/2019,11/15/2019,6/12/2019,7/29/2019,28,Det,1,1,3128902
121,S,Cypress,Lane,Westbury,11590,469000,451500,Exp Ranch,4,2.000,"None,Unfinished",1 Car Attached,3,11934.00,CL,10/16/2018,2/28/2019,12/14/2018,2/22/2019,59,Det,1,1,3073921
1815,,Maurice,Avenue,East Meadow,11554,524990,515000,Colonial,3,2.500,Full,Attached,3,13567.00,CL,3/21/2018,9/30/2018,6/01/2018,9/19/2018,72,Det,1,1,3031206
102,,Rose,Drive,East Meadow,11554,499000,499000,Exp Cape,4,2.000,Full,1 Car Attached,3,9902.42,CL,8/16/2017,2/15/2018,8/29/2017,11/14/2017,13,Det,1,1,2964131
1791,,Grant,Avenue,East Meadow,11554,519000,514000,Exp Cape,4,2.000,"Full,Finished",1 Car Detached,3,13000.00,CL,9/08/2017,3/30/2018,9/26/2017,11/23/2017,18,Det,1,1,2969168
2443,,Hudson,Street,East Meadow,11554,489000,460000,Colonial,4,2.000,"Full,Partially Finished",2 Car Detached,3,12839.00,CL,1/01/2018,1/30/2018,1/02/2018,1/22/2018,1,Det,1,1,2993580
1624,,Prospect,Avenue,East Meadow,11554,489000,485000,Exp Cape,5,2.000,"Full,Partially Finished",1 Car Attached,3,8479.00,CL,7/19/2018,1/30/2019,8/17/2018,11/16/2018,29,Det,1,1,3049786
130,,Friends,Lane,Westbury,11590,509000,490000,Exp Ranch,4,2.000,"None,Unfinished",1 Car Attached,3,12549.00,CL,6/05/2019,11/30/2019,7/15/2019,8/26/2019,40,Det,1,1,3135971
2300,,7th,Street,East Meadow,11554,489000,489000,Colonial,5,2.000,"None,Unfinished",,3,9993.00,CL,2/21/2018,8/30/2018,3/09/2018,5/31/2018,16,Det,1,1,3006318
2469,,7th,Avenue,East Meadow,11554,499000,480000,Hi Ranch,6,2.000,"None,Unfinished",,3,9463.00,CL,2/16/2018,6/01/2018,5/09/2018,6/27/2018,81,Det,1,1,3019961
141,,Richard,Court,East Meadow,11554,549000,520000,Exp Cape,4,2.000,"Full,Finished",1 Car Attached,3,10235.00,CL,1/09/2018,6/30/2018,5/25/2018,7/31/2018,135,Det,1,1,3023422
1724,,Chaladay,Lane,East Meadow,11554,529000,518000,Exp Ranch,3,2.500,"Full,Finished",1 Car Attached,3,11296.00,CL,6/02/2018,12/30/2018,9/25/2018,11/13/2018,115,Det,1,1,3035925
1866,,Chester,Drive,East Meadow,11554,519000,525000,Exp Cape,4,3.000,"Full,Unfinished",1 Car Attached,3,12159.00,CL,5/16/2018,11/30/2018,6/12/2018,7/20/2018,27,Det,1,1,3031167
1773,,Casper,Avenue,East Meadow,11554,529000,529000,Colonial,5,2.000,"Full,Finished",1 Car Detached,3,10177.00,CL,5/02/2018,11/30/2018,5/22/2018,7/31/2018,20,Det,1,1,3026415
41,,Mellow,Lane,Westbury,11590,469000,460000,Exp Ranch,4,2.000,"None,Unfinished",1 Car Attached,3,6900.00,CL,12/06/2016,5/30/2017,2/13/2017,5/11/2017,69,Det,1,1,2900770
474,,Richmond,Road,East Meadow,11554,459000,453000,Split Level,3,2.000,"Partial,Unfinished",1 Car Attached,3,12526.00,CL,12/15/2016,6/30/2017,2/13/2017,4/10/2017,60,Det,1,1,2902059
26,,8,Street,Locust Valley,11560,479000,479000,Ranch,3,1.000,"Full,Partially Finished",1 Car Detached,3,10221.82,CL,10/03/2019,4/30/2020,10/17/2019,12/20/2019,14,Det,1,1,3169946
1384,,Wilson,Road,East Meadow,11554,499000,506000,Ranch,3,2.000,"Full,Finished",1 Car Detached,3,12410.00,CL,7/17/2018,11/07/2019,8/10/2018,11/05/2018,24,Det,1,1,3048995
2521,,Cypress,Avenue,East Meadow,11554,449999,475000,Ranch,3,1.000,"None,Unfinished",1 Car Attached,3,7416.00,CL,5/16/2018,8/31/2018,5/30/2018,8/31/2018,14,Det,1,1,3030948
78,,Cypress,Lane,Westbury,11590,559000,530000,Colonial,5,2.000,"None,Unfinished",1 Car Attached,3,9076.00,CL,6/18/2018,6/18/2019,9/17/2018,12/17/2018,91,Det,1,1,3040501
1951,,"Central Dr., N",,East Meadow,11554,529000,520000,Exp Ranch,5,2.000,"Full,Partially Finished",1 Car Attached,3,11838.62,CL,1/03/2019,1/03/2020,2/08/2019,4/15/2019,36,Det,1,1,3090049
34,,Seventh,Street,Locust Valley,11560,499000,485000,Colonial,3,1.500,"Full,Finished",2 Car Detached,3,11124.09,CL,7/29/2016,12/31/2016,12/22/2016,5/12/2017,146,Det,1,1,2872569
744,,Durham,Road,East Meadow,11554,479000,470000,Cape,3,2.000,"Full,Finished",,3,10562.00,CL,7/17/2017,1/17/2018,9/08/2017,11/17/2017,53,Det,1,1,*1290625
688,,Dewey,Place,East Meadow,11554,529000,514000,Ranch,4,2.000,"Full,Finished",,3,13492.13,CL,7/23/2018,11/23/2018,8/30/2018,12/20/2018,38,Det,1,1,3050744
17,,Flagstone,Lane,Westbury,11590,470000,470000,Cape,4,2.000,"None,Unfinished",1 Car Attached,3,12000.00,CL,9/20/2017,12/31/2017,10/17/2017,1/05/2018,27,Det,1,1,2972444
33,,Edgewood,Place,Locust Valley,11560,499000,495000,Ranch,4,2.500,"Full,Finished",1 Car Attached,3,10465.15,CL,4/21/2017,4/30/2017,4/21/2017,6/14/2017,0,Det,1,1,*1282092
1815,,Andrea,Road,East Meadow,11554,459000,465000,Split Level,3,2.000,"Full,Unfinished",Attached,3,9005.13,CL,12/06/2017,6/06/2018,12/21/2017,2/21/2018,15,Det,1,1,*1301978
61,,Twig,Lane,Levittown,11756,499000,530000,Exp Ranch,4,2.000,"None,Unfinished",Attached,3,10391.00,CL,11/08/2018,5/15/2019,11/28/2018,4/03/2019,20,Det,1,1,*1333120
891,,Elda,Lane,Westbury,11590,499000,487000,Exp Cape,4,1.500,"Full,Finished",,3,11565.00,CL,10/10/2016,4/10/2017,12/13/2016,3/31/2017,64,Det,1,1,2889280
141,,Betty,Road,East Meadow,11554,528000,505000,Cape,3,2.000,Full,1 Car Attached,3,13561.63,CL,11/30/2016,10/11/2017,3/29/2017,7/27/2017,118,Det,1,1,2899099
610,,Wagstaff,,East Meadow,11554,489000,478750,Split Level,4,3.000,"Full,Unfinished",1 Car Attached,3,14002.27,CL,12/22/2016,6/01/2017,2/06/2017,5/05/2017,46,Det,1,1,2902959
19,,Legend,Lane,Westbury,11590,469999,455000,Exp Ranch,5,2.000,"None,Unfinished",1 Car Attached,3,12266.00,CL,1/03/2017,12/31/2017,3/24/2017,5/24/2017,79,Det,1,1,2904496
2503,,2nd,Avenue,East Meadow,11554,489000,475000,Exp Cape,5,3.000,"Full,Finished",1 Car Attached,3,12635.00,CL,1/19/2017,11/14/2017,2/23/2017,4/28/2017,35,Det,1,2,2907727
733,,Blackstone,Avenue,East Meadow,11554,475000,499000,Ranch,3,2.000,"Full,Finished",1 Car Attached,3,10611.86,CL,1/19/2017,7/19/2017,2/23/2017,4/07/2017,35,Det,1,1,2907981
2395,,Gladmore,Street,East Meadow,11554,465000,463000,Cape,4,1.000,"Full,Partially Finished",1 Car Attached,3,11047.80,CL,1/19/2017,1/19/2018,2/02/2017,4/07/2017,14,Det,1,1,2908082
497,,Chestnut,Lane,East Meadow,11554,490000,470000,Exp Ranch,3,2.000,Full,,3,13303.00,CL,1/25/2017,9/20/2018,3/05/2018,3/06/2018,404,Det,1,1,2909110
346,,Bernice,Drive,East Meadow,11554,499000,495000,Split Level,3,2.000,"Full,Finished",1 Car Attached,3,14411.12,CL,2/15/2017,8/15/2017,3/07/2017,4/26/2017,20,Det,1,1,2914070
542,,Oakdale,Road,East Meadow,11554,439000,453000,Ranch,3,2.000,"Full,Finished",,3,9289.23,CL,3/15/2017,6/30/2017,4/10/2017,7/28/2017,26,Det,1,1,2921700
770,,Merrick,Avenue,East Meadow,11554,514888,493000,Colonial,4,2.000,"Full,Partially Finished",,3,8300.00,CL,3/28/2017,9/30/2017,4/24/2017,6/09/2017,27,Det,1,2,2924782
592,,Garden,Lane,East Meadow,11554,509000,500000,Exp Ranch,3,3.000,"Full,Finished",,3,10395.37,CL,4/02/2017,10/02/2017,6/05/2017,8/07/2017,64,Det,1,1,2926131
129,,Margaret,Drive,East Meadow,11554,459000,459000,Ranch,3,2.000,"Full,Finished",1 Car Detached,3,7308.04,CL,4/04/2017,9/25/2017,8/05/2017,10/26/2017,123,Det,1,1,2926538
86,,Myles,Avenue,Levittown,11756,529000,515000,Split Level,3,2.000,"Full,Unfinished",,3,10781.01,CL,4/19/2017,1/19/2018,7/19/2017,9/15/2017,91,Det,1,1,2930580
176 B,,Jefferson,Avenue,Roslyn Heights,11577,478000,470000,Colonial,4,3.500,"Full,Finished",,3,10720.80,Cl,4/23/2017,8/10/2017,6/07/2017,7/28/2017,45,Det,1,1,2931820
11,,Wansor,Avenue,Bayville,11709,599000,525000,Colonial,4,3.500,"Partial,Unfinished",2 Car Detached,3,16090.00,CL,5/08/2017,12/31/2018,9/02/2018,10/30/2018,482,Det,1,1,2936295
20,,Ash,Street,Locust Valley,11560,549000,525000,Colonial,3,2.000,Full,1 Car Attached,3,10212.85,CL,5/09/2017,12/31/2017,6/20/2017,9/28/2017,42,Det,1,1,2936553
1485,,Flower,Lane,East Meadow,11554,509000,509000,Ranch,3,2.000,"Full,Finished",1 Car Detached,3,8206.00,CL,5/10/2017,10/31/2017,5/31/2017,9/18/2017,21,Det,1,1,2937264
2484,,3rd,Avenue,East Meadow,11554,499000,515000,Colonial,3,2.000,"Full,Partially Finished",1 Car Attached,3,10668.09,CL,6/01/2017,12/01/2017,6/30/2017,8/22/2017,29,Det,1,1,2943121
18,,Crown,Lane,Westbury,11590,549999,530000,Colonial,6,2.000,"None,Unfinished",2 Car Attached,3,10699.00,CL,7/03/2017,12/31/2017,7/26/2017,9/28/2017,23,Det,1,1,2951983
1419,,Apple,Lane,East Meadow,11554,449000,487500,Ranch,3,2.500,"Full,Finished",1 Car Detached,3,8670.07,CL,7/05/2017,11/20/2017,7/19/2017,9/19/2017,14,Det,1,1,2952273
82,,Pengon,Circle,East Meadow,11554,509000,495000,Exp Cape,4,2.000,"Full,Partially Finished",,3,10801.35,CL,7/19/2017,7/20/2018,8/16/2017,9/21/2017,28,Det,1,1,2956745
600,,Hickory,Street,Westbury,11590,549999,525000,Ranch,3,2.000,"Full,Partially Finished",1 Car Attached,3,13650.00,CL,8/01/2017,2/01/2018,9/05/2017,10/27/2017,35,Det,1,1,2960183
2903,N,Jerusalem,Road,East Meadow,11554,498000,515000,Split Level,4,3.000,"Full,Finished",,3,10972.14,CL,9/15/2017,3/15/2018,10/16/2017,11/28/2017,31,Det,1,1,2971303
571,,Hull,Street,East Meadow,11554,539000,510000,Exp Ranch,6,2.000,"Full,Unfinished",,3,13304.72,CL,9/20/2017,3/20/2018,10/28/2017,1/25/2018,38,Det,1,2,2972737
287,,Peters,Avenue,East Meadow,11554,525000,505000,Exp Cape,5,3.000,"Full,Unfinished",2 Car Attached,3,10184.04,CL,10/03/2017,9/11/2018,10/30/2017,12/27/2017,27,Det,1,1,2975786
2,,Gate,Lane,Levittown,11756,559000,520000,Colonial,4,2.000,"None,Unfinished",,3,11229.00,CL,10/03/2017,3/30/2018,1/27/2018,3/30/2018,116,Det,1,1,2976045
594,,Polk,Place,East Meadow,11554,509000,509000,Ranch,3,2.000,"Full,Finished",1 Car Attached,3,8670.07,CL,10/11/2017,3/23/2018,11/03/2017,2/09/2018,23,Det,1,1,2977563
2666,,Hyacinth,Street,Westbury,11590,514900,514000,Splanch,5,2.500,Full,1 Car Attached,3,16986.00,CL,11/10/2017,2/10/2018,2/03/2018,2/26/2018,85,Det,1,1,2984977
175,,Fairview,Avenue,East Meadow,11554,489000,480000,Colonial,5,2.000,"None,Unfinished",,3,9785.00,CL,11/14/2017,4/10/2018,3/13/2018,5/17/2018,118,Det,1,1,2985547
7,,Fawn,Lane,Westbury,11590,469000,464500,Exp Ranch,5,2.000,"None,Unfinished",1 Car Attached,3,12374.45,CL,11/16/2017,12/31/2018,12/09/2017,2/05/2018,23,Det,1,1,2986127
2312,,7th Street,,East Meadow,11554,478888,462500,Exp Cape,6,3.000,"Full,Finished",,3,14086.84,CL,4/01/2017,4/01/2018,2/23/2018,4/09/2018,328,Det,1,1,2989702
664,,Evelyn,Avenue,East Meadow,11554,449000,460000,Ranch,3,2.500,"Full,Finished",1 Car Detached,3,11998.70,CL,1/02/2018,6/30/2018,1/24/2018,5/29/2018,22,Det,1,1,2993713
456,,Von Elm,Avenue,East Meadow,11554,469000,470000,Cape,5,1.000,"Full,Unfinished",1 Car Attached,3,10327.31,CL,1/24/2018,4/24/2018,2/09/2018,3/23/2018,16,Det,1,1,2998930
1478,,Wilson,Road,East Meadow,11554,499000,490000,Exp Cape,3,2.000,"Full,Partially Finished",2 Car Detached,3,9842.76,CL,1/25/2018,5/25/2018,2/16/2018,5/31/2018,22,Det,1,1,2999216
103,E,Cypress,Lane,Westbury,11590,469000,485000,Exp Ranch,4,2.000,"None,Unfinished",1 Car Attached,3,9812.72,CL,2/01/2018,1/23/2019,2/27/2018,5/18/2018,26,Det,1,1,3001090
38,,Jackson,Avenue,Bayville,11709,499500,483600,Colonial,2,1.500,"Full,Unfinished",1 Car Detached,3,6392.00,CL,2/09/2018,10/30/2018,10/04/2018,12/28/2018,236,Det,1,1,3003348
1439,,Dieman,Lane,East Meadow,11554,488500,483000,Ranch,3,2.000,"Full,Finished",1 Car Detached,3,12437.00,CL,2/09/2018,10/29/2018,3/08/2018,6/08/2018,27,Det,1,1,3003474
11,,Park,Avenue,Greenvale,11548,568000,515000,Ranch,3,2.000,"None,Unfinished",1 Car Attached,3,12669.00,CL,2/22/2018,11/22/2018,4/05/2018,6/07/2018,41,Det,1,1,3006571
1895,,Byrd,Drive,East Meadow,11554,519000,525000,Exp Cape,3,2.000,"Full,Finished",1 Car Attached,3,11008.75,CL,2/27/2018,8/15/2018,3/25/2018,7/05/2018,25,Det,1,1,3007723
481,,Richmond,Road,East Meadow,11554,515000,513000,Ranch,3,1.500,"Full,Finished",1 Car Detached,3,10236.00,CL,3/06/2018,9/06/2018,4/02/2018,6/26/2018,26,Det,1,1,3009818
764,,Merrick,Avenue,East Meadow,11554,449000,462470,Exp Cape,4,2.000,"Full,Unfinished",2 Car Detached,3,8273.56,CL,3/08/2018,9/09/2018,3/30/2018,6/04/2018,21,Det,1,1,3010202
77,,Rose,Drive,East Meadow,11554,459000,472000,Cape,4,2.000,"Full,Unfinished",,3,9180.51,CL,3/12/2018,9/30/2018,4/02/2018,5/04/2018,21,Det,1,1,3011131
449,,Green,Avenue,East Meadow,11554,495000,500000,Split Level,3,1.500,"Full,Finished",1 Car Attached,3,11220.77,CL,3/14/2018,9/14/2018,4/05/2018,5/14/2018,22,Det,1,1,3011804
749,,The Plain,Road,Westbury,11590,489900,456750,Ranch,3,3.000,Full,2 Car Attached,3,18913.00,CL,3/16/2018,7/05/2018,6/15/2018,7/23/2018,91,Det,1,1,3012678
15,,Hickory,Road,Bayville,11709,485000,517000,Cape,4,2.000,"Full,Partially Finished",,3,8533.13,CL,3/20/2018,9/20/2018,3/30/2018,6/14/2018,10,Det,1,1,3013597
80,,Pilgrim,Lane,Westbury,11590,519999,480000,Colonial,4,2.000,"None,Unfinished",1 Car Attached,3,12081.00,CL,3/27/2018,11/30/2018,6/22/2018,9/06/2018,87,Det,1,1,3015584
133,,Bellmore,Road,East Meadow,11554,469000,458000,Exp Cape,4,2.000,"Full,Partially Finished",1 Car Detached,3,12500.00,CL,4/02/2018,1/02/2019,5/09/2018,8/01/2018,37,Det,1,1,3016628
2427,,Gladmore,Street,East Meadow,11554,459000,475000,Colonial,4,3.000,"Full,Finished",Attached,3,9600.00,CL,4/13/2018,11/12/2018,4/24/2018,7/20/2018,11,Att,1,1,3020268
2225,,2nd,Street,East Meadow,11554,479000,480000,Colonial,4,2.000,"Full,Finished",1 Car Detached,3,13406.00,CL,8/15/2017,7/26/2018,6/15/2018,7/19/2018,304,Det,1,1,3025356
378,,Warwick,Road,East Meadow,11554,469999,465000,Ranch,3,1.000,"None,Unfinished",1 Car Attached,3,7642.83,CL,5/03/2018,11/03/2018,5/25/2018,7/10/2018,22,Det,1,1,3026758
140,,Parkside,Drive,Roslyn Heights,11577,514900,514500,Cape,3,2.500,Full,,3,14417.00,CL,5/19/2018,8/18/2018,6/21/2018,8/30/2018,33,Det,1,1,3031755
2189,S,Central,Drive,East Meadow,11554,479000,470000,Ranch,4,1.500,"Full,Unfinished",,3,7889.34,CL,5/18/2018,11/17/2018,6/11/2018,9/14/2018,24,Det,1,1,3031948
1951,,Valentines,Road,Westbury,11590,539900,514285,Ranch,4,3.000,Full,1 Car Attached,3,16278.00,CL,5/22/2018,8/22/2018,6/27/2018,7/13/2018,36,Det,1,1,3032823
2153,,Post,Street,East Meadow,11554,489000,483500,Exp Cape,4,1.000,"Full,Partially Finished",1 Car Detached,3,11947.60,CL,5/31/2018,8/31/2018,6/16/2018,8/28/2018,16,Det,1,1,3035030
65,,1st,Avenue,Bayville,11709,499000,524468,Cape,3,1.500,"Full,Unfinished",,3,6773.00,CL,6/01/2018,12/01/2018,9/05/2018,11/09/2018,96,Det,2,1,3035362
58,,Cobalt,Lane,Westbury,11590,560000,519000,Exp Ranch,3,2.000,"None,Unfinished",,3,8823.00,CL,5/23/2018,10/30/2018,7/20/2018,8/29/2018,58,Det,1,1,3036158
929,,Winthrop,Drive,East Meadow,11554,479000,470000,Exp Cape,4,2.000,"Full,Finished",1 Car Detached,3,8934.08,CL,6/07/2018,12/07/2018,8/03/2018,11/29/2018,57,Det,1,1,3037651
1797,,Park,Avenue,East Meadow,11554,499000,525000,Exp Cape,4,2.000,"Full,Partially Finished",1 Car Detached,3,12230.00,CL,6/29/2018,12/29/2018,7/26/2018,9/21/2018,27,Det,1,1,3044070
247,,Wickshire,Drive,East Meadow,11554,529990,529990,Exp Cape,4,2.000,Full,1 Car Attached,3,13613.32,CL,6/29/2018,12/29/2018,8/02/2018,10/18/2018,34,Det,1,1,3044096
333,,Spruce,Lane,East Meadow,11554,529000,525000,Ranch,4,2.000,"Full,Finished",1 Car Detached,3,11508.00,CL,7/09/2018,7/04/2019,3/14/2019,5/06/2019,248,Det,1,1,3046379
8,,Myles,Avenue,Levittown,11756,503500,488250,Split Level,3,2.500,Partial,1 Car Attached,3,15570.00,CL,7/11/2018,10/11/2018,9/12/2018,11/05/2018,63,Det,1,1,3047743
1665,,Barbara,Lane,East Meadow,11554,479999,479000,Cape,4,1.000,"Full,Partially Finished",1 Car Detached,3,8722.20,CL,7/15/2018,1/15/2019,11/19/2018,11/20/2018,127,Det,1,1,3048430
46,,Morris,Drive,East Meadow,11554,499000,490000,Cape,4,2.500,"Full,Finished",1 Car Attached,3,12131.65,CL,7/20/2018,12/31/2018,10/05/2018,11/30/2018,77,Det,1,1,3050420
2548,,Cedar,Street,East Meadow,11554,499900,499900,Cape,5,2.000,"Full,Partially Finished",,3,9545.03,CL,7/25/2018,10/23/2018,8/30/2018,9/14/2018,36,Det,1,1,3051402
30,,Fawn,Lane,Westbury,11590,529000,515000,Exp Ranch,4,2.000,"None,Unfinished",,3,9670.32,CL,8/08/2018,2/08/2019,8/27/2018,11/20/2018,19,Det,1,1,3055305
543,,Chestnut,Lane,East Meadow,11554,515000,515000,Exp Ranch,3,2.000,"Full,Finished",1 Car Detached,3,8055.93,CL,8/16/2018,11/16/2018,8/28/2018,10/05/2018,12,Det,1,1,3057652
1928,,Lincoln,Avenue,East Meadow,11554,499000,528000,Exp Ranch,5,3.000,"Full,Partially Finished",1 Car Detached,3,14011.71,CL,9/10/2018,3/08/2019,10/06/2018,11/16/2018,26,Det,1,1,3063801
802,,Pleasant,Avenue,Westbury,11590,479999,467500,Exp Ranch,3,2.000,"Full,Partially Finished",1 Car Detached,3,12516.00,CL,9/12/2018,6/30/2019,12/12/2018,2/04/2019,91,Det,1,1,3065130
8,,Bay Beach,Avenue,Bayville,11709,525000,507500,2 Story,3,2.500,"Full,Unfinished",2 Car Detached,3,11309.00,CL,9/17/2018,4/30/2019,2/26/2019,5/29/2019,162,Det,2,2,3065618
58,,Prince,Lane,Westbury,11590,549000,530000,Exp Ranch,4,2.000,"None,Unfinished",,3,9740.55,CL,9/17/2018,9/17/2019,10/31/2018,12/14/2018,44,Det,1,1,3065668
1939,,Longfellow,Avenue,East Meadow,11554,515000,500000,Ranch,3,2.000,"Full,Finished",1 Car Attached,3,9600.45,CL,9/20/2018,3/08/2019,10/09/2018,11/29/2018,19,Det,1,1,3066759
23,,Melody,Lane,Westbury,11590,549000,530000,Exp Cape,3,2.000,"None,Unfinished",,3,15137.00,CL,10/04/2018,4/04/2019,11/26/2018,2/26/2019,53,Det,1,1,3070971
2355,,Hudson,Street,East Meadow,11554,489999,480000,Cape,3,2.000,"Full,Unfinished",,3,12600.00,CL,10/17/2018,4/30/2019,11/07/2018,12/21/2018,21,Det,1,1,3074076
2548,,Aster,Place,Westbury,11590,479000,472000,Ranch,2,2.000,"Full,Finished",,3,8979.78,CL,10/19/2018,5/19/2019,11/13/2018,12/28/2018,25,Det,1,1,3074704
390,,Cedar,Lane,East Meadow,11554,489000,489000,Exp Ranch,2,2.000,"Full,Finished",2 Car Attached,3,13303.71,CL,10/23/2018,4/18/2019,11/13/2018,12/31/2018,21,Det,1,1,3075836
76,,Hardy,Lane,Westbury,11590,499999,475000,Ranch,3,2.000,"None,Unfinished",1 Car Attached,3,12495.00,CL,10/29/2018,5/30/2019,12/06/2018,3/06/2019,38,Det,1,1,3076970
1697,N,Jerusalem,Road,East Meadow,11554,459990,475000,Split Level,3,2.000,"Full,Unfinished",1 Car Attached,3,10327.76,CL,11/01/2018,12/31/2018,11/30/2018,3/04/2019,29,Det,1,1,3077801
1695,,Front,Street,East Meadow,11554,465000,480000,Colonial,5,3.000,"Full,Unfinished",1 Car Detached,3,16309.00,CL,11/13/2018,8/31/2019,2/19/2019,7/11/2019,98,Det,1,1,3080868
292,,Cayuga,Avenue,East Meadow,11554,459000,455000,Cape,4,1.000,"Full,Partially Finished",1 Car Attached,3,11176.58,CL,12/14/2018,7/13/2019,2/25/2019,4/19/2019,73,Det,1,1,3087354
189,,Bellmore,Road,East Meadow,11554,462500,462500,Cape,4,1.000,"Full,Partially Finished",,3,12536.48,CL,1/17/2019,7/31/2019,6/13/2019,9/11/2019,146,Det,1,1,3093980
419,,Gates,Avenue,East Meadow,11554,484999,485000,Split Level,4,1.000,"Crawl,Unfinished",,3,11129.00,CL,1/27/2019,7/31/2019,3/19/2019,5/22/2019,50,Det,1,1,3096367
2296,,Oxford,Street,East Meadow,11554,494500,495000,Exp Cape,4,2.000,"Full,Finished",1 Car Attached,3,10537.92,CL,2/14/2019,8/31/2019,3/04/2019,5/21/2019,18,Det,1,1,3101336
2555,,6th,Avenue,East Meadow,11554,475000,475000,Cape,3,2.000,"Full,Finished",1 Car Attached,3,12490.17,CL,2/22/2019,10/22/2019,3/18/2019,5/23/2019,23,Det,1,1,3103175
2210,,6th,Street,East Meadow,11554,510000,490000,Cape,4,2.000,"Full,Finished",1 Car Detached,3,9338.61,CL,3/02/2019,8/22/2019,5/31/2019,7/26/2019,89,Det,1,1,3105516
1931,,School,Street,East Meadow,11554,465000,490000,Ranch,3,1.000,Full,1 Car Attached,3,13266.00,CL,3/03/2019,5/30/2019,4/08/2019,5/17/2019,35,Det,1,1,3105799
7,,2nd,Avenue,Bayville,11709,533500,510000,Colonial,4,2.500,"Full,Unfinished",1 Car Attached,3,15639.72,CL,3/25/2019,12/18/2019,9/24/2019,11/05/2019,183,Det,1,1,3112329
516,,Hull,Street,East Meadow,11554,529000,515000,Colonial,4,2.000,"Full,Finished",1 Car Detached,3,10777.76,CL,3/27/2019,9/26/2019,7/22/2019,11/07/2019,117,Det,1,1,3113075
31,,Martin,Lane,Westbury,11590,525000,515000,Cape,4,2.000,"None,Unfinished",,3,9813.00,CL,4/01/2019,9/10/2019,5/29/2019,9/04/2019,58,Det,1,1,3114620
71,,Mist,Lane,Westbury,11590,525000,510000,Exp Ranch,4,1.000,"None,Unfinished",1 Car Attached,3,9752.00,CL,4/09/2019,10/08/2019,5/02/2019,7/01/2019,23,Det,1,1,3117474
145,,Lorraine Gate,,East Meadow,11554,515000,525000,Exp Cape,4,2.000,"Full,Partially Finished",,3,9682.08,CL,4/19/2019,10/18/2019,5/10/2019,6/27/2019,21,Det,1,1,3120841
1992,,Lincoln,Avenue,East Meadow,11554,539000,530000,Exp Ranch,3,2.000,"Full,Finished",,3,11583.00,CL,5/24/2019,9/24/2019,6/10/2019,7/29/2019,17,Det,1,1,3132693
760,,Bruce,Drive,East Meadow,11554,549000,530000,Ranch,3,2.000,"Full,Finished",1 Car Attached,3,7610.03,CL,5/31/2019,12/31/2019,6/19/2019,8/28/2019,19,Det,1,1,3134035
1636,,Dale,Avenue,East Meadow,11554,489000,475000,Colonial,3,2.000,"Full,Partially Finished",,3,13167.00,CL,6/06/2019,12/31/2019,7/09/2019,8/26/2019,33,Att,1,1,3136001
104,,Hardy,Lane,Westbury,11590,449000,455000,Cape,4,2.000,"None,Unfinished",,3,9341.00,CL,6/12/2019,9/12/2019,7/29/2019,9/13/2019,47,Det,1,1,3137527
413,,Chambers,Avenue,East Meadow,11554,499000,519000,Cape,4,2.000,"Full,Finished",,3,14036.00,CL,6/27/2019,10/01/2019,8/30/2019,12/19/2019,64,Det,1,1,3142649
422,,Starke,Avenue,East Meadow,11554,525000,493000,2 Story,3,2.000,"Partial,Unfinished",1 Car Attached,3,10745.00,CL,7/05/2019,4/30/2020,7/30/2019,11/25/2019,25,Det,1,1,3144535
6,,4th,Street,Bayville,11709,474900,474900,Cape,3,2.000,"Full,Unfinished",1 Car Attached,3,10437.35,CL,7/11/2019,12/31/2019,7/25/2019,10/16/2019,14,Det,1,1,3146710
15,,Cross,Street,Locust Valley,11560,595000,525000,Colonial,3,2.000,"Full,Unfinished",,3,12128.00,CL,8/01/2019,1/31/2020,10/01/2019,10/30/2019,61,Det,1,1,3152385
217,,Belmont,Avenue,East Meadow,11554,545000,522500,Exp Cape,4,3.000,Full,1 Car Attached,3,13587.13,CL,8/21/2019,4/30/2020,10/29/2019,1/27/2020,69,Det,1,1,3157843
2591,,Park,Street,Westbury,11590,479999,477000,Cape,4,2.000,"Full,Finished",,3,10153.00,CL,9/01/2019,12/15/2019,10/11/2019,12/10/2019,40,Det,1,1,3161047
2020,,Prospect,Avenue,East Meadow,11554,549000,525000,Colonial,4,2.000,"None,Unfinished",1 Car Attached,3,12866.52,CL,9/03/2019,12/31/2019,10/29/2019,1/09/2020,56,Det,1,1,3161056
5,,7th,Street,Bayville,11709,469900,479000,Hi Ranch,4,2.000,"None,Unfinished",,3,14645.55,CL,9/04/2019,9/30/2019,9/11/2019,9/20/2019,7,Det,1,1,3161175
626,,Rudwick,Place,East Meadow,11554,529000,510000,Split Level,3,1.500,"Partial,Unfinished",,3,11825.30,CL,9/05/2019,5/05/2020,11/29/2019,1/31/2020,85,Det,1,1,3161545
377,,Andrews,Avenue,East Meadow,11554,475000,470000,Colonial,4,2.000,"Partial,Unfinished",1 Car Detached,3,13404.00,CL,9/11/2019,9/11/2020,10/21/2019,1/10/2020,40,Det,1,1,3163404
217,,Friends,Lane,Westbury,11590,439000,475000,Ranch,3,1.000,"None,Unfinished",,3,10219.42,CL,9/13/2019,3/01/2020,9/26/2019,12/05/2019,13,Det,1,1,3164113
23,,Wansor,Avenue,Bayville,11709,499000,465000,Exp Cape,5,2.000,Partial,1 Car Detached,3,8167.85,CL,9/20/2019,3/20/2020,12/05/2019,3/12/2020,76,Det,1,1,3166260
98,,Godfrey,Avenue,Bayville,11709,529000,525000,Cape,2,1.000,"Full,Finished",1 Car Detached,3,8408.04,CL,9/27/2019,2/27/2020,10/25/2019,12/30/2019,28,Det,1,1,3168107
1791,,Bard,Lane,East Meadow,11554,499900,501000,Splanch,4,2.500,"Partial,Finished",2 Car Attached,3,16962.00,CL,9/26/2019,12/24/2019,10/25/2019,11/18/2019,29,Det,1,1,3168339
12,,Mead,Lane,Westbury,11590,525000,515000,Exp Cape,4,1.000,"None,Unfinished",1 Car Attached,3,9482.77,CL,10/15/2019,7/28/2020,11/25/2019,12/30/2019,41,Det,1,1,3172849
394,,Warwick,Road,East Meadow,11554,549900,530000,Colonial,5,3.000,"None,Unfinished",,3,14561.00,CL,10/18/2019,1/17/2020,11/25/2019,1/06/2020,38,Det,1,1,3174035
2064,,Central,Drive,East Meadow,11554,519000,515000,Ranch,3,1.000,Full,1 Car Attached,3,9639.84,CL,10/24/2019,4/24/2020,11/07/2019,2/07/2020,14,Det,1,1,3175153
849,,Preston,Road,East Meadow,11554,498999,485000,Ranch,3,2.000,"Full,Finished",1 Car Detached,3,9354.53,CL,10/31/2019,4/30/2020,12/20/2019,3/06/2020,50,Det,1,1,3177121
634,,Roxboro,Court,East Meadow,11554,521900,510000,Ranch,3,1.000,Full,1 Car Attached,3,10433.11,CL,11/04/2019,3/31/2020,1/07/2020,2/14/2020,64,Det,1,1,3177922
1391,,Stephen Marc,Lane,East Meadow,11554,499000,529000,Split Level,3,2.500,"Full,Unfinished",1 Car Attached,3,9494.40,CL,11/27/2019,5/27/2020,12/16/2019,1/29/2020,19,Det,1,1,3183117
906,,Winthrop,Drive,East Meadow,11554,499000,516000,Exp Cape,4,2.000,"Full,Unfinished",1 Car Detached,3,7617.19,CL,12/02/2019,6/02/2020,12/31/2019,2/18/2020,29,Det,1,1,3183664
28,,Lion,Lane,Westbury,11590,499500,499000,Exp Ranch,3,1.000,"None,Unfinished",1 Car Attached,3,8897.00,CL,12/27/2019,6/30/2020,1/16/2020,3/13/2020,20,Det,1,1,3187751
42,,Lindbergh,Street,Locust Valley,11560,499000,505000,Colonial,2,1.500,"Full,Partially Finished",,3,11180.00,CL,2/10/2017,8/10/2017,3/09/2017,4/20/2017,27,Det,1,1,*1275456
631,,Midvale,Avenue,East Meadow,11554,479900,477500,Hi Ranch,3,2.000,"None,Unfinished",1 Car Attached,3,13664.42,CL,3/06/2017,8/27/2017,3/20/2017,4/28/2017,13,Det,1,1,*1277616
1624,,Barbara,Lane,East Meadow,11554,485000,485000,Exp Cape,4,2.000,Full,1 Car Detached,3,8873.02,CL,3/29/2017,9/30/2017,4/20/2017,7/24/2017,22,Det,1,1,*1279885
154,,Clearmeadow,Drive,East Meadow,11554,479000,480000,Cape,4,2.000,"Full,Finished",1 Car Attached,3,9510.95,CL,5/20/2017,6/20/2017,5/30/2017,7/20/2017,10,Att,1,1,*1285211
130,,Bud,Lane,Levittown,11756,475000,465000,Split Level,3,2.500,"Full,Unfinished",1 Car Attached,3,11308.00,CL,12/10/2017,5/01/2018,12/15/2017,2/22/2018,5,Det,1,1,*1302326
80,,Cocks,Lane,Locust Valley,11560,519000,519000,Colonial,3,1.000,"Partial,Unfinished",2 Car Detached,3,10687.01,CL,3/21/2018,12/26/2018,4/17/2018,5/30/2018,27,Det,1,1,*1310062
509,,Larch,Lane,East Meadow,11554,535000,520000,Ranch,3,2.000,"Full,Finished",1 Car Detached,3,10010.22,CL,3/26/2019,10/10/2019,5/01/2019,6/21/2019,36,Det,1,1,*1341484
397,,Chestnut,Avenue,East Meadow,11554,500000,500000,Colonial,5,2.000,"Full,Unfinished",1 Car Detached,3,15191.00,CL,4/01/2019,11/15/2019,5/03/2019,10/30/2019,32,Det,1,1,*1345588
98,,Hardy,Lane,Westbury,11590,539999,522500,Colonial,4,3.000,"None,Unfinished",,3,6784.45,CL,4/20/2016,7/21/2017,2/12/2017,5/22/2017,298,Det,1,1,2846071
1085,,Iris,Place,Westbury,11590,469000,460000,Ranch,3,2.000,"Full,Unfinished",1 Car Attached,3,12476.31,CL,9/10/2016,3/31/2017,3/02/2017,4/07/2017,173,Det,1,1,2882208
116,,Blaine,Avenue,East Meadow,11554,468888,468000,Ranch,3,1.000,"Full,Finished",1 Car Attached,3,6624.00,CL,9/13/2016,9/13/2017,12/19/2016,4/03/2017,97,Det,1,1,2883064
566,,Evergreen,Lane,East Meadow,11554,499000,484000,Exp Ranch,4,2.000,"Full,Finished",1 Car Detached,3,8758.42,CL,11/15/2016,5/31/2017,2/13/2017,4/18/2017,90,Det,1,1,2897053
1803,,Chaladay,Lane,East Meadow,11554,525000,522000,Split Level,3,2.500,"Full,Finished",1 Car Attached,3,9257.01,CL,12/06/2016,5/06/2017,3/01/2017,5/31/2017,85,Det,1,1,2900443
235,W,Cypress,Lane,Westbury,11590,455000,455000,Exp Ranch,5,2.000,"None,Unfinished",1 Car Attached,3,11619.69,CL,12/15/2016,6/30/2017,1/25/2017,3/28/2017,41,Det,1,1,2902040
1542,,Powers,Avenue,East Meadow,11554,549999,520000,2 Story,3,2.000,"Full,Unfinished",,3,7479.00,CL,1/03/2017,4/30/2017,2/10/2017,4/25/2017,38,Det,1,1,2904097
726,,Merrick,Avenue,East Meadow,11554,499000,487500,Split Level,5,3.500,"Full,Unfinished",,3,13629.34,CL,1/13/2017,1/31/2018,9/20/2017,1/17/2018,249,Det,1,1,2906611
51,,Prince,Lane,Westbury,11590,499000,515000,Exp Cape,4,2.000,"None,Unfinished",1 Car Attached,3,13049.04,CL,1/14/2017,7/15/2017,1/30/2017,3/29/2017,16,Det,1,1,2906809
109,,Coolidge,Drive,East Meadow,11554,449000,465000,Exp Cape,3,2.000,"Full,Finished",2 Car Attached,3,8452.60,CL,1/18/2017,9/01/2017,2/07/2017,4/21/2017,20,Det,1,1,2907675
2021,,Central Dr South,,East Meadow,11554,559000,530000,Exp Ranch,6,2.000,"Full,Finished",,3,14000.00,CL,1/20/2017,6/19/2017,3/22/2017,6/12/2017,60,Det,1,1,2908025
78,,Perry,Avenue,Bayville,11709,498000,494000,Hi Ranch,4,1.500,"Full,Unfinished",2 Car Detached,3,10108.99,CL,1/26/2017,1/10/2018,3/02/2017,5/18/2017,35,Det,1,1,2909349
10,,Meadow,Lane,Bayville,11709,525000,525000,Ranch,3,2.000,"None,Unfinished",2 Car Attached,3,14298.53,CL,1/28/2017,1/28/2018,3/20/2017,3/31/2017,50,Det,1,1,2909769
1819,,Oak,Street,Westbury,11590,449000,501100,Ranch,3,2.000,"Full,Unfinished",2 Car Attached,3,8585.00,CL,1/31/2017,12/31/2017,3/06/2017,5/08/2017,34,Det,1,1,2910379
756,,Buchanan,Road,East Meadow,11554,487500,472000,Ranch,3,2.000,"Full,Finished",1 Car Detached,3,8387.00,CL,2/06/2017,6/01/2017,4/05/2017,5/19/2017,57,Det,1,1,2911789
1412,,Apple,Lane,East Meadow,11554,469000,455000,Exp Ranch,3,2.500,"Full,Finished",1 Car Detached,3,10206.89,CL,2/07/2017,8/07/2017,7/18/2017,8/29/2017,160,Det,1,1,2912234
518,,Wingate,Drive,East Meadow,11554,489000,475000,Split Level,3,2.500,"Full,Partially Finished",,3,10195.62,CL,2/10/2017,8/02/2017,3/16/2017,5/25/2017,33,Det,1,1,2913053
2547,,Bush,Street,East Meadow,11554,468000,485000,Hi Ranch,3,2.000,"None,Unfinished",1 Car Detached,3,13374.92,CL,2/15/2017,8/30/2017,3/04/2017,6/07/2017,17,Det,1,1,2913910
2668,,Beech,Street,East Meadow,11554,499999,505000,Hi Ranch,4,2.000,"None,Unfinished",2 Car Attached,3,11372.94,CL,2/27/2017,11/30/2017,4/13/2017,6/14/2017,44,Det,1,1,2916768
834,,Salisbury Park,Drive,Westbury,11590,549000,530000,Hi Ranch,5,3.000,"None,Unfinished",2 Car Attached,3,11994.69,CL,3/01/2017,9/30/2017,3/28/2017,5/21/2017,26,Det,1,1,2917537
2609,,1st,Avenue,East Meadow,11554,509000,475000,Cape,4,2.000,"Full,Finished",1 Car Attached,3,10732.44,CL,3/01/2017,12/01/2017,4/25/2017,8/11/2017,54,Det,1,1,2917679
827,,Surrey,Drive,East Meadow,11554,500000,513500,Exp Cape,4,2.000,"Full,Finished",1 Car Detached,3,8916.54,CL,3/02/2017,6/30/2017,3/24/2017,4/25/2017,21,Det,1,1,2917825
794,,Oak,Place,East Meadow,11554,429999,452000,Exp Ranch,3,2.000,"Full,Finished",,3,7945.14,CL,3/03/2017,2/08/2018,3/17/2017,5/18/2017,13,Det,1,1,2918128
15,,Cross,Street,Locust Valley,11560,525000,525000,Colonial,3,1.000,"Full,Unfinished",,3,12239.07,CL,3/03/2017,2/28/2018,6/16/2017,12/18/2017,104,Det,1,1,2918179
2130,N,Central,Drive,East Meadow,11554,479000,479000,Ranch,3,1.000,"Full,Finished",1 Car Attached,3,10350.00,CL,3/07/2017,9/07/2017,4/03/2017,6/20/2017,26,Det,1,1,2919391
6,,Bayview,Place,Locust Valley,11560,549999,525000,Cape,4,2.000,"Full,Partially Finished",1 Car Attached,3,10466.00,CL,3/08/2017,8/31/2017,6/16/2017,7/24/2017,99,Det,1,1,2919594
843,,Preston,Road,East Meadow,11554,479000,480000,Exp Ranch,3,1.000,"Full,Finished",1 Car Detached,3,12483.00,CL,3/09/2017,9/09/2017,3/20/2017,5/05/2017,10,Det,1,1,2919928
1820,,Albermarle,Avenue,East Meadow,11554,439900,460000,Splanch,3,2.000,"Partial,Finished",1 Car Attached,3,9090.52,CL,3/10/2017,9/10/2017,4/14/2017,7/19/2017,34,Det,1,1,2920373
30,,Lace,Lane,Westbury,11590,479000,465000,Colonial,4,2.000,"None,Unfinished",,3,10580.71,CL,3/15/2017,10/30/2017,4/22/2017,6/29/2017,38,Det,1,1,2921156
42,,Foster,Lane,Westbury,11590,449000,452000,Ranch,3,2.000,"None,Unfinished",1 Car Attached,3,11899.15,CL,3/29/2017,9/28/2017,4/28/2017,7/10/2017,30,Det,1,1,2925357
2269,,6th,Street,East Meadow,11554,529000,500000,Colonial,5,3.000,"Full,Finished",1 Car Attached,3,12136.00,CL,4/03/2017,10/03/2017,8/03/2017,12/28/2017,122,Det,1,1,2925654
2197,,Plum Tree Road N,,Westbury,11590,529000,511000,Exp Cape,4,2.000,"Full,Finished",,3,12998.00,CL,4/01/2017,9/01/2017,5/23/2017,9/06/2017,52,Det,1,1,2925817
755,,Wenwood,Drive,East Meadow,11554,519000,497000,Split Level,4,3.500,"Full,Finished",1 Car Attached,3,8988.00,CL,3/30/2017,7/31/2017,4/30/2017,7/14/2017,31,Det,1,1,2925870
15,,Garden,Street,Bayville,11709,519000,505000,Cape,3,2.000,"Full,Finished",,3,11445.66,CL,4/04/2017,10/04/2017,5/22/2017,9/07/2017,48,Det,1,1,2926773
687,,Bryant,Street,East Meadow,11554,549999,530000,Colonial,4,2.500,"Full,Finished",1 Car Attached,3,9396.00,CL,4/06/2017,10/06/2017,5/18/2017,9/08/2017,42,Det,1,1,2927412
2244,,Elderberry,Drive,Westbury,11590,469000,455000,Cape,4,2.000,"Full,Unfinished",1 Car Attached,3,9066.74,CL,4/07/2017,9/30/2017,5/01/2017,6/19/2017,24,Det,1,1,2927578
173,,Chestnut,Avenue,East Meadow,11554,499000,505000,Colonial,4,2.000,"Full,Unfinished",2 Car Detached,3,13338.52,CL,4/12/2017,10/08/2017,5/24/2017,7/20/2017,42,Det,1,1,2928776
1907,,Byrd,Drive,East Meadow,11554,455000,456000,Cape,4,1.000,"Full,Finished",1 Car Attached,3,10163.33,CL,4/13/2017,10/10/2017,8/14/2017,9/19/2017,123,Det,1,1,2928960
2408,,Gladmore,Street,East Meadow,11554,499990,515000,Exp Cape,4,2.000,"Full,Unfinished",1 Car Attached,3,7900.00,CL,4/13/2017,10/15/2017,5/15/2017,8/17/2017,32,Det,1,1,2929355
823,,Bruce,Drive,East Meadow,11554,475000,475000,Split Level,4,2.000,"Full,Finished",1 Car Attached,3,13889.51,CL,4/19/2017,4/19/2018,5/07/2017,7/14/2017,18,Det,1,1,2930576
19,,Sixteenth,Street,Bayville,11709,495000,485000,Ranch,3,2.000,"Crawl,Unfinished",1 Car Attached,3,10541.12,CL,4/23/2017,10/23/2017,6/12/2017,7/27/2017,50,Det,1,1,2931810
32,,Murray,Drive,Westbury,11590,529000,520000,Split Level,3,1.500,"Full,Finished",1 Car Attached,3,14619.67,CL,4/24/2017,12/31/2017,6/26/2017,9/07/2017,63,Det,1,1,2932216
2465,,Jefferson,Court,East Meadow,11554,459000,460000,Exp Cape,3,2.000,"None,Unfinished",1 Car Detached,3,11495.00,CL,4/25/2017,5/19/2017,5/08/2017,8/04/2017,13,Det,1,1,2932460
2262,,1st,Street,East Meadow,11554,539000,510000,Colonial,3,2.000,"Full,Finished",1 Car Attached,3,10003.00,CL,4/27/2017,9/30/2017,5/25/2017,8/31/2017,28,Det,1,1,2933042
41,,High,Street,Locust Valley,11560,489000,499000,Ranch,2,2.000,"Partial,Unfinished",,3,8374.53,CL,5/01/2017,5/01/2018,5/25/2017,7/11/2017,24,Det,1,1,2933896
109,,Corey,Lane,East Meadow,11554,449000,460000,Cape,4,2.000,"Full,Finished",1 Car Detached,3,11366.76,CL,5/02/2017,11/02/2017,5/30/2017,7/31/2017,28,Det,1,1,2934476
889,,Blendwood,Drive,East Meadow,11554,539000,510000,Exp Cape,4,2.500,"Full,Partially Finished",,3,10583.85,CL,5/05/2017,12/31/2017,6/01/2017,7/24/2017,27,Det,1,1,2935644
2250,,Devon,Street,East Meadow,11554,415000,475000,Cape,4,2.500,"Full,Partially Finished",1 Car Attached,3,9902.42,CL,5/09/2017,5/01/2018,5/30/2017,7/31/2017,21,Det,1,1,2936701
712,,Pleasant,Avenue,Westbury,11590,464900,457000,Ranch,3,1.500,"Full,Finished",1 Car Detached,3,10152.00,CL,5/09/2017,11/09/2017,7/18/2017,10/10/2017,70,Det,1,1,2936717
40,,Library,Lane,Bayville,11709,529000,505000,Colonial,3,2.000,Partial,1 Car Detached,3,9277.47,CL,5/10/2017,11/30/2017,6/09/2017,8/01/2017,30,Det,1,1,2936960
1100,,Old Northern,Boulevard,Roslyn,11576,519000,521000,Antique/Hist,3,1.500,"Partial,Unfinished",,3,8844.39,CL,5/12/2017,5/12/2018,5/26/2017,8/08/2017,14,Det,1,1,2937661
1788,,Stuyvesant,Avenue,East Meadow,11554,525000,515000,Split Level,4,2.500,"Full,Unfinished",,3,14715.00,CL,5/15/2017,10/31/2017,6/05/2017,8/30/2017,21,Det,1,1,2938245
21,,Locust,Place,Locust Valley,11560,399000,456500,Colonial,3,2.500,"Partial,Unfinished",,3,10998.23,CL,5/16/2017,12/17/2017,6/08/2017,8/25/2017,23,Det,1,1,2938769
552,,Richmond,Road,East Meadow,11554,499000,530000,Split Level,3,2.500,"Full,Finished",1 Car Attached,3,8810.00,CL,5/24/2017,12/30/2017,7/14/2017,9/11/2017,51,Det,1,1,2941566
54,,Lion,Lane,Westbury,11590,449988,479000,Cape,3,2.000,"None,Unfinished",,3,6757.85,CL,6/01/2017,8/30/2017,6/16/2017,8/11/2017,15,Det,1,1,2942979
2,,Hoe,Lane,Westbury,11590,499999,505000,Exp Ranch,4,2.000,"None,Unfinished",1 Car Attached,3,8570.00,CL,5/31/2017,2/28/2018,7/03/2017,10/05/2017,33,Det,1,1,2943115
67,,Myles,Avenue,Levittown,11756,510000,510000,Split Level,4,2.500,"Crawl,Unfinished",Attached,3,14797.00,CL,6/01/2017,6/01/2018,7/25/2017,11/10/2017,54,Det,1,1,2943258
1946,,Lenox,Avenue,East Meadow,11554,474500,465000,Hi Ranch,5,2.000,"None,Unfinished",2 Car Attached,3,11830.72,CL,6/01/2017,12/31/2017,1/01/2018,6/07/2018,214,Det,1,1,2943363
793,,Pleasant,Avenue,Westbury,11590,550000,530000,Colonial,5,2.000,"Full,Finished",1 Car Detached,3,9776.55,CL,6/01/2017,12/31/2017,7/12/2017,9/07/2017,41,Det,1,2,2943535
2566,,Hyacinth,Street,Westbury,11590,499900,485000,Split Level,4,2.500,"Partial,Finished",1 Car Attached,3,14975.30,CL,6/06/2017,12/04/2017,8/18/2017,10/27/2017,73,Det,1,1,2944723
20,,E Slope,Road,Bayville,11709,495000,455000,Ranch,2,1.000,"Full,Unfinished",1 Car Attached,3,8096.00,CL,6/09/2017,12/31/2017,7/24/2017,10/10/2017,45,Det,1,1,2945664
2691,,Nira,Avenue,East Meadow,11554,489000,465000,Cape,3,2.000,"Full,Finished",,3,9112.15,CL,6/09/2017,12/09/2017,6/30/2017,9/29/2017,21,Det,1,2,2945757
2122,,Prospect,Avenue,East Meadow,11554,469000,467000,Exp Cape,4,2.000,"None,Unfinished",,3,7046.25,CL,6/12/2017,12/09/2017,8/08/2017,10/16/2017,57,Det,1,1,2946175
308,,Ernest,Court,East Meadow,11554,539000,530000,Split Level,3,2.500,"Partial,Finished",1 Car Attached,3,11738.99,CL,6/15/2017,1/15/2018,6/29/2017,10/12/2017,14,Det,1,1,2947247
41,,Lloyd,Court,East Meadow,11554,460000,460000,Exp Cape,3,3.000,"Full,Finished",2 Car Detached,3,10421.36,CL,6/19/2017,12/31/2017,7/21/2017,10/12/2017,32,Det,1,1,2948243
921,,Preston,Road,East Meadow,11554,469000,469000,Cape,4,1.000,"Full,Finished",,3,11208.79,CL,6/19/2017,10/08/2017,7/21/2017,8/28/2017,32,Det,1,1,2948368
3,,Plum,Lane,Westbury,11590,469999,465000,Exp Ranch,4,2.000,"None,Unfinished",,3,11604.17,CL,6/17/2017,12/31/2017,7/20/2017,10/11/2017,33,Det,1,1,2948388
19,,Summitview,Drive,Bayville,11709,529000,507500,Cape,3,2.000,"Full,Partially Finished",1 Car Attached,3,8110.00,CL,6/20/2017,12/20/2017,7/24/2017,10/27/2017,34,Det,1,1,2948683
2227,,1,Street,East Meadow,11554,475000,475000,Cape,3,2.000,Full,,3,13962.00,CL,6/30/2017,12/27/2017,8/25/2017,11/22/2017,56,Det,1,1,2951469
15,,Le Britton,Street,Locust Valley,11560,499900,475000,Cape,4,1.500,"Full,Unfinished",1 Car Attached,3,9304.00,CL,6/30/2017,12/31/2017,8/28/2017,10/04/2017,59,Det,1,1,2951809
11,,Locust,Avenue,Bayville,11709,475000,469000,Colonial,3,1.500,"Partial,Partially Finished",1 Car Detached,3,10697.15,CL,7/05/2017,12/30/2017,9/06/2017,11/12/2017,63,Det,1,1,2952448
295,,Oltmann,Road,East Meadow,11554,529900,525000,Exp Cape,5,3.000,"Full,Finished",1 Car Attached,3,11113.48,CL,7/05/2017,7/05/2018,9/07/2017,9/25/2017,64,Det,1,1,2952491
1899,,Prospect,Avenue,East Meadow,11554,459000,470000,Exp Cape,4,2.000,"Full,Finished",1 Car Attached,3,12802.11,CL,7/05/2017,1/05/2018,7/24/2017,10/06/2017,19,Det,1,1,2952856
689,,Pleasant,Avenue,Westbury,11590,449000,475000,Ranch,3,2.000,"Full,Finished",,3,12494.00,CL,7/08/2017,7/05/2018,7/20/2017,9/25/2017,12,Det,1,1,2953391
14,,7th,Street,Bayville,11709,535000,530000,Hi Ranch,5,2.000,"None,Unfinished",1 Car Attached,3,11521.44,CL,7/10/2017,12/31/2017,11/28/2017,2/15/2018,141,Det,1,1,2954049
840,,Wenwood,Drive,East Meadow,11554,489000,520000,Split Level,4,2.500,"Partial,Finished",,3,11762.00,CL,7/12/2017,1/12/2018,8/08/2017,11/01/2017,27,Det,1,1,2954420
366,,Andrew,Avenue,East Meadow,11554,499999,476000,Colonial,5,2.000,"Full,Partially Finished",1 Car Attached,3,10986.54,CL,7/12/2017,1/12/2018,10/16/2017,1/02/2018,96,Det,1,1,2954422
2282,,1st,Street,East Meadow,11554,519000,510000,Colonial,4,3.000,"Full,Finished",1 Car Attached,3,14962.36,CL,7/14/2017,1/14/2018,7/28/2017,10/04/2017,14,Det,1,1,2955421
8,,Elm,Street,Greenvale,11548,529000,510000,Colonial,2,2.000,"Full,Finished",2 Car Detached,3,9150.90,CL,7/18/2017,1/18/2018,8/17/2017,10/12/2017,30,Det,1,1,2955983
696,,Carman,Avenue,Westbury,11590,499000,485000,Exp Cape,4,2.500,"Full,Partially Finished",2 Car Detached,3,8489.69,CL,7/26/2017,1/26/2018,8/15/2017,1/16/2018,20,Det,1,1,2958288
1,,Ravine,Road,Bayville,11709,559000,522000,Hi Ranch,3,2.000,Full,1 Car Attached,3,8693.77,CL,7/27/2017,12/31/2017,11/22/2017,1/12/2018,118,Det,1,1,2958755
25,,Sound Beach,Avenue,Bayville,11709,525000,510000,Colonial,5,3.000,"Full,Unfinished",,3,7793.46,CL,7/31/2017,12/31/2017,9/12/2017,11/14/2017,43,Det,1,2,2959719
810,,Mirabelle,Avenue,Westbury,11590,479000,470000,Cape,3,2.000,"None,Unfinished",1 Car Detached,3,9816.44,CL,8/01/2017,2/28/2018,8/18/2017,10/16/2017,17,Det,1,1,2959838
1563,,Wilson,Road,East Meadow,11554,499100,499000,Ranch,4,2.000,"None,Unfinished",,3,11000.00,CL,8/02/2017,1/02/2018,8/21/2017,10/25/2017,19,Det,1,1,2960224
2339,,Amherst,Street,East Meadow,11554,470000,460000,Exp Cape,5,2.000,"Full,Partially Finished",,3,13556.02,CL,8/11/2017,12/31/2017,9/19/2017,12/13/2017,39,Det,1,1,2962580
12,,4th,Street,Bayville,11709,409000,460000,Hi Ranch,5,3.000,"None,Unfinished",1 Car Attached,3,12930.58,CL,8/29/2017,1/31/2018,10/12/2017,12/12/2017,44,Det,1,2,2966769
143,,East Choir,Lane,Westbury,11590,425000,452500,Cape,5,1.500,"None,Unfinished",,3,8960.23,CL,9/09/2017,3/04/2018,9/27/2017,11/29/2017,18,Att,1,1,2969650
22,,Katherine,Street,Locust Valley,11560,499999,507000,Colonial,2,1.500,"Full,Unfinished",1 Car Detached,3,9696.16,CL,9/11/2017,3/08/2018,9/26/2017,1/08/2018,15,Det,1,1,2969915
31,,Roslyn,Road,Roslyn Heights,11577,499000,470000,Colonial,3,1.500,"Partial,Unfinished",1 Car Detached,3,9570.48,CL,9/18/2017,3/07/2018,10/23/2017,12/29/2017,35,Det,1,1,2971866
2548,,Hyacinth,Street,Westbury,11590,499900,495000,Exp Cape,4,2.500,"Full,Finished",1 Car Attached,3,12320.02,CL,9/23/2017,4/01/2018,1/15/2018,3/28/2018,114,Det,1,1,2973472
2181,,Erma,Drive,East Meadow,11554,500000,485000,Cape,3,2.000,"Full,Unfinished",1 Car Attached,3,10744.49,CL,9/25/2017,3/25/2018,10/27/2017,12/01/2017,32,Det,1,1,2973666
1840,,Grant,Avenue,East Meadow,11554,529000,520000,Exp Cape,3,2.000,"Full,Finished",1 Car Attached,3,8829.00,CL,9/27/2017,12/10/2017,11/15/2017,4/26/2018,49,Det,1,1,2974143
12,,Mellow,Lane,Westbury,11590,439000,452000,Cape,4,2.000,"None,Unfinished",,3,8768.82,CL,9/27/2017,9/27/2018,11/01/2017,1/16/2018,35,Det,1,1,2974161
1610,,Blaine,Avenue,East Meadow,11554,478999,467500,Ranch,3,2.000,"Full,Finished",,3,10192.40,CL,9/28/2017,4/01/2018,12/13/2017,3/02/2018,76,Att,1,1,2974683
1629,N,Jerusalem,Road,East Meadow,11554,474900,480200,Cape,4,2.000,"Full,Partially Finished",1 Car Detached,3,6635.24,CL,10/03/2017,9/26/2018,10/30/2017,1/18/2018,27,Det,1,1,2975683
650,,Tabor,Place,East Meadow,11554,499000,495000,Exp Cape,5,2.000,"Full,Finished",1 Car Attached,3,10595.71,CL,10/04/2017,4/04/2018,11/17/2017,12/28/2017,44,Det,1,1,2975967
2235,,Roosevelt,Avenue,East Meadow,11554,469000,470000,Cape,4,1.000,"Full,Finished",1 Car Attached,3,7365.21,CL,10/11/2017,4/11/2018,11/09/2017,3/22/2018,29,Det,1,1,2977693
148,,Taylor,Avenue,East Meadow,11554,479000,455000,Ranch,3,1.000,"Full,Finished",1 Car Detached,3,8431.43,CL,10/16/2017,2/14/2018,11/16/2017,1/30/2018,31,Det,1,1,2978749
895,,East Meadow,Avenue,East Meadow,11554,535000,525000,Hi Ranch,6,2.000,"None,Unfinished",1 Car Attached,3,11643.54,CL,10/29/2017,10/29/2018,6/04/2018,8/15/2018,218,Det,1,1,2981620
10,,Land,Lane,Westbury,11590,499000,485000,Cape,5,3.000,"None,Unfinished",,3,14182.09,CL,11/01/2017,5/24/2018,2/01/2018,2/28/2018,92,Det,1,2,2982466
69,,Mott,Avenue,Roslyn,11576,495000,475000,Antique/Hist,2,1.000,"Full,Finished",,3,8045.41,CL,11/29/2017,5/27/2018,12/18/2017,3/22/2018,19,Det,1,1,2988316
12,,Locust,Street,Greenvale,11548,499000,517000,Colonial,4,2.000,"Full,Unfinished",2 Car Detached,3,8992.00,CL,11/20/2017,5/20/2018,1/02/2018,3/02/2018,43,Det,1,1,2990112
640,,Sherman,Avenue,East Meadow,11554,499000,485000,Exp Ranch,3,2.000,Full,1 Car Attached,3,7979.00,CL,1/11/2018,6/10/2018,3/20/2018,5/21/2018,67,Det,1,1,2995839
204,,Saint Marks,Place,East Meadow,11554,468000,452500,Colonial,3,2.000,"Full,Unfinished",2 Car Detached,3,8540.48,CL,1/12/2018,4/30/2018,3/13/2018,4/13/2018,59,Det,1,1,2996174
689,,Pleasant,Avenue,Westbury,11590,499000,500000,Ranch,3,2.000,"Full,Finished",,3,12494.00,CL,1/25/2018,7/25/2018,2/12/2018,3/09/2018,18,Det,1,1,2999543
2092,S,Central,Drive,East Meadow,11554,482500,512250,Ranch,3,2.000,"Full,Finished",1 Car Attached,3,11256.00,CL,1/29/2018,7/29/2018,2/23/2018,4/11/2018,25,Det,1,1,2999999
1971,,Lenox,Avenue,East Meadow,11554,480000,475500,Splanch,3,1.500,"Partial,Unfinished",2 Car Detached,3,12409.00,CL,2/05/2018,8/05/2018,3/07/2018,5/08/2018,30,Det,1,1,3001877
527,,Patterson,Street,East Meadow,11554,509000,509000,Colonial,4,2.000,"Full,Partially Finished",2 Car Detached,3,11175.32,CL,2/06/2018,8/01/2018,4/20/2018,6/21/2018,72,Det,1,1,3002216
2469,,5th Street,,East Meadow,11554,510000,480000,Colonial,5,2.000,"None,Unfinished",,3,14045.00,CL,2/14/2018,2/13/2019,4/17/2018,5/30/2018,61,Det,1,1,3004563
1691,,Lenox,Avenue,East Meadow,11554,450000,460000,Exp Ranch,3,1.000,Full,1 Car Detached,3,11312.27,CL,2/14/2018,2/14/2019,3/06/2018,5/03/2018,20,Det,1,1,3004610
796,,Bellmore,Avenue,East Meadow,11554,499999,517000,Ranch,3,2.000,"Full,Finished",2 Car Detached,3,8899.60,CL,2/27/2018,8/31/2018,3/30/2018,5/29/2018,30,Det,1,1,3007613
43,,Pinecone,Lane,Westbury,11590,519000,515000,Exp Ranch,4,2.000,"None,Unfinished",2 Car Attached,3,9990.34,CL,3/02/2018,8/15/2018,3/23/2018,6/13/2018,20,Det,1,1,3008643
1642,,Meadow,Lane,East Meadow,11554,539500,520000,Colonial,4,2.000,"Full,Finished",1 Car Attached,3,12825.87,CL,3/08/2018,9/08/2018,5/04/2018,6/22/2018,56,Det,1,1,3010494
1876,,Byrd,Drive,East Meadow,11554,499000,507000,Cape,4,1.000,"Full,Finished",1 Car Attached,3,9258.38,CL,3/21/2018,12/31/2018,4/20/2018,6/04/2018,30,Det,1,1,3013884
2383,,Lancaster,Street,East Meadow,11554,409900,460000,Cape,4,2.000,"Full,Finished",1 Car Attached,3,9649.17,CL,3/21/2018,9/21/2018,4/16/2018,6/20/2018,26,Det,1,1,3013925
2606,,7th,Avenue,East Meadow,11554,469000,469000,Cape,4,2.000,"Full,Finished",1 Car Detached,3,11189.00,CL,3/23/2018,3/23/2019,6/05/2018,7/31/2018,74,Det,1,1,3014283
71,,Bud,Lane,Levittown,11756,549000,469000,Split Level,3,2.500,Full,,3,9110.33,CL,3/30/2018,3/30/2019,6/01/2018,7/03/2018,63,Att,1,1,3016297
91,,Bellmore,Road,East Meadow,11554,495000,500000,Cape,4,2.000,"Full,Finished",,3,9726.83,CL,4/01/2018,10/01/2018,5/03/2018,6/29/2018,32,Det,1,1,3016460
2313,,3rd Street,,East Meadow,11554,462500,455000,Cape,3,2.000,"None,Unfinished",1 Car Detached,3,11175.32,CL,4/03/2018,10/03/2018,4/25/2018,6/08/2018,22,Det,1,1,3017286
2222,,6th,Street,East Meadow,11554,529000,515000,Exp Cape,4,2.000,"Full,Partially Finished",1 Car Detached,3,12447.28,CL,4/06/2018,10/06/2018,4/26/2018,7/10/2018,20,Det,1,1,3018259
836,,Maple,Lane,East Meadow,11554,499999,510000,Ranch,3,2.000,"Full,Finished",,3,13901.00,CL,4/07/2018,12/31/2018,4/26/2018,7/10/2018,19,Det,1,1,3018473
9,,Orchard,Court,Roslyn Heights,11577,520000,520000,Townhouse,3,1.500,"Full,Finished",,3,10690.00,CL,4/12/2018,4/11/2019,5/08/2018,8/29/2018,26,Att,1,1,3020104
391,,Elmore,Avenue,East Meadow,11554,469000,458500,Cape,4,2.000,"Full,Finished",1 Car Detached,3,9357.73,CL,4/13/2018,3/22/2019,5/29/2018,7/30/2018,46,Det,1,1,3020508
809,,Richmond,Road,East Meadow,11554,585000,500000,Split Level,3,2.000,"Full,Unfinished",1 Car Attached,3,13642.00,CL,4/21/2018,10/30/2018,7/26/2018,9/28/2018,96,Det,1,1,3022734
436,,Gates,Avenue,East Meadow,11554,479000,470000,Ranch,2,1.000,"Full,Finished",1 Car Attached,3,11145.01,CL,4/25/2018,11/01/2018,5/17/2018,7/25/2018,22,Det,1,1,3023735
958,,Grand,Boulevard,Westbury,11590,498000,515000,Cape,4,2.000,"Full,Partially Finished",1 Car Attached,3,12483.00,CL,4/26/2018,10/14/2018,5/05/2018,6/22/2018,9,Det,1,1,3024132
29,,Hedge,Lane,Westbury,11590,499000,509000,Ranch,4,1.500,"None,Unfinished",,3,10332.90,CL,5/14/2018,12/01/2018,5/25/2018,8/14/2018,11,Det,1,1,3030027
215,,Peters Avenue,,East Meadow,11554,489999,485000,Cape,4,2.000,"Full,Partially Finished",,3,10220.00,CL,6/06/2018,12/01/2018,6/18/2018,8/30/2018,12,Det,1,1,3037181
11,,Land,Lane,Westbury,11590,529999,475000,Exp Cape,4,2.000,"None,Unfinished",,3,14933.00,CL,6/14/2018,12/14/2018,10/05/2018,11/26/2018,113,Det,1,1,3039654
58,,Chester,Street,Locust Valley,11560,525000,527000,Colonial,3,1.500,"Full,Unfinished",,3,8822.39,CL,6/18/2018,12/18/2018,11/27/2018,1/29/2019,162,Det,1,1,3040552
2033,,Central,Drive,East Meadow,11554,539999,530000,Ranch,3,2.000,"Full,Finished",1 Car Attached,3,8223.00,CL,6/19/2018,12/19/2018,6/28/2018,8/29/2018,9,Det,1,1,3041092
1780,,Glenmore,Avenue,East Meadow,11554,499999,478000,Cape,5,3.500,"Partial,Partially Finished",,3,10281.90,CL,6/19/2018,6/09/2019,7/18/2018,10/04/2018,29,Det,1,1,3041138
25,,Forest,Lane,Westbury,11590,509000,520000,Ranch,4,2.000,"None,Unfinished",1 Car Attached,3,8834.22,CL,6/21/2018,11/01/2018,7/15/2018,9/25/2018,24,Det,1,1,3041608
1547,,Spring,Street,East Meadow,11554,509000,509000,Exp Cape,4,2.000,"Full,Partially Finished",1 Car Attached,3,12038.43,CL,6/22/2018,6/22/2019,8/13/2018,9/18/2018,52,Det,1,1,3042114
204,,Belmont,Avenue,East Meadow,11554,490000,485000,Exp Cape,4,2.000,"Full,Unfinished",,3,11947.60,CL,7/04/2018,12/12/2018,9/07/2018,1/07/2019,65,Det,1,1,3045274
102,,Page,Lane,Westbury,11590,499999,490000,Exp Ranch,5,2.000,"None,Unfinished",1 Car Attached,3,10621.78,CL,7/11/2018,12/27/2018,8/09/2018,10/23/2018,29,Det,1,1,3047189
461,,Lakeville,Lane,East Meadow,11554,519000,465000,Colonial,3,2.000,"Full,Finished",1 Car Detached,3,10063.92,CL,7/11/2018,9/11/2018,8/10/2018,10/15/2018,30,Det,1,1,3047408
37,,Jackson,Avenue,Bayville,11709,525000,515000,Colonial,3,1.500,Full,1 Car Detached,3,9672.49,CL,7/16/2018,12/31/2018,8/29/2018,11/02/2018,44,Det,1,1,3048528
461,,Chestnut,Lane,East Meadow,11554,509000,490000,Exp Ranch,3,1.500,"Full,Partially Finished",1 Car Detached,3,10206.18,CL,7/16/2018,1/16/2019,9/04/2018,10/31/2018,50,Det,1,1,3048612
1585,,Dillon,Avenue,East Meadow,11554,499000,519000,Colonial,3,1.500,"Full,Finished",,3,10254.00,CL,7/25/2018,1/25/2019,8/13/2018,11/05/2018,19,Det,1,1,3051414
132,,Ronni,Drive,East Meadow,11554,499000,485000,Ranch,4,2.000,"Full,Finished",,3,9914.26,CL,7/27/2018,7/27/2019,5/13/2019,6/28/2019,290,Det,1,1,3052269
6,,Garden,Street,Bayville,11709,530000,510000,Cape,4,2.000,"Full,Partially Finished",,3,7903.79,CL,7/27/2018,7/31/2019,5/28/2019,8/05/2019,305,Det,1,1,3052348
37,,June,Avenue,Bayville,11709,525000,515000,Hi Ranch,6,2.000,"None,Unfinished",1 Car Attached,3,13340.86,CL,7/30/2018,1/31/2019,11/26/2018,12/13/2018,119,Det,2,2,3052858
2152,,Dofena,Lane,East Meadow,11554,470000,470000,Ranch,3,2.000,"Full,Finished",1 Car Attached,3,8838.00,CL,7/31/2018,11/15/2018,8/20/2018,10/01/2018,20,Det,1,1,3053145
106,,Friends,Lane,Westbury,11590,449999,460000,Exp Ranch,4,2.000,"None,Unfinished",1 Car Attached,3,9740.00,CL,8/08/2018,2/08/2019,8/28/2018,10/15/2018,20,Det,1,1,3055510
249,,Parkside,Drive,Roslyn Heights,11577,525000,470000,Colonial,2,1.500,"Partial,Unfinished",,3,12044.00,CL,8/16/2018,7/20/2019,4/24/2019,9/27/2019,251,Det,1,1,3057545
207,,Friends,Lane,Westbury,11590,475000,480000,Exp Ranch,5,2.000,,,3,10127.00,CL,8/29/2018,3/15/2019,10/03/2018,11/21/2018,35,Det,1,1,3060939
894,,Surrey,Drive,East Meadow,11554,529000,520000,Cape,4,2.000,"Full,Partially Finished",1 Car Detached,3,7527.56,CL,9/03/2018,9/29/2019,9/25/2018,11/09/2018,22,Det,1,1,3061790
14,,Hidden,Lane,Westbury,11590,529000,508510,Colonial,3,2.000,"None,Unfinished",1 Car Attached,3,10017.40,CL,9/05/2018,2/28/2019,10/31/2018,12/26/2018,56,Det,1,1,3062434
2089,N,Jerusalem,Road,East Meadow,11554,549000,530000,Ranch,3,1.000,"Full,Unfinished",,3,10186.00,CL,9/07/2018,2/01/2019,10/05/2018,12/19/2018,28,Det,1,1,3063345
98,,Norman,Drive,East Meadow,11554,529000,529000,Exp Cape,3,2.000,"Full,Finished",1 Car Attached,3,8525.34,CL,9/12/2018,3/01/2019,9/18/2018,12/20/2018,6,Det,1,1,3064595
62,,Lion,Lane,Westbury,11590,519000,519000,Exp Cape,5,2.000,"None,Unfinished",,3,11429.43,CL,10/02/2018,3/31/2019,11/12/2018,1/08/2019,41,Det,1,1,3070138
1870,,Byrd,Drive,East Meadow,11554,529000,525000,Exp Cape,3,2.000,"Full,Partially Finished",1 Car Attached,3,9752.00,CL,10/02/2018,10/02/2019,11/09/2018,2/08/2019,38,Det,1,1,3070216
2374,,Rugby,Street,East Meadow,11554,524000,520000,Split Level,3,2.000,"Full,Finished",1 Car Attached,3,10239.72,CL,10/13/2018,3/25/2019,3/15/2019,5/30/2019,153,Det,1,1,3073164
2071,,Lincoln,Avenue,East Meadow,11554,548000,530000,Cape,5,2.000,"Full,Finished",,3,11907.00,CL,11/08/2018,1/13/2019,11/27/2018,4/17/2019,19,Det,1,1,3079671
521,,Coakley,Street,East Meadow,11554,519000,515000,Exp Cape,4,2.000,"Full,Unfinished",1 Car Detached,3,14960.45,CL,11/08/2018,7/01/2019,3/27/2019,6/28/2019,138,Det,1,1,3079935
1944,,Cole,Drive,East Meadow,11554,489000,466250,Ranch,3,1.500,"Full,Partially Finished",,3,9927.44,CL,11/13/2018,7/13/2019,12/21/2018,2/27/2019,38,Det,1,1,3080683
2449,,1st,Avenue,East Meadow,11554,499500,490000,Hi Ranch,4,2.000,"None,Unfinished",1 Car Attached,3,10965.69,CL,11/14/2018,5/14/2019,12/07/2018,1/30/2019,23,Det,1,1,3081292
17,,George,Street,East Hills,11577,549000,525000,Colonial,3,1.500,"Full,Finished",1 Car Detached,3,11477.00,CL,11/15/2018,5/09/2019,3/27/2019,7/10/2019,131,Det,1,1,3081428
51,,11th,Street,Locust Valley,11560,564999,492000,Cape,3,1.000,"Partial,Unfinished",1 Car Attached,3,11495.81,CL,11/21/2018,5/21/2019,4/15/2019,5/24/2019,144,Det,1,1,3082640
227,W,Cypress,Lane,Westbury,11590,464999,460000,Exp Ranch,4,1.500,"None,Unfinished",,3,10600.00,CL,12/26/2018,3/01/2019,2/25/2019,4/10/2019,61,Det,1,1,3088685
130,,Cypress,Lane,Westbury,11590,534999,515000,Exp Ranch,4,2.000,"None,Unfinished",1 Car Attached,3,10071.78,CL,1/02/2019,7/02/2019,2/12/2019,4/22/2019,41,Det,1,1,3089779
33,,Edgewood,Place,Locust Valley,11560,549000,530000,Ranch,4,2.500,"Full,Finished",1 Car Attached,3,11522.99,CL,1/04/2019,7/05/2019,1/23/2019,3/15/2019,19,Det,1,1,3090364
181,,Friends,Lane,Westbury,11590,550000,530000,Colonial,5,3.000,"None,Unfinished",,3,14087.00,CL,1/04/2019,7/04/2019,2/11/2019,4/26/2019,38,Det,1,1,3090389
2008,,Lilac,Drive,Westbury,11590,480000,500000,Ranch,3,2.000,"Full,Finished",1 Car Attached,3,15299.27,CL,1/04/2019,4/30/2019,1/28/2019,3/05/2019,24,Det,1,1,3090487
2189,,4th,Street,East Meadow,11554,538000,525000,Colonial,3,1.500,Full,,3,10585.66,CL,1/09/2019,6/01/2019,3/15/2019,5/23/2019,64,Det,1,1,3091761
19,,July,Avenue,Bayville,11709,519000,510000,Colonial,3,3.000,"Full,Finished",,3,10652.00,CL,1/10/2019,10/31/2019,6/05/2019,8/22/2019,145,Det,1,1,3092037
2053,,Lincoln,Avenue,East Meadow,11554,459000,465000,Exp Cape,4,2.000,"Full,Unfinished",1 Car Detached,3,7182.00,CL,1/30/2019,7/31/2019,2/11/2019,5/21/2019,12,Det,1,1,3097149
93,,Page,Lane,Westbury,11590,469990,455000,Exp Ranch,4,1.000,"None,Unfinished",1 Car Attached,3,7560.38,CL,1/31/2019,6/25/2019,3/11/2019,6/28/2019,38,Det,1,1,3097462
28,,Hearth,Lane,Westbury,11590,499000,520000,Exp Cape,4,2.000,"None,Unfinished",,3,10657.98,CL,1/31/2019,12/31/2019,3/04/2019,5/30/2019,32,Det,1,1,3097697
825,,Preston,Road,East Meadow,11554,525000,526000,Exp Ranch,3,1.000,"Full,Finished",1 Car Detached,3,9323.00,CL,2/07/2019,8/31/2019,3/26/2019,5/03/2019,46,Det,1,1,3099576
1951,,Longfellow,Avenue,East Meadow,11554,599900,500000,Raised Ranch,4,3.000,"Full,Finished",,3,8954.86,CL,2/14/2019,2/14/2020,3/05/2019,3/12/2019,19,Det,1,1,3101365
859,,Fairfield,Avenue,Westbury,11590,499000,498000,Cape,4,2.000,"None,Unfinished",1 Car Detached,3,10681.50,CL,2/19/2019,5/19/2019,3/12/2019,5/01/2019,20,Det,1,1,3102329
1394,,Hemlock,Avenue,East Meadow,11554,459000,466000,Ranch,3,1.000,Full,1 Car Detached,3,7803.50,CL,3/05/2019,9/30/2019,3/21/2019,6/26/2019,15,Det,1,1,3106055
2089,N,Jerusalem,Road,East Meadow,11554,499000,475000,Ranch,3,1.000,"Full,Partially Finished",1 Car Attached,3,14400.58,CL,3/08/2019,9/30/2019,4/23/2019,5/08/2019,45,Det,1,1,3107268
136,,Bayville,Avenue,Bayville,11709,479000,476000,Cape,3,2.000,"Full,Unfinished",,3,10375.61,CL,3/19/2019,9/19/2019,5/10/2019,6/26/2019,52,Det,1,1,3111251
12,,Orchard,Court,Roslyn Heights,11577,520000,530000,Townhouse,3,1.500,"Full,Finished",,3,12283.21,CL,3/27/2019,10/31/2019,5/07/2019,7/17/2019,41,Att,1,1,3112772
26,,Riggs,Place,Locust Valley,11560,479000,501000,Cottage,3,1.000,Full,,3,10514.00,CL,3/28/2019,9/28/2019,4/12/2019,6/07/2019,15,Det,1,1,3113597
881,,Elda,Lane,Westbury,11590,549900,480000,Cape,4,2.000,"Full,Finished",1 Car Detached,3,9981.00,CL,4/05/2019,10/05/2019,7/15/2019,12/02/2019,101,Det,1,1,3116438
2475,,Westley,Road,Westbury,11590,499000,489000,Cape,4,2.000,"Full,Finished",1 Car Attached,3,12382.00,CL,4/09/2019,10/09/2019,7/09/2019,8/15/2019,91,Det,1,1,3117659
1704,,Noble,Street,East Meadow,11554,449000,490000,Exp Cape,4,2.000,"Full,Unfinished",,3,15447.10,CL,4/10/2019,10/09/2019,5/09/2019,7/11/2019,29,Det,1,1,3117957
4,,Bay,Street,Bayville,11709,539000,519000,Hi Ranch,3,2.000,"None,Unfinished",1 Car Attached,3,10545.99,CL,4/11/2019,9/10/2019,5/09/2019,7/12/2019,28,Det,1,1,3118412
2053,,Stuyvesant,Avenue,East Meadow,11554,469000,480000,Exp Cape,3,2.000,"None,Unfinished",1 Car Detached,3,9914.27,CL,4/24/2019,10/30/2019,5/20/2019,7/31/2019,26,Det,1,1,3121952
2370,,1st,Street,East Meadow,11554,519000,513000,Colonial,4,2.000,"Full,Unfinished",,3,10297.00,CL,4/24/2019,12/12/2019,5/08/2019,8/02/2019,14,Det,1,1,3121962
1878,,Gerald,Avenue,East Meadow,11554,549000,530000,Cape,4,2.000,"Full,Finished",1 Car Detached,3,10809.77,CL,4/25/2019,10/24/2019,5/28/2019,7/12/2019,33,Det,1,1,3122326
15,,Robert,Road,Bayville,11709,499000,510000,Cape,4,2.000,"Full,Partially Finished",1 Car Attached,3,9092.48,CL,4/25/2019,10/23/2019,5/30/2019,8/02/2019,35,Det,1,1,3122507
31,,Nursery,Street,Locust Valley,11560,499000,485000,Ranch,3,1.000,"Full,Partially Finished",1 Car Detached,3,12988.00,CL,4/27/2019,4/01/2020,7/03/2019,8/26/2019,67,Det,1,1,3123022
550,,Poplar,Lane,East Meadow,11554,529000,525000,Ranch,3,2.000,"Full,Finished",,3,9786.37,CL,4/29/2019,11/01/2019,8/02/2019,10/04/2019,95,Det,1,1,3123443
7,,June,Avenue,Bayville,11709,474000,474000,Traditional,3,1.500,"None,Unfinished",1 Car Attached,3,8480.01,CL,5/03/2019,5/03/2020,6/21/2019,9/05/2019,49,Det,1,1,3125375
373,,Chestnut,Avenue,East Meadow,11554,479000,479000,Cape,4,1.000,"Full,Unfinished",3 Car Detached,3,12105.02,CL,1/04/2019,9/04/2019,5/22/2019,8/20/2019,137,Det,1,1,3127153
1953,,Cole,Drive,East Meadow,11554,489000,495000,Exp Ranch,3,1.000,"Full,Partially Finished",,3,9562.00,CL,5/15/2019,11/30/2019,6/10/2019,6/26/2019,26,Det,1,1,3128713
17,,7th,Street,Locust Valley,11560,479000,460000,Cape,2,1.000,"Full,Unfinished",,3,5954.00,CL,5/16/2019,9/30/2019,8/05/2019,9/09/2019,81,Det,1,1,3129202
591,,Bellmore,Avenue,East Meadow,11554,489000,497000,Ranch,3,2.000,"Full,Finished",1 Car Detached,3,13513.24,CL,5/17/2019,12/01/2019,6/13/2019,8/12/2019,27,Det,1,1,3129975
571,,Maitland,Street,East Meadow,11554,549000,530000,Colonial,4,3.000,"Full,Finished",1 Car Detached,3,12216.97,CL,5/20/2019,11/27/2019,7/02/2019,8/19/2019,43,Det,1,1,3130580
9,,Forest,Lane,Westbury,11590,494900,498000,Cape,4,2.000,"None,Unfinished",1 Car Attached,3,9186.59,CL,5/20/2019,11/19/2019,6/13/2019,9/27/2019,24,Det,1,1,3130624
725,,Preston,Road,East Meadow,11554,500000,518500,Exp Cape,3,2.000,"Full,Partially Finished",1 Car Detached,3,10953.00,CL,5/28/2019,11/24/2019,6/24/2019,9/12/2019,27,Det,1,1,3132361
204,,Belmont,Avenue,East Meadow,11554,549000,530000,Cape,4,2.000,"Full,Unfinished",,3,12616.72,CL,5/28/2019,11/19/2019,7/30/2019,8/28/2019,63,Det,1,1,3132459
2108,,Stuyvesant,Avenue,East Meadow,11554,510000,510000,Exp Cape,3,2.000,"None,Unfinished",,3,9115.00,CL,5/28/2019,6/28/2019,6/14/2019,8/06/2019,17,Det,1,1,3132750
2397,,Rugby,Street,East Meadow,11554,474888,475000,Exp Ranch,3,1.000,"Full,Unfinished",2 Car Attached,3,10378.20,CL,5/31/2019,11/30/2019,6/12/2019,8/15/2019,12,Det,1,1,3133675
1957,,Lincoln,Court,Westbury,11590,549000,530000,Ranch,3,2.000,"Full,Unfinished",1 Car Attached,3,12489.00,CL,5/31/2019,12/01/2019,9/06/2019,10/31/2019,98,Att,1,1,3133796
2207,,Stewart,Avenue,Westbury,11590,519000,510000,Colonial,4,2.000,"None,Unfinished",1 Car Attached,3,8893.49,CL,6/03/2019,10/03/2019,6/29/2019,8/30/2019,26,Det,1,2,3134624
68,,Fairview,Avenue,East Meadow,11554,509000,500000,Exp Ranch,3,1.000,"None,Unfinished",,3,12509.66,CL,6/03/2019,12/03/2019,8/13/2019,10/31/2019,71,Det,1,1,3134633
902,,Merillon,Avenue,Westbury,11590,499000,515000,Exp Cape,4,1.500,"None,Unfinished",1 Car Attached,3,8846.84,CL,6/04/2019,5/29/2020,7/04/2019,8/16/2019,30,Det,1,1,3135185
87,,Hearth,Lane,Westbury,11590,489999,500000,Exp Ranch,4,2.000,"None,Unfinished",,3,12749.29,CL,6/08/2019,12/31/2019,6/25/2019,8/15/2019,17,Det,1,1,3136542
2112,,Roosevelt,Avenue,East Meadow,11554,499000,475000,Split Ranch,3,2.500,"Full,Finished",,3,7224.00,CL,6/11/2019,5/17/2020,8/28/2019,10/23/2019,78,Det,1,1,3137176
31,E,Slope,Road,Bayville,11709,489999,465000,Ranch,3,2.000,Full,,3,11610.96,CL,6/10/2019,6/10/2020,8/21/2019,12/19/2019,72,Det,1,1,3137329
1504,,Dieman,Lane,East Meadow,11554,509000,495000,Exp Ranch,3,2.000,"Full,Finished",2 Car Detached,3,10729.84,CL,6/14/2019,12/14/2019,10/07/2019,12/06/2019,115,Det,1,1,3138849
178,,Nancy,Drive,East Meadow,11554,475000,475000,Cape,4,1.000,"Full,Finished",,3,11113.60,CL,6/17/2019,9/30/2019,8/02/2019,9/16/2019,46,Det,1,1,3139154
141,,Betty,Road,East Meadow,11554,549000,523000,Ranch,3,2.000,"Full,Finished",1 Car Detached,3,10663.87,CL,6/18/2019,9/18/2019,8/07/2019,10/08/2019,50,Det,1,1,3139480
108,,Harbor Hill,Road,East Hills,11577,575000,515000,Colonial,3,1.000,"Full,Finished",2 Car Detached,3,12110.00,CL,6/19/2019,12/17/2019,9/17/2019,11/15/2019,90,Det,1,1,3139941
2030,,Erma,Drive,East Meadow,11554,545000,520000,Cape,4,2.000,"Full,Finished",,3,8762.93,CL,7/01/2019,12/31/2019,11/12/2019,2/11/2020,134,Det,1,1,3143608
16,,Page,Lane,Westbury,11590,489900,489900,Exp Ranch,3,2.000,"None,Unfinished",1 Car Attached,3,11157.41,CL,7/03/2019,10/07/2019,7/24/2019,9/16/2019,21,Det,1,1,3143976
40,,Middle,Lane,Westbury,11590,464000,464000,Ranch,4,2.000,"None,Unfinished",1 Car Attached,3,12152.12,CL,7/08/2019,12/20/2019,9/27/2019,11/26/2019,81,Det,1,1,3145178
2554,,6th,Avenue,East Meadow,11554,499000,504000,Cape,3,1.000,"Full,Partially Finished",1 Car Attached,3,9851.77,CL,7/10/2019,11/30/2019,7/29/2019,9/24/2019,19,Det,1,1,3145837
2203,,Roosevelt,Avenue,East Meadow,11554,548000,485000,Exp Ranch,4,3.000,"Full,Finished",1 Car Detached,3,17094.18,CL,7/16/2019,11/30/2019,10/18/2019,1/02/2020,94,Det,1,1,3147766
322,,Arlene,Drive,East Meadow,11554,499000,467000,Cape,4,2.000,Full,1 Car Attached,3,9918.36,CL,7/23/2019,1/23/2020,8/12/2019,9/12/2019,20,Det,1,1,3149561
67,,Mist,Lane,Westbury,11590,529000,517000,Exp Ranch,4,2.000,"None,Unfinished",,3,13000.00,CL,8/08/2019,2/08/2020,9/17/2019,10/25/2019,40,Det,1,1,3154498
368,,Elmore,Avenue,East Meadow,11554,455000,457000,Hi Ranch,3,2.000,"None,Unfinished",1 Car Attached,3,13318.00,CL,8/27/2019,3/27/2020,9/26/2019,12/30/2019,30,Det,1,1,3159629
2420,,2nd,Street,East Meadow,11554,499000,485000,Cape,3,2.000,"None,Unfinished",1 Car Detached,3,14167.00,CL,9/05/2019,2/28/2020,12/03/2019,2/19/2020,89,Det,1,1,3161783
1572,,Walter,Court,East Meadow,11554,549000,485000,Exp Cape,4,2.000,"Full,Finished",1 Car Attached,3,13700.00,CL,9/14/2019,9/13/2020,10/21/2019,12/27/2019,37,Det,1,1,3164449
106,,Main,Street,Roslyn,11576,529000,520013,Antique/Hist,3,2.500,"Partial,Unfinished",1 Car Detached,3,13329.61,CL,9/20/2019,5/20/2020,12/20/2019,3/02/2020,91,Det,1,1,3166294
1789,,Aaron,Avenue,East Meadow,11554,539000,520000,Exp Cape,3,2.000,"Full,Finished",1 Car Attached,3,13943.97,CL,9/20/2019,9/20/2020,11/18/2019,2/28/2020,59,Det,1,1,3166385
2382,,Cooper,Drive,East Meadow,11554,499990,500000,Cape,3,2.000,"None,Unfinished",1 Car Detached,3,7387.41,CL,10/08/2019,3/25/2020,10/30/2019,12/20/2019,22,Det,1,1,3171124
1690,,Francis,Drive,East Meadow,11554,509999,500000,Cape,3,2.000,"Full,Partially Finished",2 Car Detached,3,10346.00,CL,10/14/2019,4/30/2020,12/05/2019,2/04/2020,52,Det,1,1,3172593
178,,Ronni,Drive,East Meadow,11554,529000,530000,Cape,4,2.000,Full,,3,13500.00,CL,10/17/2019,12/31/2019,11/14/2019,2/28/2020,28,Det,1,1,3173931
216,W,Cypress,Lane,Westbury,11590,499000,496000,Cape,4,2.000,"None,Unfinished",,3,9190.33,CL,10/19/2019,5/17/2020,11/28/2019,2/03/2020,40,Det,1,1,3173987
2359,,6th,Street,East Meadow,11554,489999,479000,Cape,4,2.000,Full,1 Car Attached,3,13140.26,CL,10/23/2019,4/22/2020,12/05/2019,2/19/2020,43,Det,1,1,3174974
1811,,Mckinley,Avenue,East Meadow,11554,455000,460000,Colonial,3,2.000,"Full,Finished",1 Car Detached,3,11581.81,CL,11/05/2019,3/31/2020,11/29/2019,2/28/2020,24,Det,1,1,3178062
2387,,5th,Street,East Meadow,11554,540000,525000,Other,4,2.500,"None,Unfinished",1 Car Detached,3,12500.00,CL,11/08/2019,4/30/2020,12/20/2019,2/27/2020,42,Det,1,1,3179183
2158,,Erma,Drive,East Meadow,11554,469000,458000,Cape,3,1.000,"Full,Partially Finished",1 Car Attached,3,11045.45,CL,9/20/2019,3/20/2020,1/07/2020,3/09/2020,109,Det,1,1,3184083
1452,,Plum,Lane,East Meadow,11554,509000,509000,Ranch,3,2.000,"Full,Unfinished",1 Car Detached,3,8760.00,CL,12/17/2019,9/01/2020,1/06/2020,3/17/2020,20,Det,1,1,3186584
20,,10th,Street,Locust Valley,11560,464900,480000,Cape,3,2.000,Full,,3,13973.54,CL,12/19/2019,3/18/2020,1/28/2020,2/21/2020,40,Det,2,2,3187100
190,,Peters,Avenue,East Meadow,11554,499777,497000,Exp Cape,4,2.000,"Full,Partially Finished",1 Car Attached,3,12526.00,CL,7/06/2017,1/05/2018,8/29/2017,10/27/2017,54,Det,1,1,2962199
102,,Rose,Drive,East Meadow,11554,499000,499000,Exp Cape,4,2.000,"Full,Partially Finished",1 Car Attached,3,9902.42,CL,8/16/2017,2/15/2018,8/28/2017,11/14/2017,12,Det,1,1,2964050
170,,Bernice,Drive,East Meadow,11554,519000,495000,Exp Cape,5,2.000,"Full,Finished",1 Car Detached,3,12891.41,CL,8/21/2017,2/10/2018,12/11/2017,2/13/2018,112,Det,1,1,2964843
9,,Sanzoverino,Lane,Bayville,11709,499000,465000,Cape,3,2.000,"Full,Unfinished",1 Car Detached,3,6833.11,CL,9/14/2017,3/12/2018,1/30/2018,3/22/2018,138,Det,1,1,2970916
31,,Greenvale,Lane,Levittown,11756,469990,467500,Colonial,4,2.000,"None,Unfinished",,3,10912.12,CL,9/16/2017,3/31/2018,10/17/2017,1/30/2018,31,Det,1,1,2971523
6,,Wansor,Street,Bayville,11709,475000,475000,Colonial,3,1.500,"Full,Partially Finished",2 Car Detached,3,12122.54,CL,9/19/2017,3/17/2018,10/25/2017,2/08/2018,36,Det,1,1,2972387
318,,Arlene,Drive,East Meadow,11554,460000,460000,Cape,4,2.000,"Full,Finished",1 Car Attached,3,13708.00,CL,9/21/2017,9/21/2018,10/17/2017,12/08/2017,26,Det,1,1,2973000
45,,Ash,Street,Locust Valley,11560,545000,525000,Cottage,2,1.000,"Partial,Unfinished",3 Car Detached,3,12387.93,CL,10/23/2017,3/31/2018,11/17/2017,12/20/2017,25,Det,1,1,2980498
360,,Cedar,Lane,East Meadow,11554,515000,505000,Exp Ranch,3,2.000,"Full,Finished",1 Car Detached,3,9448.77,CL,11/01/2017,5/31/2018,11/20/2017,7/02/2018,19,Det,1,1,2982675
2479,,Rugby,Street,East Meadow,11554,529000,505000,Colonial,4,3.000,"Full,Finished",,3,9235.50,CL,11/10/2017,2/10/2018,12/20/2017,2/12/2018,40,Det,1,1,2985027
62,,Mist,Lane,Westbury,11590,519000,500000,Exp Cape,5,3.000,"None,Unfinished",1 Car Attached,3,14880.00,CL,11/24/2017,12/24/2017,12/07/2017,4/04/2018,13,Det,1,1,2987490
715,,Cynthia,Drive,East Meadow,11554,519000,507500,Split Level,3,2.500,"Full,Unfinished",1 Car Attached,3,10772.33,CL,11/30/2017,4/30/2018,1/05/2018,3/14/2018,36,Det,1,1,2988494
2170,,Devon,Street,East Meadow,11554,439000,452000,Ranch,3,2.500,"Full,Partially Finished",1 Car Attached,3,9222.00,CL,12/04/2017,5/30/2018,2/01/2018,5/08/2018,59,Det,1,1,2989630
30,,Pinecone,Lane,Westbury,11590,469000,480000,Exp Ranch,3,2.000,"None,Unfinished",1 Car Attached,3,11982.56,CL,12/14/2017,5/01/2018,1/19/2018,3/15/2018,36,Det,1,1,2991427
70,,Overlook,Terrace,Roslyn Heights,11577,549000,480000,Cape,3,2.000,Full,,3,15100.00,CL,1/10/2018,12/31/2018,1/24/2018,4/13/2018,14,Det,1,1,2996347
15,,Farview,Avenue,Bayville,11709,479000,465000,Ranch,2,1.000,"Full,Finished",2 Car Detached,3,8636.81,CL,2/02/2018,2/02/2019,2/22/2018,4/03/2018,20,Det,1,1,3001409
275,,Green Valley,Road,East Meadow,11554,509000,509000,Exp Cape,4,2.000,"Full,Finished",1 Car Attached,3,9570.19,CL,2/13/2018,9/30/2018,4/06/2018,7/11/2018,51,Det,1,1,3004144
6,,Merry,Lane,Westbury,11590,459999,455000,Exp Ranch,4,2.000,"None,Unfinished",1 Car Attached,3,9158.00,CL,2/14/2018,9/30/2018,3/19/2018,6/18/2018,32,Att,1,1,3004565
1698,,Kroll,Road,East Meadow,11554,499000,492000,Cape,4,1.500,"Full,Finished",1 Car Attached,3,12160.00,CL,2/21/2018,8/31/2018,3/14/2018,6/14/2018,20,Det,1,1,3006340
923,,Winthrop,Drive,East Meadow,11554,479000,460000,Cape,3,2.000,"Full,Unfinished",1 Car Detached,3,12159.58,CL,2/26/2018,5/26/2018,4/16/2018,6/26/2018,48,Det,1,1,3007240
2351,,1st,Street,East Meadow,11554,459000,467000,Cape,4,1.500,"Full,Finished",1 Car Detached,3,6587.07,CL,3/01/2018,12/31/2018,3/21/2018,4/16/2018,19,Det,1,1,3008571
126,,Ava,Drive,East Meadow,11554,469000,460000,Cape,4,2.000,"Full,Finished",1 Car Attached,3,11826.45,CL,3/10/2018,9/10/2018,4/24/2018,6/29/2018,44,Det,1,1,3011113
1972,,Marion,Drive,East Meadow,11554,449000,461000,Cape,4,2.000,"Full,Finished",1 Car Attached,3,12498.00,CL,3/12/2018,3/10/2019,4/06/2018,6/18/2018,25,Det,1,1,3011247
187,,Oyster Bay,Road,Locust Valley,11560,525000,475000,Ranch,2,1.500,"Full,Unfinished",2 Car Attached,3,10176.79,CL,3/25/2018,8/15/2018,5/09/2018,7/16/2018,45,Det,1,1,3014780
18,,Ridge,Road,Bayville,11709,509900,489000,Cape,6,2.500,"Partial,Partially Finished",1 Car Attached,3,8102.68,CL,3/31/2018,12/31/2018,6/02/2018,8/02/2018,63,Det,1,1,3016355
157,,Lorraine Gate,,East Meadow,11554,479000,465000,Exp Cape,5,2.000,"Full,Finished",1 Car Attached,3,13430.00,CL,4/03/2018,10/03/2018,4/24/2018,5/25/2018,21,Det,1,1,3017147
1864,,Grant,Avenue,East Meadow,11554,479000,465000,Cape,4,2.000,"Full,Partially Finished",1 Car Detached,3,9818.00,CL,4/13/2018,10/07/2018,5/15/2018,7/18/2018,32,Det,1,1,3020383
2173,N,Plum Tree,Road,Westbury,11590,499999,485000,Cape,4,2.000,"Full,Finished",1 Car Attached,3,10842.00,CL,4/28/2018,12/31/2018,6/29/2018,8/31/2018,62,Det,1,1,3024956
2423,,Rugby,Street,East Meadow,11554,529000,525000,Cape,4,2.000,"Full,Finished",1 Car Detached,3,10479.00,CL,5/02/2018,9/30/2018,6/14/2018,9/10/2018,43,Det,1,1,3026461
1894,,Byrd,Drive,East Meadow,11554,449000,460000,Cape,4,2.000,"Full,Finished",,3,10690.75,CL,5/03/2018,12/31/2018,5/10/2018,7/30/2018,7,Det,1,1,3026515
479,,Von Elm,Avenue,East Meadow,11554,439500,455000,Cape,4,2.000,"Full,Finished",1 Car Attached,3,10722.36,CL,5/08/2018,10/04/2018,6/05/2018,8/24/2018,28,Det,1,1,3027959
2275,,2nd,Street,East Meadow,11554,499000,495000,Colonial,3,1.500,"Full,Finished",1 Car Attached,3,10471.00,CL,5/09/2018,10/30/2018,5/15/2018,7/18/2018,6,Det,1,1,3028579
910,,Washington,Avenue,Westbury,11590,449000,460000,Cape,5,1.000,"None,Unfinished",,3,10695.93,CL,5/10/2018,11/30/2018,6/14/2018,9/12/2018,35,Det,1,1,3028854
808,,Edgewood,Drive,Westbury,11590,529000,530000,Split Level,3,2.500,"Partial,Unfinished",2 Car Attached,3,9691.57,CL,5/10/2018,9/30/2018,6/13/2018,8/16/2018,34,Det,1,1,3029097
1458,,Hemlock,Avenue,East Meadow,11554,525000,530000,Exp Ranch,3,2.500,"Full,Finished",1 Car Attached,3,7995.33,CL,5/21/2018,11/30/2018,6/07/2018,8/06/2018,17,Det,1,1,3032328
1999,,Salisbury Park,Drive,Westbury,11590,520000,505000,Exp Ranch,4,2.500,"None,Unfinished",,3,9038.47,CL,6/05/2018,8/30/2018,8/13/2018,10/19/2018,69,Det,1,2,3036628
44,,Rita,Drive,East Meadow,11554,499900,495000,Ranch,3,2.000,"Full,Finished",1 Car Attached,3,10700.00,CL,6/07/2018,9/30/2018,6/21/2018,7/20/2018,14,Det,1,1,3037481
1866,,Maurice,Avenue,East Meadow,11554,509000,488000,Exp Cape,4,2.000,"Full,Finished",1 Car Attached,3,12122.75,CL,7/03/2018,1/31/2019,7/27/2018,10/19/2018,24,Det,1,1,3045199
2561,,7th,Street,East Meadow,11554,499999,481500,Split Level,2,1.500,"Full,Finished",1 Car Attached,3,10610.24,CL,7/06/2018,1/31/2019,8/08/2018,9/11/2018,33,Det,1,1,3045954
2489,,Lawn,Drive,East Meadow,11554,529000,505000,Colonial,5,2.000,"None,Unfinished",,3,12500.00,CL,7/09/2018,2/07/2019,1/15/2019,3/27/2019,190,Det,1,1,3046360
20,,Polo,Lane,Westbury,11590,514990,495000,Colonial,4,2.000,"None,Unfinished",1 Car Attached,3,10271.77,CL,7/08/2018,11/08/2018,10/31/2018,2/08/2019,115,Det,1,1,3046580
10,,Hidden,Lane,Westbury,11590,475000,465000,Exp Cape,4,2.000,"None,Unfinished",,3,12660.00,CL,7/18/2018,12/31/2018,12/24/2018,2/25/2019,159,Det,1,1,3049659
176,,Norman,Drive,East Meadow,11554,562000,530000,Cape,3,2.500,"Full,Unfinished",1 Car Detached,3,7235.00,CL,7/20/2018,7/20/2019,10/01/2018,11/09/2018,73,Det,1,1,3050183
1841,,Kent,Street,Westbury,11590,549000,525000,Exp Cape,4,2.500,"Full,Partially Finished",2 Car Attached,3,9279.64,CL,7/27/2018,1/31/2019,9/07/2018,10/17/2018,42,Det,1,1,3052120
2120,,7th,Street,East Meadow,11554,529000,495000,Exp Cape,4,2.000,"Full,Partially Finished",1 Car Attached,3,12601.65,CL,8/08/2018,2/06/2019,9/05/2018,11/01/2018,28,Det,1,1,3055426
787,,Blackstone,Avenue,East Meadow,11554,509000,509000,Ranch,3,1.500,"Full,Partially Finished",1 Car Attached,3,12947.00,CL,8/27/2018,1/27/2019,10/05/2018,11/27/2018,39,Det,1,1,3060279
2475,,Jefferson,Court,East Meadow,11554,474900,466000,Ranch,3,2.000,"Full,Finished",1 Car Attached,3,11886.00,CL,9/18/2018,3/18/2019,10/05/2018,12/12/2018,17,Det,1,1,3066065
39,W,Cabot,Lane,Westbury,11590,478800,460000,Colonial,5,2.000,"None,Unfinished",1 Car Attached,3,14285.00,CL,9/28/2018,12/31/2018,12/13/2018,4/03/2019,76,Det,1,1,3068965
61,,Lion,Lane,Westbury,11590,499888,480000,Exp Ranch,3,2.000,"None,Unfinished",,3,7370.17,CL,10/03/2018,10/03/2019,10/29/2018,12/28/2018,26,Det,1,1,3070374
1626,,Paula,Lane,East Meadow,11554,499999,490000,Exp Cape,5,2.000,"Full,Unfinished",,3,12153.93,CL,10/31/2018,4/28/2019,12/03/2018,1/25/2019,33,Det,1,1,3077451
500,,Von Elm,Avenue,East Meadow,11554,499000,505000,Cape,3,2.000,"Full,Unfinished",1 Car Attached,3,8389.04,CL,11/13/2018,5/31/2019,11/30/2018,1/31/2019,17,Det,1,1,3080894
2687,,Forest,Avenue,East Meadow,11554,469000,465000,Ranch,3,2.000,"Full,Finished",1 Car Attached,3,12335.28,CL,12/01/2018,12/01/2019,3/05/2019,4/19/2019,94,Det,1,1,3084750
2205,,Mcclellan,Street,East Meadow,11554,529000,515000,Cape,4,2.000,"Full,Finished",,3,9395.43,CL,12/18/2018,6/18/2019,1/05/2019,4/05/2019,18,Det,1,1,3087795
23,,Martin,Lane,Westbury,11590,479000,460000,Colonial,5,2.000,"None,Unfinished",,3,14754.56,CL,1/10/2019,8/30/2019,2/19/2019,5/07/2019,40,Det,1,1,3092084
2555,,7th,Avenue,East Meadow,11554,509000,509000,Cape,5,2.000,"Full,Finished",1 Car Attached,3,9286.00,CL,1/17/2019,7/31/2019,1/25/2019,2/26/2019,8,Det,1,1,3093938
2357,,Madison,Drive,East Meadow,11554,519000,505000,Colonial,5,2.000,"None,Unfinished",,3,14823.46,CL,2/20/2019,8/31/2019,4/05/2019,7/26/2019,43,Det,1,1,3102655
2457,,Putnam,Drive,East Meadow,11554,509000,515000,Cape,3,2.000,"None,Unfinished",,3,11865.15,CL,4/12/2019,10/11/2019,6/07/2019,9/09/2019,56,Det,1,1,3118786
136,,Land,Lane,Westbury,11590,515000,518000,Exp Ranch,4,1.500,"None,Unfinished",1 Car Attached,3,8272.72,CL,4/17/2019,10/30/2019,7/12/2019,10/11/2019,86,Det,1,1,3120102
59,,Polo,Lane,Westbury,11590,499000,490000,Exp Ranch,4,2.000,"None,Unfinished",1 Car Attached,3,10709.79,CL,4/20/2019,9/30/2019,8/07/2019,10/17/2019,109,Det,1,1,3120981
2340,,6th,Street,East Meadow,11554,474990,465000,Cape,4,2.000,"Full,Finished",1 Car Detached,3,12144.00,CL,2/21/2019,6/17/2019,5/10/2019,8/27/2019,77,Det,1,1,3121343
1854,,Chester,Drive,East Meadow,11554,459000,460000,Cape,3,1.000,"Full,Partially Finished",1 Car Attached,3,9400.00,CL,4/29/2019,10/31/2019,5/17/2019,7/31/2019,18,Det,1,1,3123279
3,,Bayview,Place,Locust Valley,11560,539999,522500,Hi Ranch,3,2.000,"Full,Finished",2 Car Attached,3,8253.00,CL,5/17/2019,5/18/2020,8/27/2019,11/08/2019,102,Det,1,1,3129824
521,,Adelphi,Street,East Meadow,11554,499000,506000,Cape,4,2.000,"Full,Finished",2 Car Detached,3,10521.00,CL,5/18/2019,11/18/2019,6/24/2019,8/07/2019,37,Det,1,1,3130213
50,,Katherine,Street,Locust Valley,11560,488000,525000,Colonial,3,1.500,"Full,Unfinished",1 Car Detached,3,12458.00,CL,5/28/2019,12/31/2019,6/06/2019,9/10/2019,9,Det,1,1,3132391
2585,,8th,Avenue,East Meadow,11554,485000,475000,Colonial,4,1.500,"Crawl,Unfinished",2 Car Detached,3,11385.00,CL,2/26/2019,8/31/2019,6/12/2019,8/30/2019,105,Det,1,1,3133789
604,,Irving,Place,East Meadow,11554,539000,525000,Cape,4,2.000,"Full,Finished",1 Car Attached,3,12232.00,CL,6/06/2019,12/06/2019,6/24/2019,11/05/2019,18,Det,1,1,3135829
27,,Canyon,Lane,Westbury,11590,474900,461000,Split Level,3,2.000,"Partial,Finished",1 Car Detached,3,16281.97,CL,6/12/2019,9/10/2019,9/07/2019,9/20/2019,87,Det,1,1,3137583
38,,Foster,Lane,Westbury,11590,499999,491000,Exp Ranch,4,2.000,"None,Unfinished",1 Car Attached,3,12200.03,CL,6/24/2019,4/30/2020,10/01/2019,11/22/2019,99,Det,1,1,3141325
823,,Cynthia,Drive,East Meadow,11554,489900,499000,Ranch,3,2.000,"Full,Partially Finished",1 Car Attached,3,10425.95,CL,7/07/2019,10/03/2019,7/26/2019,9/20/2019,19,Det,1,1,3144933
2084,,Longfellow,Avenue,East Meadow,11554,529000,495000,Exp Ranch,2,2.000,"Full,Finished",1 Car Attached,3,10398.23,CL,7/21/2019,1/21/2020,9/03/2019,11/21/2019,44,Det,1,1,3149125
11,E,Slope,Road,Bayville,11709,609000,500000,Split Level,3,2.000,"Partial,Unfinished",,3,9643.39,CL,7/28/2019,11/27/2019,8/20/2019,10/02/2019,23,Det,1,1,3151186
443,,Cedar,Lane,East Meadow,11554,449000,465000,Ranch,3,2.000,"Full,Finished",1 Car Detached,3,10040.60,CL,8/01/2019,2/01/2020,8/22/2019,10/28/2019,21,Det,1,1,3152331
68,,Cottonwood,Lane,Westbury,11590,459999,455000,Cape,4,2.000,"None,Unfinished",,3,11541.00,CL,8/01/2019,2/15/2020,9/10/2019,12/20/2019,40,Det,1,1,3152527
27,,Crown,Lane,Westbury,11590,509999,510000,Exp Ranch,4,2.000,"None,Unfinished",1 Car Attached,3,7688.34,CL,8/05/2019,5/30/2020,9/24/2019,11/18/2019,50,Det,1,1,3153660
559,,Davie,Street,Westbury,11590,599000,475000,Raised Ranch,4,2.000,"Full,Unfinished",2 Car Attached,3,18175.00,CL,9/15/2019,6/08/2020,10/23/2019,2/28/2020,38,Det,1,1,3164716
588,,Kingston,Avenue,East Meadow,11554,500000,495000,Cape,4,2.000,Full,1 Car Attached,3,8380.31,CL,9/30/2019,3/31/2020,12/02/2019,2/27/2020,63,Det,1,1,3168843
70,,Corey,Lane,East Meadow,11554,449000,455000,Exp Cape,6,2.000,"Full,Finished",2 Car Detached,3,11895.30,CL,10/15/2019,4/15/2020,12/09/2019,2/20/2020,55,Det,1,1,3172999
2194,,2nd,Street,East Meadow,11554,460000,460000,Colonial,3,1.500,"Full,Partially Finished",,3,11290.56,CL,10/17/2019,10/17/2020,12/05/2019,1/17/2020,49,Det,1,1,3184433