St #,Dr,Street Name,Sfx,Town,Zip,ListPrice,SoldPrice,,Br,Bath,,,SD,Tot Tax,LSC,ListDate,ExpDate,ContDate,TitleDate,DOM,Det,#F,K,ML#
85,,Avery,Road,Woodbury,11797,980000,905000,Colonial,5,3.500,"Full,Partially Finished",2 Car Attached,2,24262.45,CL,5/03/2017,5/01/2018,11/22/2017,2/12/2018,203,Det,1,1,2934672
E28,,Greenway,Circle,Syosset,11791,1095000,995000,Colonial,5,3.500,Full,,2,12236.00,CL,6/01/2016,6/01/2017,11/17/2016,10/25/2017,169,Det,1,1,*1258648
27,,Flower,Lane,Jericho,11753,928000,850000,Split Level,4,2.500,"Partial,Finished",2 Car Attached,2,19346.22,CL,7/13/2017,1/30/2018,8/11/2017,10/31/2017,29,Det,1,1,2955031
10,,Dalor,Court,Woodbury,11797,999999,945000,Contemporary,5,3.500,"Full,Finished",2 Car Attached,2,33416.70,CL,5/18/2016,5/18/2017,3/02/2017,5/24/2017,288,Det,1,1,2853776
19,,Coventry,Road,Syosset,11791,989999,998000,Split Level,4,3.500,"Full,Finished",2 Car Attached,2,23629.94,CL,2/27/2019,8/25/2019,5/20/2019,8/13/2019,81,Det,1,1,3104270
17,,Princeton,Drive,Syosset,11791,899888,860000,Colonial,5,3.500,"Full,Finished",2 Car Attached,2,23986.04,CL,12/05/2016,10/31/2017,6/05/2017,7/31/2017,181,Att,1,1,2900170
35,,Fairbanks,Boulevard,Woodbury,11797,969888,915000,Hi Ranch,5,2.500,"None,Unfinished",1 Car Attached,2,25461.57,CL,1/31/2017,8/01/2017,2/15/2017,5/12/2017,15,Det,1,1,2910281
132,,Laurel,Lane,Laurel Hollow,11791,1149999,975000,Farm Ranch,5,3.500,"Partial,Finished",3 Car Attached,2,21313.63,CL,6/08/2016,5/31/2017,3/28/2017,6/12/2017,293,Det,1,1,2859378
20A,,Juneau,Boulevard,Woodbury,11797,1080999,955000,Farm Ranch,5,4.000,"Full,Unfinished",2 Car Attached,2,25646.42,CL,6/18/2018,11/07/2018,6/26/2018,9/20/2018,8,Det,1,1,*1318998
19,,Juneau,Boulevard,Woodbury,11797,1099999,995000,Ranch,4,3.000,"Full,Finished",2 Car Attached,2,23181.44,CL,5/07/2019,11/07/2019,6/07/2019,8/29/2019,31,Det,1,1,*1345899
2,,Fortune,Lane,Jericho,11753,849888,820000,Split Level,4,2.500,"Partial,Finished",2 Car Attached,2,16451.87,CL,7/20/2018,1/13/2019,11/26/2018,1/07/2019,129,Det,1,1,3050172
3,,Magnolia,Lane,Syosset,11791,975000,930000,Colonial,4,3.500,"Partial,Finished",,2,22525.89,CL,6/17/2019,12/20/2019,12/13/2019,3/04/2020,179,Det,1,1,3139128
11,,Noel,Lane,Muttontown,11753,999888,942000,Ranch,4,2.500,"Partial,Unfinished",2 Car Attached,2,25093.16,CL,6/07/2019,12/01/2019,11/15/2019,2/28/2020,161,Det,1,1,3136269
22,,Donald,Drive,Syosset,11791,949888,890000,Farm Ranch,3,3.000,"Full,Finished",2 Car Attached,2,20372.93,CL,3/13/2018,9/21/2018,4/25/2018,5/25/2018,43,Det,1,1,3011606
19,,Doone Drive,,Syosset,11791,949888,965000,Colonial,3,2.500,"Full,Finished",2 Car Attached,2,19755.60,CL,6/27/2018,12/19/2018,7/20/2018,9/20/2018,23,Det,1,1,3043377
38,,Colgate,Lane,Woodbury,11797,899888,860000,Colonial,5,2.500,"Full,Unfinished",2 Car Attached,2,25855.10,CL,10/22/2019,4/17/2020,11/06/2019,12/05/2019,15,Det,1,1,3174631
9,,Wren,Drive,Woodbury,11797,869000,830000,Split Level,3,2.500,"Full,Finished",2 Car Attached,2,16824.00,CL,9/24/2019,6/24/2020,11/16/2019,1/13/2020,53,Det,1,1,3167433
23,,Fall,Lane,Jericho,11753,949000,915000,Split Level,5,2.500,"Full,Finished",2 Car Attached,2,21657.73,CL,3/14/2018,9/20/2018,7/05/2018,10/01/2018,113,Det,1,1,3040991
23,,Winthrop,Drive,Woodbury,11797,899999,875000,Colonial,5,4.500,"Partial,Finished",1 Car Attached,2,30786.44,CL,6/10/2018,12/31/2018,7/27/2018,8/28/2018,47,Det,1,1,3038198
23,,Spruce,Lane,Syosset,11791,838000,827500,Split Level,4,2.500,"Partial,Unfinished",,2,17007.19,CL,4/01/2019,11/30/2019,5/21/2019,9/27/2019,50,Det,1,1,3114351
23,,Barry,Lane,Syosset,11791,999000,980000,Colonial,4,3.500,"Full,Finished",2 Car Attached,2,21081.00,CL,1/31/2017,9/01/2017,2/22/2017,6/09/2017,22,Det,1,1,2910642
3,,Jan,Lane,Woodbury,11797,838000,810000,Colonial,4,2.500,"Full,Unfinished",2 Car Attached,2,26063.00,CL,6/11/2018,12/30/2018,6/28/2018,8/10/2018,17,Det,1,1,3038561
187,,Cold Spring,Road,Syosset,11791,895000,850000,Colonial,5,3.500,"Full,Finished",2 Car Attached,2,23385.00,CL,4/11/2019,7/31/2019,7/30/2019,11/08/2019,110,Det,1,1,3118338
18,S,Sagamore,Way,Jericho,11753,949000,925000,Splanch,4,2.500,"Full,Finished",2 Car Attached,2,19504.00,CL,6/13/2017,11/30/2017,10/31/2017,3/12/2018,140,Det,1,1,2946678
1,,Monfort,Place,Syosset,11791,818000,808000,Colonial,4,2.550,"Full,Finished",2 Car Attached,2,20894.00,CL,2/15/2017,8/15/2017,4/06/2017,8/18/2017,49,Det,1,1,2913868
89,,Joyce,Lane,Woodbury,11797,999900,970000,Colonial,5,2.500,"Full,Finished",2 Car Attached,2,17678.31,CL,9/10/2019,3/10/2020,12/06/2019,3/03/2020,87,Det,1,1,3163108
4,,Ryan,Court,Syosset,11791,875000,830000,Colonial,4,3.000,"Full,Finished",1 Car Attached,2,25693.82,CL,5/31/2016,12/31/2016,1/03/2017,5/19/2017,217,Det,1,1,2856738
66,,Parkway,Drive,Roslyn Heights,11577,949000,950000,Ranch,4,2.500,"None,Unfinished",2 Car Attached,2,21518.30,CL,3/29/2018,8/29/2018,4/11/2018,5/31/2018,13,Det,1,1,*1310788
39,,Atlanta,Avenue,E. Williston,11596,849000,850000,Exp Cape,4,2.000,"Full,Unfinished",2 Car Attached,2,18329.91,CL,12/04/2018,2/15/2019,1/30/2019,5/16/2019,57,Det,1,1,3085012
20,,Atlanta,Avenue,E. Williston,11596,868000,855000,Colonial,3,1.500,"Full,Finished",1 Car Attached,2,16827.39,CL,10/31/2019,7/02/2020,11/21/2019,2/27/2020,21,Det,1,1,3177104
26,,Clemson,Lane,Woodbury,11797,899900,865000,Splanch,4,3.000,"Partial,Finished",2 Car Attached,2,17564.58,CL,10/20/2016,9/01/2017,1/09/2017,5/24/2017,81,Det,1,1,2891470
1574,,Laurel Hollow,Road,Syosset,11791,1067000,892500,Contemporary,4,3.000,"Partial,Partially Finished",2 Car Attached,2,33537.00,CL,6/10/2019,1/10/2020,11/04/2019,11/29/2019,147,Det,1,1,3137271
567,,Split Rock,Road,Syosset,11791,1050000,975000,Colonial,5,3.500,Full,2 Car Attached,2,22406.00,CL,5/19/2017,4/30/2019,4/26/2019,7/19/2019,707,Det,1,1,2939861
119,,Syosset,Circle,Syosset,11791,978000,979000,Colonial,5,3.000,Full,1 Car Attached,2,0.00,CL,4/25/2016,3/01/2017,11/29/2016,3/30/2017,218,Det,1,1,2847125
54,,E Williston,Avenue,E. Williston,11596,899000,899000,Colonial,4,3.550,"Full,Partially Finished",2 Car Detached,2,33593.34,CL,4/02/2019,9/30/2019,4/25/2019,10/01/2019,23,Det,1,1,*1342202
274,,Muttontown Eastw,Road,Muttontown,11791,899999,914000,Colonial,4,3.500,"Full,Unfinished",2 Car Attached,2,33778.94,CL,10/02/2015,9/01/2017,1/25/2017,5/09/2017,481,Det,1,1,2800951
19,,Aron,Drive,Woodbury,11797,970000,930000,Colonial,5,6.500,"Full,Finished",,2,19777.00,CL,3/28/2016,9/26/2018,4/07/2017,4/07/2017,375,Det,1,1,2839294
1,,Uphill,Lane,Woodbury,11797,999000,945000,Colonial,5,4.500,"Full,Partially Finished",3 Car Attached,2,28029.00,CL,9/30/2016,10/11/2017,2/10/2017,4/28/2017,133,Det,1,1,2887194
28,,Crown,Street,Syosset,11791,898000,886000,Colonial,4,2.500,"Full,Unfinished",1 Car Attached,2,12258.66,CL,10/18/2016,4/18/2017,3/03/2017,5/26/2017,136,Det,1,1,2891065
117,,Candy,Lane,Syosset,11791,998888,970000,Colonial,4,2.500,"Full,Unfinished",2 Car Attached,2,14762.88,CL,10/22/2016,4/26/2017,1/18/2017,3/23/2017,88,Det,1,1,2891924
43,,Berry Hill,Road,Oyster Bay Cove,11771,999900,900000,Colonial,7,7.550,Partial,,2,30128.98,CL,1/09/2017,4/09/2017,3/20/2017,9/29/2017,69,Det,1,2,2905784
88,,Syosset Circle,Lane,Syosset,11791,969000,960000,Colonial,4,2.500,"Full,Unfinished",1 Car Attached,2,0.00,CL,1/10/2017,6/30/2017,2/17/2017,4/01/2017,38,Det,1,1,2905818
10,,Griffin,Lane,E. Williston,11596,879000,871025,Split Level,5,2.500,Partial,,2,16240.80,CL,3/01/2017,8/08/2017,3/23/2017,8/04/2017,21,Det,1,1,2917611
21,,Lesley,Drive,Syosset,11791,889000,860000,Colonial,4,2.500,"Full,Partially Finished",1 Car Attached,2,16596.39,CL,3/10/2017,9/05/2017,3/17/2017,6/15/2017,6,Det,1,1,2920172
41,,E. Cherry,Lane,Syosset,11791,899000,850000,Ranch,3,3.500,"Full,Finished",2 Car Attached,2,35293.31,CL,3/22/2017,6/30/2017,4/07/2017,7/17/2017,16,Det,1,1,2923366
251,,Southwood,Circle,Syosset,11791,994000,975000,Colonial,5,3.000,"Full,Unfinished",1 Car Attached,2,12818.74,CL,3/28/2017,9/26/2017,8/08/2017,10/16/2017,133,Det,1,1,2924761
26,,Princeton,Drive,Syosset,11791,888888,850000,Contemporary,4,2.500,"Full,Finished",2 Car Attached,2,25355.00,CL,4/16/2017,10/16/2017,7/27/2017,9/20/2017,102,Det,1,1,2929607
430,,Roslyn,Road,Roslyn Heights,11577,938000,915000,Farm Ranch,4,3.500,"Full,Partially Finished",2 Car Attached,2,23918.00,CL,4/17/2017,4/17/2018,5/10/2017,8/25/2017,23,Det,1,1,2930019
19,,Forsythia,Lane,Jericho,11753,998000,955000,Split Level,5,3.000,"Partial,Finished",2 Car Attached,2,20753.00,CL,4/18/2017,10/30/2017,6/02/2017,8/29/2017,45,Det,1,1,2930128
18,,Virginia,Road,Syosset,11791,979000,951000,Colonial,4,3.000,"Full,Unfinished",1 Car Attached,2,23329.75,CL,4/19/2017,12/31/2017,5/24/2017,8/15/2017,35,Det,1,1,2930511
107,,Ludwig,Lane,E. Williston,11596,949000,877000,Split Level,3,2.500,"Partial,Finished",2 Car Attached,2,21160.00,CL,4/19/2017,12/31/2017,6/29/2017,9/08/2017,71,Det,1,1,2930699
247,,Southwood,Circle,Syosset,11791,999000,999000,Colonial,4,2.500,"Full,Unfinished",2 Car Attached,2,12723.87,CL,4/26/2017,6/26/2018,6/22/2017,6/21/2018,57,Det,1,1,2933062
11,,Favorite,Lane,Jericho,11753,809000,805000,Split Level,4,2.500,"Partial,Partially Finished",2 Car Attached,2,19735.00,CL,2/07/2017,8/31/2017,6/27/2017,8/18/2017,139,Det,1,1,2936048
215,,Southwood,Circle,Syosset,11791,999000,999000,Colonial,4,2.500,"Full,Unfinished",2 Car Attached,2,12866.14,CL,5/08/2017,11/08/2017,5/17/2017,7/20/2017,9,Det,1,1,2936685
116,,Weeks,Road,E. Williston,11596,999980,990000,Colonial,4,2.500,"Full,Finished",1 Car Attached,2,20924.36,CL,6/01/2017,9/02/2017,8/11/2017,9/29/2017,71,Det,1,1,2942965
87,,Joyce,Drive,Woodbury,11797,899999,890000,Ranch,4,2.000,"Partial,Finished",2 Car Attached,2,18448.00,CL,6/01/2017,12/31/2017,6/22/2017,9/14/2017,21,Det,1,1,2943465
92,,Hilldale,Road,Albertson,11507,838000,810000,Colonial,3,2.500,"Full,Finished",1 Car Attached,2,15423.59,Cl,7/06/2017,1/31/2018,7/13/2017,8/14/2017,7,Det,1,1,2952868
90,,Croyden,Court,Albertson,11507,835000,820000,Hi Ranch,4,2.500,"None,Unfinished",,2,18251.47,CL,7/18/2017,1/17/2018,8/03/2017,10/30/2017,16,Att,1,1,2956132
32,,Locust,Lane,Roslyn Heights,11577,949000,890000,Exp Ranch,4,3.000,"None,Unfinished",2 Car Detached,2,21171.18,CL,7/24/2017,12/31/2017,12/08/2017,1/05/2018,137,Det,1,1,2957856
138,,Southwood,Circle,Syosset,11791,930000,930000,Colonial,4,2.500,"Full,Finished",,2,23659.00,CL,5/27/2017,8/27/2017,6/26/2017,7/28/2017,30,Det,1,1,2958799
17,,Post,Avenue,E. Williston,11596,1200000,999000,Colonial,4,2.500,"Partial,Unfinished",2 Car Detached,2,22755.00,CL,8/08/2017,6/11/2018,10/18/2017,1/11/2018,71,Det,1,1,2961687
31,,Morris,Drive,Syosset,11791,899000,870000,Split Level,5,4.000,"Full,Finished",1 Car Attached,2,17586.38,CL,8/23/2017,3/31/2018,11/24/2017,3/02/2018,93,Det,1,1,2965415
24,,Garden,Circle,Syosset,11791,999000,955000,Colonial,4,3.500,"Full,Finished",1 Car Attached,2,23930.37,CL,9/04/2017,3/04/2018,11/14/2017,3/27/2018,71,Det,1,1,2968206
114,,Forest,Drive,Jericho,11753,1049000,990000,Split Level,4,3.500,"Full,Finished",1 Car Attached,2,21274.90,CL,9/13/2017,3/10/2018,10/28/2017,2/13/2018,45,Det,1,1,2970584
20,,Wren,Drive,Woodbury,11797,849900,849200,Split Level,3,3.000,"Partial,Finished",1 Car Attached,2,13804.83,CL,10/11/2017,4/30/2018,10/19/2017,11/28/2017,8,Det,1,1,2977623
4,,Laurel,Lane,Syosset,11791,949888,900000,Exp Ranch,3,3.000,"Full,Finished",1 Car Attached,2,21000.00,CL,10/20/2017,3/29/2018,1/10/2018,4/04/2018,82,Det,1,1,2979825
220,,Forest,Drive,Jericho,11753,889000,836000,Split Level,4,2.500,"Full,Finished",2 Car Attached,2,18363.00,CL,10/31/2017,5/30/2018,11/24/2017,1/30/2018,24,Det,1,1,2982373
87,,Syosset,Circle,Syosset,11791,1048888,999000,Colonial,5,3.000,"Full,Unfinished",1 Car Attached,2,0.00,CL,11/01/2017,2/01/2018,12/06/2017,6/25/2018,35,Det,1,1,2982483
6,,Castle,Court,Woodbury,11797,985000,960000,Colonial,5,3.500,"Full,Unfinished",2 Car Attached,2,30762.66,CL,11/09/2017,3/04/2018,2/23/2018,4/17/2018,106,Det,1,1,2984634
4,,Victor,Lane,Woodbury,11797,949000,860000,Farm Ranch,6,4.500,"Partial,Unfinished",2 Car Attached,2,28547.98,CL,1/03/2018,6/30/2018,1/12/2018,4/10/2018,9,Det,1,1,2994015
1,,Ridge,Drive,Old Westbury,11568,1059000,998000,Split Level,4,3.000,"Full,Finished",2 Car Attached,2,32795.34,CL,1/05/2018,7/31/2018,6/27/2018,10/12/2018,172,Det,1,1,2994616
28,,Heathcote,Drive,Albertson,11507,829000,829000,Colonial,4,3.000,"Full,Finished",1 Car Attached,2,16281.62,CL,1/23/2018,6/30/2018,3/06/2018,5/10/2018,42,Det,1,1,2998596
14,,Princeton,Drive,Syosset,11791,918000,875000,Colonial,4,2.500,"Full,Finished",2 Car Attached,2,21169.00,CL,1/29/2018,7/31/2018,3/16/2018,6/29/2018,45,Det,1,1,3000239
39,,Robbins,Drive,E. Williston,11596,989000,905000,Colonial,4,2.000,Full,2 Car Attached,2,23072.00,CL,2/06/2018,9/01/2018,4/19/2018,6/01/2018,71,Det,1,1,3002517
16,,Heathcote,Drive,Albertson,11507,889000,889000,Splanch,4,2.500,"Partial,Partially Finished",2 Car Attached,2,14786.00,CL,3/01/2018,9/01/2018,3/12/2018,11/15/2018,10,Det,1,1,3008273
39,,Joyce,Lane,Woodbury,11797,1028000,985000,Farm Ranch,4,2.500,Partial,2 Car Attached,2,25385.84,CL,3/09/2018,9/05/2018,5/10/2018,8/16/2018,61,Det,1,1,3010602
85,,Joyce,Lane,Woodbury,11797,949000,935000,Farm Ranch,5,4.000,"Full,Finished",2 Car Attached,2,24753.14,CL,3/17/2018,10/31/2018,6/14/2018,8/30/2018,89,Det,1,1,3012875
29,,Sexton,Road,Syosset,11791,799000,810000,Split Level,4,3.000,"Partial,Partially Finished",2 Car Attached,2,13882.30,CL,3/20/2018,8/20/2018,4/03/2018,6/13/2018,14,Det,1,1,3013464
212,,Bengeyfield,Drive,E. Williston,11596,948000,943000,Split Level,4,2.500,"Full,Finished",,2,17959.00,CL,4/04/2018,12/20/2018,4/24/2018,7/19/2018,20,Det,1,1,3017304
10,,Deer Path,Lane,Syosset,11791,799000,814000,Split Level,3,3.000,"Partial,Finished",2 Car Attached,2,19071.00,CL,4/22/2018,7/31/2018,6/05/2018,8/29/2018,44,Det,1,1,3022937
252,,Forest,Drive,Jericho,11753,948000,920000,Split Level,4,3.000,"Partial,Finished",,2,20622.00,CL,4/23/2018,10/31/2018,8/16/2018,11/19/2018,115,Det,1,1,3023149
16,,Narcissus,Drive,Syosset,11791,899000,899000,Split Level,3,2.000,"Partial,Finished",2 Car Attached,2,18721.00,CL,5/08/2018,12/31/2018,5/28/2018,9/27/2018,20,Det,1,1,3028030
9,,Kirby,Lane,Muttontown,11753,985000,900000,Colonial,4,3.000,"Full,Unfinished",1 Car Attached,2,20451.00,CL,5/23/2018,12/31/2018,10/25/2018,1/16/2019,155,Det,1,1,3032891
20,,Koenig,Drive,Oyster Bay,11771,900000,900000,Exp Ranch,4,4.550,"Full,Finished",2 Car Attached,2,30764.51,CL,5/30/2018,5/30/2020,7/09/2019,12/17/2019,405,Det,1,1,3034387
31,,Arbor,Road,Syosset,11791,1199000,999998,Colonial,4,3.000,"Full,Finished",,2,29012.26,CL,6/20/2018,12/31/2018,10/13/2018,11/15/2018,115,Det,1,1,3041539
118,,Schoolhouse,Lane,Roslyn Heights,11577,1035000,990000,Ranch,3,2.000,"None,Unfinished",2 Car Attached,2,13755.00,CL,7/20/2018,10/20/2018,10/17/2018,11/19/2018,89,Det,1,1,3050201
,,Private,Road,Woodbury,11797,1099000,985000,Colonial,4,2.500,"Full,Unfinished",,2,20322.90,CL,7/26/2018,12/31/2018,8/29/2018,10/05/2018,34,Det,1,1,3051988
3,,The Rise,,Woodbury,11797,999998,964000,Farm Ranch,4,2.000,"Full,Finished",2 Car Attached,2,19970.00,CL,10/12/2018,5/31/2019,11/12/2018,1/03/2019,31,Det,1,1,3072838
36,,Ogden,Avenue,E. Williston,11596,879000,879000,Colonial,3,2.500,"Full,Finished",,2,15514.00,CL,11/02/2018,4/30/2019,11/28/2018,2/11/2019,26,Det,1,1,3078229
2036,,Ridge,Road,Muttontown,11791,985000,900000,Split Level,4,3.000,Full,2 Car Attached,2,24737.65,CL,11/03/2018,11/01/2019,8/28/2019,9/27/2019,298,Det,1,1,3078435
3,,Skyview,Court,Syosset,11791,1050000,985000,Contemporary,5,4.550,"Full,Finished",3 Car Attached,2,51838.24,CL,11/30/2018,8/30/2019,4/18/2019,8/06/2019,138,Det,1,1,3084330
5,,London,Road,Syosset,11791,998000,998000,Split Level,4,4.000,"Partial,Finished",1 Car Attached,2,17879.00,CL,12/14/2018,3/31/2019,1/26/2019,7/01/2019,43,Det,1,1,3087272
389,,Charles,Street,E. Williston,11596,985000,973000,Colonial,3,2.500,"Full,Finished",1 Car Attached,2,22633.84,CL,1/25/2019,7/31/2019,2/10/2019,4/26/2019,16,Det,1,1,3096015
22,,Richmond,Street,Syosset,11791,998888,975000,Colonial,4,2.500,"Full,Unfinished",1 Car Attached,2,0.00,CL,2/08/2019,8/31/2019,6/25/2019,9/23/2019,136,Det,1,1,3099847
193,,Charles,Street,E. Williston,11596,869000,855000,Exp Cape,3,2.500,"Full,Finished",2 Car Detached,2,19508.84,CL,4/30/2019,8/01/2019,5/28/2019,7/29/2019,28,Det,1,1,3124138
25,,Jean,Place,Syosset,11791,998000,950000,Ranch,4,3.000,"Full,Finished",2 Car Attached,2,20057.00,CL,5/20/2019,11/30/2019,6/18/2019,12/06/2019,29,Det,1,1,3130813
11,,Friendly,Lane,Jericho,11753,858888,835000,Split Level,4,2.500,"Full,Finished",,2,18344.49,CL,6/03/2019,11/01/2019,6/24/2019,10/29/2019,21,Det,1,1,3134385
1175,,Front,Street,Uniondale,11553,974500,887000,Other,3,1.000,"None,Unfinished",,2,50391.00,CL,8/21/2019,11/20/2019,10/16/2019,11/22/2019,56,Det,1,1,3158326
58,,Barry,Lane,Syosset,11791,849999,830000,Colonial,4,2.500,"Partial,Finished",2 Car Attached,2,18397.12,CL,9/04/2019,3/05/2020,12/28/2019,2/24/2020,115,Det,1,1,3161199
2,,Orchard,Drive,Woodbury,11797,899000,925000,Farm Ranch,5,3.000,"Full,Finished",2 Car Attached,2,23181.44,CL,9/27/2019,2/27/2020,10/10/2019,12/18/2019,13,Det,1,1,3168448
8,,Calvin,Avenue,Syosset,11791,875000,835000,Colonial,5,2.500,"Full,Unfinished",2 Car Detached,2,18641.03,CL,11/04/2019,4/24/2020,12/04/2019,2/12/2020,30,Det,1,2,3177890
80,,Argyle,Road,Albertson,11507,950000,945000,Colonial,4,2.500,"Full,Partially Finished",1 Car Attached,2,17869.00,CL,1/21/2020,7/31/2020,2/10/2020,3/11/2020,20,Det,1,1,3193528
9,,Donald,Street,E. Williston,11596,899000,870000,Colonial,3,2.500,"Full,Finished",2 Car Attached,2,15415.74,CL,5/18/2017,11/18/2017,6/28/2017,8/18/2017,41,Det,1,1,*1284998
29,,Narcissus,Drive,Syosset,11791,949000,945000,Split Level,4,2.500,"Partial,Unfinished",1 Car Attached,2,21085.29,CL,7/30/2017,11/27/2017,11/17/2017,2/09/2018,110,Det,1,1,*1291924
4,,Spruce Park,,Syosset,11791,899000,850000,Farm Ranch,5,3.000,"Full,Partially Finished",,2,19798.47,CL,8/28/2017,1/31/2018,10/04/2017,12/04/2017,37,Det,1,1,*1294397
27,,Shady,Lane,Syosset,11791,1088000,960000,Ranch,4,3.000,Full,2 Car Attached,2,18048.53,CL,12/06/2017,9/30/2018,12/07/2017,12/20/2017,1,Det,1,1,*1302024
25,,Sherwood,Lane,Roslyn Heights,11577,949000,969000,Ranch,4,2.000,"None,Unfinished",2 Car Detached,2,12137.88,CL,5/30/2018,12/31/2018,6/26/2018,7/25/2018,27,Det,1,1,*1317039
382,,Feather,Lane,E. Williston,11596,819000,819000,Cape,3,2.000,"Full,Unfinished",1 Car Attached,2,13908.61,CL,2/02/2019,9/30/2019,2/22/2019,5/20/2019,20,Det,1,1,*1336419
156,,Woodbine,Road,East Hills,11577,888000,858000,Exp Ranch,4,3.500,Full,,2,19273.18,CL,2/07/2019,8/31/2019,2/25/2019,7/22/2019,18,Det,1,1,*1336744
19,N,Hillside,Lane,Syosset,11791,845000,845000,Colonial,4,2.000,"Full,Unfinished",1 Car Attached,2,14401.00,CL,3/15/2019,4/15/2019,3/19/2019,5/06/2019,4,Det,1,1,*1340268
5,,Townsend,Drive,Syosset,11791,885000,870000,Ranch,3,2.000,"Full,Finished",,2,15000.00,CL,6/03/2019,6/03/2020,6/03/2019,6/30/2019,0,Det,1,1,*1348592
93,,Convent,Road,Syosset,11791,1039000,990000,Colonial,4,2.500,"Full,Finished",1 Car Attached,2,24142.09,CL,12/02/2019,1/31/2020,12/03/2019,2/07/2020,1,Det,1,1,*1363483
23,,Crown,Street,Syosset,11791,939000,925000,Colonial,5,4.000,"Full,Unfinished",1 Car Detached,2,0.00,CL,3/01/2016,9/01/2017,2/24/2017,6/27/2017,360,Det,1,1,2831873
18,,Townsend,Place,Syosset,11791,939000,920000,Colonial,5,3.000,"Full,Unfinished",2 Car Attached,2,0.00,CL,3/01/2016,9/01/2017,3/13/2017,5/22/2017,376,Det,1,1,2831896
11,,Hicks,Avenue,Syosset,11791,939000,930000,Colonial,5,3.000,"Full,Unfinished",,2,0.00,CL,3/04/2016,3/02/2017,1/30/2017,6/26/2017,332,Det,1,1,2833216
118,,Southwood,Circle,Syosset,11791,939000,933000,Colonial,4,2.500,"Full,Unfinished",1 Car Attached,2,0.00,CL,3/04/2016,9/30/2017,4/12/2017,8/18/2017,403,Det,1,1,2833222
40,,Circle,Drive,Syosset,11791,939000,920000,Colonial,4,2.500,"Full,Unfinished",,2,0.00,CL,3/04/2016,11/21/2017,9/11/2017,11/10/2017,555,Det,1,1,2833224
142,,Cold Spring,Road,Syosset,11791,859000,836000,Contemporary,4,2.500,"None,Unfinished",3 Car Attached,2,22891.56,CL,3/22/2016,3/22/2017,3/17/2017,5/31/2017,360,Det,1,1,2837848
47,,Woodbury,Way,Syosset,11791,999000,988000,Colonial,4,2.500,"Full,Unfinished",,2,0.00,CL,3/24/2016,3/31/2017,12/12/2016,12/08/2017,263,Det,1,1,2838428
428G,,Harbor,Road,Laurel Hollow,11724,999000,860000,Colonial,6,3.550,"Full,Unfinished",,2,25685.89,CL,4/08/2016,4/28/2017,2/28/2017,5/03/2017,326,Det,1,1,2842698
165,,Cold Spring,Road,Syosset,11791,875000,850000,Split Level,4,3.500,"Partial,Finished",,2,25391.98,CL,6/17/2016,3/31/2017,12/02/2016,3/31/2017,168,Det,1,2,2862113
31,,Flower,Lane,Jericho,11753,839900,820000,Split Level,4,3.000,"Full,Partially Finished",2 Car Attached,2,19267.59,CL,8/19/2016,4/30/2017,2/06/2017,4/11/2017,171,Det,1,1,2877564
15,,Wheatley,Road,Old Westbury,11568,1150000,999999,Colonial,4,3.000,"Full,Unfinished",2 Car Detached,2,24400.05,CL,9/21/2016,3/14/2017,12/01/2016,3/28/2017,71,Det,1,1,2885121
58,,Florence,Drive,Syosset,11791,988000,983500,Colonial,4,3.000,"Full,Unfinished",1 Car Attached,2,0.00,CL,10/06/2016,8/31/2017,4/24/2017,6/07/2017,200,Det,1,1,2888560
52,,Dawes,Avenue,Syosset,11791,929000,900000,Colonial,4,3.000,"Full,Finished",,2,0.00,CL,10/10/2016,7/10/2017,3/31/2017,5/03/2017,172,Det,1,1,2889210
28,,Fieldstone,Drive,Syosset,11791,859000,845000,Colonial,5,3.000,"None,Unfinished",,2,12247.66,CL,10/24/2016,4/18/2018,4/28/2017,3/14/2018,186,Att,1,1,2892168
22,N,Hillside,Lane,Syosset,11791,949000,975000,Colonial,4,3.500,"Full,Unfinished",1 Car Attached,2,0.00,CL,11/05/2016,5/05/2017,3/22/2017,5/12/2017,137,Det,1,1,2894698
45,,Hillside,Lane,Syosset,11791,798000,812000,Colonial,4,2.500,"Full,Finished",2 Car Attached,2,20778.58,CL,11/11/2016,11/17/2017,12/07/2016,6/21/2017,26,Det,1,1,2896101
21,,Lee,Avenue,E. Williston,11596,949000,900000,Colonial,4,2.500,"Full,Finished",,2,17441.00,CL,11/13/2016,10/01/2017,8/17/2017,10/31/2017,276,Det,1,1,2896225
11,,Edgewood,Drive,Syosset,11791,1099000,983500,Colonial,5,3.000,"Full,Unfinished",2 Car Attached,2,0.00,CL,11/20/2016,11/20/2017,3/09/2017,3/09/2018,109,Det,1,1,2897742
6,,Harriet,Drive,Syosset,11791,959000,920000,Exp Ranch,4,2.000,"Full,Finished",2 Car Attached,2,15357.23,CL,11/21/2016,11/22/2017,1/26/2017,6/08/2017,66,Det,1,1,2897854
54,,Miller,Boulevard,Syosset,11791,925000,925000,Colonial,4,3.500,"Full,Finished",,2,0.00,CL,12/10/2016,6/10/2017,4/25/2017,7/13/2017,135,Det,1,1,2901166
12,,Windemere,Court,Woodbury,11797,1190000,965000,Contemporary,5,5.000,"Full,Unfinished",3 Car Attached,2,47845.00,CL,12/12/2016,6/30/2017,4/10/2017,7/24/2017,118,Det,1,1,2901470
123,,Forest,Drive,Jericho,11753,915000,875000,Split Level,4,2.500,"Full,Finished",,2,20437.55,CL,1/15/2017,1/15/2018,2/03/2017,5/11/2017,19,Det,1,1,2907153
3,,Fall,Lane,Jericho,11753,829000,808000,Split Level,4,2.500,"Full,Finished",2 Car Attached,2,24262.29,CL,1/30/2017,1/27/2018,3/28/2017,8/04/2017,56,Det,1,1,2909976
51,,Bluebird,Drive,Syosset,11791,999888,985000,Colonial,5,3.000,"Full,Unfinished",2 Car Attached,2,0.00,CL,2/01/2017,1/31/2018,4/05/2017,2/01/2018,62,Det,1,1,2910845
100,,Plainview,Road,Woodbury,11797,899000,860000,Colonial,5,4.500,"Full,Partially Finished",,2,27220.79,CL,2/13/2017,8/13/2018,12/07/2017,3/29/2018,297,Det,1,1,2913410
221,,Martin,Drive,Syosset,11791,839999,810000,Split Level,4,2.000,"Full,Finished",,2,11710.85,CL,2/22/2017,12/12/2017,6/26/2017,8/18/2017,123,Det,1,1,2915670
12,,David,Drive,Syosset,11791,980000,870000,Post Modern,4,3.000,"Partial,Unfinished",1 Car Detached,2,21037.88,CL,3/01/2017,8/16/2017,3/30/2017,6/23/2017,28,Det,1,1,2917368
884-896,,Nassau Road,,Uniondale,11553,1299990,1000000,2 Story,13,10.000,"Full,Unfinished",,2,62421.68,CL,3/01/2017,2/28/2018,6/14/2017,11/21/2017,104,Det,10,10,2917553
58,,Donald,Street,E. Williston,11596,879000,879000,Tudor,4,2.500,Full,2 Car Detached,2,19029.40,CL,3/08/2017,9/20/2017,4/14/2017,7/11/2017,36,Det,1,1,2919526
76,,Calvin,Avenue,Syosset,11791,999000,989000,Colonial,4,2.500,"Partial,Finished",2 Car Detached,2,20073.73,CL,3/23/2017,9/24/2017,4/14/2017,5/31/2017,22,Det,1,1,2923356
2,,Lori,Court,Woodbury,11797,1049000,990000,Split Ranch,4,3.000,"None,Unfinished",2 Car Attached,2,33120.89,CL,4/05/2017,3/27/2018,8/21/2017,11/01/2017,138,Det,1,1,2926906
54,,Roosevelt Avenue,,Syosset,11791,858000,840000,Colonial,5,3.000,"Full,Finished",2 Car Attached,2,17544.69,CL,4/06/2017,10/10/2017,5/25/2017,8/07/2017,49,Att,1,1,2928795
64,,Calvin,Avenue,Syosset,11791,899000,860000,Colonial,4,2.500,"Full,Finished",2 Car Detached,2,20936.86,CL,4/17/2017,10/05/2017,5/31/2017,8/07/2017,44,Det,1,1,2929717
201,,Derby,Street,E. Williston,11596,839000,827000,Colonial,3,3.500,"Full,Finished",1 Car Attached,2,20429.21,CL,4/17/2017,10/18/2017,7/29/2017,10/23/2017,103,Det,1,1,2930064
6,,Radcliffe,Court,Syosset,11791,975000,895000,Contemporary,4,2.500,"Full,Finished",1 Car Attached,2,30240.68,CL,4/20/2017,12/30/2017,8/28/2017,10/27/2017,130,Det,1,1,2931042
9,,Amherst,Road,Albertson,11507,995000,995000,2 Story,4,2.500,"Full,Finished",,2,19237.00,CL,5/25/2017,5/25/2018,6/20/2017,9/11/2017,26,Det,1,1,2941588
3,,Lesley,Drive,Syosset,11791,899999,940000,Colonial,4,2.500,"Full,Finished",2 Car Attached,2,18066.00,CL,6/15/2017,12/31/2017,7/06/2017,9/05/2017,21,Det,1,1,2947225
78,,Croyden,Court,Albertson,11507,838880,815000,Hi Ranch,5,2.500,,2 Car Attached,2,16122.00,CL,6/22/2017,10/08/2017,8/22/2017,10/12/2017,61,Det,1,1,2949300
2,,Salem,Court,Syosset,11791,899000,860000,Exp Ranch,4,3.500,"Full,Unfinished",2 Car Attached,2,35477.47,CL,6/13/2017,12/13/2017,8/07/2017,10/17/2017,55,Det,1,1,2950659
20,,Cherry,Lane,Syosset,11791,999999,975000,Ranch,4,2.500,"Full,Finished",1 Car Attached,2,17307.23,CL,7/22/2017,7/17/2018,12/13/2017,2/16/2018,144,Det,1,1,2957450
2,,Carriage,Lane,Roslyn Heights,11577,899999,950000,Exp Ranch,5,4.500,"Full,Unfinished",2 Car Attached,2,28213.00,CL,8/14/2017,5/13/2018,8/29/2017,11/17/2017,15,Det,1,1,2963270
2,,Pinewood,Road,Old Westbury,11568,1050000,890000,Ranch,4,2.550,"Full,Finished",2 Car Attached,2,25622.93,CL,8/26/2017,3/30/2018,10/20/2017,4/27/2018,55,Det,1,1,2966252
428 A,,Harbor Rd.,,Laurel Hollow,11791,999999,950000,Exp Ranch,6,5.500,"Full,Finished",3 Car Attached,2,23427.65,CL,9/21/2017,9/15/2018,12/29/2017,4/10/2018,99,Det,1,1,2972914
4,,Comet,Road,Syosset,11791,825000,825000,Split Level,4,3.000,"Full,Finished",,2,16849.00,CL,9/29/2017,3/28/2018,1/19/2018,3/22/2018,112,Det,1,1,2974803
28,,High,Street,E. Williston,11596,995000,975000,Victorian,4,2.550,"Full,Finished",,2,19430.00,CL,11/07/2017,8/06/2018,3/23/2018,7/02/2018,135,Det,1,1,2984094
173,,Berry Hill,Court,Syosset,11791,899000,865000,Colonial,4,2.500,"Full,Finished",2 Car Attached,2,21408.96,CL,12/03/2017,4/30/2018,4/13/2018,6/29/2018,130,Att,1,1,2989137
224,,Forest,Drive,Jericho,11753,849000,832500,Split Level,4,2.500,"Full,Finished",2 Car Attached,2,17936.87,CL,12/07/2017,6/04/2018,1/16/2018,4/02/2018,40,Det,1,1,2990038
290,,Berry Hill,Road,Syosset,11791,990000,990000,Colonial,6,4.500,"Full,Partially Finished",3 Car Attached,2,34880.51,CL,12/22/2017,5/02/2018,2/02/2018,4/13/2018,42,Det,1,1,2992703
4,,Victor,Lane,Woodbury,11797,949000,860000,Farm Ranch,6,4.500,"Partial,Unfinished",2 Car Attached,2,28547.98,CL,1/03/2018,6/30/2018,1/15/2018,4/10/2018,12,Det,1,1,2994004
80,,Hillside,Lane,Syosset,11791,959000,968000,Colonial,4,2.500,"Full,Unfinished",1 Car Attached,2,19505.30,CL,2/08/2018,12/31/2018,2/28/2018,7/02/2018,20,Det,1,1,3003130
36,,School House,Lane,Syosset,11791,838000,835000,Farm Ranch,3,2.000,"Full,Finished",2 Car Attached,2,22336.41,CL,2/08/2018,4/08/2018,3/30/2018,6/29/2018,49,Det,1,1,3003179
3,,Garden,Place,Jericho,11753,898888,880000,Hi Ranch,4,3.000,"None,Unfinished",,2,18419.00,CL,2/28/2018,9/30/2018,4/26/2018,7/02/2018,56,Det,1,1,3008009
387,,Congress,Avenue,E. Williston,11596,869000,869000,Colonial,3,2.500,"Full,Finished",2 Car Detached,2,15117.14,CL,2/28/2018,10/15/2018,3/26/2018,6/28/2018,25,Det,1,1,3008113
2,,Walker,Avenue,Syosset,11791,829999,810000,Hi Ranch,4,3.000,"Full,Finished",1 Car Attached,2,19088.15,CL,3/05/2018,9/04/2018,5/25/2018,9/12/2018,80,Det,1,1,3009263
171,,Southwood,Circle,Syosset,11791,1098000,970000,Colonial,5,3.000,"Full,Unfinished",1 Car Attached,2,0.00,CL,3/05/2018,12/05/2018,11/20/2018,11/21/2018,260,Det,1,1,3009470
67,,Flower,Lane,Jericho,11753,949000,895000,Split Level,4,3.000,"Partial,Finished",2 Car Attached,2,23359.62,CL,3/12/2018,9/30/2018,8/06/2018,10/25/2018,147,Det,1,1,3011371
25,,Pine,Road,Syosset,11791,879000,843250,Ranch,3,2.500,"None,Unfinished",2 Car Attached,2,19939.12,CL,3/14/2018,8/12/2018,5/02/2018,8/06/2018,49,Det,1,1,3011815
72,,Amherst,Road,Albertson,11507,1199000,950000,Colonial,4,2.500,Full,1 Car Attached,2,17429.99,CL,3/14/2018,7/31/2018,4/17/2018,7/31/2018,34,Det,1,1,3012077
43,,Whitman,Avenue,Syosset,11791,839000,878000,Split Level,4,2.000,"Partial,Finished",1 Car Attached,2,10128.05,CL,3/26/2018,6/26/2018,4/06/2018,6/20/2018,11,Det,1,1,3014926
1499,,Laurel Hollow,Road,Laurel Hollow,11791,1149000,999999,Colonial,4,4.000,"Full,Finished",3 Car Attached,2,17213.00,CL,3/27/2018,9/26/2018,8/08/2018,10/03/2018,134,Det,1,1,3015255
32,,Barry,Lane,Syosset,11791,898000,915000,Splanch,4,2.550,"Full,Finished",,2,14419.00,CL,3/29/2018,7/24/2018,4/19/2018,7/23/2018,21,Det,1,1,3015850
31,,Chelsea,Drive,Syosset,11791,888000,890000,Farm Ranch,5,3.000,"Full,Finished",,2,20649.92,CL,3/31/2018,3/31/2019,4/26/2018,7/25/2018,26,Att,1,1,3016307
75,,Argyle,Road,Albertson,11507,969000,962000,Colonial,4,2.500,"Full,Finished",1 Car Attached,2,20301.12,CL,4/12/2018,10/12/2018,4/28/2018,8/31/2018,16,Det,1,1,3019869
365,,Woodbury,Road,Woodbury,11797,1088000,990000,Contemporary,4,3.500,"Full,Finished",2 Car Attached,2,20055.44,CL,4/15/2018,9/30/2018,7/18/2018,9/05/2018,94,Det,1,1,3020744
122,,Barry Lane,,Syosset,11791,999999,990000,Colonial,4,2.500,"Partial,Finished",2 Car Attached,2,20639.91,CL,5/05/2018,12/31/2018,5/23/2018,8/27/2018,18,Det,1,1,3027362
40,,Pembrook,Drive,Mineola,11501,799995,810000,Exp Cape,4,3.000,"Full,Finished",,2,11445.00,CL,5/11/2018,10/24/2018,5/30/2018,7/09/2018,19,Det,1,1,3029309
216,,Southwood,Circle,Syosset,11791,1186000,995000,Colonial,4,3.500,"Full,Finished",2 Car Attached,2,27063.82,CL,5/16/2018,11/06/2018,8/15/2018,11/09/2018,91,Det,1,1,3030709
158,,Forest,Drive,Jericho,11753,849000,820000,Exp Ranch,4,3.000,"Full,Finished",1 Car Attached,2,17870.14,CL,5/18/2018,12/31/2018,6/19/2018,7/27/2018,32,Det,1,1,3031374
5,,Fams,Court,Syosset,11791,898888,845000,Colonial,4,3.500,"Partial,Finished",,2,0.00,CL,5/18/2018,11/30/2018,6/01/2018,7/26/2018,14,Det,1,1,3031452
6,,Hicks,Avenue,Syosset,11791,938888,910000,Colonial,4,3.000,"Full,Finished",1 Car Attached,2,17833.43,CL,5/18/2018,12/18/2018,12/10/2018,3/19/2019,206,Det,1,1,3031645
22,,Juneau,Boulevard,Woodbury,11797,974888,900000,Farm Ranch,4,2.500,"Full,Unfinished",2 Car Attached,2,35071.44,CL,5/20/2018,12/15/2018,10/15/2018,11/29/2018,148,Det,1,1,3031924
10,,Shadow,Lane,Woodbury,11797,1099000,975000,Exp Ranch,4,3.000,"Full,Partially Finished",2 Car Attached,2,21767.39,CL,5/25/2018,11/25/2018,7/23/2018,8/30/2018,59,Det,1,1,3033620
38,,Barry,Lane,Syosset,11791,898000,890000,Colonial,4,2.500,"Full,Finished",2 Car Attached,2,17886.84,CL,5/30/2018,11/28/2018,6/13/2018,8/20/2018,14,Det,1,1,3034852
58,,Orchard,Drive,Woodbury,11797,1125000,998000,Colonial,5,3.000,"Full,Unfinished",2 Car Attached,2,22663.10,CL,5/31/2018,2/28/2019,8/08/2018,8/30/2018,69,Det,1,1,3035110
29,,Hillside,Lane,Syosset,11791,949000,928000,Split Level,3,3.000,"Partial,Unfinished",2 Car Attached,2,20489.75,CL,6/11/2018,11/29/2018,7/11/2018,9/24/2018,30,Det,1,1,3038452
8,,Carol,Lane,Syosset,11791,1148888,990000,Colonial,4,3.000,"Full,Unfinished",1 Car Attached,2,0.00,CL,6/26/2018,6/30/2019,11/28/2018,5/10/2019,155,Det,1,1,3043168
29,,Clarissa,Drive,Syosset,11791,1188000,995000,Colonial,4,2.500,"Full,Unfinished",1 Car Attached,2,16686.00,CL,6/29/2018,6/29/2019,11/15/2018,1/02/2019,139,Att,1,1,3044284
96,,Calvin,Avenue,Syosset,11791,899000,855000,Cape,4,2.000,Full,1 Car Attached,2,15919.65,CL,7/02/2018,11/30/2018,10/05/2018,11/27/2018,95,Att,1,1,3044870
2,,Sherwood,Lane,Roslyn Heights,11577,995000,970000,Exp Cape,5,3.500,"None,Unfinished",3 Car Attached,2,16364.34,CL,7/09/2018,1/03/2019,11/01/2018,12/07/2018,115,Det,1,1,3046471
51,,Sabine,Road,Oyster Bay Cove,11791,925000,830000,Contemporary,5,4.500,"Full,Finished",2 Car Attached,2,63280.00,CL,7/18/2018,5/29/2019,11/02/2018,1/04/2019,107,Det,1,1,3049403
2,,Rolling,Drive,Old Westbury,11568,999000,999900,Split Ranch,4,3.000,"Full,Finished",1 Car Attached,2,19554.00,CL,8/02/2018,2/02/2019,9/07/2018,1/15/2019,36,Det,1,1,3053996
32,,Fox,Lane,Jericho,11753,895000,870000,Exp Ranch,5,3.500,"Full,Finished",2 Car Attached,2,18385.02,CL,8/04/2018,6/30/2019,4/08/2019,7/31/2019,247,Det,1,1,3054360
27,,Syosset,Circle,Syosset,11791,988888,940000,Colonial,5,3.000,"Full,Finished",,2,23178.79,CL,8/24/2018,2/24/2019,9/27/2018,12/13/2018,34,Det,1,1,3059803
15,,Princeton,Drive,Syosset,11791,918000,880000,Colonial,4,2.500,"Full,Finished",2 Car Attached,2,27147.00,CL,8/31/2018,3/01/2019,2/12/2019,4/22/2019,165,Det,1,1,3061600
120,,Hilldale,Road,Albertson,11507,995000,850000,Colonial,5,3.500,"Full,Finished",2 Car Attached,2,13284.00,CL,9/05/2018,9/04/2019,3/01/2019,5/03/2019,177,Det,1,1,3062476
32,,Irving,Drive,Woodbury,11797,848000,835000,Colonial,4,2.500,Full,,2,18825.00,CL,9/30/2018,3/25/2019,1/21/2019,4/25/2019,113,Att,1,1,3069367
14,,Sexton,,Syosset,11791,825000,805000,Split Level,3,2.000,"Full,Finished",,2,15453.00,CL,10/04/2018,3/06/2019,2/09/2019,4/05/2019,128,Det,1,1,3070738
12,,Elm,Street,Woodbury,11797,949000,900000,Exp Ranch,4,3.000,"Full,Partially Finished",2 Car Attached,2,15796.85,CL,10/12/2018,4/30/2019,1/25/2019,4/12/2019,105,Det,1,1,3072822
461,,Berry Hill,Road,Oyster Bay Cove,11791,999000,925000,Colonial,4,4.000,"None,Unfinished",1 Car Detached,2,20545.73,CL,10/17/2018,10/01/2019,8/09/2019,10/30/2019,296,Det,1,1,3074106
8,,Candy,Lane,Roslyn Heights,11577,939000,925000,Exp Ranch,3,3.000,"Full,Finished",1 Car Attached,2,17686.24,CL,10/22/2018,10/22/2019,1/08/2019,5/17/2019,78,Det,1,1,3075425
3,,Drury Ln,,Syosset,11791,895000,875000,Split Level,5,3.000,"Full,Finished",1 Car Attached,2,12813.00,CL,11/05/2018,6/30/2019,12/10/2018,2/25/2019,35,Att,1,1,3078664
345,,Split Rock,Road,Syosset,11791,1075000,980000,Colonial,4,3.500,"Partial,Finished",2 Car Detached,2,30349.40,CL,11/10/2018,8/01/2019,4/12/2019,6/11/2019,152,Det,1,1,3080254
1A,,Stuart,Drive,Syosset,11791,998888,995000,Hi Ranch,4,3.000,"None,Unfinished",2 Car Attached,2,21621.33,CL,1/04/2019,9/30/2019,3/04/2019,4/17/2019,59,Det,1,1,3090270
51,,Flower,Lane,Jericho,11753,899000,878000,Split Level,4,3.000,"Full,Finished",1 Car Attached,2,20382.26,CL,1/18/2019,7/14/2019,2/21/2019,5/28/2019,34,Det,1,1,3094256
15,,Spruce,Lane,Syosset,11791,829000,811000,Colonial,4,2.500,"Partial,Finished",2 Car Attached,2,14763.00,CL,3/05/2019,8/31/2019,4/02/2019,6/28/2019,27,Det,1,1,3106379
45,,Stillwell,Lane,Laurel Hollow,11791,999999,950000,Post Modern,5,5.500,"Full,Finished",4+ Car Attached,2,28711.00,CL,4/05/2018,9/01/2019,3/29/2019,4/29/2019,358,Det,1,1,3108250
19,,Wendy,Road,Syosset,11791,1129888,990000,Post Modern,4,3.550,"Full,Finished",2 Car Attached,2,22158.30,CL,3/12/2019,6/30/2019,4/18/2019,6/24/2019,37,Det,1,1,3108561
47,,Princeton,Drive,Syosset,11791,939000,880000,Colonial,5,3.550,"Full,Finished",2 Car Attached,2,36602.00,CL,3/20/2019,7/31/2019,4/25/2019,6/26/2019,36,Det,1,1,3110906
326,,Columbus,Parkway,Mineola,11501,1049000,951000,Colonial,4,2.500,"Full,Unfinished",1 Car Attached,2,0.00,CL,3/27/2019,6/18/2019,5/23/2019,7/16/2019,57,Att,1,1,3112880
,,Warner,Lane,Syosset,11791,1030000,950000,Farm Ranch,5,2.000,"Full,Finished",2 Car Detached,2,17418.95,CL,4/01/2019,12/28/2019,6/04/2019,7/30/2019,64,Det,1,1,3114444
5,,Merrill,Lane,Woodbury,11797,895000,860000,Split Level,4,3.000,"Partial,Finished",2 Car Attached,2,14640.65,CL,4/03/2019,10/02/2019,6/17/2019,9/13/2019,75,Det,1,1,3115862
2,,Valentine,Drive,Albertson,11507,929000,895000,Colonial,4,2.500,Full,1 Car Attached,2,18618.66,CL,4/05/2019,9/25/2019,4/24/2019,7/10/2019,19,Det,1,1,3116351
22,,Princeton,Drive,Syosset,11791,895000,870000,Contemporary,4,2.500,"Full,Finished",2 Car Attached,2,20823.00,CL,4/08/2019,4/08/2020,5/07/2019,6/28/2019,29,Det,1,1,3117202
3,,Hickman,Court,Syosset,11791,999000,980000,Colonial,4,2.500,"Partial,Finished",2 Car Attached,2,20850.38,CL,4/09/2019,8/31/2019,4/19/2019,11/06/2019,10,Det,1,1,3117379
68,,Pembrook,Drive,Mineola,11501,829000,820000,Cape,5,2.500,"Full,Finished",2 Car Attached,2,13568.32,CL,4/16/2019,10/01/2019,8/15/2019,11/06/2019,121,Det,1,1,3119814
17,,Flo Dr.,,Syosset,11791,968000,955000,Split Level,4,3.000,"Partial,Finished",1 Car Attached,2,24605.00,CL,4/22/2019,9/30/2019,5/07/2019,7/12/2019,15,Att,1,1,3121375
22,,Barry,Lane,Syosset,11791,845000,821000,Colonial,4,2.500,"Full,Unfinished",2 Car Attached,2,16106.00,CL,4/30/2019,12/06/2019,12/12/2019,2/07/2020,226,Det,1,1,3123953
8,,The Brae,,Woodbury,11797,1175000,950000,Farm Ranch,5,3.500,"Full,Finished",,2,22221.00,CL,5/02/2019,11/02/2019,6/29/2019,8/22/2019,58,Det,1,1,3124662
67,,Colony,Lane,Syosset,11791,888000,845000,Split Level,5,3.000,"Full,Finished",,2,17285.61,CL,5/03/2019,11/03/2019,6/18/2019,8/26/2019,46,Det,1,1,3125175
4,,Sagamore,Way,Jericho,11753,869000,835000,Colonial,4,2.500,"Full,Finished",2 Car Attached,2,19620.98,CL,5/08/2019,12/01/2019,11/08/2019,12/23/2019,184,Det,1,1,3126613
164,,Cold Spring,Road,Syosset,11791,1049000,955000,Ranch,3,3.000,"Full,Finished",2 Car Attached,2,22554.00,CL,5/08/2019,4/14/2020,6/25/2019,9/19/2019,48,Det,1,1,3126697
20,,East,Street,Syosset,11791,849000,829000,Hi Ranch,4,3.000,"None,Unfinished",,2,18664.00,CL,5/10/2019,8/10/2019,6/20/2019,9/12/2019,41,Det,1,1,3127730
302,,Jackson,Avenue,Syosset,11791,899000,820000,Colonial,4,2.500,"Full,Finished",,2,17801.94,CL,5/15/2019,11/15/2019,8/01/2019,11/01/2019,78,Det,1,1,3129117
186,,Concord,Street,E. Williston,11596,895000,830000,Split Level,3,2.000,"Full,Finished",,2,18909.00,CL,5/18/2019,12/31/2019,8/14/2019,10/29/2019,88,Det,1,1,3130022
46,,Marlene Drive,,Syosset,11791,799888,830000,Split Level,4,3.000,"Partial,Finished",1 Car Attached,2,15435.40,CL,6/19/2019,12/31/2019,7/09/2019,12/05/2019,20,Det,1,1,3139982
35,,Lee,Avenue,E. Williston,11596,898000,878000,Ranch,4,2.500,"Full,Finished",,2,16571.00,CL,6/20/2019,12/03/2019,11/19/2019,2/06/2020,152,Det,1,1,3140254
47,,Favorite,Lane,Jericho,11753,968000,940000,Split Level,5,3.000,"Partial,Finished",,2,19905.77,CL,7/01/2019,10/05/2019,10/08/2019,11/18/2019,99,Det,1,1,3143433
21,,Narcissus,Drive,Syosset,11791,824988,810000,Split Level,3,2.000,Partial,2 Car Attached,2,17554.70,CL,7/19/2019,12/30/2019,9/16/2019,11/21/2019,59,Det,1,1,3148654
9,,Renee,Road,Syosset,11791,1080000,995000,Colonial,5,4.000,"Full,Finished",1 Car Attached,2,23576.96,CL,7/30/2019,7/26/2020,1/23/2020,3/19/2020,177,Det,1,1,3151655
10,,Alpine,Drive,Syosset,11791,899000,899000,Colonial,4,3.500,"Full,Finished",2 Car Attached,2,13439.75,CL,8/15/2019,12/31/2019,8/30/2019,10/23/2019,15,Det,1,1,3156296
25,,Pelican,Court,Syosset,11791,998888,998888,Ranch,4,2.500,"Full,Partially Finished",2 Car Attached,2,24340.72,CL,9/10/2019,12/15/2019,9/12/2019,11/12/2019,2,Det,1,1,3162994
37,,Elderberry,Road,Syosset,11791,829000,810000,Split Level,4,4.000,"Partial,Finished",1 Car Attached,2,25625.95,CL,7/16/2019,2/29/2020,11/25/2019,1/30/2020,132,Det,1,1,3169436
45,,Fox,Lane,Jericho,11753,838000,805000,Hi Ranch,4,2.500,Finished,,2,18702.89,CL,10/16/2019,10/16/2020,11/26/2019,12/20/2019,41,Det,1,1,3173291
238,,Birchwood Park,Drive,Jericho,11753,850000,835000,Split Level,4,2.000,"Full,Finished",1 Car Attached,2,15688.00,CL,10/23/2019,4/23/2020,1/03/2020,2/24/2020,72,Det,1,1,3175204
60,,Lewis,Lane,Syosset,11791,799000,805000,Cape,3,2.500,"Full,Finished",1 Car Attached,2,11041.27,CL,11/04/2019,5/31/2020,12/11/2019,2/26/2020,37,Det,1,1,3178021
22,,Corn Crib,Lane,Roslyn Heights,11577,898000,840000,Exp Ranch,3,3.000,"None,Unfinished",2 Car Attached,2,18952.04,CL,11/25/2019,2/19/2020,12/09/2019,2/18/2020,14,Det,1,1,3182685
62,,Meadowbrook,Road,Syosset,11791,935000,840000,Colonial,4,3.000,"Full,Finished",2 Car Detached,2,18570.21,CL,1/17/2017,8/31/2017,7/20/2017,8/29/2017,183,Det,1,1,2907662
16,,Springwood,Path,Laurel Hollow,11791,975000,925000,Colonial,5,4.500,"Full,Finished",3 Car Attached,2,30520.50,CL,1/27/2017,1/17/2018,7/27/2017,10/23/2017,180,Det,1,1,2909662
35,,Lewis,Lane,Syosset,11791,1010000,990000,Colonial,4,2.500,"Full,Unfinished",1 Car Attached,2,0.00,CL,4/06/2017,2/27/2018,6/23/2017,9/06/2017,78,Det,1,1,2927202
2,,Candy,Lane,Syosset,11791,899988,905000,Colonial,4,3.000,"Partial,Finished",1 Car Attached,2,16903.56,CL,4/28/2017,8/28/2017,6/15/2017,7/10/2017,48,Det,1,1,2933388
8,,Raynham,Drive,Syosset,11791,1148000,998000,Colonial,5,4.500,Full,,2,0.00,CL,5/18/2017,11/11/2017,6/30/2017,8/29/2017,43,Det,1,1,2939498
24,,Sherwood,Lane,Roslyn Heights,11577,1175000,975000,Exp Ranch,5,3.500,"None,Unfinished",2 Car Attached,2,24915.03,CL,6/01/2017,12/31/2017,7/12/2017,10/12/2017,41,Det,1,1,2943190
82,,Hillside,Lane,Syosset,11791,1100000,998000,Colonial,5,3.000,Full,2 Car Attached,2,0.00,CL,6/09/2017,6/09/2018,7/24/2017,2/07/2018,45,Det,1,1,2945751
19,,Summit,Lane,Roslyn Heights,11577,989000,955000,Exp Ranch,3,2.000,"None,Unfinished",2 Car Attached,2,16307.00,CL,6/20/2017,6/06/2018,9/13/2017,5/04/2018,85,Det,1,1,2948692
1,,The Hollows,,Syosset,11791,999000,957000,Ranch,4,3.500,"Full,Finished",2 Car Attached,2,21925.06,CL,6/22/2017,12/31/2017,9/28/2017,11/30/2017,98,Det,1,1,2949367
14,,Pond,Drive,Syosset,11791,998000,910000,Colonial,4,2.500,"Partial,Finished",2 Car Attached,2,16381.00,CL,2/19/2017,12/31/2017,9/07/2017,11/02/2017,199,Det,1,1,2952736
22,,Forest,Drive,Jericho,11753,1099000,998000,Colonial,5,3.500,Full,,2,0.00,CL,7/31/2017,7/26/2018,1/11/2018,6/06/2018,164,Det,1,1,2959522
14,,Calvert,Drive,Syosset,11791,899000,890000,Split Level,4,3.000,"Full,Unfinished",2 Car Attached,2,18266.00,CL,8/10/2017,2/28/2018,8/14/2017,11/08/2017,4,Det,1,1,2962512
16,,Parkway,Drive,Syosset,11791,849888,830000,Split Level,5,3.000,Partial,2 Car Attached,2,16770.00,CL,11/01/2017,5/01/2018,12/20/2017,3/27/2018,49,Det,1,1,2982382
435,,Woodbury,Road,Woodbury,11797,960000,905000,Modern,6,2.500,"Full,Unfinished",,2,33362.50,CL,11/21/2017,5/04/2018,2/20/2018,6/15/2018,91,Det,1,1,2987335
25,,Lesley,Drive,Syosset,11791,899000,875000,Colonial,4,2.500,"Full,Finished",2 Car Attached,2,19388.50,CL,2/02/2018,12/31/2018,2/28/2018,6/14/2018,26,Det,1,1,3001294
5,,Wagamon,Drive,Woodbury,11797,938000,925000,Colonial,4,2.500,"Partial,Unfinished",2 Car Attached,2,24401.57,CL,2/03/2018,4/29/2018,3/26/2018,6/29/2018,50,Det,1,1,3001699
1508,,Laurel Hollow,Road,Laurel Hollow,11791,999000,925000,Colonial,4,2.500,"Full,Partially Finished",2 Car Attached,2,18873.00,CL,2/22/2018,12/31/2018,10/15/2018,12/12/2018,234,Det,1,1,3006610
1A,,Stuart,Drive,Syosset,11791,989000,999000,Hi Ranch,4,3.000,"None,Unfinished",2 Car Attached,2,22124.91,CL,3/01/2018,9/01/2018,3/09/2018,6/05/2018,8,Det,1,1,3008309
95,,Convent,Road,Syosset,11791,949000,940000,Colonial,4,2.500,"Full,Unfinished",1 Car Attached,2,19488.62,CL,3/16/2018,9/15/2018,5/24/2018,7/18/2018,69,Det,1,1,3012469
20,,Whitman,Avenue,Syosset,11791,899000,950000,Colonial,4,2.500,"Full,Finished",1 Car Detached,2,20222.78,CL,4/02/2018,10/02/2018,4/26/2018,6/29/2018,24,Det,1,1,3016626
49,E,Kathleen,Drive,Syosset,11791,879000,870000,Colonial,4,3.000,"Full,Finished",1 Car Attached,2,12464.05,CL,4/02/2018,9/26/2018,4/18/2018,6/18/2018,16,Det,1,1,3016897
4,,Joyce,Lane,Woodbury,11797,949000,949000,Farm Ranch,5,2.000,"Full,Finished",2 Car Attached,2,21073.75,CL,4/05/2018,10/01/2018,4/21/2018,8/20/2018,16,Det,1,1,3017701
38,,Glenn,Drive,Woodbury,11797,849000,849000,Split Level,4,2.500,"Partial,Finished",2 Car Attached,2,17803.38,CL,4/13/2018,9/01/2018,4/27/2018,7/26/2018,14,Det,1,1,3020248
5,,Waterford,Way,Syosset,11791,1048000,998000,Contemporary,4,3.500,"Partial,Unfinished",2 Car Attached,2,36486.92,CL,5/04/2018,5/04/2019,6/14/2018,10/17/2018,41,Att,1,1,3026788
128,,Parkway,Drive,Roslyn Heights,11577,1049000,950000,Exp Ranch,4,3.000,"None,Unfinished",2 Car Attached,2,23200.00,CL,5/17/2018,5/16/2019,8/16/2018,4/12/2019,91,Det,1,1,3030974
40,,Colgate,Lane,Woodbury,11797,919000,985000,Colonial,6,2.500,"Full,Unfinished",2 Car Attached,2,19888.00,CL,5/24/2018,11/24/2018,6/12/2018,9/05/2018,19,Det,1,1,3033136
8,,Clover,Lane,Roslyn Heights,11577,1288000,960000,Exp Ranch,5,2.500,"None,Unfinished",,2,18397.56,CL,2/28/2018,9/01/2018,6/20/2018,8/17/2018,111,Det,1,1,3034201
37,,Orchard,Drive,E. Williston,11596,899900,860000,Colonial,5,3.500,Full,2 Car Attached,2,37080.95,CL,5/30/2018,12/31/2018,11/27/2018,12/27/2018,181,Det,1,1,3034619
78,,Syosset,Circle,Syosset,11791,1188888,980000,Colonial,5,4.000,"Full,Unfinished",1 Car Attached,2,0.00,CL,6/07/2018,6/07/2019,11/28/2018,6/11/2019,174,Det,1,1,3037517
98,,Brown,Street,Mineola,11501,1199000,998000,Colonial,4,2.500,"Full,Unfinished",1 Car Attached,2,0.00,CL,6/12/2018,9/30/2018,9/17/2018,11/30/2018,97,Det,1,1,3038779
30,,Sherman,Drive,Syosset,11791,869888,910000,Split Level,4,2.500,"Partial,Finished",1 Car Attached,2,17330.00,CL,6/15/2018,12/15/2018,6/22/2018,9/28/2018,7,Det,1,1,3040120
198,,Parkway,Drive,Roslyn Heights,11577,1188000,995000,Exp Ranch,4,3.000,"None,Unfinished",2 Car Attached,2,16995.00,CL,7/12/2018,7/12/2019,10/09/2018,1/16/2019,89,Det,1,1,3048173
17,,Hemlock,Lane,Roslyn Heights,11577,1049000,987250,Exp Ranch,5,3.000,"None,Unfinished",2 Car Attached,2,20964.00,CL,8/05/2018,2/03/2019,8/10/2018,10/11/2018,5,Det,1,1,3054572
19,,Cambria,Road,Syosset,11791,850000,825000,Split Level,3,2.500,"Partial,Finished",2 Car Attached,2,23643.00,CL,8/12/2018,12/12/2018,11/01/2018,12/13/2018,81,Det,1,1,3056831
22,,Fountain,Lane,Jericho,11753,829000,810000,Split Level,4,3.000,"Partial,Finished",2 Car Attached,2,19355.14,CL,8/17/2018,2/12/2019,9/05/2018,11/13/2018,19,Det,1,1,3057989
34,E,Hillside,Lane,Syosset,11791,1099000,990000,Colonial,4,2.500,"Full,Unfinished",1 Car Attached,2,0.00,CL,9/16/2018,3/16/2019,1/30/2019,3/27/2019,136,Det,1,1,3065527
1231,,Moores Hill,Road,Laurel Hollow,11791,899000,810000,Raised Ranch,4,3.500,"Full,Partially Finished",2 Car Attached,2,28629.44,CL,9/26/2018,3/26/2019,12/14/2018,4/05/2019,79,Det,1,1,3068358
18,,Chelsea,Drive,Syosset,11791,999000,988000,Exp Ranch,3,3.500,"Full,Finished",2 Car Attached,2,33569.04,CL,11/02/2018,4/30/2019,4/06/2019,6/14/2019,155,Det,1,1,3078274
11,,Candy,Lane,East Hills,11577,868000,820000,Ranch,3,2.000,"Full,Unfinished",1 Car Attached,2,12637.46,CL,11/09/2018,3/01/2019,11/20/2018,12/12/2018,11,Det,1,1,3080184
5,,Radcliffe,Court,Syosset,11791,1028000,978000,Contemporary,4,3.555,"Full,Finished",2 Car Attached,2,24795.65,CL,4/18/2018,4/18/2019,1/29/2019,4/16/2019,286,Det,1,1,3083913
94,,Calvin,Avenue,Syosset,11791,899000,890000,Colonial,3,2.500,"Full,Finished",,2,20562.11,CL,12/06/2018,6/06/2019,1/23/2019,3/11/2019,48,Det,1,1,3085535
28,,Harriet,Drive,Syosset,11791,799000,805000,Split Level,3,2.500,"Partial,Finished",2 Car Attached,2,16841.60,CL,2/14/2019,12/01/2019,2/23/2019,11/01/2019,9,Det,1,1,3101152
61,,Warner,Lane,Syosset,11791,1030000,950000,Farm Ranch,5,2.000,"Full,Finished",2 Car Detached,2,17418.95,CL,4/01/2019,12/28/2019,6/04/2019,7/30/2019,64,Det,1,1,3114301
242,,Sitka,Court,Woodbury,11797,1050000,975000,Colonial,5,4.500,"Full,Finished",2 Car Attached,2,27636.97,CL,4/04/2019,10/03/2019,9/05/2019,11/14/2019,154,Det,1,1,3116094
35,,North,Street,Syosset,11791,855000,842500,Exp Cape,5,4.000,"Full,Finished",1 Car Attached,2,16338.91,CL,4/11/2019,10/12/2019,9/05/2019,11/26/2019,147,Det,1,1,3118220
12,,Colgate,Lane,Woodbury,11797,929000,905000,Splanch,4,3.000,"Partial,Finished",2 Car Attached,2,20186.00,CL,4/12/2019,10/22/2019,7/26/2019,9/25/2019,105,Det,1,1,3121472
23,,Fountain,Lane,Jericho,11753,908000,898000,Split Level,4,3.000,Partial,Private Parking,2,21400.00,CL,4/30/2019,12/31/2019,11/04/2019,1/24/2020,188,Det,1,1,3123907
7,,Salem,Court,Syosset,11791,839000,805000,Raised Ranch,4,2.500,"Full,Finished",2 Car Attached,2,18978.98,CL,5/01/2019,2/28/2020,8/30/2019,12/09/2019,121,Det,1,1,3124411
36,,Holly,Drive,Syosset,11791,848000,860000,Split Level,4,2.500,"Partial,Finished",,2,17077.82,CL,5/01/2019,10/30/2019,5/23/2019,9/06/2019,22,Det,1,1,3124559
7,,Noel,Lane,Muttontown,11791,1049999,985000,Ranch,4,3.500,"Full,Finished",2 Car Attached,2,21806.00,CL,5/02/2019,8/31/2019,5/16/2019,6/22/2019,14,Det,1,1,3124861
2,,Pond,Drive,Syosset,11791,1075000,990000,Colonial,4,3.500,"Full,Finished",2 Car Attached,2,25350.50,CL,5/31/2019,12/31/2019,7/31/2019,9/27/2019,61,Det,1,1,3133934
2,,Hickman,Court,Syosset,11791,850000,830000,Colonial,4,2.500,"Full,Finished",2 Car Attached,2,22890.68,CL,6/01/2019,11/30/2019,6/21/2019,9/12/2019,20,Det,1,1,3134060
9,,Albert,Avenue,Syosset,11791,899000,858000,Colonial,5,2.500,Full,2 Car Attached,2,14698.00,CL,6/08/2019,6/08/2020,7/09/2019,8/08/2019,31,Det,1,1,3136635
235,,Stillwell,Lane,Laurel Hollow,11791,899000,950000,Colonial,4,3.500,"Full,Partially Finished",2 Car Attached,2,25097.03,CL,6/13/2019,6/12/2020,7/16/2019,10/08/2019,33,Det,1,1,3138288
169,,Cold Spring,Road,Syosset,11791,898000,870000,Ranch,4,3.000,"Full,Finished",1 Car Attached,2,12861.66,CL,6/27/2019,12/31/2019,8/03/2019,10/15/2019,37,Det,1,1,3142640
22,,Marlene,Drive,Syosset,11791,859000,855000,Colonial,4,3.500,"Full,Finished",1 Car Attached,2,19444.33,CL,7/11/2019,1/11/2020,7/30/2019,11/19/2019,19,Det,1,1,3146261
57,,Amherst,Road,Albertson,11507,949000,930000,Colonial,4,2.500,"Full,Finished",1 Car Attached,2,15386.86,CL,7/23/2019,10/23/2019,10/15/2019,1/06/2020,84,Det,1,1,3149960
2,,Hilldale,Road,Albertson,11507,838000,833500,Split Level,3,2.500,"Partial,Unfinished",2 Car Attached,2,23623.66,CL,8/23/2019,2/02/2020,9/14/2019,11/05/2019,22,Det,1,1,3158598
20,,Atlanta,Avenue,E. Williston,11596,868000,855000,Colonial,3,1.500,"Full,Partially Finished",1 Car Attached,2,16827.39,CL,7/02/2019,4/30/2020,11/22/2019,2/27/2020,143,Det,1,1,3176992