St #,Dr,Street Name,Sfx,Town,Zip,ListPrice,SoldPrice,,Br,Bath,,,SD,Tot Tax,LSC,ListDate,ExpDate,ContDate,TitleDate,DOM,Det,#F,K,ML#
81,,Hilldale,Road,Albertson,11507,799000,780000,Exp Cape,3,2.000,"Full,Finished",1 Car Detached,2,8503.76,CL,6/01/2018,12/31/2018,7/02/2018,8/30/2018,31,Det,1,1,3035423
65,,Hillside,Lane,Syosset,11791,799000,770000,Split Level,4,3.000,"Full,Unfinished",,2,12755.00,CL,6/21/2017,9/15/2017,9/06/2017,10/25/2017,77,Det,1,1,2948931
4,,Hillcrest,Lane,Woodbury,11797,800000,790000,Split Level,3,2.500,"Full,Unfinished",2 Car Attached,2,23000.00,CL,2/05/2016,3/31/2017,2/03/2017,5/02/2017,364,Det,1,1,2826681
2,,Dorothy,Street,Syosset,11791,799888,765000,Hi Ranch,3,3.000,"Full,Finished",2 Car Attached,2,14494.00,CL,5/24/2017,9/22/2017,7/03/2017,8/31/2017,40,Det,1,1,2941140
4,,Dorothy,Street,Syosset,11791,759000,700000,Split Level,6,3.500,"Full,Partially Finished",1 Car Attached,2,18066.84,CL,4/01/2019,10/01/2019,7/24/2019,9/05/2019,114,Det,1,1,3114369
27,,Favorite,Lane,Jericho,11753,849888,800000,Split Level,4,2.500,"Full,Finished",2 Car Attached,2,18684.96,CL,5/14/2019,11/07/2019,6/07/2019,8/26/2019,24,Det,1,1,3128538
8,,Loretta,Drive,Syosset,11791,774888,774888,Split Level,3,2.500,"Partial,Finished",2 Car Attached,2,18036.98,CL,5/04/2018,11/23/2018,5/14/2018,7/20/2018,10,Det,1,1,3027046
2,,Friendly Ln,,Jericho,11753,789888,755500,Split Level,4,3.000,"Partial,Finished",2 Car Attached,2,16035.82,CL,6/17/2019,12/12/2019,7/15/2019,9/27/2019,28,Det,1,1,3138977
241,,Martin,Drive,Syosset,11791,729000,690000,Split Level,4,3.000,"Partial,Finished",,2,16669.00,CL,5/22/2018,1/15/2019,8/15/2018,9/28/2018,85,Det,1,1,3032580
10,,Belmont,Circle,Syosset,11791,649999,622500,Exp Ranch,4,2.000,"None,Unfinished",,2,8525.00,CL,8/27/2017,10/31/2017,10/18/2017,1/09/2018,52,Det,1,1,2966350
3,,Deer Path,Lane,Syosset,11791,689000,701000,Split Level,3,2.500,"Partial,Finished",2 Car Attached,2,15410.92,CL,9/07/2017,3/07/2018,9/13/2017,11/01/2017,6,Det,1,1,2969126
19,,Holly,Drive,Syosset,11791,659000,605000,Split Level,3,1.500,"Partial,Partially Finished",1 Car Attached,2,11749.94,CL,11/18/2019,11/02/2020,1/28/2020,3/10/2020,71,Det,1,1,3181217
58,,Whitman,Avenue,Syosset,11791,725000,720000,Split Level,4,2.500,"Partial,Finished",1 Car Attached,2,19162.00,CL,4/05/2017,11/30/2017,5/04/2017,7/31/2017,29,Det,1,1,2926885
66,,Florence,Drive,Syosset,11791,629000,605000,Split Level,3,2.000,"Partial,Finished",1 Car Attached,2,13877.74,CL,6/28/2017,9/28/2017,7/25/2017,9/26/2017,27,Det,1,1,2951226
98,,Belmont,Circle,Syosset,11791,749000,745000,Split Level,3,2.000,"Full,Finished",2 Car Attached,2,17625.35,CL,1/15/2019,7/31/2019,1/30/2019,5/07/2019,15,Det,1,1,3093490
157,,Forest,Drive,Jericho,11753,788000,740000,Split Level,4,2.500,"Partial,Unfinished",2 Car Attached,2,17800.00,CL,10/03/2018,4/03/2019,3/05/2019,5/20/2019,153,Det,1,1,3070314
287,,Birchwood Park,Drive,Jericho,11753,729000,722000,Split Level,4,2.000,"Full,Partially Finished",1 Car Attached,2,16969.00,CL,5/17/2018,11/17/2018,7/12/2018,10/24/2018,56,Det,1,1,3031317
34,,Deborah,Road,Syosset,11791,689000,689000,Exp Cape,4,2.000,"Full,Finished",1 Car Attached,2,13498.00,CL,10/05/2017,3/30/2018,10/10/2017,5/02/2018,5,Det,1,1,2976530
2,,Elf,Road,Syosset,11791,648000,658000,Split Level,4,2.500,"None,Unfinished",1 Car Attached,2,16085.00,CL,1/31/2018,5/01/2018,2/26/2018,8/28/2018,26,Det,1,1,3000641
7,,Flower,Lane,Jericho,11753,765000,700000,Split Level,4,3.000,"Full,Finished",2 Car Attached,2,19568.00,CL,9/04/2018,1/15/2019,1/10/2019,2/12/2019,128,Det,1,1,3061883
10,,Patricia,Lane,Syosset,11791,649900,649900,Split Level,3,2.000,"Partial,Unfinished",1 Car Attached,2,11550.00,CL,4/23/2019,8/25/2019,5/09/2019,7/23/2019,16,Det,1,1,3121590
21,,Chadwick,Road,Syosset,11791,828000,800000,Colonial,4,2.500,"Full,Finished",1 Car Attached,2,24828.00,CL,11/02/2017,4/02/2018,2/17/2018,6/29/2018,107,Det,1,1,2982727
23,,Market,Drive,Syosset,11791,789000,775000,Split Level,3,2.500,"Full,Finished",2 Car Attached,2,17834.00,CL,10/13/2018,4/30/2019,2/22/2019,5/13/2019,132,Det,1,1,3073111
221,,Jerome,Street,Syosset,11791,758000,738000,Split Level,4,2.000,"Full,Partially Finished",2 Car Attached,2,14867.00,CL,4/23/2018,12/11/2018,5/10/2018,2/21/2019,17,Det,1,1,3023015
19,,Roxton,Road,Plainview,11803,699000,663000,Split Level,4,3.500,"Full,Finished",1 Car Attached,2,17249.00,CL,4/23/2019,10/31/2019,6/07/2019,8/19/2019,45,Det,1,1,3121535
39,,Fall,Lane,Jericho,11753,718000,713000,Split Level,4,3.000,"Full,Finished",2 Car Attached,2,22075.00,CL,8/20/2018,2/01/2019,1/25/2019,4/26/2019,158,Det,1,1,3058577
302,,Southwood,Circle,Syosset,11791,829000,790000,Split Level,5,3.500,"Full,Finished",2 Car Attached,2,17873.00,CL,9/04/2019,3/30/2020,2/18/2020,3/12/2020,167,Det,1,1,3161135
21,,Clearland,Road,Syosset,11791,725000,730000,Split Level,3,2.500,"Full,Unfinished",2 Car Attached,2,14475.00,CL,11/12/2019,5/15/2020,12/09/2019,2/11/2020,27,Det,1,1,3179768
50,,Fair,Lane,Jericho,11753,718000,705000,Split Level,4,2.000,"Full,Partially Finished",1 Car Attached,2,16385.00,CL,2/20/2018,8/30/2018,4/09/2018,11/27/2018,47,Det,1,1,3005751
2,,Fox,Lane,Jericho,11753,753500,731000,Ranch,3,3.000,"Full,Finished",1 Car Attached,2,21528.00,CL,7/18/2017,1/12/2018,8/02/2017,9/13/2017,15,Det,1,1,2956134
71,S,Hillside,Lane,Syosset,11791,799000,795000,Split Level,4,2.000,"Full,Finished",1 Car Attached,2,24961.00,CL,5/29/2018,12/30/2018,7/02/2018,8/23/2018,34,Det,1,1,3034062
72,,Colony,Lane,Syosset,11791,675000,665000,Split Level,3,2.500,"Full,Finished",1 Car Attached,2,14399.33,CL,7/20/2017,7/20/2018,8/18/2017,11/27/2017,29,Det,1,1,2956860
76,,Moss,Lane,Jericho,11753,779999,765000,Colonial,4,2.500,"Full,Finished",2 Car Attached,2,23365.00,CL,5/16/2017,11/16/2017,8/15/2017,9/25/2017,91,Det,1,1,2938934
54,,Calvin,Avenue,Syosset,11791,679000,695000,Colonial,4,2.000,"Full,Unfinished",1 Car Attached,2,22501.24,CL,6/10/2018,12/31/2018,6/27/2018,8/10/2018,17,Det,1,1,3038265
18,,Warren,Drive,Syosset,11791,659000,657000,Split Level,4,2.000,"Partial,Finished",,2,13111.00,CL,11/16/2016,5/31/2017,5/30/2017,7/28/2017,194,Det,1,1,2896996
39,,Atlanta,Avenue,E. Williston,11596,799000,755000,Cape,4,2.000,"Full,Partially Finished",2 Car Attached,2,18237.56,CL,11/01/2017,5/01/2018,2/22/2018,4/20/2018,113,Det,1,1,*1299589
50,,Joyce,Lane,Woodbury,11797,699000,735000,Farm Ranch,5,2.500,"Full,Finished",2 Car Attached,2,27783.93,CL,5/07/2019,11/07/2019,9/19/2019,10/28/2019,135,Det,1,1,3126157
27,,Sunbeam,Road,Syosset,11791,799000,785000,Split Level,4,3.500,"Partial,Finished",2 Car Attached,2,16302.50,CL,2/13/2019,8/31/2019,3/14/2019,6/07/2019,28,Det,1,1,3100901
65,,N Kathleen,Drive,Syosset,11791,645888,645888,Cape,4,2.500,"Partial,Finished",1 Car Attached,2,14114.83,CL,8/22/2017,12/22/2017,9/05/2017,10/31/2017,14,Det,1,1,2965109
25,,Deer Path,Lane,Syosset,11791,769000,769000,Split Level,3,2.500,"Full,Finished",2 Car Attached,2,23300.89,CL,4/16/2018,7/31/2018,5/09/2018,7/24/2018,23,Det,1,1,3020934
134,,Weeks,Road,E. Williston,11596,775000,755000,Exp Cape,4,2.000,"Full,Unfinished",1 Car Detached,2,13058.95,CL,5/04/2017,12/31/2017,9/22/2017,12/01/2017,141,Det,1,1,2935150
459,,Cold Spring,Road,Syosset,11791,799000,750000,Ranch,4,3.500,Full,,2,14202.00,CL,8/04/2016,8/04/2017,9/23/2016,4/04/2017,50,Det,1,1,2874124
255,,I U Willets,Road,Albertson,11507,699000,740800,Colonial,4,2.500,"Full,Unfinished",2 Car Attached,2,9975.54,CL,5/29/2018,12/28/2018,6/15/2018,8/30/2018,17,Det,1,1,3034035
65,,Willets,Drive,Syosset,11791,675000,655000,Ranch,3,2.000,"Full,Finished",1 Car Attached,2,16018.04,CL,1/25/2018,7/15/2018,4/25/2018,7/10/2018,89,Det,1,1,2999380
278,,Woodbury,Road,Woodbury,11797,698000,685000,Colonial,4,3.500,"Full,Finished",1 Car Attached,2,22191.44,CL,3/15/2017,6/30/2017,6/08/2017,9/25/2017,85,Det,1,1,2921254
7,,Mesa,Road,Syosset,11791,799999,770000,Split Level,3,2.500,"Partial,Finished",2 Car Attached,2,15643.10,CL,2/06/2019,8/01/2019,3/06/2019,7/09/2019,28,Det,1,1,3098972
58,,Fountain,Lane,Jericho,11753,699000,660000,Split Level,4,2.500,"Partial,Unfinished",1 Car Attached,2,20374.02,CL,5/01/2017,10/04/2017,6/19/2017,9/15/2017,49,Det,1,1,2933996
18,,Russell Park,Road,Syosset,11791,768000,743000,Hi Ranch,4,3.000,"None,Unfinished",2 Car Attached,2,15701.00,CL,4/12/2018,7/15/2018,6/14/2018,9/07/2018,63,Det,1,1,3019757
41,,Narcissus,Drive,Syosset,11791,749000,760000,Split Level,3,2.000,Partial,2 Car Attached,2,16404.04,CL,10/02/2017,4/02/2018,10/18/2017,12/28/2017,16,Det,1,1,2975357
65,,Plainview,Road,Woodbury,11797,799000,730000,Ranch,4,2.000,"Full,Unfinished",2 Car Attached,2,24988.03,CL,7/14/2017,1/05/2018,11/06/2017,1/29/2018,115,Det,1,1,2977702
5,,Hillvale,Road,Syosset,11791,749888,745000,Split Level,3,2.500,"Partial,Finished",2 Car Attached,2,14282.65,CL,4/25/2019,8/25/2019,6/21/2019,10/09/2019,57,Det,1,1,3122504
159,,Cold Spring,Road,Syosset,11791,699000,683000,Split Level,3,2.550,"Full,Finished",,2,15712.54,CL,2/23/2017,8/31/2017,3/23/2017,7/20/2017,27,Det,1,1,2915948
354,,Cold Spring,Road,Syosset,11791,629000,676000,Hi Ranch,4,2.500,"None,Unfinished",2 Car Attached,2,14266.00,CL,12/12/2016,4/07/2017,1/18/2017,4/12/2017,37,Det,1,1,2901337
273,,Iu Willets,Road,Albertson,11507,716000,700000,Hi Ranch,3,2.500,"None,Unfinished",,2,16607.83,CL,1/17/2017,9/28/2017,4/25/2017,7/26/2017,97,Det,1,1,2907379
9,,Drury,Lane,Syosset,11791,699000,698000,Split Level,5,2.500,"Full,Finished",Attached,2,15789.00,CL,12/21/2017,2/28/2018,1/05/2018,3/07/2018,15,Det,1,1,2992422
12,,Evon,Drive,Syosset,11791,749999,760000,Colonial,3,2.500,"Full,Finished",1 Car Attached,2,15268.00,CL,9/28/2017,12/31/2017,10/10/2017,12/27/2017,12,Det,1,1,2974691
6,,Jarvis,Avenue,Syosset,11791,759000,730000,Colonial,3,2.000,"Full,Partially Finished",1 Car Attached,2,12723.00,CL,5/17/2017,9/01/2017,6/08/2017,8/21/2017,22,Det,1,1,2938958
155,,Pollok,Place,Syosset,11791,749000,752000,Colonial,3,3.000,"Full,Finished",1 Car Attached,2,14412.16,CL,1/26/2018,6/30/2018,2/15/2018,4/23/2018,20,Det,1,1,2999760
32,,Schoolhouse,Lane,Syosset,11791,779000,740000,Colonial,4,2.000,Partial,1 Car Detached,2,14597.01,CL,6/26/2019,11/30/2019,10/10/2019,1/15/2020,106,Det,1,1,3142209
48,,Calvin,Avenue,Syosset,11791,695000,710000,Colonial,3,1.500,"Full,Unfinished",2 Car Detached,2,18690.43,CL,6/29/2019,6/25/2020,7/31/2019,10/09/2019,32,Det,1,1,3143058
270,,Gramercy,Drive,Jericho,11753,788888,640000,Raised Ranch,3,2.500,"Partial,Finished",,2,15841.57,CL,3/11/2019,9/10/2019,4/10/2019,6/04/2019,30,Det,1,1,3107833
25,,Patricia,Lane,Syosset,11791,679000,690000,Split Level,3,2.000,Full,1 Car Detached,2,14889.31,CL,10/02/2017,4/02/2018,10/27/2017,12/11/2017,25,Det,1,1,2975433
28,,Hicks,Avenue,Syosset,11791,719000,698000,Split Level,4,3.000,"Partial,Finished",1 Car Attached,2,17603.18,CL,3/20/2018,8/31/2018,6/01/2018,8/16/2018,73,Det,1,1,3013452
3,,Winthrop,Avenue,Syosset,11791,658888,652000,Exp Cape,4,3.000,"Full,Unfinished",2 Car Detached,2,12343.52,CL,3/20/2018,9/12/2018,6/12/2018,10/16/2018,84,Det,1,1,3013451
20,,Friendly,Lane,Jericho,11753,785000,750000,Split Level,4,2.500,"Partial,Partially Finished",2 Car Attached,2,17807.95,CL,6/23/2017,12/31/2017,8/29/2017,12/06/2017,67,Det,1,1,2949670
208,,Guinea Woods,Road,Old Westbury,11568,899900,775000,Colonial,4,2.500,Full,2 Car Detached,2,25285.86,CL,5/21/2018,3/15/2019,1/15/2019,2/20/2019,239,Det,1,1,3032367
321,,Ellen,Place,Jericho,11753,719000,713888,Split Level,4,2.000,"Full,Unfinished",,2,15934.29,CL,6/01/2018,12/31/2018,12/07/2018,3/21/2019,189,Det,1,1,3035726
17,,Lee,Avenue,E. Williston,11596,719000,695000,Colonial,3,1.500,Full,1 Car Detached,2,17260.93,CL,12/14/2017,3/30/2018,12/22/2017,1/29/2018,8,Det,1,1,*1302473
114,,Celia,Drive,Jericho,11753,699000,675000,Split Level,4,2.500,"Full,Finished",2 Car Attached,2,21657.73,CL,7/12/2018,1/31/2019,8/15/2018,12/04/2018,34,Det,1,1,*1321331
30,,Coventry,Road,Syosset,11791,749999,720000,Split Level,4,3.000,"Full,Finished",,2,15997.15,CL,8/03/2016,12/15/2016,12/09/2016,3/29/2017,128,Det,2,1,2873703
169,,Berry Hill,Court,Syosset,11791,782000,782000,Hi Ranch,3,2.500,"None,Unfinished",,2,13505.55,CL,8/26/2016,8/26/2017,5/25/2017,7/26/2017,272,Det,1,1,2879156
275,,Berry Hill,Road,Syosset,11791,778000,780000,Raised Ranch,4,3.000,"None,Unfinished",1 Car Attached,2,21267.93,CL,9/06/2016,6/06/2017,4/13/2017,7/17/2017,219,Det,1,1,2881216
34,,Lesley,Drive,Syosset,11791,688000,650000,Ranch,3,2.500,"Full,Finished",2 Car Attached,2,15144.96,CL,9/08/2016,2/22/2017,12/07/2016,3/27/2017,90,Det,1,1,2881827
44,,Devine,Avenue,Syosset,11791,629888,610000,Duplex,2,2.000,"Full,Finished",1 Car Detached,2,14748.38,CL,9/14/2016,9/14/2017,1/27/2017,4/07/2017,135,Det,2,2,2884028
3,,Devine,Avenue,Syosset,11791,829000,795000,Colonial,4,3.500,"Full,Finished",,2,19088.04,CL,9/21/2016,4/30/2017,4/07/2017,5/19/2017,198,Det,1,1,2884890
327,E,Ellington,,Garden City,11530,619000,619000,Colonial,4,3.000,Full,,2,9640.00,CL,10/27/2016,4/27/2017,2/24/2017,9/13/2017,120,Det,1,1,2892768
328,E,Ellington,,Garden City,11530,619000,619000,Colonial,4,3.000,Full,,2,9640.00,CL,10/27/2016,4/27/2017,5/11/2017,6/12/2017,196,Det,1,1,2892782
3,,Garden,Place,Jericho,11753,688000,605000,Hi Ranch,5,3.000,"None,Unfinished",1 Car Attached,2,20890.86,CL,11/16/2016,5/16/2017,3/13/2017,4/10/2017,116,Det,1,1,2897002
27,,Parkway,Drive,Roslyn Heights,11577,749000,735000,Contemporary,3,2.500,"None,Unfinished",2 Car Detached,2,15252.00,CL,1/27/2017,10/27/2017,10/11/2017,3/13/2018,256,Det,1,1,2909673
108,,Candy,Lane,Syosset,11791,648880,648880,Exp Ranch,4,2.000,"None,Unfinished",,2,16086.82,CL,2/08/2017,2/08/2018,3/09/2017,5/31/2017,29,Det,1,1,2912391
6,,Favorite,Lane,Jericho,11753,765000,740000,Split Level,4,2.500,"Full,Finished",2 Car Attached,2,20908.38,CL,2/08/2017,8/08/2017,4/14/2017,6/19/2017,64,Det,1,1,2912473
29,E,Kathleen,Drive,Syosset,11791,729000,715000,Colonial,5,2.500,"Full,Finished",1 Car Attached,2,13134.84,CL,2/24/2017,8/31/2017,4/21/2017,7/27/2017,55,Det,1,1,2916085
15,,Gainsboro,Lane,Syosset,11791,749999,699000,Colonial,5,2.000,"Full,Partially Finished",1 Car Attached,2,14225.48,CL,2/27/2017,9/27/2017,4/06/2017,6/28/2017,37,Det,1,1,2916770
3,,Betty,Street,Syosset,11791,799000,780000,Colonial,4,2.500,"Full,Finished",2 Car Attached,2,20403.87,CL,3/02/2017,8/31/2017,3/20/2017,5/31/2017,17,Det,1,1,2917813
23,,Ogden,Avenue,E. Williston,11596,829999,765000,Cape,4,1.500,"Full,Finished",,2,17000.00,CL,3/10/2017,9/10/2017,4/12/2017,7/11/2017,32,Det,1,1,2920223
14,,Deer Path,Lane,Syosset,11791,659000,639000,Split Level,3,2.000,"Full,Finished",1 Car Attached,2,15584.77,CL,3/16/2017,6/08/2017,4/12/2017,6/28/2017,27,Det,1,1,2921515
99,,Robbins,Lane,Syosset,11791,675000,650500,Split Level,3,2.000,"Full,Finished",2 Car Attached,2,14288.68,CL,3/21/2017,9/30/2017,4/08/2017,7/26/2017,18,Det,1,1,2922971
29,,Preston,Lane,Syosset,11791,699880,694000,Split Level,5,1.500,"Partial,Partially Finished",1 Car Attached,2,17675.00,CL,4/03/2017,10/18/2017,4/20/2017,6/30/2017,17,Att,1,1,2926168
6,,Fair,Lane,Jericho,11753,689000,640000,Split Level,4,2.500,"Partial,Finished",2 Car Attached,2,20555.07,CL,4/10/2017,10/03/2017,5/19/2017,7/21/2017,39,Det,1,1,2928140
6,,Doone,Drive,Syosset,11791,699800,683000,Colonial,3,3.000,Full,,2,18158.00,CL,4/11/2017,12/11/2017,4/27/2017,6/05/2017,16,Det,1,1,2928498
133,,Colony,Lane,Syosset,11791,699000,685000,Split Level,4,2.000,"Full,Unfinished",1 Car Attached,2,18287.63,CL,4/11/2017,10/11/2017,7/14/2017,8/17/2017,94,Det,1,1,2928707
91,,Birchwood Park,Drive,Syosset,11791,739000,721500,Split Level,3,2.000,"Full,Finished",2 Car Attached,2,19351.29,CL,5/05/2017,11/03/2017,6/29/2017,9/07/2017,55,Det,1,1,2935697
82,,Melanie,Lane,Syosset,11791,770000,770000,Split Level,5,3.500,"Full,Partially Finished",1 Car Attached,2,18244.00,CL,5/09/2017,11/30/2017,5/28/2017,7/25/2017,19,Det,1,1,2936496
11,,Lee,Avenue,E. Williston,11596,749000,685000,Colonial,4,2.500,Full,,2,15242.51,CL,5/17/2017,5/01/2018,11/17/2017,1/23/2018,184,Det,1,1,2939383
7,,Jerome,Road,Syosset,11791,799000,783000,Hi Ranch,4,2.500,"None,Unfinished",,2,13392.91,CL,5/18/2017,12/31/2017,8/08/2017,9/27/2017,82,Det,1,1,2939481
11,,Jackson,Court,Syosset,11791,694900,675000,Exp Cape,4,3.500,"Full,Finished",1 Car Detached,2,19469.67,CL,5/16/2017,11/15/2017,7/28/2017,9/15/2017,73,Det,1,1,2939565
5,,Center,Drive,Syosset,11791,812000,800000,Split Level,3,2.500,"Full,Finished",,2,21496.25,CL,5/26/2017,11/08/2017,8/30/2017,11/20/2017,96,Det,1,1,2941923
39,,Pickwick,Drive,Syosset,11791,629000,640000,Split Level,3,1.500,"Full,Finished",1 Car Attached,2,14743.99,CL,6/01/2017,12/01/2017,6/13/2017,8/25/2017,12,Det,1,1,2943339
12,,Flo,Drive,Syosset,11791,699900,680000,Split Level,6,4.000,Full,1 Car Detached,2,30225.00,CL,6/20/2017,9/18/2017,9/08/2017,10/04/2017,80,Det,1,1,2948661
24,E,Park,Drive,Syosset,11791,699000,690000,Exp Ranch,3,2.000,"Full,Partially Finished",2 Car Attached,2,15932.49,CL,6/21/2017,11/24/2017,6/30/2017,9/14/2017,9,Det,1,1,2948854
2,,Forest,Drive,Jericho,11753,668000,660000,Ranch,3,2.000,"Full,Finished",1 Car Attached,2,15648.00,CL,6/22/2017,12/15/2017,10/23/2017,12/19/2017,123,Det,1,1,2949148
12,,Albergo,Lane,Syosset,11791,699000,653000,Hi Ranch,5,3.000,"None,Unfinished",1 Car Attached,2,19078.00,CL,6/22/2017,12/22/2017,8/01/2017,10/11/2017,40,Det,1,2,2949362
40,,Beatrice,Avenue,Syosset,11791,598888,620000,Cape,4,2.000,"Full,Unfinished",1 Car Detached,2,13435.17,CL,6/26/2017,2/26/2018,8/05/2017,11/02/2017,40,Det,1,1,2950231
28,,Berkley,Lane,Syosset,11791,799000,790000,Split Level,3,2.500,"Partial,Finished",2 Car Attached,2,17987.30,CL,7/14/2017,4/14/2018,8/23/2017,11/08/2017,40,Det,1,1,2955188
194,,Southwood,Circle,Syosset,11791,674990,650000,Colonial,5,2.000,"None,Unfinished",,2,12656.00,Cl,7/18/2017,1/01/2018,8/28/2017,10/30/2017,41,Det,1,2,2956886
18,,Leonard,Road,Syosset,11791,625000,607000,Exp Ranch,4,2.000,"Full,Finished",,2,11522.61,CL,8/04/2017,1/30/2018,11/13/2017,2/07/2018,101,Det,1,1,2960894
20,,London,Road,Syosset,11791,730000,700000,Exp Ranch,5,3.000,"Full,Finished",1 Car Detached,2,16122.18,CL,8/30/2017,3/31/2018,9/20/2017,12/01/2017,21,Det,1,1,2967115
7,,Berkley,Lane,Syosset,11791,769000,764000,Split Level,3,2.500,"Full,Finished",2 Car Attached,2,21497.00,CL,9/01/2017,12/31/2017,10/27/2017,1/29/2018,56,Det,1,1,2967585
256,,Arlington,Street,Mineola,11501,759000,715000,Exp Cape,3,1.000,"Full,Finished",1 Car Detached,2,14440.00,CL,9/18/2017,8/31/2018,11/11/2017,1/25/2018,54,Det,1,1,2971936
37,,Patricia,Lane,Syosset,11791,678800,660000,Split Level,3,2.500,"Partial,Finished",,2,13486.00,CL,9/21/2017,3/31/2018,11/20/2017,2/22/2018,60,Det,1,1,2972844
298,,Birchwood Park,Drive,Jericho,11753,750000,735000,Ranch,4,2.000,"Full,Finished",,2,22475.32,CL,9/25/2017,5/31/2018,5/04/2018,7/05/2018,221,Att,1,1,2973747
9,,Fox Lane,,Jericho,11753,729000,710000,Hi Ranch,5,3.000,"Full,Finished",2 Car Attached,2,22050.48,CL,10/02/2017,12/31/2017,10/10/2017,12/01/2017,8,Det,1,1,2975344
57,,Sherrard,Street,East Hills,11577,775000,760000,Split Level,4,2.500,"Partial,Finished",,2,11083.00,CL,10/02/2017,12/28/2017,11/29/2017,12/19/2017,58,Det,1,1,2975464
33,,Hicks,,Syosset,11791,705000,700000,Split Level,4,2.500,"Full,Finished",2 Car Attached,2,13703.86,CL,10/05/2017,4/30/2018,10/11/2017,1/03/2018,6,Det,1,1,2975945
35,,Colony,Lane,Syosset,11791,685000,685000,Split Level,3,2.000,"Partial,Finished",,2,12357.28,CL,10/17/2017,6/30/2018,11/14/2017,2/05/2018,28,Det,1,1,2979150
12,,Marlene,Drive,Syosset,11791,699000,635000,Split Level,3,2.500,"Partial,Partially Finished",1 Car Attached,2,15904.49,CL,11/13/2017,3/06/2018,2/23/2018,4/12/2018,102,Det,1,1,2985255
42,,Birchwood Park,Crescent,Jericho,11753,719000,705000,Ranch,3,2.000,"Full,Finished",1 Car Attached,2,20221.21,CL,11/17/2017,5/31/2018,12/01/2017,1/31/2018,14,Det,1,1,2986358
20,,Hillvale,Road,Syosset,11791,749888,725000,Split Level,3,2.500,"Partial,Finished",2 Car Attached,2,13665.00,CL,12/05/2017,5/10/2018,1/12/2018,11/21/2018,38,Det,1,1,2989559
26,,Roxton,Road,Plainview,11803,699999,700500,Split Level,3,2.000,"Partial,Partially Finished",,2,18174.00,CL,12/11/2017,12/11/2018,1/01/2018,3/20/2018,21,Det,1,1,2990657
18,,Kathleen,Drive,Syosset,11791,699888,700000,Split Level,3,2.500,"Partial,Finished",,2,13431.81,CL,1/01/2018,12/28/2018,1/26/2018,4/11/2018,25,Det,1,1,2993552
9,,Andover,Drive,Syosset,11791,775000,760000,Split Level,3,2.500,Full,,2,16802.00,CL,1/11/2018,6/01/2018,3/01/2018,5/10/2018,49,Det,1,1,2996069
4,,Cambria,Road,Syosset,11791,799000,790000,Split Level,4,2.500,"Full,Finished",1 Car Attached,2,15317.26,CL,1/12/2018,6/30/2018,2/02/2018,4/19/2018,21,Det,1,1,2996330
43,,Pembrook,Drive,Mineola,11501,669000,660000,Cape,4,2.000,Full,1 Car Detached,2,14200.85,CL,1/30/2018,3/31/2018,2/05/2018,3/28/2018,6,Det,1,1,3000545
17,,Deer Path,Lane,Syosset,11791,779000,740000,Split Level,4,3.000,"Full,Finished",1 Car Attached,2,21040.36,CL,2/02/2018,7/19/2018,3/05/2018,4/30/2018,31,Det,1,1,3001385
5,,Lorraine,Street,Syosset,11791,769000,740000,Split Level,3,2.000,"Full,Finished",2 Car Attached,2,14415.69,CL,2/06/2018,8/01/2018,3/23/2018,6/18/2018,44,Det,1,1,3002246
10,,Stuart,Drive,Syosset,11791,689000,685000,Split Level,3,2.500,Partial,2 Car Attached,2,19180.66,CL,2/06/2018,8/06/2018,4/20/2018,6/11/2018,72,Det,1,1,3002630
38,,Gary,Road,Syosset,11791,724999,725000,Split Level,4,2.500,"Crawl,Unfinished",1 Car Attached,2,13644.97,CL,2/08/2018,8/31/2018,3/12/2018,4/27/2018,31,Det,1,1,3002929
6,,Loretta,Drive,Syosset,11791,658000,645000,Split Level,3,1.500,"Partial,Unfinished",1 Car Attached,2,12726.32,CL,2/20/2018,8/20/2018,3/26/2018,6/22/2018,33,Det,1,1,3006135
31,,East,Street,Syosset,11791,719000,715000,Ranch,3,2.000,"Full,Finished",2 Car Attached,2,16105.30,CL,3/04/2018,9/04/2018,7/17/2018,10/05/2018,134,Det,1,1,3009861
20,,Narcissus,Drive,Syosset,11791,820000,780000,Split Level,3,2.500,"Partial,Unfinished",2 Car Attached,2,19022.00,CL,3/10/2018,12/31/2018,4/24/2018,6/19/2018,44,Det,1,1,3010942
12,,Hillside,Avenue,Woodbury,11797,708000,662000,Colonial,3,3.000,"Partial,Unfinished",,2,18917.54,CL,3/15/2018,9/15/2018,8/04/2018,10/22/2018,142,Det,1,1,3012203
3,,Crocus,Drive,Syosset,11791,699000,715000,Ranch,3,1.000,"Full,Finished",1 Car Attached,2,16652.00,CL,3/16/2018,9/16/2018,4/05/2018,8/06/2018,20,Det,1,1,3012495
75,,Ashford,Drive,Syosset,11791,749000,730000,Split Level,5,3.500,"Partial,Finished",2 Car Attached,2,26646.68,CL,3/23/2018,12/31/2018,6/22/2018,8/24/2018,91,Det,1,1,3014541
26,,Deer Path,Lane,Syosset,11791,759000,767000,Split Level,3,2.500,"Full,Finished",2 Car Attached,2,16265.00,CL,4/08/2018,12/31/2018,5/02/2018,6/01/2018,24,Det,1,1,3018615
12,,Orchard,Street,Syosset,11791,709000,665000,Colonial,3,3.000,"Full,Finished",1 Car Detached,2,15992.00,CL,4/20/2018,10/20/2018,7/09/2018,8/27/2018,80,Det,1,1,3022680
22,,Hicks,Avenue,Syosset,11791,745000,720000,Split Level,3,3.000,"Partial,Finished",,2,15667.00,CL,4/24/2018,10/31/2018,6/15/2018,8/31/2018,52,Det,1,1,3023501
5,,Lesley,Drive,Syosset,11791,695000,680000,Ranch,3,2.000,"Full,Finished",2 Car Attached,2,15304.21,CL,5/01/2018,10/29/2018,6/18/2018,8/29/2018,48,Det,1,1,3025791
22,,Greenvale,Lane,Syosset,11791,629000,620000,Exp Ranch,4,2.500,"Full,Partially Finished",1 Car Attached,2,12109.00,CL,5/06/2018,12/31/2018,5/31/2018,7/12/2018,25,Det,1,1,3027576
10,,Sumter,Avenue,E. Williston,11596,675000,675000,Colonial,3,1.500,"Full,Finished",,2,16615.00,CL,5/09/2018,4/24/2019,7/25/2018,9/28/2018,77,Det,1,1,3028833
18,,Saturn,Court,Syosset,11791,629900,625000,Split Level,3,2.550,"Partial,Finished",1 Car Attached,2,16568.67,CL,5/15/2018,10/01/2018,6/12/2018,8/07/2018,28,Det,1,1,3030316
91,,Syosset,Circle,Syosset,11791,749000,771000,Colonial,6,4.000,"None,Unfinished",1 Car Attached,2,20783.00,CL,5/16/2018,5/09/2019,6/10/2018,10/08/2018,25,Det,2,2,3030734
12,,Heathcote,Drive,Albertson,11507,819000,777000,Hi Ranch,4,2.500,"None,Unfinished",,2,19528.66,CL,5/29/2018,2/28/2019,1/16/2019,4/08/2019,232,Det,1,1,3034087
3,,Greenacre,Court,Syosset,11791,749000,740000,Split Level,3,2.000,"Partial,Finished",1 Car Attached,2,15317.26,CL,5/31/2018,5/17/2019,7/23/2018,9/05/2018,53,Det,1,1,3034983
31,,Colony,Lane,Syosset,11791,779000,729000,Split Level,5,3.000,"Full,Finished",,2,17419.62,CL,6/14/2018,12/31/2018,10/09/2018,12/28/2018,117,Det,1,1,3039813
11,,Birchwood Park,Drive,Syosset,11791,718888,685000,Split Level,3,2.000,"Partial,Partially Finished",2 Car Attached,2,15066.97,CL,6/19/2018,12/09/2018,8/20/2018,11/07/2018,62,Det,1,1,3040826
45,,Whitman,Avenue,Syosset,11791,759000,753000,Split Level,3,2.000,"Full,Finished",,2,15600.92,CL,6/21/2018,12/22/2018,7/06/2018,8/31/2018,15,Att,1,1,3041600
127,,Forest,Drive,Jericho,11753,637900,660000,Split Level,4,3.000,"Full,Finished",2 Car Attached,2,27865.00,CL,7/03/2018,10/03/2018,7/30/2018,9/06/2018,27,Det,1,1,3045052
475,,Berry Hill,Road,Syosset,11791,800000,800000,Farmhouse,4,4.500,"None,Unfinished",2 Car Detached,2,36003.82,CL,7/02/2018,12/30/2018,11/30/2018,1/18/2019,151,Det,1,1,3045130
99,W,Kathleen,Drive,Syosset,11791,698000,698000,Split Level,3,2.000,"Partial,Unfinished",1 Car Attached,2,18871.26,CL,7/09/2018,2/28/2019,7/31/2018,12/03/2018,22,Det,1,1,3046965
22,,Roseanne,Drive,Woodbury,11797,649900,625000,Colonial,5,2.500,"Full,Partially Finished",1 Car Attached,2,25959.00,CL,7/17/2018,4/17/2019,3/04/2019,3/29/2019,230,Det,1,1,3049547
27,,Fountain,Lane,Jericho,11753,689000,630000,Split Level,4,2.500,"Partial,Finished",2 Car Attached,2,21580.00,CL,7/24/2018,1/31/2019,8/13/2018,10/30/2018,20,Det,1,1,3051015
14,,Willets,Drive,Syosset,11791,688888,668000,Cape,4,2.000,"Full,Unfinished",1 Car Attached,2,14282.77,CL,8/01/2018,7/13/2019,8/31/2018,10/11/2018,30,Det,1,1,3053404
71,,Bengeyfield,Drive,E. Williston,11596,649000,675000,Split Level,3,1.500,"Crawl,Unfinished",1 Car Attached,2,13609.97,CL,8/15/2018,2/15/2019,9/07/2018,10/26/2018,23,Det,1,1,3057452
70,,E. Williston,Avenue,E. Williston,11596,749995,735000,Split Level,4,3.500,"Full,Unfinished",2 Car Attached,2,18233.39,CL,8/16/2018,7/10/2019,10/22/2018,1/03/2019,67,Det,1,1,3057632
51,,Beatrice Avenue,,Syosset,11791,678000,678000,Ranch,3,2.000,"Full,Finished",1 Car Attached,2,12814.42,CL,8/20/2018,2/28/2019,9/20/2018,11/19/2018,31,Det,1,1,3058553
34,,Favorite,Lane,Jericho,11753,828000,800000,Split Level,4,2.500,"Full,Partially Finished",1 Car Attached,2,19254.95,CL,8/24/2018,1/18/2019,12/27/2018,3/18/2019,125,Det,1,1,3059741
30,,Forsythia,Lane,Jericho,11753,815000,782500,Split Level,4,2.500,"Full,Finished",2 Car Attached,2,17415.00,CL,8/28/2018,2/27/2019,10/13/2018,11/21/2018,46,Det,1,1,3060528
25,,Greenway,Circle,Syosset,11791,749000,723000,Colonial,4,3.000,"None,Unfinished",1 Car Detached,2,22418.00,CL,9/01/2018,3/01/2019,10/31/2018,2/01/2019,60,Det,1,1,3061689
116,,Oakwood Dr,,Syosset,11791,715000,660000,Split Level,3,1.500,"Full,Finished",2 Car Attached,2,18871.26,CL,9/03/2018,2/01/2019,10/30/2018,12/12/2018,57,Att,1,1,3061813
15,,Chadwick,Road,Syosset,11791,848900,790000,Colonial,5,2.000,"Full,Partially Finished",1 Car Detached,2,12881.17,CL,9/14/2018,1/30/2019,10/26/2018,1/22/2019,42,Det,1,2,3065053
16,,Cedar,Street,Syosset,11791,780000,725000,Duplex,7,3.550,"Full,Finished",2 Car Attached,2,22662.00,CL,10/02/2018,10/02/2019,10/01/2019,11/13/2019,364,Det,2,3,3069977
97,,Shepherd,Lane,Roslyn Heights,11577,850000,753000,Exp Ranch,4,2.000,"None,Unfinished",2 Car Detached,2,19896.60,CL,10/19/2018,5/01/2019,2/26/2019,6/12/2019,130,Det,1,1,3074750
53,,Donald,Street,E. Williston,11596,769000,780000,Colonial,3,1.500,"Full,Unfinished",1 Car Detached,2,17246.92,CL,10/21/2018,2/04/2019,11/06/2018,1/03/2019,16,Det,1,1,3075192
14,,Robert,Circle,Syosset,11791,755000,730000,Ranch,3,2.000,"Full,Unfinished",1 Car Attached,2,13499.00,CL,10/27/2018,3/27/2019,12/29/2018,3/22/2019,63,Det,1,1,3076781
17,,Parkway,Drive,Syosset,11791,768000,755000,Split Level,4,3.000,"Full,Finished",2 Car Attached,2,22994.15,CL,11/02/2018,4/30/2019,3/11/2019,5/08/2019,129,Det,1,1,3078402
38,,Friendly,Lane,Jericho,11753,798000,775000,Split Level,4,3.000,"Full,Finished",1 Car Attached,2,17362.00,CL,11/17/2018,4/04/2019,2/19/2019,5/07/2019,94,Det,1,1,3081967
239,,Birchwood Park,Drive,Jericho,11753,775000,765000,Split Level,4,3.000,"Partial,Unfinished",2 Car Attached,2,19247.11,CL,11/27/2018,5/31/2019,12/28/2018,3/27/2019,31,Det,1,1,3083384
47,,Favorite,Lane,Jericho,11753,699888,662500,Split Level,4,2.500,"Partial,Unfinished",1 Car Attached,2,19905.77,CL,11/26/2018,8/13/2019,1/02/2019,3/04/2019,37,Det,1,1,3083404
103,,Weeks,Road,E. Williston,11596,789000,800000,Colonial,3,2.000,Full,1 Car Attached,2,14291.00,CL,11/28/2018,7/27/2019,12/12/2018,1/29/2019,14,Det,1,1,3083597
42,,Flower,Lane,Jericho,11753,788000,775000,Split Level,4,2.000,"Full,Finished",1 Car Attached,2,19055.85,CL,12/01/2018,3/31/2019,1/31/2019,5/10/2019,61,Det,1,1,3084501
32,,Woodbury,Road,Woodbury,11797,799000,795000,Colonial,4,1.500,"Partial,Unfinished",2 Car Detached,2,22619.34,CL,1/15/2019,7/15/2019,6/05/2019,7/18/2019,140,Det,1,1,3093221
68,,Bengeyfield,Drive,E. Williston,11596,799000,775000,Split Level,3,2.000,"Partial,Finished",,2,12094.00,CL,1/15/2019,6/15/2019,3/08/2019,5/17/2019,52,Det,1,1,3093534
10,,Stirrup,Lane,Muttontown,11791,837000,775000,Contemporary,6,3.500,Full,2 Car Attached,2,42294.39,CL,1/16/2019,4/16/2019,3/13/2019,4/08/2019,55,Det,1,1,3093690
7,,Dee,Court,Plainview,11803,768000,783000,Split Level,3,2.500,"Full,Finished",2 Car Attached,2,15759.62,CL,1/17/2019,7/15/2019,1/28/2019,6/07/2019,11,Det,1,1,3093961
67,,Ashford,Drive,Syosset,11791,638888,615000,Split Level,3,2.000,"Partial,Finished",1 Car Attached,2,12856.83,CL,1/17/2019,7/14/2019,3/22/2019,7/01/2019,63,Det,1,1,3094073
45,,Brown,Street,Mineola,11501,738000,727000,Colonial,5,2.000,Full,,2,12843.24,CL,1/25/2019,1/23/2020,2/12/2019,4/29/2019,18,Det,1,1,3096061
40,,Parkway,Drive,Syosset,11791,679000,670000,Split Level,3,2.000,"Full,Partially Finished",2 Car Attached,2,16321.00,CL,2/13/2019,8/13/2019,4/30/2019,7/08/2019,75,Det,1,1,3100595
41,,Jean,Place,Syosset,11791,699000,687500,Split Level,3,2.000,"Full,Finished",,2,16230.13,CL,2/28/2019,8/09/2019,3/14/2019,5/30/2019,13,Det,1,1,3104679
314,E,Ellington,Avenue,Garden City,11530,749000,740000,Colonial,4,3.000,"Full,Unfinished",,2,13542.00,CL,3/19/2019,9/15/2019,5/07/2019,6/13/2019,49,Det,1,1,3110611
26,,Canterbury,Road,Woodbury,11797,748000,735000,Split Level,3,3.500,"Partial,Finished",2 Car Attached,2,17001.21,CL,3/19/2019,9/30/2019,6/03/2019,8/20/2019,76,Det,1,1,3110712
122,S,Greenway,Drive,Syosset,11791,749777,715000,Ranch,3,3.000,"Full,Finished",1 Car Attached,2,13192.00,CL,3/30/2019,9/30/2019,7/16/2019,9/23/2019,108,Det,1,1,3114041
42,,Patricia,Lane,Syosset,11791,718888,690000,Splanch,4,2.500,,,2,15297.00,CL,3/31/2019,7/31/2019,6/17/2019,8/21/2019,78,Det,1,1,3114234
21,,Pickwick,Drive,Syosset,11791,738000,732000,Split Level,3,2.000,"Partial,Unfinished",1 Car Attached,2,18437.74,CL,3/06/2019,8/31/2019,4/26/2019,6/12/2019,50,Det,1,1,3115355
5,,Winthrop,Road,Plainview,11803,749999,715000,Split Level,5,3.500,"Partial,Finished",2 Car Attached,2,20544.36,CL,4/08/2019,11/15/2019,10/30/2019,1/10/2020,205,Det,1,1,3116879
11,,Susan,Court,Syosset,11791,749995,745000,Hi Ranch,4,2.500,"None,Unfinished",2 Car Attached,2,16745.00,CL,4/10/2019,10/09/2019,7/12/2019,9/05/2019,93,Det,1,1,3117975
25,,Coventry,Road,Syosset,11791,799000,780000,Split Level,5,4.000,"Full,Partially Finished",2 Car Attached,2,18914.53,CL,4/23/2019,3/27/2020,9/30/2019,1/27/2020,160,Det,1,1,3121866
6,,Forsythia,Lane,Jericho,11753,768800,749500,Split Level,4,3.000,"Full,Finished",2 Car Attached,2,19114.00,CL,3/05/2019,12/31/2019,6/27/2019,9/03/2019,113,Det,1,1,3124768
2,,Loretta,Drive,Syosset,11791,799888,750000,Split Level,4,2.000,"Partial,Finished",1 Car Attached,2,12373.00,CL,5/08/2019,12/01/2019,5/24/2019,1/29/2020,16,Det,1,1,3126583
7,,Jeffrey,Court,Syosset,11791,818000,785000,Colonial,4,3.000,"Full,Finished",2 Car Attached,2,16406.75,CL,5/13/2019,9/30/2019,6/24/2019,8/26/2019,42,Det,1,1,3128228
24,,Lesley,Drive,Syosset,11791,680000,681000,Ranch,3,2.000,Full,2 Car Attached,2,11241.74,CL,5/21/2019,11/21/2019,6/13/2019,9/04/2019,23,Det,1,1,3130918
134,,Syosset Woodbury,Road,Syosset,11791,699000,665000,Ranch,3,3.000,"Full,Finished",2 Car Attached,2,12291.48,CL,2/19/2019,8/19/2019,8/01/2019,10/31/2019,162,Det,1,1,3132649
16,,Russell Park,Road,Syosset,11791,690000,693000,Hi Ranch,4,2.500,"None,Unfinished",2 Car Attached,2,22358.39,CL,6/04/2019,12/04/2019,6/28/2019,10/21/2019,24,Det,1,1,3134946
16,,Ingram Drive,,Syosset,11791,683000,640000,Split Level,4,3.000,"Full,Finished",1 Car Attached,2,13550.00,CL,6/10/2019,6/27/2020,8/16/2019,11/04/2019,67,Det,1,1,3137030
40,,Carriage,Lane,Roslyn Heights,11577,955000,735000,Exp Ranch,5,4.000,"None,Unfinished",2 Car Attached,2,24267.19,CL,6/17/2019,8/31/2019,7/12/2019,8/01/2019,25,Det,1,1,3140147
15,,1st,Street,Syosset,11791,648000,625000,Colonial,3,1.550,"Full,Finished",2 Car Detached,2,15695.59,CL,10/18/2018,10/15/2019,8/23/2019,9/10/2019,309,Det,1,1,3142341
12,,Tredwell,Avenue,Syosset,11791,695000,635000,Duplex,5,2.000,"None,Unfinished",1 Car Attached,2,8764.58,CL,6/09/2019,11/20/2019,7/02/2019,8/22/2019,23,Det,1,2,3142994
21,,Doone,Drive,Syosset,11791,819000,800000,Colonial,3,2.500,"Full,Finished",1 Car Attached,2,19922.99,CL,6/10/2019,11/01/2019,8/09/2019,9/24/2019,60,Det,1,1,3147942
12,,Gainsboro,Lane,Syosset,11791,629000,620000,Exp Ranch,4,2.000,"Full,Finished",1 Car Attached,2,13086.55,CL,4/08/2019,12/31/2019,9/30/2019,1/03/2020,175,Det,1,1,3152216
42,,Pickwick,Drive,Syosset,11791,695000,660000,Split Level,3,2.000,"Full,Unfinished",1 Car Attached,2,14799.62,CL,8/15/2019,2/05/2020,12/18/2019,3/03/2020,125,Det,1,1,3156229
20,,Deer Path,Lane,Syosset,11791,699999,635000,Split Level,3,2.500,"Partial,Finished",,2,16748.45,CL,8/19/2019,8/19/2020,10/27/2019,3/18/2020,69,Det,1,1,3157202
91,E,Williston,Avenue,E. Williston,11596,695000,695000,Colonial,3,1.500,Full,,2,16369.00,CL,10/29/2019,10/22/2020,12/13/2019,1/29/2020,45,Det,1,1,3176436
10,,Leonard,Road,Syosset,11791,699000,678000,Split Level,4,2.000,"Partial,Finished",1 Car Attached,2,17766.01,CL,1/20/2017,1/20/2018,2/07/2017,4/04/2017,18,Det,1,1,*1273786
51,,Parkway,Drive,Syosset,11791,679000,670000,Split Level,3,2.500,"Full,Unfinished",2 Car Attached,2,14495.36,CL,2/09/2017,9/30/2017,3/01/2017,4/07/2017,20,Det,1,1,*1275378
64,,Terrehans,Lane,Syosset,11791,687000,700000,Split Level,5,3.500,"Partial,Finished",2 Car Attached,2,14620.00,CL,5/01/2017,11/01/2017,5/12/2017,8/03/2017,11,Det,1,1,*1283068
12,,Lewis,Lane,Syosset,11791,625000,631000,Ranch,4,2.000,"Full,Finished",1 Car Attached,2,10700.71,CL,6/11/2017,12/31/2017,7/13/2017,8/30/2017,32,Det,1,1,*1287402
31,,Roxton,Road,Plainview,11803,699000,685000,Split Level,3,2.000,"Partial,Finished",2 Car Attached,2,16181.00,CL,8/25/2017,4/01/2018,10/03/2017,11/15/2017,39,Det,1,1,*1293975
278,,Southwood,Circle,Syosset,11791,649000,649000,Split Level,3,2.500,"Partial,Finished",1 Car Attached,2,15867.86,CL,1/08/2018,6/30/2018,2/14/2018,5/23/2018,37,Det,1,1,*1303462
26,,Edna,Drive,Syosset,11791,748888,748888,Split Level,4,2.000,"Partial,Finished",1 Car Attached,2,13331.67,CL,2/28/2018,12/31/2018,3/26/2018,6/14/2018,25,Det,1,1,*1310881
12,,Candy,Lane,East Hills,11577,790000,790000,Exp Ranch,6,2.500,Full,2 Car Attached,2,11268.34,CL,9/23/2018,12/31/2018,9/24/2018,9/25/2018,1,Det,1,1,*1327413
7,,Hannelore,Way,Woodbury,11797,729000,698000,Hi Ranch,4,3.000,"Full,Unfinished",2 Car Attached,2,19802.73,CL,10/15/2018,10/15/2019,11/09/2018,1/04/2019,25,Det,1,1,*1328982
6,,Deer Path,Lane,Syosset,11791,749000,734500,Split Level,4,3.500,"Full,Finished",2 Car Attached,2,14452.00,CL,1/01/2019,12/31/2019,2/26/2019,7/15/2019,56,Det,1,1,*1333807
32,,Shortridge,Drive,Mineola,11501,699000,675000,Cape,4,3.000,Full,1 Car Detached,2,15972.88,CL,8/07/2019,8/07/2020,9/16/2019,11/14/2019,40,Det,1,1,*1354589
46,,Tiffany,Road,Laurel Hollow,11791,999000,740000,Colonial,5,2.000,"Full,Finished",2 Car Detached,2,20792.38,CL,5/26/2015,1/31/2019,7/01/2018,12/22/2018,1132,Det,1,1,2829087
402,,Woodbury,Road,Woodbury,11797,750000,710000,Farm Ranch,5,3.500,"Full,Unfinished",2 Car Attached,2,24460.90,CL,8/04/2016,6/30/2017,6/26/2017,9/11/2017,326,Det,1,1,2874191
4,,Wood,Court,Syosset,11791,639000,625000,Split Level,3,2.500,"Partial,Finished",2 Car Attached,2,18879.00,CL,9/06/2016,5/06/2017,2/04/2017,6/09/2017,151,Det,1,1,2880890
34,,Lesley,Drive,Syosset,11791,688000,650000,Ranch,3,2.500,"Full,Finished",2 Car Attached,2,15144.96,CL,9/08/2016,2/22/2017,12/07/2016,3/27/2017,90,Det,1,1,2881981
5,,Glenn,Drive,Woodbury,11797,675000,650000,Split Level,4,3.000,"Full,Finished",2 Car Attached,2,17849.25,CL,11/05/2016,5/04/2017,1/06/2017,5/05/2017,62,Det,1,1,2894795
2,,Stillwell,Lane,Woodbury,11797,765000,740000,Farm Ranch,3,2.500,"Crawl,Unfinished",2 Car Attached,2,25000.00,CL,11/17/2016,5/30/2017,2/15/2017,7/21/2017,90,Det,1,1,2897150
23,,Saturn,Court,Syosset,11791,749000,728000,Split Level,3,2.500,"Partial,Finished",,2,11912.00,CL,1/05/2017,6/05/2017,3/28/2017,6/27/2017,81,Det,1,1,2904959
1698,,Route 25 A,,Laurel Hollow,11791,775000,720000,Colonial,5,3.500,Full,3 Car Attached,2,48000.00,CL,1/13/2017,1/13/2018,4/27/2017,6/05/2017,103,Det,1,1,2906645
67,,Parkway,Drive,Syosset,11791,659000,638000,Split Level,3,2.500,Partial,2 Car Attached,2,13746.00,CL,1/19/2017,7/19/2017,3/17/2017,6/30/2017,56,Det,1,1,2907696
15,,Deborah,Road,Syosset,11791,769888,750000,Split Level,3,2.500,"Partial,Finished",2 Car Attached,2,18942.13,CL,1/23/2017,1/05/2018,3/13/2017,4/17/2017,48,Det,1,1,2908486
85,,George,Street,Roslyn Heights,11577,649000,635000,Cape,3,2.000,"Full,Finished",1 Car Detached,2,13698.35,CL,1/24/2017,12/31/2017,5/20/2017,8/04/2017,115,Det,1,1,2908695
18,,London,Road,Syosset,11791,728000,698000,Split Level,5,3.000,"None,Unfinished",1 Car Attached,2,19989.83,CL,2/04/2017,9/04/2017,2/27/2017,6/05/2017,23,Det,1,1,2911510
26,,Stuart,Drive,Syosset,11791,749000,745000,Split Level,3,3.000,"Full,Finished",2 Car Attached,2,19868.21,CL,3/06/2017,9/01/2017,6/30/2017,8/15/2017,115,Det,1,1,2919047
8,,Clearland,Road,Syosset,11791,649000,667000,Split Level,3,2.500,"Partial,Finished",2 Car Attached,2,14742.00,CL,3/09/2017,9/09/2017,3/24/2017,6/27/2017,14,Det,1,1,2919757
3,,Hannelore,Way,Woodbury,11797,695000,695000,Colonial,5,3.500,"Full,Unfinished",,2,19177.00,CL,3/17/2017,9/18/2017,4/24/2017,8/30/2017,38,Det,1,1,2921885
62,,Stuart,Drive,Syosset,11791,725000,725000,Split Level,3,2.500,"Full,Finished",2 Car Attached,2,20516.27,CL,3/17/2017,9/15/2017,4/10/2017,6/20/2017,24,Det,1,1,2921889
23,,Colgate,Lane,Woodbury,11797,799000,790000,Ranch,3,3.000,"Full,Finished",2 Car Attached,2,14257.00,CL,3/30/2017,9/30/2017,4/10/2017,8/14/2017,11,Det,1,1,2925196
307,,Lydia,Place,Jericho,11753,739000,705000,Split Level,4,2.500,"Full,Finished",2 Car Attached,2,13039.00,CL,3/29/2017,8/31/2017,5/12/2017,6/29/2017,44,Det,1,1,2925482
4-01,,Jean,Place,Syosset,11791,649000,620000,Split Level,4,2.500,"Full,Finished",1 Car Attached,2,19552.10,CL,4/08/2017,9/30/2017,6/16/2017,8/09/2017,69,Det,1,1,2927792
71,,High,Street,E. Williston,11596,739000,695000,Cape,4,2.000,"Full,Unfinished",1 Car Attached,2,16613.00,CL,4/10/2017,12/24/2017,8/10/2017,10/04/2017,122,Att,1,1,2928079
23,,Sunbeam,Road,Syosset,11791,729000,720000,Split Level,3,2.500,Full,2 Car Attached,2,12365.07,CL,4/10/2017,8/10/2017,4/28/2017,7/13/2017,18,Det,1,1,2928281
27,,Fortune,Lane,Jericho,11753,769000,760000,Split Level,4,3.000,"Full,Finished",2 Car Attached,2,15584.77,CL,4/13/2017,4/12/2018,5/08/2017,7/17/2017,25,Det,1,1,2929023
4,S,Sagamore,Way,Jericho,11753,800000,745000,Colonial,4,2.500,"Full,Finished",2 Car Attached,2,18082.12,CL,4/17/2017,10/30/2017,6/05/2017,8/24/2017,49,Det,1,1,2929714
6,,Sheila,Drive,Syosset,11791,768000,780000,Split Level,6,3.000,"Partial,Finished",2 Car Attached,2,14873.51,CL,4/18/2017,10/18/2017,5/15/2017,8/10/2017,27,Det,1,1,2930196
31,,Humphrey,Drive,Syosset,11791,712000,721000,Split Level,4,2.000,"Partial,Finished",1 Car Attached,2,12075.83,CL,4/19/2017,4/12/2018,5/03/2017,8/14/2017,14,Det,1,1,2930558
277,,Roselle,Street,Mineola,11501,799000,799000,Cape,3,2.500,"Full,Finished",,2,15082.27,CL,4/22/2017,10/01/2017,5/12/2017,7/17/2017,20,Det,1,1,2931661
9,,Walker,Avenue,Syosset,11791,799999,762500,Colonial,5,3.000,"Full,Finished",1 Car Attached,2,17291.83,CL,4/25/2017,10/25/2017,6/23/2017,8/23/2017,59,Det,1,1,2932418
3,,Lincrest,Street,Syosset,11791,679000,657000,Split Level,3,2.000,"Crawl,Unfinished",,2,13443.79,CL,4/26/2017,4/26/2018,7/27/2017,11/15/2017,92,Det,1,1,2932844
15,,Richard,Lane,Syosset,11791,724900,705000,Split Level,3,2.000,"Full,Finished",1 Car Attached,2,14968.35,CL,5/05/2017,5/05/2018,5/10/2017,7/21/2017,5,Det,1,1,2935645
45,N,Pickwick,Drive,Syosset,11791,659000,670000,Split Level,3,2.000,"Full,Finished",1 Car Attached,2,14446.00,CL,5/10/2017,5/10/2018,5/26/2017,7/27/2017,16,Det,1,1,2937195
16,,Clearland,Road,Syosset,11791,799000,770000,Split Level,3,2.500,"Partial,Finished",2 Car Attached,2,22148.00,CL,5/11/2017,11/11/2017,7/25/2017,10/30/2017,75,Det,1,1,2937318
42,,Stuart,Drive,Syosset,11791,639000,640000,Split Level,3,2.000,"Partial,Finished",2 Car Attached,2,19583.00,CL,5/11/2017,11/11/2017,5/23/2017,8/08/2017,12,Det,1,1,2937350
21,,Birchwood Park,Drive,Syosset,11791,649000,665000,Split Level,3,2.000,"Full,Finished",2 Car Attached,2,21243.00,CL,5/12/2017,10/10/2017,6/22/2017,8/21/2017,41,Det,1,1,2937891
29,,Victor,Lane,Woodbury,11797,815000,750000,Colonial,4,3.500,Partial,,2,22100.74,CL,5/17/2017,10/01/2017,7/11/2017,8/17/2017,55,Det,1,1,2939014
127,,Colony,Lane,Syosset,11791,799999,775000,Split Level,5,3.000,"Full,Finished",1 Car Attached,2,16122.00,CL,5/07/2017,5/08/2018,7/12/2017,9/26/2017,66,Det,1,1,2939372
23,,Lark,Drive,Woodbury,11797,729000,720000,Split Level,3,2.500,"Full,Finished",2 Car Attached,2,17478.00,CL,5/18/2017,11/13/2017,6/16/2017,9/08/2017,29,Det,1,1,2939585
29,,Humphrey,Drive,Syosset,11791,598000,630000,Split Level,4,1.500,"Partial,Finished",1 Car Attached,2,14649.00,CL,5/18/2017,11/18/2017,5/25/2017,7/31/2017,7,Det,1,1,2939586
8,,Richard,Lane,Syosset,11791,698000,685000,Split Level,3,1.500,"Partial,Unfinished",1 Car Attached,2,13435.00,CL,5/18/2017,10/31/2017,7/05/2017,9/25/2017,48,Det,1,1,2940128
22,,First,Street,Syosset,11791,769000,770000,Colonial,4,2.000,"Full,Unfinished",1 Car Attached,2,17939.13,CL,5/22/2017,12/30/2017,6/15/2017,8/15/2017,24,Det,1,1,2940608
33,,Ann,Drive,Syosset,11791,698000,690000,Split Level,3,2.500,"Full,Finished",Attached,2,20279.17,CL,5/25/2017,11/30/2017,6/16/2017,9/01/2017,22,Det,1,1,2941583
193,,Woodbury,Road,Woodbury,11797,729000,712500,Victorian,5,1.500,Full,1 Car Detached,2,14765.00,CL,5/28/2017,5/28/2018,8/17/2017,10/26/2017,81,Det,1,1,2942113
55,,Circle,Drive,Syosset,11791,629000,605000,Split Level,3,2.500,"Crawl,Unfinished",1 Car Attached,2,16638.71,CL,6/01/2017,12/31/2017,7/05/2017,8/14/2017,34,Det,1,1,2943331
60,,Southwoods,Road,Syosset,11791,649000,620000,Ranch,3,2.000,"Partial,Finished",1 Car Attached,2,19061.00,CL,6/02/2017,11/01/2017,9/15/2017,12/11/2017,105,Det,1,1,2943567
27,,Drury,Lane,Syosset,11791,789000,773800,Split Level,4,3.500,Partial,2 Car Attached,2,17702.00,CL,6/07/2017,12/31/2017,6/21/2017,8/24/2017,14,Det,1,1,2945224
16,,Willets,Avenue,Syosset,11791,639000,628000,Split Level,4,2.000,"Partial,Partially Finished",1 Car Attached,2,17640.00,CL,6/08/2017,12/29/2017,7/25/2017,9/14/2017,47,Det,1,1,2945529
34,,Center,Drive,Syosset,11791,818888,790000,Split Level,3,2.500,"Full,Finished",,2,21101.10,CL,6/22/2017,6/10/2018,7/19/2017,9/21/2017,27,Det,1,1,2949160
26,E,Park,Drive,Syosset,11791,638000,628000,Ranch,3,3.000,"Full,Finished",2 Car Attached,2,14999.93,CL,6/25/2017,12/31/2017,7/18/2017,9/14/2017,23,Det,1,1,2949971
45,,Princeton,Drive,Syosset,11791,799000,775000,Contemporary,4,2.500,"Full,Unfinished",2 Car Attached,2,22823.38,CL,7/24/2017,2/01/2018,8/11/2017,11/02/2017,18,Det,1,1,2957669
3,,Miller,Boulevard,Syosset,11791,749000,725000,Farm Ranch,5,2.000,"Full,Finished",1 Car Attached,2,15047.38,CL,8/04/2017,12/31/2017,11/30/2017,1/19/2018,118,Det,1,1,2960739
80,,Circle,Drive,Syosset,11791,649000,630000,Split Level,3,3.000,"Partial,Finished",,2,14361.00,CL,8/14/2017,2/01/2018,9/14/2017,10/03/2017,31,Det,1,1,2963123
7,,Glenwood,Road,Plainview,11803,785000,770000,Split Level,5,3.500,"Full,Finished",1 Car Attached,2,18048.13,CL,8/23/2017,2/28/2018,11/09/2017,12/27/2017,78,Det,1,1,2965510
56,,Stuart,Drive,Syosset,11791,664888,680000,Split Level,3,2.500,"Partial,Unfinished",2 Car Attached,2,11168.13,CL,8/28/2017,2/23/2018,9/06/2017,11/21/2017,9,Det,1,1,2966409
66,,Muttontown,Road,Syosset,11791,669888,650888,Colonial,4,2.500,"Full,Finished",2 Car Attached,2,21615.29,CL,9/05/2017,7/07/2018,10/26/2017,2/28/2018,51,Det,1,1,2967984
35,,Morris,Drive,Syosset,11791,659888,659888,Split Level,3,2.500,"Partial,Finished",2 Car Attached,2,17567.00,CL,9/07/2017,3/07/2018,12/27/2017,2/28/2018,111,Det,1,1,2968820
229,,Martin,Drive,Syosset,11791,749000,728000,Split Level,4,2.000,"Partial,Finished",1 Car Attached,2,15950.00,CL,9/12/2017,3/09/2018,10/12/2017,1/18/2018,30,Det,1,1,2970178
28,,Hillside,Lane,Syosset,11791,675000,675000,Cape,3,2.000,"Full,Finished",1 Car Attached,2,8215.58,CL,9/26/2017,3/26/2018,10/19/2017,12/07/2017,23,Det,1,1,2974008
18,,Loretta,Drive,Syosset,11791,719800,710000,Split Level,4,2.500,"Partial,Finished",,2,18255.00,CL,9/28/2017,10/29/2017,10/23/2017,12/15/2017,25,Att,1,1,2974725
3,,Glenwood,Road,Plainview,11803,769000,725000,Split Level,3,2.550,"Full,Finished",2 Car Attached,2,16472.06,CL,10/23/2017,6/30/2018,1/09/2018,3/02/2018,78,Det,1,1,2980474
36,,Underhill,Avenue,Syosset,11791,649000,628000,Exp Cape,4,2.000,Full,1 Car Attached,2,15790.00,CL,10/24/2017,4/23/2018,1/24/2018,4/20/2018,92,Att,1,1,2980605
11,,Whitman,Avenue,Syosset,11791,725000,725000,Colonial,5,3.000,"Full,Finished",1 Car Detached,2,17291.83,CL,11/03/2017,4/24/2018,11/10/2017,1/31/2018,7,Det,1,1,2983167
26,,Tacoma,Lane,Syosset,11791,729888,726000,Split Level,3,2.500,"Partial,Finished",1 Car Attached,2,12834.52,CL,11/05/2017,5/05/2018,11/30/2017,3/05/2018,25,Det,1,1,2983569
9,,Coventry,Road,Syosset,11791,679000,679000,Split Level,3,2.500,"Partial,Finished",2 Car Attached,2,20724.51,CL,11/14/2017,11/01/2018,11/27/2017,2/21/2018,13,Det,1,1,2985678
40,,Marlene,Drive,Syosset,11791,699000,710000,Split Level,4,2.500,"Partial,Unfinished",1 Car Attached,2,15272.53,CL,11/14/2017,5/31/2018,11/30/2017,2/06/2018,16,Det,1,1,2985812
18,,Forest,Drive,Jericho,11753,668000,655000,Exp Ranch,4,2.000,"Full,Partially Finished",1 Car Attached,2,17045.70,CL,11/16/2017,5/15/2018,12/14/2017,1/22/2018,28,Det,1,1,2986315
42,,Robert,Circle,Syosset,11791,728000,684000,Split Level,4,2.500,"Partial,Unfinished",2 Car Attached,2,18608.00,CL,11/20/2017,5/19/2018,2/20/2018,4/06/2018,92,Det,1,1,2987255
19,,Teibrook,Avenue,Syosset,11791,679000,680000,Ranch,3,2.000,"Full,Finished",,2,16574.00,CL,11/30/2017,10/25/2018,12/21/2017,2/27/2018,21,Det,1,1,2988520
10,,Richard,Lane,Syosset,11791,759000,735000,Split Level,3,2.000,"Full,Finished",2 Car Attached,2,19993.00,CL,12/03/2017,6/03/2018,5/17/2018,7/03/2018,164,Det,1,1,2989185
110,,Colony,Lane,Syosset,11791,669000,655000,Split Level,4,2.000,"Full,Finished",,2,16975.71,CL,12/04/2017,6/30/2018,1/05/2018,2/28/2018,32,Det,1,1,2989444
3,,Cheshire,Avenue,Syosset,11791,799000,785000,Exp Cape,4,2.000,"Full,Finished",1 Car Attached,2,14900.13,CL,12/29/2017,6/30/2018,1/11/2018,3/02/2018,13,Det,1,1,2993349
132,,Colony,Lane,Syosset,11791,775000,745000,Split Level,3,2.500,"Full,Finished",1 Car Attached,2,13081.40,CL,1/02/2018,7/02/2018,2/05/2018,6/15/2018,34,Det,1,1,2993891
9,,Elf,Road,Syosset,11791,638000,645000,Split Level,3,1.500,Full,,2,13982.42,CL,1/03/2018,11/30/2018,1/19/2018,4/17/2018,16,Det,1,1,2994032
6,,Georgia,Drive,Syosset,11791,665000,645000,Exp Ranch,4,2.000,"Partial,Finished",,2,16024.91,CL,1/16/2018,7/31/2018,5/08/2018,8/24/2018,111,Det,1,1,2996981
38,,Pickwick,Drive,Syosset,11791,798888,790000,Split Level,4,3.000,"Partial,Finished",Private Parking,2,16535.31,CL,1/19/2018,4/30/2018,3/28/2018,4/27/2018,67,Det,1,1,2997830
32,,Montana,Court,Syosset,11791,649888,632000,Cape,4,2.000,"Full,Finished",1 Car Attached,2,10578.56,CL,1/30/2018,8/20/2018,2/17/2018,4/10/2018,18,Det,1,1,3000394
35,,Greentree,Road,Mineola,11501,660000,660000,Cape,6,2.000,"Full,Partially Finished",2 Car Detached,2,10218.72,CL,1/31/2018,7/31/2018,3/15/2018,5/30/2018,42,Det,1,1,3000906
6,,Robert,Circle,Syosset,11791,648000,630000,Exp Ranch,3,2.000,"Full,Partially Finished",1 Car Attached,2,19466.00,CL,2/05/2018,9/30/2018,8/30/2018,10/25/2018,205,Det,1,1,3002028
4,,Whitman,Avenue,Syosset,11791,729000,762888,Exp Cape,4,2.000,"Full,Finished",1 Car Attached,2,19075.00,CL,2/05/2018,8/05/2018,3/01/2018,6/05/2018,24,Det,1,1,3002202
15,,Lawrence,Court,Syosset,11791,649900,672000,Colonial,4,2.500,"Full,Unfinished",1 Car Attached,2,15994.95,CL,2/09/2018,8/31/2018,2/20/2018,5/29/2018,11,Det,1,1,3003224
16,,Winthrop,Avenue,Syosset,11791,669000,675000,Farm Ranch,4,2.000,"Full,Finished",1 Car Attached,2,15540.00,CL,2/12/2018,8/31/2018,3/13/2018,5/02/2018,28,Det,1,1,3003848
12,,Peg,Place,Syosset,11791,759000,730000,Hi Ranch,5,3.000,"None,Unfinished",,2,21691.10,CL,2/13/2018,5/31/2018,3/09/2018,6/04/2018,24,Det,1,2,3004155
11,,Georgia,Drive,Syosset,11791,720000,685000,Colonial,5,3.000,"Full,Finished",,2,14731.00,CL,2/13/2018,5/11/2018,3/05/2018,5/21/2018,20,Det,1,1,3004157
15,,Wheatley,Avenue,E. Williston,11596,699000,710000,Colonial,4,2.500,"Full,Unfinished",2 Car Detached,2,16753.88,CL,2/18/2018,6/25/2018,3/27/2018,6/08/2018,36,Det,1,1,3005439
213,,Glenmore,Street,E. Williston,11596,699500,680000,Tudor,3,1.500,"Full,Finished",2 Car Detached,2,13906.77,CL,1/07/2018,7/07/2018,4/24/2018,6/01/2018,106,Det,1,1,3006043
252,,Ellen,Place,Jericho,11753,769000,770000,Hi Ranch,4,2.500,"None,Unfinished",1 Car Attached,2,18287.27,CL,2/22/2018,8/31/2018,3/23/2018,7/02/2018,28,Det,1,1,3006436
202,,Nelson,Court,Syosset,11791,739000,700000,Hi Ranch,4,2.500,"None,Unfinished",2 Car Attached,2,14216.25,CL,2/28/2018,7/15/2018,4/04/2018,7/02/2018,34,Det,1,1,3008056
262,,Gramercy,Drive,Jericho,11753,759000,749000,Hi Ranch,4,3.000,"None,Unfinished",1 Car Attached,2,21724.49,CL,3/02/2018,9/30/2018,3/19/2018,5/30/2018,16,Det,1,1,3008680
144,,Ira,Road,Syosset,11791,678888,649000,Ranch,3,2.000,"Full,Finished",,2,14254.00,CL,3/04/2018,3/03/2019,4/17/2018,6/01/2018,43,Det,1,1,3009200
131,,Charles,Street,E. Williston,11596,730000,685000,Colonial,3,1.500,Full,,2,15313.00,CL,3/04/2018,6/04/2018,5/02/2018,6/15/2018,58,Det,1,1,3009585
15,,Irving,Drive,Woodbury,11797,649000,630000,Colonial,3,2.000,"Full,Finished",2 Car Detached,2,14429.15,CL,3/07/2018,9/05/2018,3/29/2018,6/14/2018,21,Det,1,1,3010093
43,,Westwood,Circle,East Hills,11577,788000,780000,Exp Ranch,4,2.000,"Full,Unfinished",2 Car Attached,2,14218.37,CL,3/08/2018,9/18/2018,3/15/2018,6/15/2018,6,Det,1,1,3010354
30,,Renee,Road,Syosset,11791,789000,789000,Ranch,3,2.000,"Full,Finished",1 Car Attached,2,13929.00,CL,3/10/2018,9/08/2018,4/17/2018,6/27/2018,37,Det,1,1,3010924
8,,Honey,Drive,Syosset,11791,820000,765000,Split Level,4,3.000,"Full,Finished",2 Car Attached,2,15478.00,CL,3/15/2018,9/30/2018,9/18/2018,10/15/2018,187,Det,1,1,3012134
18,,Williams,Avenue,Syosset,11791,650000,625000,Ranch,3,2.500,"Full,Finished",1 Car Attached,2,16735.51,CL,3/19/2018,9/19/2018,6/05/2018,7/24/2018,78,Det,1,1,3013220
1,,Greenacre,Court,Syosset,11791,779000,779000,Split Level,3,2.500,"Full,Finished",,2,17469.69,CL,3/19/2018,3/19/2019,3/29/2018,7/11/2018,10,Det,1,1,3013316
43,,Syosset,Circle,Syosset,11791,649000,645000,Ranch,3,1.000,Full,1 Car Attached,2,12300.00,CL,3/22/2018,6/30/2018,4/20/2018,6/20/2018,29,Det,1,1,3014053
10,,Ingram,Drive,Hicksville,11801,749000,730000,Split Level,3,2.500,"Full,Finished",2 Car Attached,2,15286.68,CL,3/22/2018,9/15/2018,4/19/2018,7/13/2018,28,Att,1,1,3014160
9,,Dawes,Avenue,Syosset,11791,679000,650000,Colonial,3,1.500,"Full,Finished",1 Car Detached,2,13683.78,CL,3/21/2018,9/30/2018,6/22/2018,8/28/2018,93,Det,1,1,3014186
14,,Walnut,Drive,Syosset,11791,709000,688888,Split Level,4,2.000,"Full,Finished",1 Car Attached,2,9410.57,CL,3/25/2018,9/20/2018,4/11/2018,5/23/2018,17,Det,1,1,3014738
1,,Underhill,Avenue,Syosset,11791,695000,635000,Cape,4,2.000,"Full,Partially Finished",1 Car Attached,2,11880.00,CL,3/26/2018,9/23/2018,5/23/2018,6/28/2018,58,Det,1,1,3014925
14,,Orchard,Street,Syosset,11791,739000,680000,Cape,3,2.000,Full,1 Car Attached,2,15689.00,CL,3/29/2018,9/17/2018,4/23/2018,6/21/2018,25,Det,1,1,3015979
15,,Pickwick,Drive,Syosset,11791,659000,663000,Split Level,3,1.500,"Partial,Finished",1 Car Attached,2,13248.25,CL,4/01/2018,8/01/2018,4/13/2018,7/05/2018,12,Att,1,1,3016941
38,,Montana,Court,Syosset,11791,799888,788500,Colonial,6,2.000,"Full,Finished",,2,15884.57,CL,4/04/2018,3/26/2019,4/30/2018,8/03/2018,26,Det,1,1,3017610
2,,Mesa,Road,Syosset,11791,749999,750000,Split Level,3,2.500,"Partial,Finished",2 Car Attached,2,13537.22,CL,4/25/2018,12/31/2018,5/14/2018,8/22/2018,19,Det,1,1,3024025
63,,Pickwick Drive N,,Syosset,11791,749000,725000,Split Level,5,3.500,"Full,Finished",,2,16935.00,CL,4/25/2018,9/30/2018,5/29/2018,8/30/2018,34,Det,1,1,3024109
73,,Ashford,Drive,Syosset,11791,769000,762000,Split Level,4,3.500,Partial,2 Car Attached,2,16718.00,CL,4/28/2018,10/28/2018,5/25/2018,7/30/2018,27,Det,1,1,3024825
213,,Syosset Woodbury,Road,Syosset,11791,649000,649000,Split Level,3,2.500,"Full,Unfinished",1 Car Attached,2,17080.83,CL,4/30/2018,12/31/2018,5/03/2018,7/25/2018,3,Det,1,1,3025220
139,,Cold Spring,Road,Syosset,11791,825000,780000,Split Level,5,4.500,"Full,Partially Finished",2 Car Attached,2,31085.00,CL,5/02/2018,12/28/2018,10/11/2018,12/18/2018,162,Det,1,1,3027017
40,,Robert,Circle,Syosset,11791,699999,683500,Split Level,4,2.500,"Full,Finished",2 Car Attached,2,15250.51,CL,5/04/2018,10/09/2018,7/19/2018,9/11/2018,76,Det,1,1,3027493
36,,Croyden,Court,Albertson,11507,799000,773000,Colonial,3,1.500,"Full,Partially Finished",1 Car Attached,2,11219.14,CL,5/14/2018,11/03/2018,6/22/2018,9/07/2018,39,Det,1,1,3029777
36,,Lark,Drive,Syosset,11791,699000,680000,Split Level,3,1.500,"Full,Finished",1 Car Attached,2,16195.00,CL,5/15/2018,11/30/2018,7/02/2018,9/12/2018,48,Det,1,1,3030254
22,,Flower,Lane,Jericho,11753,699888,699888,Split Level,4,2.500,"Full,Unfinished",2 Car Attached,2,19405.19,CL,5/17/2018,11/18/2018,5/31/2018,7/10/2018,14,Det,1,1,3031304
31,,Deer Path,Lane,Syosset,11791,659000,637000,Split Level,4,1.500,"Full,Finished",1 Car Attached,2,16735.51,CL,5/19/2018,11/19/2018,7/11/2018,10/25/2018,53,Det,1,1,3032026
126,,Celia,Drive,Jericho,11753,719000,663000,Split Level,4,2.500,"Full,Finished",2 Car Attached,2,18892.92,CL,5/23/2018,8/21/2018,7/31/2018,10/18/2018,69,Det,1,1,3032923
22,,Mesa,Road,Syosset,11791,760000,748000,Split Level,3,2.500,"Partial,Finished",2 Car Attached,2,16573.76,CL,5/30/2018,9/30/2018,7/11/2018,8/24/2018,42,Det,1,1,3034457
2,,Clarissa,Drive,Syosset,11791,648000,635000,Cape,4,2.000,"Full,Partially Finished",1 Car Attached,2,16685.46,CL,5/31/2018,8/31/2018,6/14/2018,7/19/2018,14,Det,1,1,3034920
42,,Terrehans,Lane,Syosset,11791,659000,625000,Split Level,5,3.500,"Partial,Unfinished",2 Car Attached,2,17753.30,CL,6/08/2018,12/31/2018,11/10/2018,2/14/2019,155,Det,1,1,3037655
35,,Winthrop,Drive,Woodbury,11797,728000,716000,Farm Ranch,4,2.500,Partial,2 Car Detached,2,14002.45,CL,6/18/2018,6/07/2019,8/17/2018,11/01/2018,60,Det,1,1,3040391
7,,Harmony,Court,Syosset,11791,777000,720000,Colonial,4,2.500,"Full,Finished",1 Car Attached,2,16769.29,CL,6/18/2018,12/11/2018,11/08/2018,12/17/2018,143,Det,1,1,3040431
516,,Roslyn,Road,E. Williston,11596,799000,782000,Colonial,4,2.500,"Full,Finished",1 Car Attached,2,19571.24,CL,6/18/2018,12/14/2018,8/30/2018,11/16/2018,73,Det,1,1,3040566
13,,Jean,Place,Syosset,11791,798888,791500,Split Level,4,3.000,"Full,Finished",,2,16918.00,CL,6/20/2018,12/20/2018,8/17/2018,10/01/2018,58,Att,1,1,3041549
22,,Deborah,Road,Syosset,11791,629000,610000,Split Level,3,2.000,"Partial,Unfinished",2 Car Attached,2,20890.21,CL,6/21/2018,12/30/2018,7/20/2018,8/30/2018,29,Det,1,1,3041621
12,,1st,Street,Syosset,11791,768000,738000,Colonial,4,2.500,"Full,Finished",,2,20012.10,CL,7/03/2018,12/30/2018,8/26/2018,10/11/2018,54,Det,1,1,3045258
69,,Joyce,Lane,Woodbury,11797,809000,775000,Farm Ranch,3,2.000,"Full,Finished",2 Car Attached,2,12578.40,CL,7/09/2018,1/09/2019,10/01/2018,11/30/2018,84,Det,1,1,3046371
27,,East,Drive,Woodbury,11797,699000,640000,Split Level,4,2.500,"Partial,Finished",2 Car Attached,2,18102.00,CL,7/10/2018,5/10/2019,4/25/2019,6/28/2019,289,Det,1,1,3046761
231,,Miller,Place,Syosset,11791,599000,615000,Exp Cape,6,2.000,"Full,Unfinished",1 Car Attached,2,14266.07,CL,7/10/2018,1/10/2019,7/31/2018,10/02/2018,21,Det,1,1,3047132
87,,Birchwood Park,Drive,Syosset,11791,750000,755500,Split Level,3,3.000,"Partial,Finished",2 Car Attached,2,23509.93,CL,7/21/2018,10/14/2018,8/14/2018,10/15/2018,24,Det,1,1,3050397
46,,Underhill,Avenue,Syosset,11791,725000,690000,Cape,4,2.000,"Full,Partially Finished",1 Car Attached,2,15934.60,CL,7/23/2018,7/13/2019,8/11/2018,11/01/2018,19,Det,1,1,3050817
16,,High Meadows,Lane,Oyster Bay Cove,11771,799900,800000,Split Level,4,3.500,Unfinished,2 Car Attached,2,33598.87,CL,7/24/2018,6/30/2019,1/30/2019,2/25/2019,190,Det,1,1,3051454
10,,Roberta,Lane,Syosset,11791,699000,702000,Split Level,4,2.000,"Partial,Finished",Private Parking,2,12342.28,CL,7/25/2018,1/31/2019,8/24/2018,11/30/2018,30,Det,1,1,3051582
3,,Westminster,Road,Syosset,11791,679000,650000,Split Level,3,2.500,"Full,Finished",1 Car Attached,2,12747.68,CL,7/25/2018,1/30/2019,10/05/2018,11/27/2018,72,Det,1,1,3051603
28,,Newmarket,Road,Syosset,11791,668888,665000,Ranch,3,2.000,"Full,Partially Finished",1 Car Attached,2,13214.00,CL,8/01/2018,2/01/2019,8/07/2018,9/12/2018,6,Det,1,1,3053521
7,,Venus,Road,Syosset,11791,620999,610000,Ranch,3,1.500,"Full,Finished",,2,12514.14,CL,8/07/2018,8/06/2019,8/28/2018,10/23/2018,21,Det,1,1,3055090
69,,Melanie,Lane,Syosset,11791,819000,786500,Split Level,4,3.500,"Partial,Unfinished",2 Car Attached,2,18776.00,CL,8/08/2018,1/17/2019,9/07/2018,12/27/2018,30,Det,1,1,3055414
124,,Robbins,Lane,Jericho,11753,645000,610000,Split Level,3,2.000,"Full,Finished",2 Car Attached,2,20820.00,CL,8/09/2018,11/07/2018,10/22/2018,12/17/2018,74,Det,1,1,3055694
60,,Underhill,Avenue,Syosset,11791,728000,700000,Cape,4,2.000,"Full,Finished",1 Car Attached,2,15696.00,CL,8/09/2018,11/30/2018,10/17/2018,12/28/2018,69,Det,1,1,3055784
23,,Eaton,Road,Syosset,11791,788888,775000,Split Level,4,3.000,"Full,Finished",1 Car Attached,2,17984.00,CL,8/09/2018,11/09/2018,11/01/2018,12/10/2018,84,Det,1,1,3055889
308 D,S,Oyster Bay,Road,Syosset,11791,745000,715000,Hi Ranch,5,3.000,"Full,Finished",,2,15934.60,CL,8/15/2018,2/11/2019,10/23/2018,11/27/2018,69,Det,1,2,3057195
78,,Split Rock,Road,Syosset,11791,659000,615000,Ranch,3,1.500,"Full,Unfinished",1 Car Detached,2,13499.07,CL,8/17/2018,2/01/2019,10/16/2018,1/08/2019,60,Det,1,1,3058061
144,,Split Rock,Road,Syosset,11791,818000,778000,Colonial,4,2.500,"Full,Finished",2 Car Attached,2,18115.00,CL,8/18/2018,11/17/2018,10/26/2018,1/08/2019,69,Det,1,1,3058272
217,,Jerome,Street,Syosset,11791,715000,672000,Split Level,5,2.000,"Partial,Finished",,2,17887.00,CL,8/22/2018,12/31/2018,9/25/2018,10/26/2018,34,Det,1,1,3059374
355,,I U Willets,Road,Roslyn Heights,11577,749000,695000,Ranch,3,2.000,"None,Unfinished",,2,13846.00,CL,8/31/2018,3/01/2019,10/18/2018,1/17/2019,48,Det,1,1,3061422
9,,Roxton,Road,Plainview,11803,799000,780000,Split Level,3,2.500,"Partial,Finished",2 Car Attached,2,14734.50,CL,9/04/2018,3/01/2019,9/18/2018,10/18/2018,14,Det,1,1,3062252
51,,Miller,Boulevard,Syosset,11791,680000,708000,Exp Cape,3,2.000,"Full,Partially Finished",1 Car Attached,2,14428.13,CL,9/06/2018,2/28/2019,10/09/2018,12/27/2018,33,Det,1,1,3063027
314,,Southwood,Circle,Syosset,11791,799000,775180,Split Level,4,4.000,Full,1 Car Attached,2,13148.00,CL,9/08/2018,12/31/2018,10/10/2018,1/11/2019,32,Det,1,1,3063479
64,,Parkway,Drive,Syosset,11791,748999,734000,Split Level,3,3.000,"Full,Finished",2 Car Attached,2,18134.00,CL,9/18/2018,3/31/2019,11/29/2018,2/20/2019,72,Det,1,1,3065987
15,,Hillvale,Road,Syosset,11791,768888,730000,Split Level,3,2.500,"Partial,Finished",2 Car Attached,2,17354.10,CL,9/18/2018,12/31/2018,10/30/2018,5/30/2019,42,Det,1,1,3066093
5,,Cambria,Road,Syosset,11791,699999,678000,Split Level,3,2.500,"None,Unfinished",1 Car Attached,2,19038.17,CL,9/19/2018,9/11/2019,4/24/2019,7/15/2019,217,Det,1,1,3066401
32,,Sexton,Road,Syosset,11791,818000,780000,Split Level,4,3.500,"Partial,Finished",1 Car Attached,2,12555.70,CL,9/20/2018,4/01/2019,10/24/2018,1/11/2019,34,Det,1,1,3066780
202,,Southwood,Circle,Syosset,11791,658888,630000,Colonial,5,2.000,"None,Unfinished",2 Car Detached,2,16918.89,CL,10/01/2018,4/01/2019,10/27/2018,3/22/2019,26,Det,1,1,3069552
14,,Walnut,Drive,Syosset,11791,699000,696000,Split Level,4,2.000,"Full,Finished",1 Car Attached,2,9368.01,CL,10/16/2018,1/16/2019,11/27/2018,2/22/2019,42,Det,1,1,3073747
27,,Andover,Drive,Syosset,11791,785000,765000,Split Level,5,3.500,"Partial,Finished",1 Car Attached,2,18827.91,CL,10/23/2018,4/23/2019,11/30/2018,2/19/2019,38,Det,1,1,3075534
183,,Old Westbury Rd,,Old Westbury,11568,929000,800000,Contemporary,5,2.500,"Full,Finished",2 Car Detached,2,41473.99,CL,10/26/2018,3/26/2019,11/20/2018,1/08/2019,25,Det,1,1,3076563
62,,George,Street,Roslyn Heights,11577,679000,639000,Ranch,3,1.500,Full,,2,14891.55,CL,10/28/2018,3/28/2019,3/01/2019,4/12/2019,124,Det,1,1,3076813
227,,Berry Hill,Road,Syosset,11791,650000,625000,Colonial,3,1.000,"Full,Unfinished",1 Car Detached,2,14091.86,CL,11/01/2018,4/30/2019,4/01/2019,6/18/2019,151,Det,1,1,3077931
11,,Roxton,Road,Plainview,11803,718000,720000,Split Level,4,2.500,"Partial,Finished",1 Car Attached,2,13992.46,CL,11/14/2018,5/30/2019,12/20/2018,2/28/2019,36,Det,1,1,3081143
21,,Mesa,Road,Syosset,11791,778888,745000,Split Level,4,3.000,"Full,Finished",,2,14658.00,CL,12/05/2018,3/31/2019,4/16/2019,9/13/2019,131,Det,1,1,3085356
15,,Parkway,Drive,Syosset,11791,712000,690000,Split Level,3,2.000,"Full,Finished",2 Car Attached,2,19532.00,CL,10/30/2018,4/10/2019,2/19/2019,6/05/2019,112,Det,1,1,3089804
89,,Belmont,Circle,Syosset,11791,658888,658888,Split Level,3,1.500,"Partial,Finished",1 Car Attached,2,12088.00,CL,1/03/2019,6/30/2019,1/22/2019,4/25/2019,19,Det,1,1,3089933
51,,Fair,Lane,Jericho,11753,795000,779500,Split Level,4,2.000,"Full,Finished",1 Car Attached,2,16535.35,CL,1/19/2019,5/30/2019,3/11/2019,6/13/2019,50,Det,1,1,3094591
106,,Muttontown Eastw,Road,Syosset,11791,799000,750000,Colonial,4,2.500,"Full,Unfinished",1 Car Detached,2,22147.54,CL,1/19/2019,8/31/2019,4/22/2019,6/24/2019,92,Det,1,1,3094603
20,,High,Street,E. Williston,11596,749500,695000,Colonial,6,2.000,Full,,2,22628.10,CL,1/19/2019,1/19/2020,2/23/2019,6/10/2019,35,Det,1,1,3094629
32,,Colgate,Lane,Woodbury,11797,789000,751500,Splanch,5,3.000,"Partial,Finished",2 Car Attached,2,20963.00,CL,1/23/2019,6/30/2019,5/01/2019,6/28/2019,97,Det,1,1,3095356
10,,Glenn,Drive,Woodbury,11797,700000,690000,Split Level,4,2.500,"Partial,Finished",2 Car Attached,2,20034.27,CL,1/23/2019,10/31/2019,4/01/2019,5/22/2019,67,Det,1,1,3095411
10,,Fieldstone,Drive,Syosset,11791,749000,725000,Exp Cape,4,2.000,"None,Unfinished",1 Car Attached,2,10878.00,CL,1/31/2019,8/01/2019,3/07/2019,4/30/2019,35,Det,1,1,3097441
45,,Canterbury,Road,Woodbury,11797,690000,675000,Split Level,3,2.000,"Partial,Finished",1 Car Attached,2,16081.25,CL,2/01/2019,8/01/2019,3/19/2019,6/10/2019,45,Det,1,1,3097955
19,,Gary,Road,Syosset,11791,699900,640000,Split Level,4,3.000,"None,Unfinished",,2,17113.17,CL,2/05/2019,6/01/2019,2/22/2019,3/28/2019,17,Det,1,1,3098909
2,,Dale,Avenue,Syosset,11791,699000,690000,Split Level,3,2.000,"Full,Finished",2 Car Attached,2,23700.54,CL,2/12/2019,12/31/2019,4/02/2019,5/23/2019,48,Det,1,1,3100762
36,,Stuart,Drive,Syosset,11791,748000,730000,Split Level,3,2.500,"Partial,Finished",2 Car Attached,2,16014.00,CL,2/20/2019,8/20/2019,4/02/2019,7/17/2019,40,Det,1,1,3102527
4,,Russell Park,Road,Syosset,11791,749000,725000,Hi Ranch,4,2.500,"None,Unfinished",2 Car Attached,2,21390.77,CL,2/20/2019,4/15/2019,3/26/2019,6/04/2019,33,Det,1,1,3102544
40,,Stuart,Drive,Syosset,11791,748000,730000,Split Level,3,2.500,"Partial,Finished",2 Car Attached,2,17608.00,CL,2/20/2019,8/20/2019,3/12/2019,4/29/2019,19,Det,1,1,3102594
36,,Birchwood Park,Drive,Syosset,11791,729000,680000,Split Level,4,3.500,"Full,Finished",,2,19285.00,CL,2/27/2019,8/31/2019,6/12/2019,7/31/2019,104,Det,1,1,3104581
23,,Greentree,Road,Mineola,11501,679999,625000,Exp Cape,4,2.500,"Full,Partially Finished",1 Car Detached,2,12130.00,CL,3/01/2019,9/30/2019,5/06/2019,7/12/2019,65,Det,1,2,3104924
204,,Woodbury,Road,Woodbury,11797,649000,630000,Colonial,4,2.500,"Partial,Unfinished",2 Car Attached,2,12827.67,CL,3/01/2019,8/15/2019,3/14/2019,5/30/2019,12,Det,1,1,3105146
55,,Muttontown,Road,Syosset,11791,598000,610000,Duplex,5,2.500,Full,1 Car Detached,2,14563.00,CL,3/02/2019,9/01/2019,3/22/2019,9/19/2019,19,Det,2,2,3105503
202,,Guinea Woods,Road,Old Westbury,11568,888000,790000,Cape,4,2.000,"Full,Finished",2 Car Attached,2,21316.27,CL,3/06/2019,8/31/2019,8/28/2019,12/16/2019,174,Det,1,1,3106450
28,,Park,Drive,Syosset,11791,695000,638000,Colonial,4,2.500,"Partial,Finished",,2,16759.94,CL,3/09/2019,9/21/2019,4/30/2019,5/15/2019,51,Det,1,1,3107664
15,,Clemson,Lane,Woodbury,11797,799000,780000,Splanch,4,3.000,"Partial,Finished",2 Car Attached,2,20952.16,CL,3/13/2019,9/07/2019,5/23/2019,8/20/2019,71,Det,1,1,3108707
103,,Celia,Drive,Jericho,11753,798000,720000,Split Level,4,2.500,"Full,Finished",,2,18172.00,CL,3/17/2019,6/17/2019,4/17/2019,6/27/2019,31,Det,1,1,3109965
4,,Mitchell Ln,,Syosset,11791,696000,675000,Colonial,4,3.000,"None,Unfinished",,2,21704.00,CL,3/22/2019,6/30/2019,5/15/2019,9/16/2019,54,Det,1,1,3111575
43,,Lewis,Lane,Syosset,11791,648888,635000,Ranch,3,1.000,"Full,Finished",1 Car Attached,2,10333.80,CL,3/26/2019,12/14/2019,5/10/2019,6/25/2019,45,Det,1,1,3112643
10,,Gary,Road,Syosset,11791,749000,749000,Split Level,4,2.500,"Full,Finished",1 Car Attached,2,11920.00,CL,3/27/2019,10/01/2019,4/29/2019,8/13/2019,33,Det,1,1,3113253
56,,Sherrard,Street,Roslyn Heights,11577,688000,705000,Splanch,4,2.500,Partial,,2,16455.00,CL,4/01/2019,10/01/2019,4/11/2019,6/21/2019,10,Det,1,1,3114548
52,,Pickwick,Drive,Syosset,11791,788888,762000,Split Level,4,3.000,"Partial,Finished",,2,17819.59,CL,4/01/2019,10/01/2019,4/22/2019,7/15/2019,21,Det,1,1,3114559
66,,Circle,Drive,Syosset,11791,618000,620000,Split Level,3,2.500,"Crawl,Unfinished",1 Car Attached,2,13792.00,CL,4/04/2019,10/04/2019,5/07/2019,7/08/2019,33,Det,1,1,3115717
52,,Robert,Circle,Syosset,11791,789000,768500,Split Level,4,2.500,"Full,Finished",2 Car Attached,2,13439.75,CL,4/04/2019,10/04/2019,7/01/2019,8/23/2019,88,Det,1,1,3116625
6,,Dale,Avenue,Syosset,11791,749000,750000,Split Level,4,2.500,"Partial,Partially Finished",1 Car Attached,2,13581.05,CL,4/06/2019,12/30/2019,5/10/2019,9/25/2019,34,Det,1,1,3116678
59,,Birchwood Ct W,Court,Syosset,11791,728000,687000,Split Level,3,3.000,"Partial,Finished",2 Car Attached,2,13758.00,CL,4/09/2019,10/02/2019,5/03/2019,6/24/2019,24,Det,1,1,3117327
47,,Stuart,Drive,Syosset,11791,708000,687000,Split Level,3,2.500,Partial,2 Car Attached,2,12768.00,CL,4/08/2019,10/08/2019,6/20/2019,10/21/2019,73,Det,1,1,3117384
44,,Fieldstone,Drive,Syosset,11791,639000,639000,Exp Cape,3,2.000,Full,2 Car Detached,2,17607.65,CL,4/16/2019,9/30/2019,5/01/2019,7/01/2019,15,Det,1,1,3119648
1,,Deer Path,Lane,Syosset,11791,798000,770000,Split Level,4,2.500,Full,1 Car Detached,2,17148.49,CL,4/24/2019,9/30/2019,5/20/2019,9/03/2019,26,Det,1,1,3121884
11,,Irving,Drive,Woodbury,11797,699988,670000,Exp Ranch,3,2.500,"Full,Finished",2 Car Attached,2,21134.75,CL,4/25/2019,10/10/2019,7/01/2019,10/11/2019,67,Det,1,1,3122437
18,,Friendly,Lane,Jericho,11753,788000,780000,Split Level,3,2.500,"Full,Finished",2 Car Attached,2,16520.00,CL,4/25/2019,10/24/2019,5/08/2019,8/09/2019,13,Det,1,1,3122531
66,,Hillside,Lane,Syosset,11791,649000,625000,Cape,4,2.000,"Full,Finished",1 Car Attached,2,12292.78,CL,2/27/2019,8/27/2019,5/18/2019,8/20/2019,79,Det,1,1,3122752
66,,Hillside,Lane,Syosset,11791,649000,625000,Cape,4,2.000,"Full,Partially Finished",1 Car Attached,2,12292.78,CL,2/27/2019,8/27/2019,5/20/2019,8/21/2019,81,Det,1,1,3122763
14,,Arbor,Road,Syosset,11791,700000,655000,Exp Ranch,5,2.000,"None,Unfinished",,2,18770.76,CL,5/01/2019,5/01/2020,12/13/2019,3/23/2020,226,Det,1,1,3124115
284,,Arlington,Street,Mineola,11501,680000,660000,Exp Cape,4,2.000,"Full,Partially Finished",1 Car Detached,2,10960.59,CL,5/01/2019,11/01/2019,10/10/2019,1/23/2020,162,Det,1,1,3124129
2,,Candor,Drive,Woodbury,11797,799000,750000,Splanch,4,2.500,"Partial,Finished",1 Car Attached,2,24336.00,CL,5/02/2019,11/02/2019,8/01/2019,10/04/2019,91,Det,1,1,3124588
63,,Convent,Road,Syosset,11791,828000,800000,Colonial,4,3.500,"Full,Finished",1 Car Attached,2,18922.63,CL,5/04/2019,12/31/2019,10/10/2019,11/25/2019,159,Det,1,1,3125487
63,,Colony,Lane,Syosset,11791,739000,710000,Split Level,4,2.000,"Partial,Finished",1 Car Attached,2,18861.57,CL,5/06/2019,4/19/2020,10/25/2019,12/17/2019,172,Det,1,1,3126025
23,,Edna,Drive,Syosset,11791,639000,625500,Ranch,3,2.000,"Full,Finished",1 Car Attached,2,10455.11,CL,5/06/2019,4/27/2020,6/18/2019,8/28/2019,43,Det,1,1,3126027
201,,Syosset Woodbury,Road,Syosset,11791,729000,690000,Ranch,3,2.000,"Full,Finished",1 Car Attached,2,14600.35,CL,5/07/2019,5/15/2020,12/17/2019,2/07/2020,224,Det,1,1,3126201
91,,Circle,Drive,Syosset,11791,688888,670000,Split Level,3,2.000,"Crawl,Unfinished",1 Car Attached,2,14570.03,CL,5/09/2019,10/30/2019,8/16/2019,10/25/2019,99,Det,1,1,3127313
47,,Fair,Lane,Jericho,11753,769000,760000,Split Level,3,2.500,"Full,Finished",1 Car Attached,2,17130.84,CL,5/10/2019,11/06/2019,6/21/2019,9/13/2019,42,Det,1,1,3127528
71,,Forsythia,,Jericho,11753,729000,700000,Split Level,4,2.500,"Partial,Finished",2 Car Attached,2,19405.29,CL,5/15/2019,11/15/2019,6/26/2019,9/25/2019,42,Det,1,1,3128759
36,,Robert,Circle,Syosset,11791,659000,630000,Split Level,4,2.500,Partial,Attached,2,12326.00,CL,5/16/2019,10/09/2019,6/24/2019,9/20/2019,39,Det,1,1,3129354
3,,Heathcote,Drive,Albertson,11507,799000,755000,Colonial,4,2.500,"Partial,Partially Finished",2 Car Attached,2,10481.92,CL,5/16/2019,11/16/2019,9/12/2019,11/12/2019,119,Det,1,1,3129455
87,,Shortridge,Drive,Mineola,11501,639000,610000,Cape,4,2.000,"Full,Unfinished",1 Car Attached,2,14006.20,CL,5/17/2019,12/30/2019,7/29/2019,8/28/2019,73,Det,1,1,3129738
42,,Greenway,Circle,Syosset,11791,749000,740000,Colonial,4,2.000,"None,Unfinished",1 Car Attached,2,16336.10,CL,5/18/2019,11/15/2019,6/05/2019,8/23/2019,18,Det,1,1,3130078
24,,London,Road,Syosset,11791,708000,700000,Split Level,3,3.000,"None,Unfinished",1 Car Attached,2,12090.39,CL,3/14/2019,8/31/2019,6/17/2019,7/08/2019,95,Det,1,1,3130347
27,,Glenwood,Road,Plainview,11803,749900,739000,Split Level,3,2.500,Full,,2,16731.11,CL,5/22/2019,10/31/2019,7/18/2019,8/28/2019,57,Det,1,1,3131092
100,,Roxton,Road,Plainview,11803,675000,656500,Split Ranch,4,2.500,"Full,Finished",2 Car Attached,2,14946.18,CL,5/24/2019,5/10/2020,8/06/2019,10/17/2019,74,Det,1,1,3132095
112,,Ketchams Rd,,Syosset,11791,765000,730000,Split Level,3,2.000,"Partial,Finished",2 Car Attached,2,22216.00,CL,5/25/2019,11/24/2019,8/14/2019,11/15/2019,81,Att,1,1,3132133
12,,Tacoma,Lane,Syosset,11791,649000,620000,Split Level,3,2.500,"Crawl,Unfinished",1 Car Attached,2,11816.01,CL,5/23/2019,11/30/2019,6/14/2019,8/07/2019,22,Det,1,1,3132325
20,,Colony,Lane,Syosset,11791,735000,705000,Split Level,3,1.500,Partial,1 Car Attached,2,16764.23,CL,5/29/2019,11/30/2019,10/15/2019,1/07/2020,139,Det,1,1,3132984
107,,Ira,Road,Syosset,11791,699000,675000,Split Level,4,3.000,"Partial,Finished",,2,20857.00,CL,6/03/2019,6/06/2020,7/12/2019,9/27/2019,39,Det,1,1,3134492
94,,Belmont,Circle,Syosset,11791,799000,760000,Split Level,3,2.000,"Full,Finished",2 Car Attached,2,14411.00,CL,6/03/2019,9/03/2019,7/08/2019,8/26/2019,35,Det,1,1,3135113
53,,Fieldstone,Drive,Syosset,11791,769000,730000,Colonial,5,2.000,"Full,Finished",1 Car Attached,2,14587.00,CL,6/06/2019,12/06/2019,7/17/2019,9/16/2019,41,Det,1,1,3136031
7,,Maryetta,Court,Syosset,11791,799000,760000,Colonial,4,2.500,"Full,Unfinished",2 Car Attached,2,16582.76,CL,6/10/2019,12/15/2019,9/04/2019,12/03/2019,86,Det,1,1,3136759
17,,Glenn,Drive,Woodbury,11797,769888,766000,Split Level,4,3.000,"Full,Finished",2 Car Attached,2,20433.00,CL,6/10/2019,8/16/2019,7/10/2019,9/24/2019,30,Det,1,1,3137100
120,,Colony,Lane,Syosset,11791,765000,745000,Split Level,4,2.000,"Partial,Finished",2 Car Attached,2,17854.92,CL,6/11/2019,9/15/2019,7/08/2019,9/05/2019,27,Det,1,1,3137168
7,,Russell Park,Road,Syosset,11791,750000,766000,Colonial,5,3.500,"Full,Partially Finished",1 Car Attached,2,25862.46,CL,4/01/2019,12/31/2019,7/24/2019,9/20/2019,114,Det,1,1,3137949
1681,,Route 25A,,Laurel Hollow,11791,809999,740000,Colonial,5,3.500,"None,Unfinished",2 Car Attached,2,27758.79,CL,6/21/2019,1/21/2020,10/30/2019,12/20/2019,131,Det,1,1,3140924
15,,Crandall,Drive,Mineola,11501,775000,755000,Exp Cape,4,2.000,Full,,2,16226.55,CL,6/24/2019,9/24/2019,9/09/2019,10/10/2019,77,Det,1,1,3141417
195,,Syosset Woodbury,Road,Syosset,11791,648888,615000,Hi Ranch,4,3.000,"None,Unfinished",2 Car Attached,2,21220.96,CL,7/01/2019,12/31/2019,7/17/2019,8/30/2019,16,Det,1,1,3143305
1,,Clearland,Road,Syosset,11791,769000,725000,Split Level,4,3.500,"Partial,Finished",2 Car Attached,2,21282.52,CL,7/16/2019,11/30/2019,8/08/2019,10/16/2019,23,Det,1,1,3147520
121,,Ira,Road,Syosset,11791,788888,750000,Hi Ranch,3,1.500,"Crawl,Unfinished",1 Car Attached,2,16883.55,CL,7/31/2019,1/31/2020,8/23/2019,12/02/2019,23,Det,1,1,3152114
135,,Colony,Lane,Syosset,11791,738888,710000,Split Level,4,2.000,"Full,Finished",1 Car Attached,2,17791.94,CL,5/22/2019,10/31/2019,10/21/2019,12/12/2019,152,Det,1,1,3155094
92,,Muttontown Eastw,Road,Syosset,11791,669000,675000,2 Story,5,2.000,Full,1 Car Attached,2,21270.00,CL,8/15/2019,10/30/2019,8/16/2019,11/22/2019,1,Det,1,1,3156369
8,,Swenson,Drive,Woodbury,11797,849000,800000,Colonial,5,2.500,Full,2 Car Attached,2,31247.54,CL,3/05/2019,2/28/2020,10/02/2019,12/12/2019,210,Det,1,1,3157279
33,,Glenwood,Road,Plainview,11803,749999,725000,Split Level,3,2.500,Partial,2 Car Attached,2,16910.00,CL,8/22/2019,12/31/2019,9/13/2019,11/16/2019,22,Det,1,1,3158159
119,,Roxton,Road,Plainview,11803,749999,745000,Split Ranch,3,3.000,"Full,Finished",2 Car Attached,2,15214.39,CL,8/27/2019,8/19/2020,11/19/2019,1/17/2020,84,Det,1,1,3159462
4,,Gateway,Drive,Syosset,11791,749000,749000,Split Level,3,2.000,"Partial,Finished",1 Car Attached,2,15046.86,CL,9/04/2019,3/10/2020,9/16/2019,10/21/2019,12,Det,1,1,3161237
494,,Berry Hill,Road,Oyster Bay Cove,11791,785000,720000,Colonial,5,4.500,"Full,Finished",,2,39116.00,CL,9/19/2019,5/01/2020,1/06/2020,2/10/2020,109,Det,1,1,3165984
144,,Brown,Street,Mineola,11501,649000,625000,Cape,3,2.000,"Full,Finished",1 Car Detached,2,12190.86,CL,9/24/2019,2/29/2020,11/19/2019,1/10/2020,56,Det,1,1,3167081
33,,Hillvale,Road,Syosset,11791,649888,638888,Split Level,3,2.500,"Partial,Unfinished",2 Car Attached,2,17712.92,CL,9/24/2019,9/15/2020,10/30/2019,3/17/2020,36,Det,1,1,3167259
354,,Cold Spring,Road,Syosset,11791,789999,770000,Hi Ranch,4,3.000,"None,Unfinished",,2,20648.00,CL,10/03/2019,3/19/2020,10/21/2019,12/17/2019,18,Det,1,1,3169704
71,,Meadowbrook,Road,Syosset,11791,799000,750000,Ranch,2,2.000,"Full,Finished",,2,20310.00,CL,10/12/2019,4/14/2020,12/11/2019,2/07/2020,60,Det,1,1,3172294
8,,Joseph,Court,Syosset,11791,699000,667000,Ranch,3,2.500,"Full,Finished",1 Car Attached,2,14766.98,CL,10/24/2019,4/24/2020,12/13/2019,3/06/2020,50,Det,1,1,3175326
35,,Garden,Circle,Syosset,11791,688000,630000,Split Level,3,2.000,"Partial,Finished",1 Car Attached,2,15766.61,CL,11/11/2019,5/11/2020,12/16/2019,3/17/2020,35,Det,1,1,3179735
35,,Hicks,Avenue,Syosset,11791,748888,730000,Split Level,3,2.500,"Partial,Unfinished",2 Car Attached,2,18323.39,CL,1/06/2020,7/06/2020,1/13/2020,3/12/2020,7,Det,1,1,3189796