St #,Dr,Street Name,Sfx,Town,Zip,ListPrice,SoldPrice,,Br,Bath,,,SD,Tot Tax,LSC,ListDate,ExpDate,ContDate,TitleDate,DOM,Det,#F,K,ML#
606,,Dubois,Avenue,Valley Stream,11581,389900,365000,Cape,2,1.000,"Crawl,Unfinished",1 Car Attached,14,14412.67,CL,8/04/2017,12/03/2017,10/17/2017,1/05/2018,74,Det,1,1,*1292609
1588,,Hereford,Road,Hewlett,11557,539000,500000,Exp Ranch,4,2.000,"Full,Unfinished",1 Car Attached,14,21350.00,CL,3/16/2018,9/09/2018,5/01/2018,7/02/2018,46,Det,1,1,*1310531
73,,Princeton,Avenue,Hewlett,11557,540000,475000,Colonial,4,2.500,"Full,Unfinished",2 Car Detached,14,13000.00,CL,8/06/2018,2/05/2019,8/20/2018,2/18/2019,14,Det,1,1,*1324612
1433,,Kew,Avenue,Hewlett,11557,429000,440000,Colonial,4,3.000,"Full,Unfinished",,14,12095.99,CL,9/17/2018,9/17/2019,10/23/2018,1/03/2019,36,Det,1,1,*1328655
54,,Everit,Avenue,Hewlett,11557,499000,460000,Colonial,3,1.500,"Full,Finished",1 Car Detached,14,10436.00,CL,3/08/2019,9/15/2019,3/18/2019,5/29/2019,9,Det,1,1,*1339507
99,,Peninsula Boulev,,Valley Stream,11581,399000,399000,Cape,4,1.000,"Crawl,Unfinished",,14,11965.99,CL,5/06/2019,11/06/2019,5/24/2019,8/05/2019,18,Det,1,1,*1345701
230,,Hungry Harbor,Road,N. Woodmere,11581,429000,405000,Ranch,3,2.000,"Partial,Finished",1 Car Attached,14,16528.64,CL,6/24/2015,4/10/2016,6/08/2016,7/03/2017,377,Det,1,1,2775465
39,,Peninsula,Boulevard,Valley Stream,11581,395000,335000,Colonial,5,2.000,"Crawl,Unfinished",1 Car Detached,14,17292.67,CL,4/26/2016,4/26/2017,3/02/2017,11/06/2017,310,Det,1,2,2847588
30,,Valley Lane East,,Valley Stream,11581,535000,490000,Hi Ranch,4,2.500,Unfinished,2 Car Attached,14,14405.80,CL,9/21/2016,6/15/2017,3/17/2017,5/15/2017,177,Det,1,1,2885097
966,,Park,Lane,N. Woodmere,11581,550000,490000,Hi Ranch,3,2.500,"Full,Partially Finished",2 Car Attached,14,11485.08,CL,12/12/2016,6/07/2017,1/26/2017,3/31/2017,45,Det,1,1,2901340
386,,Daub,Avenue,Hewlett,11557,399000,396000,Cape,3,1.000,"Full,Unfinished",,14,11755.93,CL,12/13/2016,12/13/2017,1/20/2017,3/31/2017,38,Det,1,1,2901662
429,,Franklin,Avenue,Hewlett,11557,495000,425000,Exp Ranch,4,1.550,"Crawl,Unfinished",,14,13984.00,CL,12/30/2016,6/30/2017,6/07/2017,8/03/2017,158,Det,1,1,2903744
409,,Franklin,Avenue,Hewlett,11557,395000,382500,Ranch,3,1.000,"Full,Partially Finished",1 Car Attached,14,7739.04,CL,1/02/2017,5/08/2017,2/22/2017,4/03/2017,51,Det,1,1,2903927
1419,,Peninsula,Boulevard,Hewlett,11557,519000,500000,Split Level,3,2.500,Partial,1 Car Attached,14,12500.00,CL,1/18/2017,7/18/2017,5/08/2017,7/07/2017,109,Det,1,1,2907612
155,,Amherst,Road,Valley Stream,11581,449000,422500,Tudor,3,1.500,"Full,Unfinished",,14,11220.64,CL,1/31/2017,7/11/2017,3/13/2017,5/16/2017,40,Det,1,1,2910335
163,,Amherst,,Valley Stream,11581,449000,444000,Tudor,2,1.500,"Full,Finished",1 Car Detached,14,8566.00,CL,2/02/2017,5/15/2017,4/04/2017,5/26/2017,60,Det,1,1,2910897
130,,Munro,Boulevard,Valley Stream,11581,449999,450000,Colonial,3,1.500,"Full,Finished",1 Car Detached,14,13216.00,CL,2/06/2017,8/06/2017,4/24/2017,8/08/2017,76,Det,1,1,2912155
56,,Prospect,Avenue,Hewlett,11557,425500,425000,Colonial,5,2.000,"None,Unfinished",,14,18174.00,CL,2/08/2017,5/31/2017,3/01/2017,5/15/2017,21,Det,1,1,2912412
957,W,Broadway,,Woodmere,11598,380000,370000,Colonial,3,1.500,"Full,Unfinished",1 Car Detached,14,16096.37,CL,3/02/2017,6/28/2017,3/30/2017,4/14/2017,27,Det,1,1,2918353
158,,Munro,Boulevard,Valley Stream,11581,523500,490000,Colonial,4,2.500,"Full,Finished",1 Car Attached,14,12678.00,CL,3/04/2017,8/04/2017,5/19/2017,7/03/2017,75,Det,1,1,2918407
34,,Wilson,Road,Valley Stream,11581,385000,375000,Cape,4,1.000,"Crawl,Unfinished",,14,11506.70,CL,4/17/2017,7/11/2017,6/06/2017,10/12/2017,50,Det,1,1,2929819
80,,Edgeworth,Street,Valley Stream,11581,338000,320000,Cape,4,1.000,"Crawl,Unfinished",Detached,14,14046.85,CL,4/21/2017,7/19/2017,5/25/2017,9/25/2017,34,Det,1,1,2931553
1136,W,Broadway,,Hewlett,11557,449900,400000,Colonial,3,3.000,"Full,Partially Finished",,14,11886.00,CL,4/24/2017,8/22/2017,5/02/2017,6/26/2017,8,Det,1,1,2931871
38,,Dartmouth,Street,Valley Stream,11581,449900,412000,Townhouse,3,2.000,"Full,Finished",,14,13260.83,CL,4/27/2017,4/27/2018,7/24/2017,8/31/2017,88,Att,1,1,2933196
118,,Munro,Boulevard,Valley Stream,11581,429000,400000,Colonial,4,1.500,"Full,Finished",1 Car Detached,14,15428.85,CL,5/01/2017,11/25/2017,6/05/2017,8/01/2017,35,Det,1,1,2933978
114,,Sheridan,Avenue,Hewlett,11557,475000,470000,Colonial,3,3.500,"Full,Finished",1 Car Detached,14,17718.00,CL,5/01/2017,6/18/2018,11/13/2017,3/27/2018,196,Det,1,1,2934020
99,,Haig,Road,Valley Stream,11581,484000,482000,Colonial,3,1.500,"Full,Finished",,14,14179.92,CL,5/15/2017,11/11/2017,6/30/2017,9/14/2017,46,Det,1,1,2938173
375,,Oak,Drive,Hewlett,11557,550000,495000,Cape,4,2.000,"Full,Finished",1 Car Attached,14,16969.82,CL,5/16/2017,10/22/2017,9/01/2017,12/01/2017,108,Det,1,1,2938670
154,,Munro,Boulevard,Valley Stream,11581,479000,472000,Colonial,3,1.500,"Full,Finished",,14,12664.00,CL,5/16/2017,12/31/2017,6/13/2017,8/22/2017,28,Det,1,1,2938936
373,,Hewlett Parkway,Parkway,Hewlett,11557,449900,430000,Colonial,3,2.000,"Full,Finished",1 Car Detached,14,14806.26,CL,4/24/2017,10/24/2017,6/30/2017,8/14/2017,67,Det,1,1,2942411
154,,Haig,Road,Valley Stream,11581,415000,410000,Cape,4,1.500,"None,Unfinished",,14,12741.91,CL,6/07/2017,8/15/2017,7/06/2017,8/08/2017,29,Det,1,1,2945081
359,,Hewlett,Parkway,Hewlett,11557,449000,399000,Colonial,4,2.000,Full,,14,14919.16,CL,6/22/2017,12/31/2017,12/11/2017,2/27/2018,172,Det,1,1,2949292
158,,Haig,Road,Valley Stream,11581,399417,395000,Cape,4,1.000,"Crawl,Unfinished",,14,13339.00,CL,6/22/2017,12/31/2017,8/27/2017,8/28/2018,67,Det,1,1,2949394
432,,Franklin,Avenue,Hewlett,11557,459000,425000,Exp Cape,4,1.000,"Crawl,Unfinished",1 Car Detached,14,11495.09,CL,7/05/2017,12/31/2017,7/25/2017,10/20/2017,20,Det,1,1,2952135
27,,Wilson,Road,Valley Stream,11581,449900,449900,Colonial,3,1.500,Full,Detached,14,14394.57,CL,7/04/2017,12/31/2017,10/12/2017,12/11/2017,100,Det,1,1,2952298
169,,Harris,Avenue,Hewlett,11557,459999,285000,Colonial,3,2.000,"Crawl,Unfinished",,14,14879.00,CL,7/17/2017,7/17/2018,2/15/2018,3/06/2018,213,Det,1,1,2955871
1180-6,E,Broadway,,Hewlett,11557,519000,490000,Colonial,2,2.500,"Full,Finished",1 Car Attached,14,20024.00,CL,7/18/2017,7/04/2018,4/15/2018,5/22/2018,271,Det,1,1,2956205
18,,Jadwin,Street,Valley Stream,11581,350000,340000,Cape,2,1.000,"Crawl,Unfinished",1 Car Detached,14,12575.68,CL,7/24/2017,12/31/2017,9/01/2017,11/08/2017,39,Det,1,1,2957943
95,,Dartmouth,Street,Valley Stream,11581,469000,440000,Townhouse,3,2.500,"Full,Finished",1 Car Attached,14,14830.11,CL,7/25/2017,10/31/2017,10/03/2017,11/13/2017,70,Att,1,1,2958114
35,,Edgeworth,Street,Valley Stream,11581,429500,424350,Cape,3,2.000,"None,Unfinished",1 Car Attached,14,15040.05,CL,7/27/2017,1/20/2018,10/02/2017,12/29/2017,67,Det,1,1,2958744
64,,Brower,Avenue,Woodmere,11598,485000,482500,Colonial,6,2.500,"Full,Unfinished",,14,17145.31,CL,8/14/2017,2/15/2018,10/20/2017,12/29/2017,67,Det,1,1,2963264
1059,E,Broadway,,Woodmere,11598,479000,425000,Colonial,3,1.500,"Full,Unfinished",1 Car Detached,14,15372.00,CL,9/06/2017,3/06/2018,11/29/2017,1/23/2018,84,Det,1,1,2968796
27,,Dartmouth,Street,Valley Stream,11581,340000,280000,Tudor,3,1.000,"Full,Finished",1 Car Attached,14,12349.00,CL,9/07/2017,12/31/2017,9/07/2017,11/03/2017,0,Att,1,1,2969137
32,,Edgeworth,Street,Valley Stream,11581,459000,450000,Cape,3,2.000,"Crawl,Unfinished",1 Car Attached,14,13793.00,CL,9/15/2017,3/15/2018,10/16/2017,12/12/2017,31,Det,1,1,2971296
330,,Hamilton,Avenue,Hewlett,11557,449000,424000,Colonial,3,1.500,"Full,Finished",1 Car Detached,14,9745.00,CL,9/21/2017,1/21/2018,11/15/2017,1/08/2018,55,Det,1,1,2972975
164,,Gordon,Road,Valley Stream,11581,489000,455000,Colonial,3,1.500,"None,Unfinished",1 Car Detached,14,13661.78,CL,10/14/2017,4/30/2018,3/23/2018,4/26/2018,160,Det,1,1,2978795
1075,,Cedar,Lane,Woodmere,11598,425000,372000,Colonial,4,1.550,"Full,Unfinished",,14,16988.63,CL,10/20/2017,7/18/2018,7/12/2018,10/29/2018,265,Det,1,1,2979812
80,,Horton,Road,Valley Stream,11581,470000,465000,Tudor,3,1.500,"Full,Partially Finished",1 Car Attached,14,10862.70,CL,11/10/2017,1/20/2018,1/22/2018,3/22/2018,73,Det,1,1,2985011
18,,Wilson,Road,Valley Stream,11581,425000,425000,Colonial,3,2.000,"Crawl,Unfinished",,14,16607.00,CL,11/10/2017,4/30/2018,2/20/2018,4/18/2018,102,Det,1,1,2985031
112,,Harris,Avenue,Hewlett,11557,410000,410000,Colonial,3,1.500,"Crawl,Unfinished",,14,11000.00,CL,11/14/2017,9/28/2018,7/26/2018,10/26/2018,253,Det,1,1,2985631
22,,Fordham,Street,Valley Stream,11581,479000,465000,Colonial,3,2.000,"Crawl,Unfinished",1 Car Attached,14,14977.52,CL,11/19/2017,6/30/2018,6/15/2018,9/06/2018,207,Det,1,1,2986784
1111,,Ward,Place,Woodmere,11598,425000,440000,Duplex,4,2.000,"Full,Finished",,14,14102.00,CL,11/22/2017,8/31/2018,3/01/2018,4/26/2018,99,Det,2,2,2987299
216,,Locust,Street,Valley Stream,11581,419000,403000,Colonial,3,1.500,"Full,Partially Finished",1 Car Detached,14,15359.20,CL,11/28/2017,5/31/2018,1/20/2018,4/02/2018,53,Det,1,1,2988219
87,,Peninsula,Boulevard,Valley Stream,11581,479000,464000,Colonial,5,2.000,"Crawl,Unfinished",,14,13114.29,CL,12/06/2017,5/05/2018,2/13/2018,4/26/2018,69,Det,1,2,2989823
32,,Clubside,Drive,Woodmere,11598,569000,450000,Townhouse,3,2.500,Full,1 Car Attached,14,21522.68,CL,12/20/2017,4/30/2018,2/17/2018,8/21/2018,59,Att,1,1,2992718
145,,Haig,Road,Valley Stream,11581,359417,359417,Cape,4,1.000,"Crawl,Unfinished",,14,11366.00,CL,1/03/2018,3/31/2018,1/19/2018,4/16/2018,16,Det,1,1,2994255
380,,Hewlett,Parkway,Hewlett,11557,429900,430000,Colonial,3,1.500,Full,,14,14864.72,CL,1/13/2018,7/31/2018,2/02/2018,4/17/2018,20,Det,1,1,2996425
435,,Hamilton,Avenue,Hewlett,11557,499000,487500,Cape,3,2.000,"Crawl,Unfinished",,14,12959.98,CL,1/18/2018,7/02/2018,2/01/2018,4/26/2018,14,Det,1,1,2997441
22,,Nelson,Road,Valley Stream,11581,449990,437000,Cape,3,1.500,"Full,Finished",1 Car Detached,14,18149.59,CL,1/29/2018,1/29/2019,3/02/2018,5/04/2018,32,Det,1,1,3000351
89,,Horton,Road,Valley Stream,11581,425000,400000,Cape,4,1.000,"None,Unfinished",,14,8000.00,CL,2/02/2018,2/02/2019,4/05/2018,6/28/2018,61,Det,1,1,3001604
26,,Dubonnet,Road,Valley Stream,11581,479000,482000,Colonial,3,1.500,"Partial,Unfinished",,14,13101.78,CL,2/06/2018,8/01/2018,2/28/2018,5/30/2018,22,Det,1,1,3002531
449,,Peninsula,Boulevard,Lynbrook,11563,439000,430000,Cape,3,1.000,Full,,14,15247.03,CL,2/07/2018,11/01/2018,4/24/2018,7/02/2018,75,Det,1,1,3002549
162,,Haig,Road,Valley Stream,11581,394432,350000,Cape,4,1.000,"Crawl,Unfinished",,14,13317.77,CL,2/08/2018,8/08/2018,3/27/2018,5/17/2018,46,Det,1,1,3002944
115,,Peninsula,Boulevard,Valley Stream,11581,339000,315000,Cape,1,1.000,"Crawl,Unfinished",,14,9873.00,CL,2/16/2018,8/16/2018,2/26/2018,4/06/2018,10,Det,1,1,3005205
165,,Page,Road,Valley Stream,11581,499000,445000,Colonial,4,1.500,"Full,Finished",2 Car Detached,14,16113.28,CL,2/22/2018,8/30/2018,3/15/2018,7/12/2018,20,Det,1,1,3006414
23,,Marlboro,Road,Valley Stream,11581,465000,450000,Colonial,3,1.500,"Full,Partially Finished",1 Car Detached,14,10810.03,Cl,3/01/2018,3/01/2019,4/27/2018,12/19/2018,56,Det,1,1,3008330
31,,Avalon,,Hewlett,11557,456000,430000,Colonial,4,2.000,"Full,Partially Finished",,14,16297.31,CL,3/04/2018,7/22/2018,11/15/2018,12/27/2018,256,Det,1,1,3009121
1569,,Peninsula,Boulevard,Hewlett,11557,465000,445000,Ranch,3,1.000,"Full,Finished",,14,11996.00,CL,3/07/2018,10/01/2018,6/29/2018,9/28/2018,113,Det,1,1,3010182
1252,,Waverly,Street,Hewlett,11557,439000,403000,Cape,4,2.000,"Crawl,Unfinished",,14,11997.79,CL,3/14/2018,8/06/2018,6/20/2018,8/17/2018,98,Det,1,1,3011793
64,,Munro,Boulevard,Valley Stream,11581,449999,425000,Tudor,3,1.500,"Full,Unfinished",1 Car Detached,14,15840.30,CL,3/15/2018,9/30/2018,6/04/2018,9/20/2018,81,Det,1,1,3012394
27,,Dartmouth,Street,Valley Stream,11581,429900,428500,Tudor,3,1.500,"Full,Finished",,14,15264.17,CL,3/31/2018,9/30/2018,5/21/2018,7/18/2018,51,Att,1,1,3016424
20,,Centre,Street,Woodmere,11598,549000,500000,Colonial,3,2.500,"Full,Partially Finished",,14,13768.07,CL,4/09/2018,9/30/2018,7/12/2018,11/01/2018,94,Det,1,1,3018738
327,,Franklin,Avenue,Hewlett,11557,469000,495000,Ranch,3,2.000,"Full,Finished",Detached,14,8942.00,CL,4/17/2018,10/16/2018,5/15/2018,7/30/2018,28,Det,1,1,3021215
90,,Tracy,Place,Hewlett,11557,400000,385000,Colonial,3,2.000,"Full,Unfinished",,14,10152.01,CL,4/17/2018,10/10/2018,8/30/2018,11/20/2018,135,Det,1,1,3021222
116,,Combs,Avenue,Woodmere,11598,449000,443000,Colonial,3,1.500,"Full,Finished",,14,11775.57,CL,4/24/2018,9/30/2018,7/25/2018,10/09/2018,92,Sd,1,1,3023453
115,,Peninsula,Boulevard,Valley Stream,11581,454000,450000,Cape,4,2.000,"Crawl,Unfinished",,14,9678.00,CL,5/30/2018,12/31/2018,9/24/2018,3/28/2019,117,Det,1,1,3034532
1761,,Hancock,Street,Hewlett,11557,499000,480000,Ranch,3,2.000,"Full,Finished",1 Car Attached,14,13000.00,CL,6/01/2018,8/30/2018,8/17/2018,10/26/2018,77,Det,1,1,3035789
1274,,Waverly,Street,Hewlett,11557,429000,424000,Cape,4,1.500,"Crawl,Unfinished",1 Car Detached,14,8541.81,CL,6/22/2018,12/31/2018,7/11/2018,8/20/2018,19,Det,1,1,3042268
165,,Harris,Avenue,Hewlett,11557,479000,465000,Colonial,3,1.500,"Crawl,Unfinished",,14,14491.64,CL,7/09/2018,12/24/2018,8/07/2018,9/13/2018,29,Det,1,1,3046564
316,,Cochran,Place,Valley Stream,11581,469000,435000,Tudor,3,2.000,"Full,Finished",,14,14877.67,CL,7/11/2018,12/11/2018,11/20/2018,1/25/2019,132,Det,1,1,3047375
89,,Carstairs,Road,Valley Stream,11581,469000,460000,Colonial,3,1.000,"Full,Finished",1 Car Detached,14,12325.00,CL,7/12/2018,1/05/2019,7/27/2018,9/13/2018,15,Det,1,1,3047587
7,,Irvington,Street,Valley Stream,11581,474900,460000,Exp Cape,3,2.500,"Full,Partially Finished",1 Car Attached,14,19380.16,CL,8/08/2018,10/30/2018,10/18/2018,12/13/2018,71,Det,1,1,3055641
126,,Page,Road,Valley Stream,11581,430000,420000,Exp Cape,2,1.000,"None,Unfinished",1 Car Detached,14,13022.07,CL,8/20/2018,4/30/2019,10/03/2018,11/09/2018,44,Det,1,1,3058600
1294,,Waverly,Street,Hewlett,11557,495000,485000,Cape,4,1.000,"None,Unfinished",1 Car Attached,14,12841.68,CL,8/20/2018,1/31/2019,10/05/2018,1/09/2019,46,Att,1,1,3058706
388,,Franklin,Avenue,Hewlett,11557,398000,355000,Exp Cape,2,1.000,"Full,Unfinished",1 Car Detached,14,14354.17,CL,8/27/2018,8/15/2019,9/14/2018,10/17/2018,18,Det,1,1,3060237
66,,Wilson,Road,Valley Stream,11581,349900,333375,Cape,4,2.000,"Crawl,Unfinished",1 Car Detached,14,16161.43,CL,8/27/2018,11/27/2018,11/07/2018,12/21/2018,72,Det,1,1,3060733
624,,Dubois,Avenue,Valley Stream,11581,449990,440000,Cape,4,2.000,"Full,Finished",1 Car Attached,14,13998.94,CL,9/05/2018,3/05/2019,10/15/2018,2/11/2019,40,Det,1,1,3062460
122,,Haig,Road,Valley Stream,11581,479000,471000,Exp Cape,4,2.000,"Crawl,Unfinished",1 Car Detached,14,11941.50,CL,9/07/2018,12/31/2018,12/04/2018,3/05/2019,88,Det,1,1,3063256
36,,Edgeworth,Street,Valley Stream,11581,500000,470000,Cape,3,1.500,"Crawl,Unfinished",1 Car Attached,14,10915.57,CL,9/12/2018,3/12/2019,10/01/2018,1/28/2019,19,Det,1,1,3065350
325,,Franklin Ave,,Hewlett,11557,435000,489000,Ranch,3,1.000,"Full,Partially Finished",,14,12606.00,Cl,9/20/2018,9/20/2019,3/25/2019,6/06/2019,186,Det,1,1,3066730
1655,,Peninsula,Boulevard,Hewlett,11557,495000,475000,Hi Ranch,3,2.000,"None,Unfinished",2 Car Attached,14,15188.93,CL,10/04/2018,3/29/2019,12/17/2018,2/21/2019,74,Det,1,1,3070689
9,,Fordham,Street,Valley Stream,11581,379000,340000,Cape,2,1.000,"Crawl,Unfinished",1 Car Attached,14,11854.39,CL,10/12/2018,12/31/2018,10/27/2018,1/25/2019,15,Det,1,1,3073024
376,,Cochran,Place,Valley Stream,11581,379000,385000,Tudor,3,1.500,"Full,Finished",1 Car Attached,14,10471.13,CL,10/17/2018,3/31/2019,10/26/2018,12/13/2018,9,Att,1,1,3074000
535,,Hazel,Drive,Woodmere,11598,465000,437000,Ranch,3,2.000,"Crawl,Unfinished",1 Car Attached,14,16720.80,CL,10/19/2018,10/03/2019,8/01/2019,10/03/2019,286,Det,1,1,3074805
927,,Beth,Lane,Woodmere,11598,550000,480000,Exp Ranch,3,2.000,"Crawl,Unfinished",,14,14843.98,CL,9/04/2018,3/01/2019,1/22/2019,5/14/2019,140,Det,1,1,3075275
637,,Broadway,,Lynbrook,11563,469990,455000,Cape,3,1.000,"Full,Finished",1 Car Detached,14,13755.10,CL,10/30/2018,4/30/2019,1/24/2019,4/23/2019,86,Det,1,1,3077342
54,,Hartwell,Place,Woodmere,11598,459999,460000,Colonial,4,1.500,Full,,14,15253.00,CL,11/12/2018,12/31/2019,6/27/2019,9/23/2019,226,Det,1,1,3080496
391,,Mill,Road,Hewlett,11557,449999,430000,Colonial,3,2.000,"Full,Finished",1 Car Detached,14,12833.83,CL,11/19/2018,11/09/2019,7/31/2019,9/16/2019,253,Det,1,1,3082154
184,,Harris,Avenue,Hewlett,11557,479900,479900,Split Level,5,2.500,"Partial,Partially Finished",,14,16262.00,CL,11/27/2018,5/27/2019,12/31/2018,3/04/2019,34,Det,1,1,3083839
489,,Peninsula,Boulevard,Lynbrook,11563,489000,435000,Cape,3,2.000,"Full,Finished",1 Car Detached,14,15078.37,CL,11/30/2018,8/15/2019,1/10/2019,4/19/2019,41,Det,2,2,3084203
342,,Cochran Place,,Valley Stream,11581,460000,425000,2 Story,3,1.500,"Full,Unfinished",,14,15658.67,CL,12/12/2018,7/12/2019,3/05/2019,4/12/2019,83,Att,1,1,3086869
925,,Peninsula,Boulevard,Woodmere,11598,539000,500000,Split Level,3,2.000,"Crawl,Unfinished",2 Car Attached,14,7678.12,CL,12/19/2018,6/20/2019,2/05/2019,4/10/2019,48,Att,1,1,3088037
65,,Centre,Street,Woodmere,11598,459000,420000,Colonial,3,1.000,"Full,Unfinished",1 Car Detached,14,13309.80,CL,12/28/2018,6/30/2019,2/12/2019,3/11/2019,46,Det,1,1,3089079
325,,Felter Ave,,Woodmere,11598,568000,485000,Colonial,3,2.500,"Full,Finished",1 Car Detached,14,19548.50,CL,1/03/2019,4/15/2019,2/11/2019,3/22/2019,39,Det,1,1,3090236
11,,Marlboro,Road,Valley Stream,11581,475000,458000,Colonial,4,2.000,"Full,Unfinished",,14,14147.61,CL,1/07/2019,9/27/2019,1/23/2019,4/24/2019,16,Det,1,1,3090869
17,,Orleans,Road,Valley Stream,11581,485000,485000,Colonial,3,1.500,"Full,Finished",1 Car Detached,14,16047.17,CL,10/31/2018,10/31/2019,3/02/2019,4/28/2019,122,Att,1,1,3093626
37,,Dartmouth,Street,Valley Stream,11581,424000,420000,Tudor,3,1.000,"Partial,Partially Finished",1 Car Attached,14,13607.79,CL,2/12/2019,7/28/2019,5/28/2019,7/10/2019,104,Att,1,1,3100529
186,,Gibson,Boulevard,Valley Stream,11581,459000,459000,Ranch,4,2.000,"Crawl,Unfinished",1 Car Attached,14,17299.48,CL,2/12/2019,8/06/2019,3/31/2019,4/08/2019,46,Det,1,1,3100532
1635,,Peninsula,Boulevard,Hewlett,11557,435000,425000,Ranch,3,1.500,"Crawl,Unfinished",1 Car Attached,14,16653.84,CL,2/21/2019,8/31/2019,3/12/2019,5/03/2019,18,Det,1,1,3102980
23,,Peninsula,Boulevard,Valley Stream,11581,410000,400000,Cape,3,1.000,"Crawl,Unfinished",,14,11482.82,CL,3/04/2019,9/01/2019,5/10/2019,8/09/2019,66,Det,1,1,3105696
84,,Horton,Road,Valley Stream,11581,425000,418000,Colonial,3,1.500,"Full,Unfinished",1 Car Attached,14,17864.79,CL,3/06/2019,9/30/2019,4/08/2019,7/10/2019,32,Det,1,1,3106958
171,,Gordon,Road,Valley Stream,11581,455000,445000,Cape,3,1.000,"Crawl,Unfinished",,14,12722.00,CL,4/12/2019,10/12/2019,5/30/2019,7/30/2019,48,Det,1,1,3118731
1110,,Ward,Place,Woodmere,11598,499000,473000,Colonial,4,1.500,"Full,Finished",,14,10078.00,CL,4/16/2019,1/01/2020,5/20/2019,7/29/2019,34,Det,1,1,3119671
129,,Wilson,Road,Valley Stream,11581,479999,490000,Exp Cape,3,2.000,"None,Unfinished",1 Car Detached,14,12433.68,CL,4/24/2019,12/31/2019,5/13/2019,7/08/2019,19,Det,1,1,3121976
986,,Singleton,Avenue,Woodmere,11598,509900,480000,Colonial,3,1.500,Partial,2 Car Detached,14,15282.00,CL,4/29/2019,7/28/2019,5/20/2019,6/28/2019,21,Det,1,1,3123499
9,,Gotham,Street,Valley Stream,11581,489000,475000,Colonial,3,1.000,Full,,14,13730.76,CL,5/03/2019,11/03/2019,5/03/2019,6/27/2019,0,Det,1,1,3125438
82,,Sheridan,Avenue,Hewlett,11557,489000,480000,Cape,3,2.000,"Full,Partially Finished",1 Car Detached,14,12833.00,CL,6/02/2019,10/30/2019,7/11/2019,8/19/2019,39,Det,1,1,3134340
1149,E,Broadway,,Hewlett,11557,475000,375000,Victorian,4,3.000,"Full,Finished",,14,14761.00,Cl,7/11/2019,7/10/2020,2/25/2020,3/02/2020,229,Det,1,1,3146435
137,,Wilson,Road,Valley Stream,11581,449990,450000,Cape,2,1.000,"Crawl,Unfinished",1 Car Detached,14,11641.20,CL,7/25/2019,11/30/2019,9/10/2019,11/12/2019,47,Det,1,1,3150596
84,,Rosedale,Road,N. Woodmere,11581,469900,432500,Ranch,3,1.500,"Full,Finished",1 Car Attached,14,12722.00,CL,7/26/2019,10/31/2019,9/03/2019,3/05/2020,39,Det,1,1,3150765
1182,,Division,Street,Hewlett,11557,299999,299999,Bungalow,2,1.500,"Crawl,Unfinished",2 Car Detached,14,8805.00,CL,8/06/2019,3/06/2020,11/05/2019,2/28/2020,91,Det,1,1,3153648
30,,Jadwin,Street,Valley Stream,11581,379000,375000,Cape,4,1.000,"None,Unfinished",Detached,14,11361.49,CL,8/14/2019,11/14/2019,11/05/2019,2/05/2020,83,Det,1,1,3156292
105,,Edgeworth,Street,Valley Stream,11581,379000,379000,Cape,4,1.500,"Crawl,Unfinished",1 Car Detached,14,13686.40,CL,9/21/2019,12/31/2019,11/22/2019,11/22/2019,62,Det,1,1,3166604
27,,Peninsula,Boulevard,Valley Stream,11581,449000,425000,Cape,4,1.000,"Crawl,Unfinished",1 Car Detached,14,13876.44,CL,9/27/2019,3/06/2020,11/25/2019,1/30/2020,59,Det,1,1,3168344
309,,Felter,Avenue,Woodmere,11598,495000,470000,Cape,4,2.000,Full,1 Car Attached,14,20205.00,CL,10/07/2019,4/07/2020,11/05/2019,2/24/2020,29,Det,1,1,3171023
385,,Hamilton,Avenue,Hewlett,11557,499000,400000,Exp Ranch,4,2.500,"Crawl,Unfinished",,14,9208.00,CL,10/18/2019,4/15/2020,12/20/2019,12/27/2019,63,Det,1,1,3173842
164,,Page,Road,Valley Stream,11581,449000,450000,Cape,3,1.000,"None,Unfinished",1 Car Detached,14,13582.62,CL,10/24/2019,1/24/2020,3/11/2020,3/11/2020,139,Det,1,1,3175166
1497,,Peninsula,Boulevard,Hewlett,11557,384700,406000,Ranch,3,2.000,Full,1 Car Attached,14,14868.03,CL,11/21/2019,2/17/2020,1/15/2020,1/28/2020,55,Det,1,1,3181957