St #,Dr,Street Name,Sfx,Town,Zip,ListPrice,SoldPrice,,Br,Bath,,,SD,Tot Tax,LSC,ListDate,ExpDate,ContDate,TitleDate,DOM,Det,#F,K,ML#
10,,Bancroft,Lane,Great Neck,11024,1995000,1436000,Colonial,8,5.550,"Full,Unfinished",2 Car Detached,7,79010.59,CL,10/19/2017,11/10/2018,3/06/2018,11/14/2018,138,Det,1,1,2998606
69,,Station,Road,Great Neck,11023,1425000,1300000,Colonial,5,4.500,"Full,Unfinished",2 Car Attached,7,21284.75,CL,4/19/2018,9/01/2018,6/18/2018,9/06/2018,60,Det,1,1,3022087
7,,Tideway,,Great Neck,11024,3295000,2900000,Colonial,5,4.500,"None,Unfinished",2 Car Attached,7,45446.47,CL,3/08/2019,8/25/2019,4/17/2019,8/29/2019,39,Det,1,1,3107465
375,,East Shore,Road,Great Neck,11024,1438000,1300000,Colonial,5,3.500,Partial,,7,36519.24,CL,9/13/2019,8/28/2020,10/30/2019,3/10/2020,47,Det,1,1,3164221
76,,Station,Road,Great Neck,11023,1498000,1455000,Colonial,4,2.500,"Full,Unfinished",1 Car Attached,7,23074.57,CL,4/18/2018,9/20/2018,6/06/2018,7/31/2018,49,Det,1,1,3021672
15,,Shore Park,Road,Great Neck,11023,1498000,1375000,Colonial,5,3.500,"Full,Finished",1 Car Attached,7,23917.48,CL,4/26/2017,10/25/2017,7/11/2017,10/03/2017,76,Det,1,1,2933121
99,,Cedar,Drive,Great Neck,11021,1799000,1600000,Colonial,6,5.500,"Full,Partially Finished",2 Car Attached,7,43970.82,CL,4/12/2014,12/31/2018,2/08/2018,4/24/2018,1398,Det,1,1,2864996
27,,Gateway,Drive,Great Neck,11021,2650000,1760000,Colonial,7,4.000,"Full,Finished",2 Car Attached,7,29062.35,CL,3/22/2017,7/05/2018,1/19/2018,4/23/2018,303,Det,1,1,2923013
13,,Cherry,Lane,Great Neck,11024,2995000,2250000,Ranch,5,5.500,Full,2 Car Attached,7,43862.87,CL,6/04/2019,4/30/2020,8/19/2019,11/19/2019,76,Det,1,1,3134792
5,,Horizon,Way,Great Neck,11024,16988000,10400000,Contemporary,5,6.550,"Full,Finished",3 Car Attached,7,176056.00,CL,5/02/2019,9/01/2019,8/06/2019,11/19/2019,96,Det,1,1,3124670
199,,W Shore,Road,Great Neck,11024,1675000,1472000,Tudor,6,3.500,"Full,Unfinished",2 Car Detached,7,32161.00,CL,1/10/2017,3/30/2018,5/17/2018,6/27/2018,491,Det,1,1,2905783
21,,Beverly Road,,Great Neck,11021,1650000,1658000,Colonial,4,3.500,"Partial,Unfinished",2 Car Attached,7,33403.13,CL,7/06/2017,1/16/2018,9/05/2017,11/02/2017,61,Det,1,1,2952656
15,,Beverly Road,,Great Neck,11021,2350000,1925000,Colonial,9,6.555,"Full,Partially Finished",3 Car Attached,7,64786.97,CL,1/31/2017,12/27/2017,8/29/2017,10/31/2017,209,Det,1,1,2910462
8,,Laurel,Drive,Great Neck,11021,1388000,1500000,Contemporary,4,4.500,"Full,Finished",2 Car Attached,7,45242.33,CL,10/18/2018,12/31/2019,9/17/2019,9/20/2019,334,Det,1,1,3074301
48,,Piccadilly,Road,Great Neck,11023,1648000,1500000,Colonial,6,4.500,"Full,Finished",,7,38408.46,CL,10/22/2018,12/31/2019,8/08/2019,12/23/2019,290,Det,1,1,3075210
41,,Beverly,Road,Great Neck,11021,2799000,2100000,Colonial,7,6.500,"Full,Finished",2 Car Detached,7,34624.00,CL,10/10/2018,4/08/2019,11/09/2018,2/15/2019,30,Det,1,1,3072265
28,,Birchwood,Lane,Kings Point,11024,2600000,2400000,Colonial,5,4.500,"Full,Finished",2 Car Attached,7,35826.32,CL,10/19/2018,10/18/2019,4/04/2019,9/17/2019,167,Det,1,1,3074884
3C,,Foxwood,Road,Great Neck,11024,3498000,2800000,Colonial,6,5.500,"Full,Finished",3 Car Attached,7,51825.88,CL,10/26/2017,4/26/2018,2/15/2018,6/08/2018,112,Det,1,1,2981242
131,,Soundview,Drive,Great Neck,11020,1588000,1500000,Exp Ranch,4,2.500,"None,Unfinished",2 Car Detached,7,24861.00,CL,5/02/2019,11/02/2019,5/29/2019,7/23/2019,27,Det,1,1,3125012
10,,Jordan,Drive,Great Neck,11021,1745000,1745000,Colonial,5,3.550,"Full,Finished",,7,29676.00,CL,11/15/2016,7/11/2017,4/28/2017,7/14/2017,163,Det,1,1,2896732
11,,Birchwood,Lane,Great Neck,11024,1625000,1475000,Colonial,4,3.000,Full,,7,23691.00,CL,8/04/2017,8/03/2018,11/03/2017,11/03/2017,91,Det,1,1,*1292254
50,,Old Field,Lane,Great Neck,11020,1598888,1515000,Colonial,5,3.500,"Full,Finished",2 Car Attached,7,27706.70,CL,1/29/2018,5/29/2018,3/05/2018,5/30/2018,35,Det,1,1,3000345
18,,Oaks Hunt,Road,Great Neck,11020,1348000,1295000,Exp Ranch,4,2.550,"None,Unfinished",1 Car Attached,7,18423.18,CL,5/07/2018,12/31/2018,7/03/2018,9/18/2018,57,Det,1,1,3027663
11,,Paddock,Lane,Great Neck,11020,1579000,1485000,Contemporary,5,3.000,"None,Unfinished",2 Car Attached,7,24731.00,Cl,5/31/2017,8/31/2017,6/26/2017,8/12/2017,26,Det,1,1,2942610
34,,School House,Lane,Great Neck,11020,2618000,2075000,Colonial,5,5.500,Full,2 Car Attached,7,32227.12,CL,3/26/2018,9/24/2018,7/17/2018,8/24/2018,113,Det,1,1,3014918
7,,Round Hill,Road,Great Neck,11020,2790000,2550000,Colonial,6,4.500,"Full,Finished",2 Car Attached,7,34683.67,CL,4/21/2017,4/20/2018,8/07/2017,9/12/2017,108,Det,1,1,2931346
1,,Garden,Street,Great Neck,11021,1190000,1233000,Colonial,4,3.000,"Full,Finished",1 Car Attached,7,17000.00,CL,7/11/2017,6/22/2018,8/02/2017,9/08/2017,22,Det,1,1,2954137
5,,Mirrielees,Road,Great Neck,11021,1650000,1460000,Colonial,4,4.500,"Full,Partially Finished",2 Car Attached,7,28787.68,CL,2/01/2017,1/31/2018,8/16/2017,11/09/2017,195,Det,1,1,2910613
130,,Gristmill,Lane,Great Neck,11023,3599000,2950000,Exp Ranch,5,5.000,"Full,Partially Finished",2 Car Attached,7,23175.25,CL,1/25/2017,1/31/2018,8/18/2017,10/19/2017,204,Det,1,1,2909145
4,,Hillpark,Avenue,Great Neck,11021,1599000,1480000,2 Story,6,4.000,"Full,Unfinished",2 Car Attached,7,15933.21,CL,5/03/2017,10/25/2017,9/10/2017,11/14/2017,130,Det,2,2,2934849
77,,Pine Hill,Road,Great Neck,11020,1475000,1245000,Split Level,4,3.500,"Full,Finished",,7,18312.00,CL,4/23/2018,7/31/2018,9/26/2018,10/31/2018,156,Det,1,1,3023089
22,,Amherst,Road,Great Neck,11021,3788000,3280000,Colonial,6,5.500,"Full,Finished",2 Car Attached,7,0.00,CL,6/05/2017,12/31/2017,8/31/2017,10/16/2017,87,Det,1,1,2944114
18,,Hickory,Drive,Great Neck,11021,1300000,1300000,Ranch,4,3.000,"Partial,Unfinished",,7,18792.89,CL,5/15/2018,12/31/2018,5/15/2018,7/31/2018,0,Det,1,1,*1315710
1,,Sands,Court,Great Neck,11023,1399000,1250000,Hi Ranch,5,3.000,"None,Unfinished",,7,19527.14,CL,5/31/2016,1/21/2017,1/16/2017,3/24/2017,230,Det,1,1,2856735
21,,Vista,Drive,Great Neck,11021,4988000,4625000,Colonial,7,7.500,"Full,Finished",2 Car Attached,7,47287.64,CL,7/06/2017,11/12/2017,7/14/2017,8/23/2017,8,Det,1,1,2952637
4,,Arleigh,Road,Great Neck,11021,1599000,1460000,Colonial,4,2.500,"Full,Finished",2 Car Detached,7,24752.16,CL,3/12/2019,9/08/2019,8/21/2019,10/07/2019,162,Det,1,1,3108228
1,,Orchard,Lane,Great Neck,11024,2258000,1960000,Ranch,5,3.000,"Full,Finished",,7,27318.26,CL,5/11/2018,10/15/2018,8/14/2018,10/25/2018,95,Det,1,1,3029223
9,,Kensington,Court,Great Neck,11021,1395000,1315000,Ranch,3,3.000,"Full,Finished",,7,22233.17,CL,3/08/2017,8/28/2017,4/14/2017,6/22/2017,36,Det,1,1,2919613
7,,Shore Park,Road,Great Neck,11023,1399000,1325000,Colonial,4,3.000,"Full,Unfinished",,7,13351.34,CL,9/27/2018,3/20/2019,1/15/2019,3/26/2019,110,Det,1,1,3068596
4,,Bentley,Road,Great Neck,11023,1499000,1465000,Colonial,6,3.500,"Full,Unfinished",2 Car Attached,7,25726.76,CL,9/12/2018,2/01/2019,1/26/2019,4/18/2019,136,Det,1,1,3064381
12,,Clover,Drive,Great Neck,11021,2998000,2800000,Colonial,6,5.500,"Full,Finished",2 Car Attached,7,35872.03,CL,4/09/2018,10/09/2018,8/21/2018,9/24/2018,134,Det,1,1,3018614
40,,Martin,Court,Great Neck,11024,2799000,2450000,Exp Ranch,5,5.500,"Full,Finished",,7,52213.58,CL,4/27/2017,12/31/2017,12/11/2017,1/17/2018,228,Det,1,1,2933120
102,,Clover,Drive,Great Neck,11021,2998000,2700000,Colonial,6,6.500,"Full,Finished",,7,0.00,CL,10/10/2019,2/10/2020,11/26/2019,3/12/2020,47,Det,1,1,3171730
28,,Ascot Ridge,Road,Great Neck,11021,3888000,3550000,Colonial,7,7.500,"Full,Finished",,7,0.00,CL,10/16/2017,4/16/2018,3/03/2018,5/11/2018,138,Det,1,1,2978734
31,,Old Farm,Road,Great Neck,11020,2200000,1980000,Exp Ranch,4,4.500,Full,,7,31054.48,CL,3/09/2017,9/30/2017,5/05/2017,7/05/2017,56,Det,1,1,*1278293
25,,Pond Park,Road,Great Neck,11023,1495000,1280000,Tudor,4,3.500,Full,2 Car Attached,7,25403.00,CL,4/13/2017,9/20/2017,4/13/2017,8/02/2017,0,Det,1,1,*1281310
21,,Cow,Lane,Great Neck,11024,2900000,2426000,Ranch,5,4.500,"None,Unfinished",2 Car Attached,7,27160.00,CL,4/13/2017,8/31/2017,4/19/2017,7/14/2017,6,Det,1,1,*1281846
7,,Harbor,Way,Kings Point,11024,7200000,5400000,Colonial,7,7.555,"Full,Finished",3 Car Attached,7,87898.90,CL,4/19/2017,10/19/2017,4/19/2017,10/24/2017,0,Det,1,1,*1281850
36,,Sunset,Road,Great Neck,11024,5000000,3750000,Mediterranean,4,5.500,"Partial,Finished",3 Car Detached,7,111033.00,CL,6/12/2017,11/30/2017,6/13/2017,7/18/2017,1,Det,1,1,*1287573
30,,Byron,Lane,Great Neck,11023,1600000,1565000,Exp Cape,4,2.000,Full,,7,20271.90,CL,7/13/2017,7/13/2018,7/14/2017,11/17/2017,1,Det,1,1,*1290554
12,,Hemlock,Drive,Great Neck,11024,2495000,2000000,Contemporary,5,4.500,"None,Unfinished",3 Car Attached,7,48389.06,CL,10/11/2017,12/11/2019,4/04/2018,3/21/2019,175,Det,1,1,*1297832
6,,Road On The,Hill,Great Neck,11023,1395000,1350000,Colonial,3,2.500,Full,2 Car Detached,7,18571.34,CL,5/25/2018,12/31/2018,5/25/2018,8/21/2018,0,Det,1,1,*1316717
16,,Shore,Drive,Kings Point,11024,8500000,7900000,Tudor,5,6.550,"Full,Finished",3 Car Attached,7,88706.83,CL,3/28/2018,9/28/2018,7/02/2018,9/14/2018,96,Det,1,1,*1320432
120 D,,Station,Road,Great Neck,11021,1349000,1210000,Colonial,5,3.550,Full,,7,27416.16,CL,1/06/2019,7/01/2019,1/06/2019,3/26/2019,0,Det,1,1,*1334248
5,,Beech,Lane,Great Neck,11024,3900000,3400000,Colonial,6,7.550,"Partial,Finished",2 Car Attached,7,59415.89,CL,2/14/2019,2/14/2020,2/15/2019,4/08/2019,1,Det,1,1,*1337503
36,,Sunset,Road,Great Neck,11024,6000000,3500000,Mediterranean,4,5.500,"Partial,Finished",3 Car Detached,7,111033.10,CL,1/26/2016,10/30/2016,7/12/2016,4/06/2017,167,Det,1,1,2824029
4,,Fairfield,,Great Neck,11024,2275000,1875000,Contemporary,5,4.500,,1 Car Attached,7,44364.65,CL,3/18/2016,12/31/2016,12/19/2016,4/25/2017,276,Det,1,1,2836979
95,,Longfellow,Road,Great Neck,11023,1475000,1420000,Exp Ranch,7,3.000,"None,Unfinished",,7,19013.80,CL,4/18/2016,7/14/2017,5/11/2017,8/11/2017,388,Det,1,1,2845126
68A,,Nassau,Drive,Great Neck,11021,2488000,2300000,Colonial,5,5.500,Full,2 Car Attached,7,53466.34,CL,5/10/2016,6/26/2017,1/21/2017,3/27/2017,256,Det,1,1,2851478
68A,,Nassau,Drive,Great Neck,11021,2488000,2300000,Colonial,5,5.500,"Full,Finished",2 Car Attached,7,53826.19,CL,5/10/2016,6/26/2017,1/20/2017,3/27/2017,255,Det,1,1,2851511
70,,Candy,Lane,Great Neck,11023,3500000,2700000,Split Level,5,3.000,"Full,Finished",2 Car Attached,7,20000.00,CL,7/18/2016,1/31/2017,1/27/2017,9/27/2017,193,Det,1,1,2869626
12,,Blue Sea,Lane,Great Neck,11024,2800000,2400000,Ranch,6,5.550,"Full,Finished",3 Car Attached,7,55959.88,CL,7/20/2016,7/15/2017,3/22/2017,7/10/2018,355,Det,1,1,2870213
9,,Henhawk,Road,Great Neck,11024,3250000,2860800,Tudor,5,4.500,"Full,Finished",2 Car Attached,7,31995.44,CL,9/12/2016,7/29/2017,2/17/2017,5/01/2017,158,Det,1,1,2882655
3,,Fleetwood,Court,Great Neck,11024,2088000,1865000,Contemporary,5,5.500,Full,2 Car Attached,7,41867.63,CL,11/01/2016,5/01/2018,3/07/2018,8/08/2018,491,Det,1,1,2893784
3,,Stream,Court,Great Neck,11023,3750000,2975000,Colonial,6,6.500,Full,3 Car Attached,7,43208.32,CL,11/02/2016,4/30/2017,5/15/2017,8/15/2017,194,Det,1,1,2894138
12,,Tideway,Street,Great Neck,11024,2800000,2426000,Ranch,5,4.500,"None,Unfinished",1 Car Attached,7,37611.52,CL,11/07/2016,10/30/2017,5/15/2017,11/20/2017,188,Det,1,1,2894920
33,,Arrandale,Avenue,Great Neck,11024,1888000,1570000,Colonial,6,3.500,"Full,Finished",2 Car Detached,7,24562.58,CL,11/08/2016,10/30/2017,7/03/2017,8/08/2017,236,Det,1,1,2895326
172,,Kings Point,Road,Great Neck,11024,7250000,6000000,Other,6,7.550,"Full,Finished",2 Car Attached,7,88909.20,CL,1/10/2017,12/04/2017,9/12/2017,1/31/2018,244,Det,1,1,2905914
55,,Shelly,Lane,Great Neck,11023,1798000,1675000,Exp Ranch,5,3.000,"Full,Finished",2 Car Attached,7,20207.99,CL,1/23/2017,9/18/2017,5/15/2017,6/30/2017,111,Det,1,1,2908412
6,,N.Grace,Court,Great Neck,11021,1298000,1280000,Colonial,4,2.500,Full,1 Car Attached,7,12098.21,CL,1/25/2017,7/26/2017,5/19/2017,7/24/2017,113,Det,1,1,2908963
78,,Nassau,Drive,Great Neck,11021,3799000,3425000,Colonial,8,8.500,"Full,Finished",2 Car Attached,7,0.00,CL,2/13/2017,6/03/2017,5/19/2017,6/20/2017,94,Det,1,1,2913425
94,,Fairview,Avenue,Great Neck,11023,1388000,1243000,Colonial,5,2.500,"Full,Partially Finished",2 Car Attached,7,17093.30,CL,2/24/2017,8/31/2017,3/10/2017,5/17/2017,14,Det,1,1,2916305
31,,Olive,Street,Great Neck,11020,2280000,2200000,Colonial,5,5.500,Full,,7,44522.18,CL,5/04/2017,12/31/2017,5/05/2017,7/07/2017,1,Det,1,1,2935137
14,,Links,Drive,Great Neck,11020,1595000,1490000,Split Level,5,4.500,"Full,Finished",2 Car Attached,7,25032.00,CL,5/15/2017,11/30/2017,6/09/2017,10/23/2017,25,Det,1,1,2938145
15,,Whitman,Road,Great Neck,11023,1898000,1750000,Exp Ranch,5,4.000,"None,Unfinished",2 Car Attached,7,21606.55,CL,5/18/2017,11/17/2017,8/28/2017,5/31/2018,102,Det,1,1,2939456
19,,Rogers,Road,Great Neck,11024,2995000,2600000,Ranch,5,3.000,Full,2 Car Attached,7,39530.00,CL,5/22/2017,11/22/2017,7/03/2017,9/19/2017,42,Det,1,1,2940585
3,,Fairfield,Road,Great Neck,11024,2188000,1865000,Ranch,5,4.500,"None,Unfinished",2 Car Attached,7,42398.00,CL,6/02/2017,11/28/2017,8/16/2017,11/12/2017,75,Det,1,1,2943460
10,,Whitman,Road,Great Neck,11023,1488000,1425000,Exp Ranch,5,3.500,"None,Unfinished",2 Car Attached,7,29050.09,CL,6/15/2017,1/11/2018,12/23/2017,5/16/2018,191,Det,1,1,2947155
3,,Moline,Court,Great Neck,11024,5970000,4800000,Colonial,6,5.500,"Full,Partially Finished",3 Car Attached,7,0.00,CL,6/19/2017,11/30/2017,11/28/2017,2/16/2018,162,Det,1,1,2948273
22,,Broadlawn,Avenue,Great Neck,11024,1950000,1460000,Colonial,5,3.500,"Full,Finished",3 Car Detached,7,27506.11,CL,6/27/2017,12/16/2017,12/11/2017,3/23/2018,167,Det,1,1,2950428
6,,Bly,Court,Great Neck,11023,1675000,1620000,Contemporary,5,3.550,"Full,Finished",1 Car Attached,7,20953.83,CL,8/06/2017,12/31/2017,9/01/2017,1/09/2018,26,Det,1,1,2961203
566,E,Shore,Road,Great Neck,11024,1750000,1515000,Colonial,6,5.500,"None,Unfinished",2 Car Attached,7,61944.93,CL,10/16/2017,3/30/2018,7/15/2018,6/10/2019,272,Det,1,1,2978830
146,,Gristmill,Lane,Great Neck,11023,3200000,2525000,Exp Ranch,5,4.500,"Partial,Finished",2 Car Attached,7,30243.57,CL,10/16/2017,3/13/2018,11/03/2017,3/13/2018,18,Det,1,1,2978855
109,,Hicks,Lane,Great Neck,11024,1550000,1206000,Colonial,5,3.000,"Full,Partially Finished",Attached,7,27558.50,CL,10/31/2017,9/16/2018,5/10/2018,8/14/2018,191,Det,1,1,2982125
26,,Amherst,Road,Great Neck,11021,3988000,3500000,Colonial,6,6.500,"Full,Finished",2 Car Attached,7,0.00,CL,11/09/2017,5/09/2018,2/02/2018,3/09/2018,85,Det,1,1,2984576
30,,Cooper,Drive,Great Neck,11023,1425000,1370000,Exp Ranch,4,3.000,Full,,7,15978.00,CL,11/16/2017,8/31/2018,2/16/2018,6/15/2018,92,Det,1,1,2986486
20,,Hickory,Drive,Great Neck,11021,1688000,1236000,Ranch,4,3.500,"Partial,Unfinished",2 Car Attached,7,23976.75,CL,12/06/2017,5/30/2018,2/19/2018,5/29/2018,75,Det,1,1,2989749
70,,Longfellow,Road,Great Neck,11023,1695000,1475000,Exp Ranch,5,3.000,"None,Unfinished",2 Car Attached,7,21041.35,CL,1/16/2018,7/15/2018,6/19/2018,8/06/2018,153,Det,1,1,2996804
4,,Kensington,Court,Great Neck,11021,3188000,2700000,Colonial,6,7.500,"Full,Finished",2 Car Attached,7,0.00,CL,1/21/2018,9/01/2018,7/11/2018,8/02/2018,170,Att,1,1,2998219
10,,Hamptworth,Drive,Great Neck,11024,2495000,1850000,Contemporary,6,5.500,"Full,Finished",2 Car Attached,7,50434.89,CL,1/30/2018,1/03/2019,8/28/2018,9/20/2018,209,Det,1,1,3000377
26,,Hillcrest,Drive,Great Neck,11021,1688000,1525000,Colonial,5,4.000,"Full,Finished",2 Car Attached,7,25203.06,CL,2/07/2018,8/31/2018,6/27/2018,8/10/2018,139,Det,1,1,3002729
15,,Tanners,Road,Great Neck,11020,2380000,2300000,Colonial,5,5.500,Full,Attached,7,31000.00,CL,2/20/2018,8/30/2018,3/20/2018,12/10/2018,27,Det,1,1,3005813
25,,Wimbleton,Lane,Great Neck,11023,1526000,1360000,Ranch,5,4.000,"Full,Finished",1 Car Attached,7,18881.42,CL,2/26/2018,8/21/2018,8/20/2018,7/15/2019,174,Att,1,1,3007393
30,,Wildwood,Drive,Great Neck,11024,2288000,1850000,Colonial,6,5.500,"Partial,Finished",2 Car Attached,7,49119.73,CL,4/02/2018,7/01/2018,5/16/2018,9/14/2018,44,Det,1,1,3016549
1,,Ballantine,Lane,Great Neck,11024,5750000,4750000,Colonial,7,5.550,Full,3 Car Attached,7,69121.78,CL,4/02/2018,10/30/2018,6/15/2018,11/15/2018,74,Det,1,1,3016659
30,,Jeffrey,Lane,Great Neck,11020,1328000,1250000,Colonial,5,3.550,"Full,Finished",2 Car Attached,7,19500.00,CL,4/06/2018,10/03/2018,5/08/2018,7/10/2018,32,Det,1,1,3018234
31,,Wildwood,Drive,Great Neck,11024,5100000,4300000,Colonial,6,6.500,"Full,Finished",3 Car Attached,7,64521.23,CL,4/17/2018,9/21/2018,11/16/2018,2/06/2019,213,Det,1,1,3021316
86,,Old Pond,Road,Great Neck,11023,2688000,2300000,Colonial,7,5.500,"Full,Finished",1 Car Attached,7,0.00,CL,4/20/2018,10/22/2018,8/02/2018,10/12/2018,104,Det,1,1,3022524
81,,Hampshire,Road,Great Neck,11023,1850000,1800000,Colonial,5,4.500,"Full,Finished",,7,12000.00,CL,4/25/2018,10/31/2018,5/23/2018,8/03/2018,28,Det,1,1,3023861
4,,Henhawk,Road,Great Neck,11024,4880000,3800000,Colonial,6,6.500,Full,2 Car Attached,7,65822.70,CL,5/01/2018,10/30/2018,8/16/2018,10/19/2018,107,Det,1,1,3025564
11,,Beech,Lane,Great Neck,11024,8288000,6500000,Colonial,6,5.500,"Full,Partially Finished",,7,57724.88,CL,5/01/2018,4/19/2019,5/24/2018,10/05/2018,23,Det,1,2,3025796
5,,Sinclair,Drive,Great Neck,11024,3000000,2500000,Ranch,5,3.500,"Full,Finished",2 Car Attached,7,32641.00,CL,5/08/2018,12/15/2018,8/17/2018,11/05/2018,101,Det,1,1,3028064
33,,Hickory,Drive,Great Neck,11021,1449000,1300000,Split Level,4,3.000,"Full,Partially Finished",2 Car Attached,7,19413.97,CL,5/08/2018,11/03/2018,11/28/2018,3/04/2019,204,Det,1,1,3028219
11,,Mitchell,Drive,Great Neck,11024,2980000,2300000,Colonial,5,4.500,"Partial,Finished",2 Car Attached,7,46870.88,CL,5/15/2018,5/15/2019,5/20/2019,8/30/2019,370,Det,1,1,3030392
32,,Old Farm,Road,Great Neck,11020,2650000,2280000,Contemporary,8,5.550,"Full,Finished",2 Car Attached,7,54928.72,CL,6/05/2018,12/15/2019,10/24/2019,10/30/2019,506,Det,1,2,3036621
89,,Kings Point,Road,Great Neck,11024,1688000,1650000,Contemporary,3,4.500,"Full,Finished",2 Car Attached,7,43901.90,CL,7/09/2018,6/18/2019,8/24/2018,12/19/2018,46,Det,1,1,3046568
36,,Shore Park,Road,Great Neck,11023,1598000,1500000,Colonial,5,3.000,"Full,Finished",1 Car Attached,7,24732.99,CL,7/12/2018,1/15/2019,8/13/2018,10/24/2018,32,Det,1,1,3047582
81,,Cedar,Drive,Great Neck,11021,2880000,2100000,Colonial,7,4.550,"Full,Finished",2 Car Attached,7,44838.05,CL,8/20/2018,2/13/2019,4/04/2019,8/14/2019,227,Det,1,1,3058412
7,,Dodford,Road,Great Neck,11021,1375000,1339988,Colonial,4,3.500,"Full,Finished",2 Car Attached,7,27243.00,CL,9/12/2018,3/12/2019,10/28/2018,1/22/2019,46,Det,1,1,3064440
35,,Longfellow,Road,Great Neck,11023,3688000,3100000,Colonial,7,6.500,"Full,Finished",,7,0.00,CL,10/11/2018,4/30/2019,4/15/2019,6/14/2019,186,Det,1,1,3072513
14,,Henhawk,Road,Great Neck,11024,2995000,2650000,Tudor,7,5.550,"Full,Finished",2 Car Attached,7,38429.21,CL,11/02/2018,11/01/2019,9/27/2019,1/03/2020,329,Det,1,1,3078136
60,,Nassau,Drive,Great Neck,11021,3500000,2980000,Colonial,7,8.550,"Full,Finished",3 Car Attached,7,73718.00,CL,11/06/2018,7/31/2019,7/15/2019,9/12/2019,250,Det,1,1,3079095
7,,West End,Avenue,Great Neck,11023,1499000,1468000,Colonial,4,2.500,"Full,Unfinished",,7,14648.00,CL,1/02/2019,1/02/2020,1/22/2019,4/17/2019,20,Det,1,1,3089827
24,,Westbrook,Road,Great Neck,11024,1358000,1300000,Exp Ranch,4,4.000,"None,Unfinished",2 Car Attached,7,35351.19,CL,2/05/2019,7/05/2019,3/29/2019,5/13/2019,51,Det,1,1,3098851
41,,Hawthorne,Lane,Great Neck,11023,1650000,1650000,Exp Ranch,5,3.500,"Full,Finished",2 Car Attached,7,20066.92,CL,2/07/2019,1/24/2020,3/07/2019,5/07/2019,28,Det,1,1,3099354
36,,Martin,Court,Great Neck,11024,3998000,3275000,Colonial,6,6.500,"Full,Finished",3 Car Attached,7,54914.24,CL,2/10/2019,1/03/2020,7/16/2019,9/06/2019,155,Det,1,1,3100147
237,,Clent,Road,Great Neck,11021,1398000,1260000,Exp Cape,5,3.000,"Full,Unfinished",2 Car Attached,7,15884.68,CL,2/20/2019,7/19/2019,3/29/2019,6/25/2019,36,Det,1,1,3102583
5,,Emerson,Drive,Great Neck,11023,1299000,1226000,Cape,5,4.000,"Full,Finished",,7,20976.65,CL,3/02/2019,8/31/2019,8/07/2019,11/08/2019,157,Det,1,1,3105507
23,,Harbour,,Great Neck,11024,2750000,2500000,Colonial,8,5.500,"Full,Finished",3 Car Attached,7,57184.72,CL,3/28/2019,3/19/2020,6/04/2019,7/23/2019,68,Det,1,1,3113272
7,,Stonehenge,Road,Great Neck,11023,1775000,1421000,Tudor,5,4.550,"Full,Finished",2 Car Attached,7,28659.23,CL,4/02/2019,12/31/2019,5/10/2019,5/31/2019,38,Det,1,1,3114857
47,,Stoner,Avenue,Great Neck,11021,1448000,1328000,Colonial,4,2.500,"Full,Finished",2 Car Attached,7,19442.48,CL,4/08/2019,10/08/2019,5/10/2019,8/19/2019,32,Det,1,1,3116930
43,,Stepping Stone,Lane,Kings Point,11024,1588000,1300000,Farm Ranch,5,3.000,"Full,Unfinished",2 Car Attached,7,29735.68,CL,4/16/2019,10/16/2019,9/18/2019,1/16/2020,155,Det,1,1,3119847
43,,Shore Park,Road,Great Neck,11023,1750000,1700000,Colonial,5,4.000,"Partial,Finished",1 Car Attached,7,22572.64,CL,4/27/2019,12/31/2019,5/03/2019,6/28/2019,6,Att,1,1,3123096
141,,Shoreward,Drive,Great Neck,11021,1388000,1318000,Colonial,6,4.000,"Full,Finished",2 Car Attached,7,17638.14,CL,5/15/2019,11/01/2019,5/16/2019,8/16/2019,1,Det,1,1,3128747
1,,Darley,Road,Great Neck,11021,1288888,1270000,Tudor,5,4.000,"Full,Finished",2 Car Attached,7,22625.00,CL,5/15/2019,11/14/2019,7/16/2019,9/23/2019,62,Det,1,1,3129103
5,,Moline,Court,Great Neck,11024,3399000,2862500,Colonial,6,6.500,"Full,Finished",2 Car Attached,7,0.00,CL,6/03/2019,12/03/2019,6/28/2019,7/22/2019,25,Det,1,1,3134403
22,,Beverly,Road,Great Neck,11021,1488888,1360000,Colonial,6,3.500,"Full,Finished",2 Car Attached,7,27930.35,CL,6/04/2019,12/31/2019,7/02/2019,10/09/2019,28,Det,1,1,3134782
10,,Cove,Lane,Great Neck,11024,7500000,5600000,Ranch,4,4.550,Partial,,7,60412.63,CL,6/18/2019,11/26/2019,8/12/2019,12/02/2019,55,Det,1,1,3139433
38,,Strathmore,Road,Great Neck,11023,2350000,2210000,Colonial,5,4.500,"Full,Finished",Attached,7,0.00,CL,6/24/2019,9/24/2019,9/23/2019,12/13/2019,91,Det,1,1,3141246
53,,Nassau,Drive,Great Neck,11021,1826000,1650000,Mediterranean,5,6.500,"Full,Finished",1 Car Attached,7,36246.00,CL,8/01/2019,2/01/2020,8/22/2019,10/28/2019,21,Det,1,1,3152301
50,,Arleigh,Road,Great Neck,11021,2688888,2180000,Colonial,5,4.500,"Full,Finished",2 Car Attached,7,35065.45,CL,8/22/2019,4/30/2020,12/19/2019,2/21/2020,119,Det,1,1,3158338
15,,Johnstone,Road,Great Neck,11021,2388000,1995000,Colonial,6,5.500,Full,,7,17861.00,CL,9/03/2019,12/31/2019,12/10/2019,3/17/2020,98,Det,1,1,3160870
3,,William St.,,Great Neck,11023,1988000,1808000,Colonial,4,4.500,Full,1 Car Attached,7,0.00,CL,2/14/2017,9/14/2017,3/09/2017,4/07/2017,23,Det,1,1,*1275678
135,,Longfellow,Road,Great Neck,11023,1850000,1776000,Contemporary,6,5.000,"Full,Partially Finished",2 Car Attached,7,30231.42,CL,2/28/2017,2/27/2018,4/13/2017,8/31/2017,43,Det,1,1,*1276963
17,,North,Drive,Great Neck,11021,1350000,1235000,Colonial,5,3.500,"Partial,Unfinished",2 Car Detached,7,26022.41,CL,3/01/2017,8/31/2017,5/01/2017,7/20/2017,60,Det,1,1,*1278547
2,,Parkside,Drive,Great Neck,11021,1388000,1380000,Tudor,4,3.500,"Full,Finished",2 Car Attached,7,24965.67,CL,3/24/2017,9/16/2017,4/14/2017,7/19/2017,21,Det,1,1,*1279340
9,,Orchard,Road,Great Neck,11021,1650000,1537500,Colonial,4,4.000,"Full,Finished",2 Car Attached,7,22546.44,CL,3/26/2017,9/26/2017,4/11/2017,8/04/2017,16,Det,1,1,*1279517
63,,Westminster,Road,Great Neck,11020,1250000,1250000,Ranch,3,2.500,Full,1 Car Attached,7,16060.76,CL,5/04/2017,10/31/2017,5/18/2017,8/15/2017,14,Det,1,1,*1283685
4,,Cary,Road,Great Neck,11020,1299000,1310000,Cottage,4,3.500,"Full,Finished",2 Car Attached,7,14251.89,CL,5/01/2017,11/01/2017,5/26/2017,8/01/2017,25,Det,1,1,*1284120
17,,Winfield,Terrace,Great Neck,11023,1700000,1585000,Colonial,4,3.500,Full,2 Car Attached,7,23774.93,CL,11/07/2017,5/06/2018,11/17/2017,3/13/2018,10,Det,1,1,*1300089
14,,Kings Pl.,,Great Neck,11024,2150000,1970000,Colonial,5,5.500,Full,1 Car Attached,7,0.00,CL,11/01/2017,6/30/2018,1/02/2018,6/11/2018,62,Det,1,1,*1300633
19,,Arleigh,Road,Great Neck,11021,2398000,2250000,Colonial,7,3.500,"Full,Unfinished",,7,29068.00,CL,12/20/2017,12/20/2018,12/21/2017,4/10/2018,1,Det,1,1,*1302788
18,,Shore,Drive,Kings Point,11024,12500000,9500000,Tudor,5,7.500,"Full,Finished",2 Car Attached,7,98365.91,CL,11/01/2017,3/05/2018,12/21/2017,3/01/2018,50,Det,1,1,*1305833
35,,Cow Lane,,Great Neck,11024,2688000,2360000,Ranch,6,4.000,"None,Unfinished",2 Car Attached,7,32607.93,CL,2/08/2018,5/31/2018,2/13/2018,5/11/2018,5,Det,1,1,*1306244
2,,Oakland,Place,Great Neck,11021,1999000,1700000,Colonial,6,4.500,"Full,Finished",1 Car Attached,7,25182.00,CL,10/18/2018,10/18/2019,12/18/2018,5/23/2019,61,Det,1,1,*1329935
37,,School House,Lane,Great Neck,11020,1399000,1315000,Exp Ranch,5,3.000,"None,Unfinished",2 Car Attached,7,20981.57,CL,11/09/2018,10/30/2019,12/14/2018,3/21/2019,35,Det,1,1,*1331507
12,,Nassau,Drive,Great Neck,11021,1488000,1381500,Colonial,4,2.550,"Partial,Unfinished",1 Car Detached,7,26297.00,CL,1/10/2019,7/11/2019,1/15/2019,3/21/2019,5,Det,1,1,*1334624
105,,Station,Road,Great Neck,11023,2350000,2100000,Colonial,6,5.550,"Full,Partially Finished",2 Car Attached,7,49730.87,CL,4/08/2016,4/07/2017,12/07/2016,4/03/2017,243,Det,1,1,2842603
23,,Amherst,Road,Great Neck,11021,1698000,1547000,Tudor,5,4.500,"Full,Finished",3 Car Attached,7,27352.59,CL,5/07/2016,12/31/2016,1/16/2017,3/24/2017,254,Det,1,1,2850709
20,,Sussex,Road,Great Neck,11020,1888000,1750000,Tudor,4,3.500,"Partial,Partially Finished",2 Car Attached,7,25947.00,CL,6/06/2016,2/28/2017,2/08/2017,5/08/2017,247,Det,1,2,2858592
9,,Bowers,Lane,Great Neck,11020,1588000,1380000,Contemporary,5,3.000,"None,Unfinished",2 Car Attached,7,21893.98,CL,6/15/2016,12/31/2016,1/30/2017,3/24/2017,229,Det,1,1,2861936
5,,Hillcrest,Drive,Great Neck,11021,3850000,3350000,Colonial,6,4.500,Full,2 Car Attached,7,0.00,CL,8/22/2016,6/15/2017,5/19/2017,6/23/2017,270,Att,1,1,2877951
102,,Susquehanna,Avenue,Great Neck,11021,1499000,1500000,Colonial,5,4.000,"Full,Finished",,7,13856.64,CL,9/09/2016,9/01/2017,11/02/2016,4/06/2017,54,Det,1,1,2882116
102,,Ash,Drive,Great Neck,11021,1700000,1520000,Tudor,6,3.550,"Full,Unfinished",2 Car Detached,7,29077.58,CL,10/13/2016,10/05/2017,9/11/2017,11/09/2017,333,Det,1,1,2889909
3,,Orchard,Lane,Kings Point,11024,1799000,1600000,Ranch,3,3.500,Partial,2 Car Attached,7,23915.16,CL,11/02/2016,11/02/2017,12/08/2016,4/06/2017,36,Det,1,1,2894154
22,,Shorecliff,Place,Great Neck,11023,2998000,2600000,Colonial,3,3.500,"Full,Finished",2 Car Attached,7,47489.00,CL,11/14/2016,11/01/2017,7/24/2017,2/28/2018,251,Det,1,1,2896497
5,,Franklin Rd.,,Great Neck,11024,1488000,1360000,Colonial,4,3.500,"Full,Partially Finished",1 Car Attached,7,0.00,CL,11/21/2016,6/01/2017,3/16/2017,5/22/2017,114,Det,1,1,2897839
5A,,Franklin Rd.,,Great Neck,11024,1488000,1350000,Colonial,4,3.500,"Full,Partially Finished",1 Car Attached,7,0.00,CL,11/21/2016,6/01/2017,2/16/2017,6/06/2017,87,Det,1,1,2897842
29,,Farm,Lane,Great Neck,11020,1398000,1225000,Ranch,4,2.500,"Full,Finished",2 Car Attached,7,21518.14,CL,12/01/2016,5/16/2017,3/16/2017,5/01/2017,104,Det,1,1,2899364
10,,Hampton,Road,Great Neck,11020,1588000,1460000,Ranch,3,3.500,"Full,Finished",Private Parking,7,23211.00,CL,12/18/2016,12/18/2017,3/07/2017,4/28/2017,79,Det,1,1,2902384
213,,Clent,Road,Great Neck,11021,1549000,1450000,Tudor,6,3.000,"Full,Finished",2 Car Attached,7,28425.95,CL,2/13/2017,5/30/2017,5/13/2017,7/06/2017,88,Att,1,1,2913298
213,,Clent,Road,Great Neck,11021,1549000,1450000,Tudor,6,3.000,"Full,Unfinished",2 Car Attached,7,28425.95,CL,2/13/2017,5/30/2017,4/25/2017,7/06/2017,70,Det,1,1,2913344
44,,Nassau,Drive,Great Neck,11021,4500000,4180000,Colonial,6,5.500,"Full,Finished",2 Car Attached,7,63635.99,CL,2/15/2017,8/01/2017,4/28/2017,7/10/2017,71,Det,1,1,2913885
2,,Shelter Bay,Drive,Kings Point,11024,3395000,3300000,Contemporary,5,4.500,"Full,Finished",2 Car Attached,7,35000.00,CL,2/17/2017,8/16/2017,7/17/2017,9/08/2017,149,Det,1,1,2914439
51,,Flower,Lane,Great Neck,11024,3150000,2650000,Contemporary,8,4.500,"None,Unfinished",3 Car Attached,7,49000.00,CL,2/28/2017,8/27/2017,7/05/2017,8/21/2017,126,Det,1,1,2916992
77,,Cedar,Drive,Great Neck,11021,1899000,1600000,Ranch,5,3.500,"Full,Finished",,7,29934.31,CL,2/28/2017,8/17/2017,5/05/2017,8/29/2017,65,Det,1,1,2916993
11,,Prospect,Street,Great Neck,11021,1195000,1225000,Colonial,5,2.500,"Full,Unfinished",2 Car Detached,7,16065.85,CL,2/28/2017,7/01/2017,3/10/2017,8/08/2017,10,Det,1,1,2916996
8,,Horseshoe,Lane,Great Neck,11020,1475000,1375000,Ranch,5,3.000,"None,Unfinished",2 Car Attached,7,18340.00,CL,2/28/2017,1/27/2018,5/19/2017,9/06/2017,79,Det,1,1,2917086
31,,Clover,Drive,Great Neck,11021,1799000,1787000,Colonial,5,3.500,"Full,Partially Finished",2 Car Attached,7,37172.00,CL,2/28/2017,6/28/2017,5/23/2017,7/25/2017,83,Det,1,1,2917128
1,,Fairfield,Road,Great Neck,11024,2299000,1900000,Ranch,5,4.500,"Crawl,Unfinished",2 Car Attached,7,45489.90,CL,3/06/2017,11/30/2017,7/13/2017,10/24/2017,128,Det,1,1,2918904
120 B,,Station,Road,Great Neck,11023,1349000,1288888,Exp Cape,4,3.000,"Full,Finished",,7,17437.23,CL,3/07/2017,9/07/2017,4/15/2017,7/03/2017,38,Det,1,1,2919406
1,,Dunster,Road,Great Neck,11021,1398000,1246000,Split Level,4,3.500,Full,1 Car Attached,7,15599.33,CL,3/13/2017,9/30/2017,9/06/2017,10/06/2017,177,Det,1,1,2920778
19,,Split Rock,Drive,Great Neck,11024,4995000,4500000,Traditional,5,5.500,"Full,Finished",3 Car Attached,7,67509.93,CL,3/19/2017,12/30/2017,7/25/2017,9/21/2017,128,Det,1,1,2922214
21,,Robbins,Lane,Great Neck,11020,1250000,1250000,Exp Ranch,5,3.000,"None,Unfinished",1 Car Attached,7,23703.45,CL,3/21/2017,12/31/2017,4/03/2017,8/08/2017,13,Det,1,1,2922837
18,E,Hilltop,Drive,Great Neck,11021,1980000,1800000,Exp Ranch,5,5.000,"Partial,Finished",2 Car Attached,7,19079.13,CL,3/22/2017,3/21/2018,4/26/2017,5/25/2017,35,Det,1,1,2923320
23,,Grassfield,Road,Kings Point,11024,1650000,1400000,Ranch,5,3.500,"None,Unfinished",2 Car Attached,7,40788.83,CL,3/24/2017,9/30/2017,3/30/2017,9/07/2017,6,Att,1,1,2923779
19,N,Clover,Drive,Great Neck,11021,1378000,1275000,Colonial,5,3.500,"Full,Finished",1 Car Attached,7,23531.21,CL,3/24/2017,5/26/2017,5/09/2017,6/26/2017,46,Det,1,1,2923922
79,,Wensley,Drive,Great Neck,11020,1539000,1450000,Colonial,4,3.500,Full,,7,23027.00,CL,3/25/2017,3/25/2018,5/15/2017,7/10/2017,51,Det,1,1,2923986
86,,Old Pond Rd.,,Great Neck,11023,2650000,2350000,Colonial,5,5.500,"Full,Finished",1 Car Attached,7,0.00,CL,3/28/2017,7/28/2017,5/18/2017,6/01/2017,51,Det,1,1,2924632
5,,Avalon,Road,Great Neck,11021,1248000,1248000,Colonial,4,2.500,"Full,Finished",,7,17172.40,CL,3/30/2017,9/29/2017,4/21/2017,7/31/2017,22,Det,1,1,2925203
2,,Romola,Drive,Great Neck,11024,2180000,2150000,Contemporary,4,4.500,"Full,Finished",2 Car Attached,7,29760.00,CL,3/30/2017,9/30/2017,8/31/2017,12/07/2017,154,Det,1,1,2925340
16,,Laurel,Drive,Great Neck,11021,3888000,3305000,Colonial,7,6.500,"Full,Partially Finished",2 Car Attached,7,82733.00,CL,3/31/2017,10/01/2017,3/12/2018,5/21/2018,346,Det,1,1,2925551
165,,Schenck,Avenue,Great Neck,11021,1575000,1565000,Colonial,4,2.500,"Full,Finished",,7,23126.01,CL,4/17/2017,10/31/2017,5/24/2017,7/31/2017,37,Det,1,1,2929649
57,,Maple,Drive,Great Neck,11021,1525000,1485000,Mediterranean,4,3.500,Full,1 Car Attached,7,18685.00,CL,4/19/2017,12/31/2017,5/10/2017,7/14/2017,21,Det,1,1,2930474
5,,Somerset Dr. S.,,Great Neck,11020,1399000,1375000,Ranch,4,2.500,"Partial,Finished",2 Car Attached,7,22912.00,CL,4/26/2017,8/23/2017,5/18/2017,7/25/2017,22,Det,1,1,2932597
2,,Central,Drive,Great Neck,11024,2595000,1971500,Tudor,6,6.500,"Full,Finished",2 Car Attached,7,63203.15,CL,4/26/2017,8/31/2017,8/28/2017,10/04/2017,124,Det,1,1,2932763
19,,Colgate Road,,Great Neck,11023,1350000,1245000,2 Story,3,3.000,"Full,Finished",2 Car Attached,7,14832.21,CL,4/29/2017,10/21/2017,5/18/2017,6/01/2017,19,Det,1,1,2933675
11,,Dorset,Road,Great Neck,11020,1500000,1410000,Colonial,5,3.500,"Full,Finished",Private Parking,7,27668.00,CL,5/01/2017,4/08/2018,10/25/2017,12/13/2017,177,Det,1,1,2933800
3,,Kings Point,Road,Great Neck,11024,4900000,4650000,Colonial,7,5.500,Full,3 Car Attached,7,0.00,CL,5/01/2017,3/31/2018,10/18/2017,1/30/2018,170,Det,1,1,2934052
31,,Strathmore,Road,Great Neck,11023,1588000,1410000,Tudor,5,3.500,"Full,Finished",,7,21994.86,CL,5/16/2017,11/08/2017,6/15/2017,8/21/2017,30,Det,1,1,2938763
17,,Shady Brook,Road,Great Neck,11024,1498000,1318000,Ranch,4,2.500,"Full,Finished",2 Car Attached,7,32906.00,CL,5/19/2017,12/30/2017,9/20/2017,10/31/2017,124,Att,1,1,2939822
19,,Park Cir.,,Great Neck,11024,1888000,1750000,Colonial,4,4.500,"Full,Finished",1 Car Attached,7,0.00,CL,5/19/2017,11/30/2017,6/06/2017,8/23/2017,18,Det,1,1,2939945
29,,North,Drive,Great Neck,11021,1724999,1595000,Colonial,7,4.500,"Full,Unfinished",3 Car Attached,7,30350.00,CL,6/07/2017,4/30/2018,1/16/2018,5/10/2018,223,Det,1,1,2944979
41,,Amherst,Road,Great Neck,11021,2198000,2005000,Colonial,4,4.550,"Full,Finished",1 Car Attached,7,34891.65,CL,6/13/2017,1/08/2018,2/21/2018,5/24/2018,253,Det,1,1,2946444
17,,Old Field,Lane,Great Neck,11020,3188000,2900000,Colonial,6,6.500,"Full,Finished",2 Car Attached,7,0.00,CL,6/14/2017,9/30/2017,7/21/2017,8/18/2017,37,Det,1,1,2946991
3,,Horizon,Road,Great Neck,11020,1298000,1240000,Split Level,4,2.500,"Partial,Finished",2 Car Attached,7,20550.47,CL,6/26/2017,12/26/2017,8/28/2017,12/01/2017,63,Det,1,1,2950193
83,,Oxford,Boulevard,Great Neck,11023,1349000,1280000,Colonial,4,3.000,"Full,Finished",,7,17812.00,CL,7/12/2017,10/01/2017,10/09/2017,1/01/2018,89,Det,1,1,2954274
25,,Lake,Road,Great Neck,11020,4888888,4400000,Colonial,6,6.500,"Full,Finished",3 Car Attached,7,66286.88,CL,7/16/2017,12/31/2017,8/24/2017,12/14/2017,39,Det,1,3,2955573
100,,Clent,Road,Great Neck,11021,2350000,2060000,Colonial,7,3.555,"Full,Finished",2 Car Attached,7,31116.98,CL,7/26/2017,11/05/2017,12/04/2017,3/30/2018,131,Det,1,1,2958262
108,,Beach,Road,Great Neck,11023,2888000,2590000,Colonial,7,4.500,Full,2 Car Attached,7,46566.08,CL,7/26/2017,2/28/2018,2/27/2018,6/07/2018,216,Det,1,1,2958394
10,,Vista,Drive,Great Neck,11021,1799000,1760000,2 Story,4,4.500,"Full,Finished",2 Car Attached,7,27106.09,CL,8/01/2017,1/01/2018,8/15/2017,10/24/2017,14,Att,1,1,2959868
24,,Somerset North,Drive,Great Neck,11020,1500000,1420000,Exp Ranch,3,4.000,"Full,Finished",2 Car Attached,7,21000.00,CL,9/01/2017,3/01/2018,9/14/2017,11/03/2017,13,Det,1,1,2967653
30,,Hillcrest,Drive,Great Neck,11021,1450000,1260000,Ranch,4,2.000,"Full,Finished",2 Car Attached,7,17080.04,CL,9/08/2017,12/11/2017,12/06/2017,12/21/2017,89,Det,1,1,2969202
4,,Jordan,Drive,Great Neck,11021,1680000,1520000,Ranch,4,3.000,"Full,Finished",,7,29497.98,CL,9/08/2017,3/14/2018,4/18/2018,7/13/2018,222,Det,1,1,2969207
13,,North,Drive,Great Neck,11021,1499000,1450000,Tudor,5,4.500,"Full,Partially Finished",1 Car Attached,7,26487.74,CL,9/13/2017,7/13/2018,1/23/2018,3/21/2018,132,Det,1,1,2970792
8,,Fairfield,Road,Great Neck,11024,1988000,1900000,Ranch,5,4.500,"None,Unfinished",2 Car Attached,7,37816.86,CL,10/05/2017,1/05/2018,11/28/2017,1/22/2018,54,Det,1,1,2976470
40,,Elliot,Road,Great Neck,11021,1299000,1250000,Colonial,4,2.500,"Full,Finished",,7,15667.50,CL,10/19/2017,4/10/2018,3/23/2018,5/31/2018,155,Det,1,1,2979793
36,,School House,Lane,Great Neck,11020,1450000,1320000,Exp Ranch,4,3.500,"None,Unfinished",2 Car Attached,7,24974.40,CL,10/27/2017,4/30/2018,12/27/2017,2/09/2018,61,Det,1,1,2981387
3,,Ballantine,Lane,Great Neck,11024,3988000,3100000,Contemporary,5,4.500,"Full,Partially Finished",3 Car Attached,7,51211.00,CL,10/30/2017,3/31/2018,2/05/2018,3/26/2018,98,Det,1,1,2981960
16,,Hilltop,Drive,Great Neck,11021,2188000,1818000,Colonial,6,5.500,"Full,Finished",,7,38344.08,CL,11/03/2017,10/17/2018,1/11/2018,3/23/2018,69,Att,1,1,2983131
21,,Bellingham,Lane,Great Neck,11023,1798000,1600000,Colonial,4,2.550,"Full,Partially Finished",1 Car Detached,7,18540.00,CL,11/06/2017,12/31/2018,6/20/2018,7/11/2018,225,Det,1,1,2983625
61,,Forest Row,,Great Neck,11024,1568000,1450000,Colonial,4,3.500,Full,1 Car Attached,7,0.00,CL,11/21/2017,4/29/2018,3/19/2018,4/20/2018,117,Det,1,1,2987122
6C,,Blue Sea Lane,,Great Neck,11024,2688000,2500000,Contemporary,7,4.550,"Partial,Finished",2 Car Detached,7,42257.28,CL,11/29/2017,3/26/2018,2/26/2018,4/16/2018,89,Det,1,2,2988281
24,,Wimbleton,Lane,Great Neck,11023,1299000,1223000,Colonial,5,2.500,"Partial,Finished",2 Car Attached,7,18065.34,CL,12/11/2017,6/30/2018,2/26/2018,5/25/2018,77,Det,1,1,2990757
23,,Dale Carnegie,Court,Great Neck,11020,1480000,1400000,Colonial,5,3.000,"Full,Finished",,7,11031.00,CL,12/12/2017,5/15/2018,3/10/2018,6/14/2018,88,Det,1,1,2991129
26,,Hawthorne,Lane,Great Neck,11023,3488000,3126000,Colonial,7,6.500,"Full,Finished",2 Car Attached,7,0.00,CL,1/03/2018,3/21/2018,3/09/2018,4/16/2018,65,Det,1,1,2994177
1,,Shore,Drive,Great Neck,11021,3950000,3650000,Colonial,5,5.500,"Full,Finished",3 Car Attached,7,64629.22,CL,1/03/2018,1/03/2019,4/16/2018,7/17/2018,102,Att,1,1,2994331
41,,Beach,Road,Great Neck,11023,1388000,1280000,Colonial,5,4.500,"Full,Finished",2 Car Attached,7,23748.55,CL,1/10/2018,6/30/2018,3/06/2018,3/30/2018,55,Det,1,1,2995517
23,,Dale Carnegie,Court,Great Neck,11020,1488000,1400000,Colonial,5,3.000,"Full,Finished",,7,11031.00,CL,1/12/2018,5/15/2018,3/10/2018,6/13/2018,57,Det,1,1,2996243
14,,Weybridge,Road,Great Neck,11023,1369000,1300000,Colonial,5,3.500,Full,2 Car Attached,7,19978.00,CL,1/16/2018,5/16/2018,3/19/2018,7/30/2018,61,Det,1,1,2996972
5,,North,Drive,Great Neck,11021,2250000,1900000,Mediterranean,5,3.500,"Partial,Unfinished",3 Car Attached,7,36820.29,CL,1/18/2018,1/03/2019,7/03/2018,10/05/2018,165,Det,1,1,2997448
16,,Cary,Road,Great Neck,11021,2188000,1950000,Colonial,5,5.500,"Full,Finished",1 Car Detached,7,11715.39,CL,2/13/2018,8/08/2018,3/01/2018,4/17/2018,16,Det,1,1,3004186
34,,Beverly,Road,Great Neck,11021,2475000,1930000,Contemporary,5,4.500,"Full,Finished",2 Car Attached,7,27956.59,CL,2/16/2018,8/13/2018,10/25/2018,12/20/2018,250,Det,1,1,3005037
55,,Byron,Lane,Great Neck,11023,1750000,1650000,Split Level,6,3.500,"Partial,Finished",2 Car Attached,7,19991.75,CL,2/20/2018,10/15/2018,3/06/2018,4/30/2018,14,Det,1,1,3005807
7,,Vista,Drive,Great Neck,11021,2585000,2350000,2 Story,6,4.550,"Full,Finished",3 Car Attached,7,46358.97,CL,2/22/2018,7/01/2018,3/27/2018,6/19/2018,32,Det,1,1,3006550
39,N,Clover,Drive,Great Neck,11021,1688000,1575000,Ranch,5,3.500,"Full,Finished",2 Car Attached,7,26742.32,CL,3/02/2018,1/09/2019,8/16/2018,12/19/2018,166,Det,1,1,3008692
6,,Meadow Woods,Road,Great Neck,11020,1435000,1360000,Colonial,4,3.000,"Full,Finished",2 Car Attached,7,25201.00,CL,3/06/2018,9/20/2018,6/05/2018,8/22/2018,90,Det,1,1,3009628
5,,Bluebird,Drive,Great Neck,11023,1349000,1255000,Split Level,4,3.000,Full,2 Car Attached,7,18862.00,CL,3/12/2018,9/01/2018,4/26/2018,7/27/2018,45,Det,1,1,3011365
9,,Gatsby,Lane,Great Neck,11024,10800000,9600000,Colonial,6,5.550,"Full,Finished",2 Car Attached,7,89239.88,CL,3/15/2018,9/05/2019,6/18/2018,7/26/2018,95,Det,1,1,3012184
2,,School House,Lane,Great Neck,11020,1390000,1255000,Colonial,5,2.550,"Full,Finished",,7,25642.00,CL,3/25/2018,9/24/2018,8/02/2018,11/02/2018,130,Det,1,1,3014823
29,,Ascot Ridge,Road,Great Neck,11021,1388000,1300000,2 Story,4,2.500,Full,2 Car Attached,7,14671.56,CL,4/01/2018,9/18/2018,7/25/2018,10/11/2018,115,Det,1,1,3016487
41,,Bayside,Drive,Great Neck,11023,1850000,1550000,Colonial,4,2.500,Full,Attached,7,15224.60,CL,4/01/2018,10/01/2018,7/04/2018,10/15/2018,94,Det,1,1,3016502
17,,Arrandale,Avenue,Great Neck,11024,1375000,1300000,Victorian,4,3.000,"Full,Unfinished",2 Car Detached,7,22914.39,CL,4/03/2018,4/01/2019,7/31/2018,12/11/2018,119,Det,1,1,3017086
19,,Surrey,Road,Great Neck,11020,1998000,1935000,Tudor,5,4.550,"Full,Finished",,7,31093.00,CL,4/05/2018,7/31/2018,5/17/2018,8/01/2018,42,Det,1,1,3017620
9,,Broadlawn,Avenue,Great Neck,11024,1600000,1550000,Colonial,5,3.500,"Full,Partially Finished",2 Car Attached,7,56255.00,CL,4/06/2018,9/30/2018,6/28/2018,8/14/2018,83,Det,1,1,3018029
49,,Beverly,Road,Great Neck,11021,2298000,2000000,Colonial,6,5.550,"Full,Finished",2 Car Detached,7,50141.00,CL,4/06/2018,10/01/2018,7/27/2018,11/15/2018,112,Det,1,1,3018062
10,,Carlton,Road,Great Neck,11021,1325000,1247000,Tudor,5,3.000,"Full,Finished",1 Car Attached,7,17699.00,CL,4/16/2018,9/20/2018,6/27/2018,9/17/2018,72,Det,1,1,3020952
31,,Wildwood,Drive,Great Neck,11024,5100000,4300000,Colonial,6,6.500,"Full,Finished",3 Car Attached,7,64521.23,CL,4/19/2018,9/30/2018,11/19/2018,2/06/2019,214,Det,1,1,3022011
17,,Essex,Road,Great Neck,11023,1698888,1559000,Colonial,5,4.500,"Full,Finished",,7,22632.00,CL,4/21/2018,10/21/2018,7/05/2018,10/25/2018,75,Det,1,1,3022731
45,,Somerset South,Drive,Great Neck,11020,1588000,1460000,Exp Ranch,5,3.550,"Full,Finished",2 Car Attached,7,19523.99,CL,4/27/2018,9/30/2018,8/03/2018,8/27/2018,98,Det,1,1,3024530
19,,Martin,Court,Great Neck,11024,2880000,2500000,Contemporary,6,5.550,"Full,Finished",2 Car Attached,7,48471.32,CL,5/02/2018,11/01/2018,10/04/2018,1/06/2019,155,Det,1,1,3026041
24A,,North,Drive,Great Neck,11021,2999000,2700000,Colonial,6,5.500,"Full,Finished",2 Car Attached,7,0.00,CL,5/04/2018,5/04/2019,3/15/2019,3/28/2019,315,Det,1,1,3026950
10,,Lawson,Lane,Great Neck,11023,1875000,1625000,Colonial,5,3.500,"Full,Finished",2 Car Attached,7,31981.96,CL,5/07/2018,12/31/2018,12/21/2018,3/01/2019,228,Det,1,1,3027786
2,,Fairfield,Road,Great Neck,11024,1988000,1880000,Exp Ranch,6,4.500,"None,Unfinished",3 Car Attached,7,34430.31,CL,5/16/2018,12/16/2018,11/13/2018,2/07/2019,181,Det,1,1,3030641
14,,Split Rock,Drive,Great Neck,11024,2999000,2690000,Contemporary,5,5.500,"Crawl,Unfinished",3 Car Attached,7,54335.56,CL,5/21/2018,11/19/2018,11/01/2018,12/07/2018,164,Det,1,1,3032147
21,,Arleigh,Road,Great Neck,11021,1750000,1650000,Tudor,5,3.500,"Full,Finished",2 Car Attached,7,23467.21,CL,5/22/2018,12/31/2018,7/26/2018,10/12/2018,65,Det,1,1,3032405
5,,Sinclair,Drive,Great Neck,11024,3000000,2500000,Ranch,5,3.500,"Full,Finished",2 Car Attached,7,32641.38,CL,12/07/2017,12/15/2018,8/20/2018,11/05/2018,255,Det,1,1,3035031
3,,Wooleys,Lane,Great Neck,11021,1380000,1210000,Ranch,3,2.000,"Full,Finished",2 Car Attached,7,16525.17,CL,6/01/2018,12/31/2018,7/06/2018,10/25/2018,35,Det,1,1,3035579
2,,Fox Hunt,Lane,Great Neck,11021,1998000,1875000,Colonial,5,4.550,"Full,Finished",2 Car Attached,7,32886.56,CL,6/28/2018,12/20/2018,8/03/2018,9/20/2018,36,Det,1,1,3043915
22,,Tuddington,Road,Great Neck,11023,1658000,1600000,Colonial,4,2.500,"Full,Unfinished",1 Car Detached,7,0.00,CL,7/02/2018,9/30/2018,7/23/2018,8/30/2018,21,Det,1,1,3044813
115,,Windsor Gate,,Great Neck,11020,3450000,3400000,Tudor,6,4.500,"Full,Finished",2 Car Attached,7,42500.85,CL,7/02/2018,6/04/2019,2/25/2019,5/03/2019,238,Det,1,1,3044928
60,,Tain,Drive,Great Neck,11021,1368000,1260000,Colonial,4,3.500,"Full,Partially Finished",2 Car Attached,7,20091.26,CL,7/03/2018,10/31/2018,10/13/2018,12/05/2018,102,Det,1,1,3045388
6,,Bridle Path,Lane,Great Neck,11020,2750000,2250000,Colonial,6,5.500,"Full,Finished",2 Car Attached,7,0.00,CL,7/05/2018,5/05/2019,4/19/2019,7/19/2019,288,Det,1,1,3045654
2,,Harbor,Way,Great Neck,11024,2198000,1898100,Split Ranch,4,3.500,Full,2 Car Attached,7,46972.00,CL,7/18/2018,3/31/2019,6/25/2019,8/26/2019,342,Det,1,1,3049294
26,,Hicks,Lane,Great Neck,11024,1500000,1300000,Colonial,4,3.500,"Full,Unfinished",,7,19230.00,CL,7/26/2018,7/26/2019,8/31/2018,6/28/2019,36,Det,1,1,3052038
1,,Hampton,Road,Great Neck,11020,1385000,1270000,Colonial,5,3.500,"Full,Finished",2 Car Attached,7,26696.00,CL,8/02/2018,2/01/2019,1/15/2019,3/22/2019,166,Det,1,1,3053916
91,,Arleigh,Road,Great Neck,11021,1498000,1300000,Tudor,4,3.550,"Full,Finished",2 Car Attached,7,23216.49,CL,8/07/2018,12/31/2018,12/18/2018,1/16/2019,133,Det,1,1,3055201
7,E,Wooleys,Lane,Great Neck,11023,1988000,1870000,Colonial,7,4.500,"Full,Finished",2 Car Detached,7,0.00,CL,8/13/2018,2/07/2019,10/17/2018,1/17/2019,65,Det,1,1,3056598
8,,Brookbridge,Road,Great Neck,11021,1386000,1275000,Colonial,4,2.550,"Full,Finished",1 Car Attached,7,14397.00,CL,8/17/2018,3/31/2019,10/15/2018,12/27/2018,59,Det,1,1,3057850
8,,Juniper,Drive,Great Neck,11021,2500000,2220000,Farm Ranch,5,3.500,"Full,Finished",2 Car Attached,7,34770.00,Cl,8/28/2018,5/31/2019,11/14/2018,2/20/2019,78,Det,1,1,3060766
19,,Deepdale,Drive,Great Neck,11021,1950000,1650000,Tudor,6,4.550,"Full,Finished",2 Car Attached,7,31528.57,CL,9/05/2018,6/01/2019,1/18/2019,5/10/2019,135,Att,1,1,3062660
139,,Wooleys,Lane,Great Neck,11023,1560000,1462000,Colonial,4,4.000,"Full,Partially Finished",2 Car Detached,7,21182.82,CL,10/02/2018,4/01/2019,2/22/2019,3/25/2019,143,Det,1,1,3069777
35,,Olive,Street,Great Neck,11020,1599000,1450000,Colonial,6,4.000,"Partial,Finished",1 Car Attached,7,36393.32,CL,10/24/2018,9/17/2019,9/01/2019,10/04/2019,312,Det,1,1,3075939
220,,Clent,Road,Great Neck,11021,1620000,1500000,Tudor,4,3.500,"Full,Finished",2 Car Attached,7,31831.94,CL,11/01/2018,4/01/2019,12/19/2018,3/20/2019,48,Det,1,1,3077784
29,,Split Rock,Drive,Great Neck,11024,2000000,1925000,Contemporary,6,5.555,"None,Unfinished",2 Car Attached,7,53967.50,CL,11/16/2018,10/25/2019,5/15/2019,12/19/2019,179,Det,1,2,3081653
46,N,Somerset,Drive,Great Neck,11020,1338000,1220000,Exp Ranch,5,2.500,"Full,Finished",2 Car Attached,7,16846.43,CL,12/07/2018,3/06/2019,1/23/2019,4/10/2019,47,Det,1,1,3085933
5,,Nassau,Road,Great Neck,11021,1298000,1210000,Colonial,4,3.550,"Full,Finished",1 Car Detached,7,16108.62,CL,12/24/2018,2/28/2019,2/12/2019,7/18/2019,50,Det,1,1,3088627
1,,Locust Cove,Lane,Kings Point,11024,2998000,2525000,Ranch,6,6.550,"Full,Finished",4+ Car Attached,7,50794.00,CL,1/14/2019,7/05/2019,3/22/2019,5/08/2019,66,Det,1,1,3092973
20,,Laurel,Drive,Great Neck,11021,1438800,1275000,Exp Ranch,5,4.500,"Full,Finished",,7,33065.00,CL,1/18/2019,8/31/2019,8/05/2019,11/21/2019,198,Det,1,1,3094512
23,,Old Field,Lane,Great Neck,11020,2350000,1930000,Colonial,6,5.500,"Full,Finished",2 Car Attached,7,29588.48,CL,2/04/2019,10/01/2019,8/20/2019,11/22/2019,196,Det,1,1,3098420
1,,Horizon,Road,Great Neck,11020,1298000,1220000,Split Level,4,3.000,"Full,Finished",2 Car Attached,7,18741.91,CL,2/18/2019,5/30/2019,4/01/2019,5/01/2019,41,Det,1,1,3101974
4,,Pine,Drive,Great Neck,11021,1625000,1500000,Ranch,5,3.550,"Full,Finished",2 Car Attached,7,27104.22,CL,2/19/2019,8/17/2019,3/18/2019,6/27/2019,26,Det,1,2,3102451
5,,Old Field,Lane,Great Neck,11020,2398000,2250000,Colonial,6,5.500,"Full,Finished",2 Car Attached,7,31807.33,CL,2/21/2019,10/06/2019,4/19/2019,6/25/2019,56,Det,1,1,3102851
5,,Old Field,Lane,Great Neck,11020,2398000,2250000,Contemporary,5,5.500,"Full,Finished",2 Car Attached,7,31807.30,CL,2/22/2019,10/08/2019,4/18/2019,6/25/2019,54,Det,1,1,3103232
125,,Shoreward,Drive,Great Neck,11021,1298000,1220000,Colonial,4,2.500,"Full,Finished",2 Car Attached,7,17662.58,CL,2/27/2019,8/31/2019,7/02/2019,11/13/2019,124,Det,1,1,3104491
17,,Grenfell,Drive,Great Neck,11020,1488000,1220260,Exp Ranch,4,3.000,"None,Unfinished",1 Car Attached,7,23594.81,CL,2/28/2019,1/01/2020,6/28/2019,2/26/2020,119,Det,1,1,3104708
107,,Station,Road,Great Neck,11023,2950000,2530000,Colonial,5,4.550,"Full,Partially Finished",4+ Car Detached,7,55680.71,CL,3/06/2019,9/01/2019,8/20/2019,2/20/2020,166,Det,1,1,3106645
3365,,Jason,Court,Bellmore,11710,1188888,1210000,Splanch,4,2.500,"Partial,Finished",2 Car Attached,7,31318.21,CL,3/14/2019,9/14/2019,4/22/2019,6/03/2019,39,Det,1,1,3109290
5,,Fir,Drive,Kings Point,11024,2350000,2350000,Contemporary,5,5.550,"Full,Finished",3 Car Attached,7,40582.08,CL,3/21/2019,9/28/2019,8/28/2019,11/22/2019,160,Det,1,1,3111430
135,,Hicks Lane,,Kings Point,11024,1988000,1684000,Exp Ranch,6,3.550,"Full,Finished",2 Car Attached,7,23937.47,CL,3/25/2019,9/30/2019,4/19/2019,7/19/2019,25,Det,1,1,3112395
4,,Wildwood,Drive,Great Neck,11024,2398000,2100000,Ranch,6,4.500,Partial,2 Car Attached,7,39431.39,CL,3/28/2019,9/30/2019,5/28/2019,9/17/2019,61,Det,1,1,3113249
161,,Station,Road,Great Neck,11024,1598000,1400000,Contemporary,5,4.000,"Full,Finished",2 Car Attached,7,48680.56,CL,4/03/2019,2/02/2020,6/19/2019,9/17/2019,77,Det,1,1,3115315
8,,Shelter Bay,Drive,Great Neck,11024,2975000,2300000,Colonial,6,6.550,"Full,Finished",1 Car Detached,7,53307.80,CL,4/03/2019,1/30/2020,8/16/2019,1/03/2020,135,Det,1,1,3115622
429,,East Shore,Road,Kings Point,11024,1699000,1236000,Split Level,4,3.000,"Full,Unfinished",2 Car Attached,7,48812.02,CL,4/05/2019,10/15/2019,8/23/2019,12/05/2019,140,Det,1,1,3116193
145,,Overlook,Avenue,Great Neck,11021,1399000,1300000,Colonial,4,3.000,"Partial,Unfinished",1 Car Attached,7,22974.00,CL,4/08/2019,10/08/2019,5/01/2019,7/01/2019,23,Det,1,1,3117139
9,,Ardsley,Place,Great Neck,11021,1198000,1205000,Colonial,3,2.500,"Full,Finished",1 Car Attached,7,14671.28,CL,4/12/2019,4/01/2020,4/25/2019,7/30/2019,13,Det,1,1,3118963
3,,Tulip,Drive,Great Neck,11021,1795000,1592500,Tudor,5,4.555,"Full,Finished",2 Car Attached,7,43121.90,CL,5/02/2019,10/01/2019,7/25/2019,9/24/2019,84,Det,1,1,3124597
2,,Betsy,Court,Great Neck,11021,1488000,1350000,Split Level,5,3.000,"Full,Finished",,7,22305.00,CL,5/08/2019,5/08/2020,7/12/2019,9/17/2019,65,Det,1,1,3126525
162,,Wildwood,Road,Great Neck,11024,1998000,1790000,Exp Ranch,4,5.000,"Partial,Unfinished",2 Car Attached,7,43147.61,CL,5/09/2019,12/31/2019,6/17/2019,7/25/2019,39,Det,1,1,3127241
16,,Oaks Hunt,Road,Great Neck,11020,1390000,1300000,Colonial,5,3.000,Full,1 Car Attached,7,22834.91,CL,5/17/2019,10/31/2019,6/28/2019,9/03/2019,42,Det,1,1,3129643
24,,Cow,Lane,Great Neck,11024,5500000,3750000,Colonial,6,5.500,Full,3 Car Attached,7,0.00,Cl,5/20/2019,12/31/2019,8/23/2019,8/26/2019,95,Det,1,1,3130601
7,,Imperial,Court,Great Neck,11023,1275000,1225000,Split Level,4,3.000,"Partial,Finished",1 Car Attached,7,14914.59,CL,5/22/2019,5/16/2020,6/06/2019,7/30/2019,15,Det,1,1,3131303
1,,Magnolia,Drive,Great Neck,11021,1999995,1750000,Colonial,5,5.500,"Full,Finished",2 Car Detached,7,27073.39,CL,5/23/2019,11/03/2019,10/22/2019,12/23/2019,152,Det,1,1,3131433
26,,Stepping Stone,Lane,Great Neck,11024,1699000,1375000,Colonial,7,5.000,"Full,Finished",2 Car Detached,7,38540.00,CL,5/01/2019,12/31/2019,11/04/2019,12/20/2019,187,Det,1,1,3133666
26,,Stepping Stone,Lane,Great Neck,11024,1699000,1375000,Colonial,7,5.000,"Full,Finished",2 Car Detached,7,38540.00,CL,6/04/2019,12/31/2019,11/05/2019,12/20/2019,154,Det,1,1,3135127
51,,Cambridge,Road,Great Neck,11023,1348000,1220000,Colonial,5,3.000,"Full,Partially Finished",2 Car Attached,7,14556.47,CL,6/05/2019,12/31/2019,8/08/2019,12/03/2019,64,Det,1,1,3135373
65,,Pine Hill,Road,Lake Success,11020,1688000,1560000,Contemporary,5,3.500,"Full,Finished",2 Car Attached,7,30515.28,CL,6/07/2019,11/07/2019,7/30/2019,10/30/2019,53,Det,1,1,3136349
4707,,Concord,Avenue,Great Neck,11020,1458000,1332500,Colonial,4,2.500,Full,,7,14676.00,CL,6/09/2019,11/28/2019,7/17/2019,8/16/2019,38,Det,1,1,3136672
44,,North,Drive,Great Neck,11021,1399000,1260000,Colonial,5,4.500,"Full,Finished",2 Car Detached,7,20543.25,CL,7/08/2019,12/31/2019,8/28/2019,12/27/2019,51,Det,1,1,3145130
25,,School House,Lane,Great Neck,11020,1388000,1290000,Exp Ranch,4,2.500,"None,Unfinished",2 Car Attached,7,26904.03,CL,7/12/2019,1/12/2020,9/12/2019,10/31/2019,62,Det,1,1,3146632
25,,School House,Lane,Great Neck,11020,1388000,1290000,Exp Ranch,4,2.500,"None,Unfinished",2 Car Attached,7,26904.00,CL,7/13/2019,1/12/2020,9/12/2019,10/31/2019,61,Det,1,1,3146944
110,,Susquehanna,Avenue,Great Neck,11021,1399000,1280000,Colonial,4,3.500,"Full,Finished",,7,14000.00,CL,7/22/2019,12/01/2019,10/27/2019,12/02/2019,97,Det,1,1,3149431
96,,Ash,Drive,Great Neck,11021,2195000,1900000,Colonial,5,3.000,"Full,Finished",2 Car Detached,7,25322.47,CL,7/30/2019,1/23/2020,11/13/2019,2/20/2020,106,Det,1,1,3151737
14,,Portico,Court,Great Neck,11021,1588000,1325000,Colonial,3,3.550,"Full,Finished",,7,19668.00,CL,5/11/2019,12/31/2019,9/13/2019,11/15/2019,125,Att,1,1,3152800
53,,Nassau,Drive,Great Neck,11021,1826000,1650000,Mediterranean,5,6.500,"Full,Finished",1 Car Attached,7,36246.00,CL,1/10/2019,12/10/2019,8/22/2019,10/28/2019,223,Det,1,1,3152809
20,,Hampton,Road,Great Neck,11020,1499000,1500000,Colonial,4,4.000,Full,2 Car Attached,7,28506.00,CL,9/12/2019,5/31/2020,9/24/2019,12/16/2019,12,Det,1,1,3163817
102,,Clover Dr,,Great Neck,11021,2998000,2700000,Colonial,6,6.500,Full,,7,37080.00,CL,10/10/2019,2/10/2020,11/26/2019,3/12/2020,47,Det,1,1,3172115
33,,Merrivale,Road,Great Neck,11020,1458000,1385000,Tudor,5,3.500,"Full,Unfinished",2 Car Attached,7,28668.00,CL,1/01/2020,3/31/2020,1/10/2020,3/16/2020,9,Det,1,1,3188369
14,,Brookbridge,Road,Great Neck,11021,1498000,1410000,Colonial,4,2.500,"Full,Finished",1 Car Attached,7,18187.17,CL,3/20/2016,9/30/2017,9/23/2016,3/29/2017,187,Det,1,1,*1266279
532,E,Shore,Road,Great Neck,11024,2880000,2360000,Exp Ranch,6,4.500,"Partial,Finished",2 Car Attached,7,31167.00,CL,10/02/2016,10/30/2018,5/04/2018,10/11/2018,579,Det,1,1,*1267262
71,,Meadow Woods,Road,Great Neck,11020,1428000,1350000,Exp Ranch,4,3.000,"Partial,Finished",1 Car Attached,7,0.00,CL,1/27/2017,7/27/2017,2/03/2017,5/25/2017,7,Det,1,1,*1274231
49,,Remsen,Road,Great Neck,11024,3177000,2750000,Contemporary,4,4.555,"Full,Finished",,7,37921.58,CL,2/20/2017,8/20/2017,2/21/2017,6/16/2017,1,Det,1,1,*1276157
27,,Pine,Drive,Great Neck,11021,1680000,1400000,Split Level,4,3.500,Partial,2 Car Attached,7,20000.00,CL,3/14/2017,7/31/2017,3/14/2017,6/08/2017,0,Det,1,1,*1278371
9,,Hamptworth,Drive,Kings Point,11024,7888000,6733000,Contemporary,6,6.500,"Partial,Finished",2 Car Attached,7,50000.00,CL,3/31/2017,4/30/2017,4/03/2017,4/03/2017,3,Det,1,1,*1280546
160,,Hill Park,Avenue,Great Neck,11021,1498000,1468000,Tudor,4,3.500,"Full,Finished",1 Car Attached,7,19521.00,CL,4/20/2017,10/20/2017,5/20/2017,8/08/2017,30,Det,1,1,*1282025
38,S,Somerset,Drive,Great Neck,11020,1388000,1260000,Exp Ranch,5,3.000,"Full,Finished",2 Car Attached,7,19525.00,CL,4/01/2017,7/01/2017,4/21/2017,6/14/2017,20,Det,1,1,*1282172
50,,Pine Hill,Road,Great Neck,11020,1298000,1280000,Exp Ranch,5,3.500,"Full,Finished",2 Car Attached,7,22293.26,CL,5/07/2017,10/29/2017,6/01/2017,9/05/2017,25,Det,1,1,*1283877
19A,S,Somerset,Drive,Great Neck,11020,1499000,1530000,Colonial,4,2.500,Full,2 Car Attached,7,16684.85,CL,5/31/2017,12/31/2017,6/16/2017,7/28/2017,16,Det,1,1,*1286281
11,,Amherst,Road,Great Neck,11021,1638000,1538000,Colonial,5,3.000,"Full,Unfinished",2 Car Attached,7,18356.35,CL,10/23/2017,4/23/2018,12/06/2017,3/13/2018,44,Det,1,1,*1298842
34,,Grenwolde,,Great Neck,11024,2500000,2180000,Colonial,4,3.500,Partial,2 Car Detached,7,36000.00,CL,12/15/2017,5/15/2018,12/28/2017,3/27/2018,13,Det,1,1,*1302916
256,,Gristmill,Lane,Great Neck,11023,1795000,1600000,Ranch,4,2.500,"Full,Unfinished",1 Car Attached,7,20573.17,CL,1/15/2018,4/05/2018,1/15/2018,4/03/2018,0,Det,1,1,*1304011
98,,Myrtle,Drive,Great Neck,11021,2750000,2750000,Contemporary,6,5.550,"Full,Finished",2 Car Attached,7,0.00,CL,1/14/2018,4/01/2018,1/15/2018,2/05/2018,1,Det,1,1,*1304017
102,,Maple,Street,Great Neck,11023,1588000,1478800,Colonial,4,3.550,"Full,Finished",1 Car Attached,7,17998.00,CL,1/15/2018,6/30/2018,2/05/2018,4/19/2018,21,Det,1,1,*1304030
30,,Pine Hill,Road,Great Neck,11020,1425000,1440000,Colonial,4,3.000,"Full,Finished",2 Car Attached,7,19825.97,CL,2/23/2018,9/01/2018,3/21/2018,7/06/2018,25,Det,1,1,*1307541
43,,Gateway,Drive,Great Neck,11021,1350000,1275000,Tudor,5,4.500,Full,2 Car Attached,7,22725.00,CL,3/15/2018,9/15/2018,5/16/2018,8/24/2018,62,Det,1,1,*1309542
6,,Romola,Drive,Great Neck,11024,2500000,2075000,Contemporary,4,3.000,"None,Unfinished",2 Car Detached,7,31853.00,CL,6/22/2018,3/22/2019,8/10/2018,2/20/2019,49,Det,1,1,*1319574
5-7,,Prospect,Street,Great Neck,11021,1350000,1300000,Colonial,6,2.500,"Full,Finished",2 Car Attached,7,0.00,CL,7/13/2018,12/13/2018,7/13/2018,7/13/2018,0,Att,2,2,*1321407
85,,Redbrook,Road,Great Neck,11024,3800000,3350000,Colonial,6,5.500,"Full,Unfinished",2 Car Attached,7,0.00,CL,8/08/2018,4/01/2019,9/25/2018,12/21/2018,48,Det,1,1,*1323599
129,,Soundview,Drive,Great Neck,11020,1398000,1320000,Exp Ranch,6,3.000,"None,Unfinished",2 Car Attached,7,17942.71,CL,9/17/2018,12/31/2018,9/28/2018,9/28/2018,11,Det,1,1,*1327821
19,,Lighthouse,Road,Kings Point,11024,3200000,2600000,Ranch,6,4.500,Partial,2 Car Attached,7,32000.00,CL,5/29/2018,12/21/2018,7/03/2018,10/03/2018,35,Att,2,1,*1328295
4,,Larch,Drive,Great Neck,11021,1298000,1245000,Colonial,4,3.500,"Full,Finished",2 Car Attached,7,24852.00,CL,3/08/2019,9/30/2019,3/22/2019,6/27/2019,13,Det,1,1,*1339600
14,,Woodland,Place,Great Neck,11021,1299000,1250000,Colonial,3,2.500,"Full,Unfinished",1 Car Attached,7,19104.16,CL,5/02/2019,7/09/2019,5/09/2019,8/19/2019,7,Det,1,1,*1345674
18,,Florence,Street,Great Neck,11023,1288000,1260000,Tudor,4,3.500,"Full,Finished",2 Car Detached,7,12876.02,CL,5/13/2019,11/13/2019,6/03/2019,9/17/2019,21,Det,1,1,*1346478
6,,Grosvenor,Place,Great Neck,11021,1798000,1675000,Colonial,5,4.500,"Full,Finished",2 Car Attached,7,26808.00,CL,6/06/2019,9/01/2019,6/06/2019,7/18/2019,0,Det,1,1,*1348957
12,,Westwoods,Road,Great Neck,11020,1398000,1300000,Exp Ranch,5,3.000,"None,Unfinished",2 Car Attached,7,22538.58,CL,5/07/2016,11/12/2016,8/18/2016,3/31/2017,103,Det,1,1,2850660
46,,Merrivale,Road,Great Neck,11020,1999000,1850000,Colonial,5,5.500,"Full,Finished",2 Car Attached,7,27018.25,CL,8/23/2016,12/14/2016,1/06/2017,5/15/2017,136,Det,1,1,2878482
44,,Martin,Court,Kings Point,11024,2495000,2200000,Exp Ranch,6,5.550,"Full,Finished",2 Car Attached,7,44113.60,CL,10/06/2016,4/07/2017,3/16/2017,5/15/2017,161,Det,1,1,2888534
43,,Deepdale,Drive,Great Neck,11021,1950000,1875000,Tudor,7,5.500,"Full,Finished",2 Car Attached,7,36123.58,CL,10/20/2016,4/20/2017,3/22/2017,6/12/2017,153,Det,1,1,2891529
65,,Old Field,Lane,Great Neck,11020,1695000,1600000,Colonial,5,3.550,Full,,7,28729.25,CL,11/14/2016,9/30/2017,5/16/2017,8/08/2017,182,Det,1,1,2896339
79,,Meadow Woods,Road,Great Neck,11020,1998000,1740000,Ranch,4,2.500,"Full,Finished",2 Car Attached,7,25297.78,CL,11/18/2016,5/20/2017,3/10/2017,5/02/2017,112,Det,1,1,2897383
22,,Franklin,Place,Great Neck,11023,1788000,1685000,Colonial,4,3.500,"Full,Unfinished",1 Car Attached,7,0.00,CL,12/08/2016,7/01/2017,6/18/2017,7/21/2017,191,Det,1,1,2900884
81,,Hampshire,Road,Great Neck,11023,1788000,1675000,Colonial,5,4.500,"Full,Finished",1 Car Attached,7,0.00,CL,1/01/2017,6/30/2017,2/08/2017,3/31/2017,38,Det,1,1,2903829
135,,Station,Road,Great Neck,11023,1399000,1288000,Contemporary,6,5.500,"Full,Finished",2 Car Attached,7,26890.59,CL,1/03/2017,2/28/2017,2/21/2017,9/28/2017,49,Det,1,1,2904298
39,,Cow,Lane,Great Neck,11024,1999000,1800000,Ranch,5,3.000,"None,Unfinished",Attached,7,30531.44,CL,1/11/2017,11/01/2017,7/10/2017,10/03/2017,179,Det,1,1,2906043
15,,Jeffrey,Lane,Great Neck,11020,1290000,1240000,Ranch,3,3.500,"Full,Finished",Attached,7,17313.00,CL,1/11/2017,1/11/2018,6/15/2017,10/04/2017,154,Det,1,1,2906273
81A,,Hampshire,Road,Great Neck,11023,1788000,1625000,Colonial,5,4.500,"Full,Finished",1 Car Attached,7,0.00,CL,1/20/2017,6/30/2017,2/08/2017,3/31/2017,19,Det,1,1,2908090
31,,Devon,Road,Great Neck,11023,1880000,1830000,Colonial,4,4.500,"Full,Finished",,7,0.00,CL,1/20/2017,7/30/2017,3/10/2017,5/10/2017,49,Det,1,1,2908103
41,,Meadow Woods,Road,Great Neck,11020,1998000,1991200,Colonial,5,2.500,Full,,7,32812.54,CL,1/30/2017,7/19/2017,3/24/2017,5/31/2017,52,Det,1,1,2909967
14,,Meadow Woods,Road,Great Neck,11020,1398000,1290000,Colonial,4,2.500,"Full,Partially Finished",1 Car Attached,7,22695.00,CL,2/16/2017,6/30/2017,4/24/2017,7/13/2017,66,Det,1,1,2914168
551,,East Shore,Road,Great Neck,11024,1898000,1600000,Colonial,5,3.500,"Partial,Finished",,7,29520.00,CL,2/17/2017,6/30/2017,4/10/2017,8/02/2017,51,Det,1,1,2914543
15,,Old Farm,Road,Great Neck,11020,1998000,1530000,Contemporary,7,4.000,"None,Unfinished",2 Car Attached,7,31350.89,CL,2/19/2017,8/19/2017,2/21/2017,5/22/2017,2,Det,1,1,2914639
30,,Wensley,Drive,Great Neck,11021,1428000,1420000,Colonial,4,3.550,"Full,Finished",2 Car Attached,7,23258.40,CL,2/22/2017,6/30/2017,3/24/2017,6/14/2017,29,Det,1,1,2915572
7,,Oak,Drive,Great Neck,11021,3988000,3320000,Colonial,5,5.500,"Full,Finished",2 Car Attached,7,0.00,CL,2/22/2017,2/16/2018,5/30/2017,12/08/2017,96,Det,1,1,2915686
14,,Polo Field,Lane,Great Neck,11020,2800000,2700000,Colonial,6,4.500,"Full,Finished",4+ Car Attached,7,51656.54,CL,3/04/2017,8/23/2017,7/11/2017,1/05/2018,128,Det,1,1,2918566
16,,Henhawk,Road,Great Neck,11024,2100000,1800000,Ranch,4,3.500,"Full,Finished",4+ Car Attached,7,33906.00,CL,3/15/2017,11/12/2017,8/28/2017,12/18/2017,166,Det,1,1,2921192
21,,Robbins,Lane,Great Neck,11020,1250000,1250000,Exp Ranch,5,3.000,"None,Unfinished",1 Car Attached,7,23735.00,CL,3/18/2017,9/18/2017,4/03/2017,8/08/2017,16,Det,1,1,2922156
37,,Bayview,Avenue,Great Neck,11021,1879000,1600000,Colonial,5,3.550,"Full,Partially Finished",2 Car Detached,7,26810.00,CL,3/29/2017,3/25/2018,6/12/2017,8/02/2017,75,Det,1,1,2924838
66,,Meadow Woods,Road,Great Neck,11020,999999,1300000,Contemporary,4,3.500,"Full,Finished",2 Car Attached,7,25000.00,CL,3/31/2017,12/31/2017,3/31/2017,4/24/2017,0,Det,1,1,2925583
6,,Sutton,Court,Great Neck,11021,3288000,2970000,Colonial,5,5.500,"Full,Finished",2 Car Attached,7,0.00,CL,3/31/2017,9/30/2017,8/15/2017,9/07/2017,137,Det,1,1,2925655
37,,Devon,Road,Great Neck,11023,1838000,1748000,Colonial,5,4.500,"Full,Finished",1 Car Attached,7,0.00,CL,4/07/2017,12/30/2017,10/04/2017,11/20/2017,180,Det,1,1,2927533
2,,Blossom,Road,Great Neck,11024,1662500,1719000,Ranch,4,3.500,"None,Unfinished",,7,31667.00,CL,4/26/2017,7/26/2017,5/26/2017,9/07/2017,30,Det,1,1,2932824
4,,Lake Road South,,Great Neck,11020,1878000,1780000,Contemporary,6,3.000,"Full,Finished",2 Car Attached,7,26976.78,CL,4/28/2017,10/22/2017,5/16/2017,7/20/2017,18,Det,1,1,2933227
15,,Cherry,Lane,Great Neck,11024,3600000,3200000,Colonial,8,6.550,"Full,Finished",3 Car Attached,7,46538.59,CL,5/03/2017,10/31/2017,6/30/2017,8/21/2017,58,Det,1,1,2934844
35,,Brampton,Lane,Great Neck,11023,2280000,2090000,Colonial,5,4.500,Full,1 Car Attached,7,0.00,CL,5/10/2017,12/31/2017,6/27/2017,8/24/2017,48,Det,1,1,2937301
110,,Cooper,Drive,Great Neck,11023,1698000,1560000,Split Level,5,5.000,"Full,Finished",2 Car Attached,7,21575.00,CL,5/15/2017,11/04/2017,7/10/2017,8/22/2017,56,Det,1,1,2938388
4,,Shorecliff,Place,Great Neck,11023,3800000,3300000,Ranch,4,3.500,Full,3 Car Attached,7,26622.45,CL,5/17/2017,1/24/2018,1/24/2018,7/10/2018,252,Det,1,1,2939006
15,,Whitman,Road,Great Neck,11023,1898000,1750000,Exp Ranch,5,4.000,"None,Unfinished",2 Car Attached,7,20850.00,CL,5/17/2017,9/01/2017,8/28/2017,6/06/2018,103,Det,1,1,2939356
11,,Johnstone,Road,Great Neck,11021,1698888,1605000,Colonial,4,2.500,"Full,Finished",1 Car Attached,7,22390.36,CL,5/22/2017,10/22/2017,8/14/2017,12/01/2017,84,Det,1,1,2940841
20,,Blue Bird,Drive,Great Neck,11023,1388000,1218000,Split Level,4,3.500,"Partial,Finished",2 Car Attached,7,14023.50,CL,5/29/2017,12/30/2017,6/27/2017,10/02/2017,29,Det,1,1,2942196
9,,Birchwood,Lane,Great Neck,11024,1699000,1475000,Colonial,4,3.500,Partial,2 Car Attached,7,21453.85,CL,6/16/2017,6/15/2018,1/18/2018,3/23/2018,216,Det,1,1,2947691
110,,Windsor,Gate,Great Neck,11020,2500000,1875000,Colonial,5,4.500,"Full,Finished",2 Car Attached,7,32829.43,CL,6/27/2017,3/15/2018,1/26/2018,5/14/2018,213,Det,1,1,2950345
47,,Old Field,Lane,Great Neck,11020,1648000,1560000,Split Level,4,3.000,"Full,Finished",2 Car Attached,7,17425.19,CL,7/01/2017,11/01/2017,8/08/2017,9/08/2017,38,Det,1,1,2951642
24,,Laurel,Drive,Great Neck,11021,1588000,1400000,Ranch,4,3.000,"Full,Finished",,7,22396.51,CL,7/17/2017,1/17/2018,10/11/2017,1/03/2018,86,Det,1,1,2955714
8,,Kent,Place,Great Neck,11020,2198000,2000000,Tudor,6,5.500,"Full,Finished",2 Car Attached,7,35987.28,CL,7/20/2017,1/31/2018,9/14/2017,11/09/2017,56,Det,1,1,2956782
45,,Shelley,Lane,Great Neck,11023,2888000,2700000,Colonial,6,4.500,Full,2 Car Attached,7,34499.79,CL,7/21/2017,12/25/2017,8/30/2017,11/30/2017,40,Det,1,1,2957132
89,,Merrivale,Road,Great Neck,11020,1399000,1320000,Ranch,3,3.000,"Full,Finished",2 Car Attached,7,20352.00,CL,8/08/2017,2/28/2018,1/03/2018,5/09/2018,148,Det,1,1,2961727
32,,Elmridge,Road,Great Neck,11024,2788000,2570000,Ranch,5,5.000,"Full,Finished",2 Car Attached,7,37397.00,CL,8/14/2017,2/14/2018,9/19/2017,12/14/2017,36,Det,1,1,2963271
3,,Orchard,Road,Great Neck,11021,1595000,1435000,Colonial,4,3.500,"Full,Finished",2 Car Attached,7,22244.68,CL,9/06/2017,1/23/2018,9/12/2017,11/30/2017,6,Det,1,1,2968403
5,,Red Brook,Terrace,Great Neck,11024,1549000,1418000,Colonial,5,4.500,"Full,Finished",2 Car Attached,7,0.00,CL,9/13/2017,7/05/2018,10/31/2017,12/14/2017,48,Det,1,1,2970607
37,,Deepdale,Drive,Great Neck,11021,1199000,1235000,Tudor,5,3.500,"Partial,Partially Finished",2 Car Attached,7,25439.99,CL,9/14/2017,3/30/2018,1/19/2018,3/16/2018,127,Det,1,1,2971039
9,,Pond Park,Road,Great Neck,11023,1500000,1265000,Colonial,5,4.000,"Full,Finished",1 Car Attached,7,22000.00,CL,10/04/2017,9/30/2018,12/01/2017,6/13/2018,58,Det,1,1,2976233
6,,University,Place,Great Neck,11020,1549000,1443000,Contemporary,5,4.500,"Partial,Finished",1 Car Attached,7,30068.44,CL,10/12/2017,3/25/2018,11/14/2017,2/22/2018,33,Det,1,1,2977939
14,,Robbins,Lane,Great Neck,11020,1550000,1476000,Exp Ranch,4,2.500,"None,Unfinished",2 Car Attached,7,26534.17,CL,10/19/2017,8/31/2018,7/10/2018,8/24/2018,264,Det,1,1,2979590
100,,Emerson,Drive,Great Neck,11023,3588000,2920000,Colonial,7,5.500,"Full,Finished",2 Car Attached,7,0.00,CL,10/28/2017,3/01/2018,3/08/2018,4/27/2018,131,Det,1,1,2981618
96,,Pine Hill,Road,Great Neck,11020,1498000,1350000,Exp Ranch,4,4.000,"Full,Finished",2 Car Attached,7,21705.42,CL,11/14/2017,5/26/2018,12/06/2017,1/29/2018,22,Det,1,1,2985630
66,,Meadow Woods,Road,Great Neck,11020,2525000,2200000,Contemporary,6,4.500,"Full,Finished",2 Car Attached,7,0.00,CL,12/02/2017,6/06/2018,5/14/2018,9/22/2018,162,Det,1,1,2989107
34,,Devon,Road,Great Neck,11023,1888000,1750000,Colonial,5,5.500,"Full,Finished",1 Car Detached,7,23844.79,CL,8/25/2017,11/30/2018,8/03/2018,1/22/2019,343,Det,1,1,2993098
6,,Mirrielees,Circle,Great Neck,11021,1588000,1480000,Colonial,5,2.500,"Partial,Finished",2 Car Attached,7,19582.00,CL,1/03/2018,7/14/2018,3/13/2018,5/15/2018,68,Det,1,1,2994238
5,,North,Drive,Great Neck,11021,2250000,1900000,Mediterranean,6,4.550,"Full,Unfinished",3 Car Attached,7,36820.29,CL,1/17/2018,1/03/2019,7/02/2018,10/05/2018,165,Det,1,2,2997113
88,,Maple,Street,Great Neck,11023,1388000,1288000,Colonial,3,3.500,Full,1 Car Detached,7,0.00,CL,1/17/2018,7/17/2018,3/19/2018,5/17/2018,60,Det,1,1,2997320
7,,Strathmore,Road,Great Neck,11023,1588000,1400000,Tudor,4,3.000,"Full,Finished",,7,18911.72,CL,2/05/2018,8/01/2018,5/26/2018,8/05/2018,109,Det,1,1,3002021
7,,Woodlawn,Avenue,Great Neck,11023,1595000,1520000,2 Story,5,3.500,"Partial,Finished",2 Car Detached,7,15342.71,CL,2/06/2018,7/21/2018,4/04/2018,5/31/2018,56,Det,1,1,3002456
39,,Tanners,Road,Great Neck,11020,2228000,2000000,Contemporary,5,4.500,"Full,Finished",2 Car Attached,7,33783.00,CL,2/16/2018,8/16/2018,7/16/2018,1/03/2019,149,Det,1,1,3005029
71,,Beverly,Road,Great Neck,11021,2499000,2300000,Colonial,6,4.500,"Full,Finished",2 Car Attached,7,41867.00,CL,2/22/2018,8/31/2018,7/09/2018,8/10/2018,136,Det,1,1,3006659
85,,Station,Road,Great Neck,11023,1990000,1875000,Colonial,5,3.550,"Full,Finished",2 Car Attached,7,31954.22,CL,2/28/2018,6/30/2018,5/17/2018,6/29/2018,77,Det,1,1,3007809
14,,Merrivale,Road,Great Neck,11021,1488000,1400000,Tudor,5,4.000,"Full,Finished",2 Car Attached,7,22542.00,CL,3/01/2018,9/01/2018,4/12/2018,8/15/2018,41,Det,1,1,3008279
45,,Potters,Lane,Great Neck,11024,2950000,2550000,Colonial,8,4.550,"Full,Unfinished",Detached,7,43356.00,CL,3/05/2018,8/30/2019,10/24/2018,8/06/2019,232,Det,1,1,3009435
86,,Cedar,Drive,Great Neck,11021,1899000,1750000,Split Level,5,3.000,Partial,2 Car Attached,7,29745.57,CL,3/08/2018,8/31/2018,3/21/2018,6/25/2018,12,Det,1,1,3010321
84,,Cedar,Drive,Great Neck,11021,1399000,1400000,Contemporary,4,3.000,Partial,2 Car Attached,7,26730.91,CL,3/12/2018,8/31/2018,7/16/2018,11/09/2018,126,Det,1,1,3011144
79,,Cedar,Drive,Great Neck,11021,1888000,1700000,Contemporary,5,3.500,"Full,Finished",2 Car Attached,7,50082.55,CL,3/14/2018,9/08/2018,5/01/2018,8/31/2018,48,Det,1,1,3012006
96,,Oxford,Boulevard,Great Neck,11023,1680000,1530000,Colonial,6,4.500,"Full,Finished",2 Car Attached,7,16816.51,CL,3/21/2018,9/07/2018,5/26/2018,7/30/2018,66,Det,1,1,3013764
34,,School House,Lane,Great Neck,11020,2618000,2075000,Colonial,5,5.500,Full,2 Car Attached,7,30038.51,CL,3/23/2018,9/24/2018,7/18/2018,8/23/2018,117,Det,1,1,3014549
23,,Rivers,Drive,Great Neck,11020,1298000,1245000,Exp Ranch,5,3.000,Full,2 Car Attached,7,19588.60,CL,4/12/2018,10/02/2018,5/28/2018,8/28/2018,46,Det,1,1,3019842
3,W,Woods,Road,Great Neck,11020,1498000,1400000,Colonial,4,3.500,"Full,Finished",2 Car Attached,7,25387.31,CL,4/13/2018,10/12/2018,5/02/2018,8/17/2018,19,Det,1,1,3020284
3,,Hall,Court,Great Neck,11024,1888000,1540000,Ranch,4,2.500,"None,Unfinished",2 Car Attached,7,30718.75,CL,4/19/2018,10/31/2018,6/06/2018,9/14/2018,48,Det,1,1,3021965
7,,Farmers,,Great Neck,11024,5800000,5050000,Colonial,6,6.500,"Full,Finished",3 Car Attached,7,79244.00,CL,4/24/2018,4/21/2019,12/11/2018,1/15/2019,231,Det,1,1,3023442
8,,Linford,Road,Great Neck,11021,1650000,1575000,Colonial,5,3.550,"Full,Finished",2 Car Attached,7,29611.00,CL,4/29/2018,10/16/2018,5/26/2018,8/08/2018,27,Det,1,1,3025062
24,,Ravine,Road,Great Neck,11023,1298000,1265000,Split Level,4,2.500,"Full,Finished",2 Car Attached,7,21287.97,CL,5/06/2018,10/29/2018,7/01/2018,12/07/2018,56,Det,1,1,3027508
28,,Strathmore,Road,Great Neck,11023,1498000,1260000,Colonial,5,3.500,Full,2 Car Attached,7,21016.96,CL,5/10/2018,11/08/2018,11/30/2018,2/14/2019,204,Det,1,1,3029115
11,,Mitchell,Drive,Great Neck,11024,2980000,2300000,Colonial,5,4.500,"Full,Finished",2 Car Attached,7,46870.88,CL,5/15/2018,5/15/2019,5/20/2019,8/30/2019,370,Det,1,1,3030389
6,S,Somerset,Drive,Great Neck,11020,1550000,1320000,Colonial,3,1.555,"Full,Finished",,7,22874.39,CL,5/31/2018,3/01/2019,7/16/2018,11/02/2018,46,Det,1,1,3034860
26,,Shadow,Lane,Great Neck,11021,1499000,1400000,Colonial,5,3.500,"Full,Finished",1 Car Attached,7,21343.43,CL,6/07/2018,12/31/2018,9/04/2018,11/13/2018,89,Det,1,1,3037316
20,,Lake,Road,Great Neck,11020,2288000,1850000,Split Level,5,3.000,"Full,Finished",2 Car Attached,7,23015.27,CL,6/07/2018,12/31/2018,11/07/2018,2/06/2019,153,Det,1,1,3037370
39,,Olive,Street,Great Neck,11020,2288888,2020000,Colonial,4,4.000,"Full,Unfinished",2 Car Attached,7,0.00,CL,7/05/2018,2/16/2019,2/08/2019,4/12/2019,218,Det,1,1,3045402
32,,Arrandale,Avenue,Great Neck,11023,1880000,1681000,Colonial,5,4.500,"Full,Finished",2 Car Detached,7,21869.00,CL,7/23/2018,1/15/2019,10/24/2018,12/11/2018,93,Det,1,1,3050819
118,,Overlook,Avenue,Great Neck,11021,2588000,2150000,Colonial,6,5.500,"Full,Finished",2 Car Attached,7,0.00,CL,7/28/2018,1/31/2019,8/22/2018,10/17/2018,25,Det,1,1,3052502
19,,North,Drive,Great Neck,11021,1638000,1500000,Colonial,5,3.550,"Full,Finished",2 Car Detached,7,27309.39,CL,8/02/2018,1/19/2019,8/31/2018,11/02/2018,29,Det,1,1,3053822
5,,Cherry,Lane,Great Neck,11024,2588000,2150000,Contemporary,8,5.500,"None,Unfinished",2 Car Attached,7,54372.00,CL,8/09/2018,2/10/2019,10/29/2018,12/12/2018,81,Det,1,1,3055859
5,E,Wooleys,Lane,Great Neck,11023,1988000,1800000,Colonial,6,4.500,"Full,Finished",1 Car Detached,7,0.00,CL,8/13/2018,8/13/2019,2/01/2019,4/04/2019,172,Det,1,1,3056597
35,,Meadow Woods,Road,Great Neck,11020,2480000,2200000,Colonial,6,5.500,"Full,Finished",2 Car Attached,7,37078.00,CL,8/20/2018,12/31/2019,8/23/2019,9/30/2019,368,Det,1,1,3058574
59,,Fairview,Avenue,Great Neck,11023,1800000,1535000,Colonial,6,6.500,"Full,Finished",2 Car Attached,7,32588.00,CL,9/05/2018,10/15/2019,7/30/2019,10/01/2019,328,Det,1,1,3062480
10,W,Woods,Road,Great Neck,11020,2258000,1900000,Colonial,7,5.500,"Full,Finished",2 Car Attached,7,36634.07,CL,9/12/2018,5/01/2019,4/13/2019,6/21/2019,213,Det,1,1,3064322
26,,Knightsbridge,Road,Great Neck,11021,1448000,1355000,Tudor,5,3.500,"Full,Partially Finished",2 Car Attached,7,19608.25,CL,9/14/2018,3/15/2019,10/23/2018,1/22/2019,39,Det,1,1,3065153
16,,Amherst,Road,Great Neck,11021,2980000,2700000,Colonial,6,7.500,"Full,Finished",2 Car Attached,7,0.00,CL,10/03/2018,4/08/2019,2/01/2019,4/15/2019,121,Det,1,1,3070559
5,,Stepping Stone,Lane,Great Neck,11024,1288000,1201000,Colonial,4,2.500,Full,,7,17977.58,CL,10/29/2018,4/27/2019,12/20/2018,3/12/2019,52,Det,1,1,3077082
41,,Stoner,Avenue,Great Neck,11021,1788000,1650000,Colonial,4,3.500,"Full,Finished",2 Car Attached,7,27307.00,CL,11/01/2018,2/01/2019,12/03/2018,2/14/2019,32,Det,1,1,3077778
30,,Knightsbridge,Road,Great Neck,11021,1688000,1500000,Contemporary,3,2.500,"Full,Finished",2 Car Attached,7,23894.00,CL,11/14/2018,5/06/2019,12/07/2018,3/01/2019,23,Det,1,1,3081211
6,,Vista,Drive,Great Neck,11021,2500000,2350000,Colonial,7,5.550,"Full,Finished",2 Car Attached,7,45648.00,CL,11/20/2018,6/30/2019,3/06/2019,6/03/2019,106,Det,1,1,3082540
32,,Hickory,Drive,Great Neck,11021,3188000,3000000,Colonial,7,5.555,"Full,Finished",2 Car Attached,7,0.00,CL,12/06/2018,3/15/2019,1/08/2019,2/08/2019,33,Det,1,1,3085517
20,,Surrey,Road,Great Neck,11020,1498000,1447500,Colonial,6,4.500,"Full,Partially Finished",2 Car Attached,7,36590.18,CL,12/14/2018,6/14/2019,3/18/2019,5/03/2019,93,Det,1,1,3087157
25,,Robbins,Lane,Great Neck,11020,1588000,1550000,Ranch,5,3.000,"None,Unfinished",2 Car Attached,7,23783.42,CL,12/26/2018,6/30/2019,2/06/2019,3/21/2019,42,Det,1,1,3088787
30,,Meadow Woods,Road,Great Neck,11020,2988000,2600000,Colonial,6,6.500,"Full,Unfinished",2 Car Attached,7,0.00,CL,1/02/2019,7/02/2019,6/21/2019,9/28/2019,169,Det,1,1,3089640
10,,Old Farm,Road,Great Neck,11020,1288000,1220000,Ranch,4,2.500,"None,Unfinished",1 Car Attached,7,18561.38,CL,1/09/2019,9/30/2019,2/04/2019,7/30/2019,26,Det,1,1,3091602
61,,Valley View,Road,Great Neck,11021,1388000,1275000,Colonial,5,4.500,"Full,Finished",2 Car Attached,7,15679.00,CL,2/21/2019,8/21/2019,4/22/2019,7/23/2019,59,Det,1,1,3102849
88,,Beverly,Road,Great Neck,11021,1599000,1515000,Colonial,5,3.500,"None,Unfinished",1 Car Attached,7,33989.76,CL,2/24/2019,8/19/2019,3/31/2019,7/17/2019,34,Det,1,1,3103685
4,,Surrey,Road,Great Neck,11020,1588000,1500000,Ranch,4,4.500,"Full,Partially Finished",2 Car Attached,7,22022.97,CL,3/18/2019,6/15/2019,4/10/2019,8/15/2019,23,Det,1,1,3110285
120,,Windsor,Gate,Great Neck,11020,2188000,1850000,Colonial,6,5.500,"Full,Partially Finished",3 Car Attached,7,33057.94,CL,4/01/2019,10/01/2019,5/24/2019,7/26/2019,53,Det,1,1,3114352
14,,Birch Hill,Road,Great Neck,11020,1299000,1220000,Colonial,4,3.000,"Full,Unfinished",2 Car Attached,7,23755.00,CL,4/01/2019,9/25/2019,4/13/2019,7/15/2019,12,Det,1,1,3114597
62,,Nassau,Drive,Great Neck,11021,2100000,1970000,Mediterranean,6,6.550,Full,3 Car Attached,7,29322.00,CL,4/01/2019,7/15/2019,7/19/2019,10/10/2019,109,Det,1,2,3114658
90,,Old Pond,Road,Great Neck,11023,1750000,1650000,Colonial,6,3.500,"Full,Finished",2 Car Attached,7,19601.01,CL,4/03/2019,10/01/2019,5/23/2019,7/01/2019,50,Det,1,1,3115508
13,,Polo Field,Lane,Great Neck,11020,1548000,1500000,Colonial,5,2.500,"Full,Finished",1 Car Attached,7,25015.15,CL,4/15/2019,12/31/2019,5/14/2019,8/29/2019,29,Det,1,1,3119285
5,,Grenfell,Drive,Great Neck,11020,1688000,1550000,Exp Ranch,5,3.500,"Full,Finished",1 Car Attached,7,26657.53,CL,4/15/2019,10/15/2019,5/21/2019,9/28/2019,36,Det,1,1,3119289
29,,Linford,Road,Great Neck,11021,1470000,1400000,Colonial,4,2.500,Full,2 Car Attached,7,24170.29,CL,4/30/2019,9/30/2019,9/03/2019,11/19/2019,126,Det,1,1,3123660
84,,Old Pond,Road,Great Neck,11023,1488000,1440000,Colonial,4,3.500,"Full,Finished",2 Car Attached,7,15590.72,CL,5/14/2019,10/30/2019,5/31/2019,8/20/2019,17,Det,1,1,3128395
5,,Juniper,Drive,Great Neck,11021,1995000,1705000,Exp Ranch,5,5.000,Full,2 Car Attached,7,27706.00,CL,5/16/2019,9/16/2019,7/16/2019,11/12/2019,61,Det,1,1,3129384
10,,Old Pond,Road,Great Neck,11023,1888000,1760000,Colonial,5,4.550,"Full,Finished",2 Car Attached,7,24907.26,CL,5/31/2019,8/29/2019,6/26/2019,9/11/2019,26,Det,1,1,3133881
4,,Fleetwood,Court,Great Neck,11024,2298000,1800000,Colonial,5,5.500,"Full,Unfinished",2 Car Attached,7,30096.36,CL,6/04/2019,12/02/2019,11/02/2019,2/07/2020,151,Det,1,1,3134979
478,,East Shore,Road,Great Neck,11024,1895000,1618000,Colonial,4,4.000,"Partial,Unfinished",,7,38418.76,CL,7/09/2019,6/01/2020,11/22/2019,1/10/2020,136,Det,1,1,3145524
26,,Polo Field,Lane,Great Neck,11020,1598000,1560000,Colonial,5,3.500,"Partial,Finished",2 Car Attached,7,24090.00,CL,7/14/2019,12/10/2019,10/17/2019,2/26/2020,95,Det,1,1,3147093
10,,Blue Sea,Lane,Kings Point,11024,1788000,1590000,Post Modern,5,3.550,"None,Unfinished",2 Car Attached,7,33427.00,CL,7/19/2019,1/19/2020,8/12/2019,11/25/2019,24,Det,1,1,3148725
46,,Old Pond,Road,Great Neck,11023,2100000,1850000,Colonial,6,4.500,"Full,Finished",2 Car Attached,7,22807.00,CL,9/04/2019,3/02/2020,11/08/2019,2/28/2020,65,Det,1,1,3161284
2,,Central,Drive,Kings Point,11024,3850000,3147500,Tudor,6,6.500,"Full,Finished",3 Car Attached,7,42475.00,CL,10/28/2019,10/16/2020,12/21/2019,1/17/2020,54,Det,1,1,3176088