St #,Dr,Street Name,Sfx,Town,Zip,ListPrice,SoldPrice,,Br,Bath,,,SD,Tot Tax,LSC,ListDate,ExpDate,ContDate,TitleDate,DOM,Det,#F,K,ML#
6,,Garfield,Place,Roslyn Heights,11577,760000,765000,Colonial,2,2.500,"Full,Finished",2 Car Detached,3,10844.53,CL,2/20/2018,2/15/2019,3/15/2018,6/01/2018,22,Det,1,1,3005829
15,,Cat Hollow,Road,Bayville,11709,779000,732500,Colonial,4,2.500,"Full,Partially Finished",,3,12075.26,CL,4/27/2017,10/17/2017,5/31/2017,8/08/2017,34,Det,1,1,2932907
19,,Laurel,Place,Bayville,11709,850000,810000,Colonial,5,2.500,"Full,Finished",,3,17711.48,CL,1/08/2018,1/08/2019,8/27/2018,10/11/2018,230,Det,1,1,2995164
20,,Oak Point Dr N.,,Bayville,11709,850000,830000,Colonial,5,2.500,"Full,Unfinished",2 Car Attached,3,18640.29,CL,9/22/2016,9/22/2017,3/29/2017,6/13/2017,188,Det,1,1,2885351
7,,Vivona,Court,Bayville,11709,679000,670000,Exp Ranch,5,2.000,"Full,Finished",2 Car Attached,3,8162.74,CL,9/05/2018,3/04/2019,11/14/2018,11/21/2018,70,Det,1,1,3062406
333,,Chestnut,Avenue,East Meadow,11554,925000,915000,Colonial,4,3.000,"Full,Unfinished",2 Car Attached,3,25386.74,CL,8/17/2017,2/15/2018,11/15/2017,2/02/2018,90,Det,1,1,2964081
2556,,Tonquin,Street,East Meadow,11554,799000,799000,Colonial,4,2.500,"Full,Unfinished",1 Car Attached,3,0.00,CL,4/20/2017,8/15/2018,11/01/2017,4/04/2018,195,Det,1,1,2931121
1711,,Meadow,Lane,East Meadow,11554,699000,665000,Exp Ranch,4,3.000,"Full,Finished",1 Car Attached,3,14150.44,CL,8/14/2017,2/14/2018,9/25/2017,12/04/2017,42,Att,1,2,2963098
31,,Woodbine,Road,East Hills,11577,850000,815000,Exp Ranch,4,3.000,"Full,Finished",2 Car Attached,3,27651.25,CL,7/26/2018,1/26/2019,11/30/2018,3/04/2019,127,Det,1,1,3052015
7,,Pine,Drive,Roslyn,11576,965000,940000,Ranch,3,2.000,"Full,Finished",2 Car Attached,3,17118.38,CL,11/29/2016,11/28/2017,12/14/2016,3/24/2017,15,Det,1,1,2898980
2,,Potters,Lane,East Hills,11577,1029000,955000,Ranch,4,3.000,"Full,Unfinished",2 Car Attached,3,20694.76,CL,6/18/2018,12/15/2018,7/27/2018,11/02/2018,39,Att,1,1,3040421
60,,Wagon,Road,East Hills,11577,1048000,999000,Colonial,5,3.500,"Full,Partially Finished",,3,25507.76,CL,5/23/2018,12/31/2018,6/12/2018,8/17/2018,20,Det,1,1,3032950
229,,Parkside,Drive,Roslyn Heights,11577,959000,930000,Colonial,4,3.500,"Partial,Finished",1 Car Attached,3,14232.00,CL,12/17/2018,6/30/2019,3/04/2019,5/01/2019,77,Det,1,1,3087565
135,,Mimosa,Drive,East Hills,11576,1048000,999000,Colonial,5,3.000,"Full,Finished",2 Car Attached,3,28317.00,CL,1/02/2017,7/31/2017,2/27/2017,4/28/2017,56,Det,1,1,2903935
45,,Town Cocks,Lane,Matinecock,11560,1100000,996900,Colonial,5,5.000,Partial,3 Car Attached,3,30226.00,CL,7/05/2016,6/14/2017,5/01/2017,7/28/2017,300,Det,3,1,2866244
1 A,,Harbor,Court,Roslyn,11576,815000,778000,Colonial,3,3.000,"Full,Finished",2 Car Detached,3,11703.73,CL,6/28/2018,12/31/2018,2/04/2019,7/26/2019,221,Det,1,1,3043659
1989,N,Jerusalem,Road,East Meadow,11554,799000,725000,Colonial,5,3.000,"Full,Unfinished",,3,13744.89,CL,5/20/2019,8/10/2019,8/09/2019,10/16/2019,81,Det,1,1,3130590
25,,Kennedy,Road,East Hills,11577,799000,758000,Colonial,3,2.500,"Full,Finished",2 Car Attached,3,15558.07,CL,2/08/2018,8/08/2018,3/06/2018,6/05/2018,26,Det,1,1,3002996
22,,Pinewood,Road,East Hills,11576,999999,930000,Split Level,4,3.000,"Partial,Finished",2 Car Attached,3,20685.12,CL,1/09/2018,7/09/2018,2/22/2018,5/17/2018,44,Det,1,1,2995395
12,,Center,Drive,Roslyn,11576,889000,864000,Colonial,4,3.000,"None,Unfinished",,3,19375.94,CL,3/13/2018,10/31/2018,4/06/2018,6/28/2018,24,Det,1,1,3011496
130,,Round Hill,Road,East Hills,11577,979000,960000,Colonial,4,2.500,"Partial,Unfinished",,3,22038.28,CL,6/15/2018,9/15/2018,6/22/2018,8/21/2018,7,Det,1,1,*1325149
2111,,Valentines,Road,Westbury,11590,825000,820000,Colonial,5,2.000,"None,Unfinished",1 Car Attached,3,12904.87,CL,3/06/2019,8/31/2019,5/02/2019,8/07/2019,56,Det,1,1,3106735
1953,,Ashley,Place,Westbury,11590,649999,680000,Split Level,3,2.500,Full,Private Parking,3,11964.69,CL,5/20/2018,8/20/2018,7/06/2018,8/10/2018,47,Det,1,1,3032301
893,,Bromton,Drive,Westbury,11590,689000,659000,Split Level,3,2.500,"Full,Finished",,3,12065.43,CL,5/17/2017,10/14/2017,6/29/2017,9/15/2017,43,Det,1,1,2939033
2036,,Stuyvesant,Avenue,East Meadow,11554,819000,795000,Colonial,4,2.500,Full,1 Car Attached,3,8742.00,CL,3/24/2017,12/31/2017,11/01/2017,1/02/2018,222,Det,1,1,2949454
2730,,Concord,Drive,East Meadow,11554,699000,690000,Colonial,4,4.000,"Full,Finished",,3,9935.00,CL,8/13/2019,12/30/2019,1/28/2020,1/30/2020,168,Det,1,1,3156081
367,,Chambers,Avenue,East Meadow,11554,719000,715000,Colonial,4,3.000,"Full,Finished",1 Car Detached,3,11654.00,CL,12/05/2019,6/30/2020,1/06/2020,2/26/2020,32,Det,1,1,3184520
605,,Glen Cove,Road,Roslyn,11576,899000,875000,Colonial,5,4.500,"Full,Finished",3 Car Attached,3,35049.69,CL,7/25/2018,1/23/2019,10/18/2018,2/15/2019,85,Det,1,1,3051412
193,E,Broadway,,Roslyn,11576,839000,809000,Cape,3,1.500,"Full,Finished",1 Car Attached,3,12640.47,CL,5/09/2018,11/09/2018,5/24/2018,10/05/2018,15,Det,1,1,3028710
59,E,Ridge,Drive,Roslyn,11576,924999,920000,Split Level,4,3.000,"Full,Finished",2 Car Attached,3,27541.00,CL,1/16/2017,7/15/2017,6/19/2017,7/24/2017,153,Det,1,1,2906972
2525,,Ramona,Street,East Meadow,11554,899999,860000,Colonial,4,3.000,"Full,Unfinished",1 Car Attached,3,0.00,CL,2/16/2019,4/30/2020,12/23/2019,2/28/2020,310,Det,1,1,3175971
50,,The Intervale,,Roslyn,11576,998000,955000,Post Modern,5,3.000,"Full,Finished",2 Car Attached,3,22009.64,CL,7/28/2017,7/24/2018,9/18/2017,1/11/2018,52,Det,1,1,2959127
14,,Carlyle,Place,Roslyn Heights,11577,699000,675000,Hi Ranch,4,2.000,"None,Unfinished",1 Car Attached,3,14305.74,CL,11/20/2017,8/01/2018,3/24/2018,6/14/2018,123,Det,1,1,2986982
130,,Westwood,Circle,East Hills,11577,849000,825000,Exp Ranch,4,2.000,"Full,Finished",2 Car Attached,3,23153.07,CL,1/05/2017,6/05/2017,1/20/2017,4/07/2017,15,Det,1,1,2904842
831,,Orchard,Lane,Muttontown,11771,1099000,985000,Ranch,4,3.500,"Partial,Finished",2 Car Attached,3,22972.89,CL,11/09/2017,11/09/2018,2/08/2018,3/27/2018,91,Det,1,1,2984605
126,,Mott,Avenue,Roslyn,11576,749888,730000,Colonial,4,2.000,"Full,Partially Finished",1 Car Attached,3,13101.43,CL,4/11/2019,8/11/2019,5/09/2019,7/16/2019,28,Det,1,1,3118474
54,,Frances,Court,Levittown,11756,699888,655000,Split Level,5,3.500,"Partial,Finished",1 Car Attached,3,18581.43,CL,10/22/2018,2/22/2019,11/16/2018,1/22/2019,25,Det,1,1,3075427
465,,Bayville,Road,Lattingtown,11560,1150000,985000,Colonial,4,3.500,"Partial,Unfinished",2 Car Attached,3,15976.67,CL,4/16/2018,4/16/2019,5/25/2018,7/30/2018,39,Det,1,1,3020996
12,,Dickerson,Avenue,Bayville,11709,725000,720000,Victorian,5,2.500,"Full,Partially Finished",1 Car Detached,3,14498.23,CL,5/19/2018,5/19/2019,7/13/2018,10/16/2018,55,Det,1,1,3031774
285,,Chambers,Avenue,East Meadow,11554,819000,800000,Colonial,5,2.500,"Full,Finished",1 Car Attached,3,10951.00,CL,8/04/2017,2/04/2018,9/01/2017,12/21/2017,28,Det,1,1,2960990
1654,,Midland,Drive,East Meadow,11554,699000,675000,Colonial,5,3.000,"Full,Finished",1 Car Attached,3,9832.00,CL,2/18/2017,5/17/2017,3/27/2017,6/02/2017,36,Det,1,1,2914729
18,,Matinecock,Lane,Lattingtown,11560,815000,815000,Cape,3,2.000,Full,1 Car Attached,3,12615.60,CL,4/25/2018,4/25/2019,5/04/2018,7/23/2018,9,Att,1,1,3023810
116,,Valley,Avenue,Locust Valley,11560,699000,660000,Ranch,3,2.000,"Full,Unfinished",2 Car Attached,3,11274.04,CL,3/07/2018,2/26/2019,7/20/2018,9/27/2018,134,Det,1,1,3010087
78,,Macgregor,Avenue,Roslyn Heights,11577,699000,710000,Colonial,3,2.000,"Full,Unfinished",1 Car Detached,3,16402.00,CL,4/17/2017,12/31/2017,5/08/2017,7/25/2017,21,Det,1,1,2929854
2338,,Plymouth,Place,East Meadow,11554,749999,720000,Split Level,5,3.000,"Full,Finished",,3,12504.00,CL,3/27/2019,3/26/2020,4/18/2019,8/01/2019,22,Det,1,1,3113221
121,,Pilgrim,,Westbury,11590,839900,800000,2 Story,5,3.500,"Full,Finished",1 Car Attached,3,17828.81,CL,1/18/2019,8/18/2019,5/10/2019,7/02/2019,111,Det,1,1,3094514
42,,Peachtree,Lane,Roslyn Heights,11577,968000,930000,Colonial,4,2.500,"Partial,Partially Finished",1 Car Attached,3,11290.00,CL,11/08/2018,12/28/2019,3/20/2019,5/29/2019,131,Det,1,1,3079814
230,,Chestnut,Drive,East Hills,11576,999999,860000,Ranch,3,1.000,"Full,Unfinished",2 Car Attached,3,25681.00,CL,8/06/2016,12/31/2016,10/14/2016,5/30/2017,69,Det,1,1,2874572
118,,Clearmeadow,Drive,East Meadow,11554,629900,670000,Colonial,4,2.500,"Full,Unfinished",1 Car Attached,3,17004.20,CL,3/19/2018,12/31/2018,4/05/2018,7/18/2018,17,Det,1,1,3013350
505,,Bryant,Avenue,Roslyn,11576,1059000,975000,Colonial,4,2.500,"Full,Finished",2 Car Detached,3,24527.00,CL,6/20/2017,3/31/2018,9/12/2017,12/04/2017,84,Det,1,1,2948279
6,,Woods,Road,Locust Valley,11560,948000,905000,Colonial,6,4.500,"Full,Finished",2 Car Attached,3,13299.60,CL,2/01/2019,2/01/2020,4/26/2019,7/02/2019,83,Det,1,1,3097872
1568,,Dillon,Avenue,East Meadow,11554,749999,750000,Colonial,4,2.500,"Full,Unfinished",2 Car Attached,3,10466.00,CL,7/17/2017,2/17/2018,8/22/2017,9/29/2017,36,Det,1,1,2956072
299,,Concord,Avenue,East Meadow,11554,699999,680000,Colonial,4,2.500,"Full,Finished",1 Car Attached,3,14101.00,CL,2/14/2019,2/14/2020,11/18/2019,2/07/2020,277,Att,1,1,3156981
958,,Richmond,Road,East Meadow,11554,950000,900000,Colonial,5,2.500,"Full,Unfinished",2 Car Attached,3,20326.00,CL,8/03/2018,3/30/2019,3/01/2019,4/10/2019,210,Det,1,1,3100714
428,,Roslyn,Place,East Meadow,11554,879000,861000,Colonial,5,3.000,"Full,Finished",1 Car Attached,3,0.00,CL,1/17/2017,9/30/2017,5/31/2017,9/06/2017,133,Det,1,1,2907558
806,,Jill,Court,East Meadow,11554,749000,700000,Splanch,6,3.550,"Full,Finished",2 Car Attached,3,15339.32,CL,3/31/2017,9/30/2017,5/25/2017,7/25/2017,55,Det,1,1,2926038
7,,West Shore,,Roslyn,11576,998000,920000,Colonial,4,2.500,"Partial,Unfinished",1 Car Detached,3,17090.00,CL,8/13/2018,3/31/2019,12/07/2018,2/01/2019,116,Det,1,1,3056716
37,,Warner,Avenue,Roslyn Heights,11577,715000,705000,Victorian,3,1.500,"Partial,Partially Finished",,3,11806.00,CL,11/09/2018,4/30/2019,12/06/2018,2/03/2019,27,Det,1,1,3080224
700,,Eisenhower,Place,East Meadow,11554,949000,920000,Colonial,6,5.500,"Full,Finished",2 Car Attached,3,17565.53,CL,7/09/2018,12/31/2018,12/11/2018,2/21/2019,155,Det,1,1,3046534
1837,,Park,Avenue,East Meadow,11554,675000,665000,Colonial,3,2.000,"Full,Finished",,3,13778.26,CL,10/22/2018,4/30/2019,1/03/2019,4/05/2019,73,Det,1,1,3075569
411,,Sterling,Place,East Meadow,11554,699000,699000,Contemporary,4,3.500,"Partial,Finished",2 Car Attached,3,16411.85,CL,8/21/2018,2/28/2019,10/16/2018,11/29/2018,56,Det,1,1,3059013
30,,Teakwood,Lane,East Hills,11576,998000,995000,Split Level,4,3.000,"Full,Finished",2 Car Attached,3,26372.25,CL,5/16/2019,10/29/2019,6/06/2019,7/09/2019,21,Det,1,1,3129386
32,,John Bean,Court,Port Washington,11050,699000,675000,Townhouse,3,2.500,Full,2 Car Attached,3,12998.17,CL,6/09/2016,3/31/2017,1/06/2017,4/24/2017,211,Det,1,1,2859806
1696,,Lenox,Avenue,East Meadow,11554,999990,965000,Colonial,4,2.500,"Full,Partially Finished",1 Car Attached,3,22435.07,CL,1/18/2019,1/17/2020,6/26/2019,9/13/2019,158,Det,1,1,3094459
12,,Canterbury,Lane,East Hills,11577,1250000,995000,Colonial,3,2.500,"Full,Partially Finished",None,3,24173.88,CL,5/30/2017,5/15/2018,7/12/2017,8/25/2017,43,Att,1,1,2942295
131,,Carol,Road,East Meadow,11554,729999,710000,Colonial,3,3.500,Full,1 Car Detached,3,15294.11,CL,6/19/2018,12/09/2018,9/27/2018,1/11/2019,100,Det,1,1,3040961
182,,Margaret,Drive,East Meadow,11554,859000,875000,Colonial,4,2.500,"Full,Unfinished",1 Car Attached,3,15430.40,CL,7/19/2018,1/01/2019,7/27/2018,10/04/2018,8,Det,1,1,3049710
1422,,Mark,Drive,East Meadow,11554,729000,705000,Split Level,5,3.000,"Full,Finished",,3,15351.59,CL,1/31/2019,9/01/2019,2/28/2019,4/12/2019,28,Det,1,1,3097413
2124,,Randall,Avenue,East Meadow,11554,779000,790000,Colonial,4,2.550,"Full,Finished",1 Car Attached,3,15255.22,CL,3/21/2019,9/15/2019,4/04/2019,5/17/2019,14,Det,1,1,3111307
1762,,Esposito,Court,East Meadow,11554,779000,765000,Colonial,5,3.550,"Full,Finished",1 Car Attached,3,11266.16,CL,9/25/2018,9/24/2019,11/16/2018,1/15/2019,52,Det,1,1,3068136
1869,,Stuyvesant,Avenue,East Meadow,11554,749000,730000,Colonial,4,3.000,"Full,Finished",1 Car Detached,3,11451.61,CL,11/14/2018,10/31/2019,12/07/2018,4/15/2019,23,Det,1,1,3081313
21,,Fernwood,Lane,Roslyn,11576,829000,750000,Split Level,3,2.500,"Full,Partially Finished",2 Car Attached,3,14813.68,CL,5/16/2018,12/31/2018,6/06/2018,7/03/2018,21,Att,1,1,3030615
37,,Circle,Lane,East Hills,11577,759000,740000,Colonial,3,2.500,"Full,Unfinished",1 Car Attached,3,21579.45,CL,11/01/2018,11/01/2019,3/14/2019,7/02/2019,133,Det,1,1,3077770
16,,Summit,Avenue,Roslyn Harbor,11576,950000,880000,Other,5,3.000,Full,,3,12842.00,CL,7/16/2018,4/10/2019,8/07/2018,10/12/2018,22,Det,3,3,3048698
23,,Fox Ridge,Lane,Locust Valley,11560,689000,677180,Ranch,3,3.000,"Full,Finished",2 Car Attached,3,17028.91,CL,9/28/2018,3/30/2019,10/17/2018,12/13/2018,19,Det,1,1,3068851
129,,Elm,Street,Roslyn Heights,11577,748000,748000,Colonial,3,1.500,"Partial,Finished",2 Car Attached,3,16599.00,CL,9/12/2018,9/07/2019,10/02/2018,1/17/2019,20,Det,1,1,3064466
232,,Round Hill,Road,East Hills,11577,819000,780000,Ranch,3,2.000,"Full,Partially Finished",2 Car Attached,3,16378.00,CL,11/08/2019,6/30/2020,12/11/2019,3/11/2020,33,Det,1,1,3179039
63,,High Hollow,Road,East Hills,11577,875000,800000,Ranch,3,2.000,"Full,Finished",1 Car Attached,3,3785.93,CL,10/03/2019,4/01/2020,11/06/2019,2/12/2020,34,Det,1,1,3169647
7,S,Oak Point,Drive,Bayville,11709,849000,832000,Colonial,5,2.500,"Partial,Unfinished",2 Car Attached,3,17328.75,CL,7/20/2018,1/20/2019,2/15/2019,6/11/2019,210,Det,1,1,3050169
14,,Overhill,Lane,Roslyn,11576,969000,965000,Farm Ranch,4,2.000,"None,Unfinished",1 Car Attached,3,18579.44,CL,10/25/2017,4/18/2018,11/13/2017,2/22/2018,19,Det,1,1,2980988
10,,Mineola,Avenue,Roslyn Estates,11576,925000,880000,Hi Ranch,4,2.500,"Full,Finished",2 Car Attached,3,16036.00,CL,10/24/2017,7/28/2018,4/30/2018,8/31/2018,188,Det,1,1,2980592
54,,Rugby,Road,East Hills,11577,868000,810000,Ranch,3,2.000,Full,1 Car Attached,3,23270.98,CL,6/05/2017,3/04/2018,6/29/2017,9/08/2017,24,Det,1,1,*1286682
120,,Choir,Lane,Westbury,11590,999000,940000,Colonial,5,3.500,"Full,Unfinished",2 Car Attached,3,12906.14,CL,6/01/2018,6/01/2019,12/18/2018,2/25/2019,200,Det,1,1,*1337840
55,,Andover,Road,Roslyn Heights,11577,795000,750000,Ranch,3,2.000,Full,2 Car Attached,3,16298.69,CL,10/20/2019,12/31/2019,10/21/2019,10/25/2019,1,Det,1,1,*1360903
599,,Kathleen,Place,Westbury,11590,729000,670000,Colonial,4,2.500,"Full,Finished",2 Car Attached,3,16145.82,CL,5/26/2016,5/26/2017,2/02/2017,5/01/2017,252,Det,1,1,2856047
5,,Dicks,Lane,Roslyn,11576,659000,665950,Ranch,3,2.500,"Full,Finished",2 Car Attached,3,20700.00,CL,8/15/2016,8/14/2017,11/21/2016,5/19/2017,98,Det,1,1,2876588
28,N,Oak Point,Drive,Bayville,11709,879000,820000,Colonial,4,3.000,"Full,Unfinished",2 Car Attached,3,12784.06,CL,8/19/2016,8/19/2017,5/20/2017,8/11/2017,274,Det,1,1,2877523
148,,Jefferson,Avenue,Roslyn Heights,11577,825000,815000,Colonial,4,2.500,"Full,Finished",2 Car Attached,3,15076.00,CL,10/10/2016,3/21/2017,1/26/2017,4/20/2017,108,Det,1,1,2889252
12,,Fairview,Avenue,Roslyn,11576,998000,935000,Colonial,4,1.500,"Full,Unfinished",2 Car Detached,3,14895.17,CL,10/28/2016,11/01/2017,2/15/2017,5/03/2017,110,Det,1,1,2893263
145,,Deerpath,Road,East Hills,11577,1075000,995000,Farm Ranch,5,3.000,"Full,Finished",2 Car Attached,3,21667.10,CL,11/03/2016,5/31/2017,2/11/2017,8/29/2017,100,Det,1,1,2894210
191,,Willow,Street,Roslyn Heights,11577,788000,750000,Colonial,4,2.500,"Full,Finished",1 Car Detached,3,15206.00,CL,11/28/2016,6/30/2017,1/27/2017,5/24/2017,60,Det,1,1,2898677
12,,Valley,Road,Locust Valley,11560,950000,870000,Farm Ranch,4,3.500,"Partial,Unfinished",2 Car Attached,3,25765.43,CL,12/01/2016,11/15/2017,4/27/2017,7/18/2017,146,Det,1,1,2899494
64,,Round Hill,Road,East Hills,11577,879000,862000,Colonial,4,2.500,Full,,3,21525.79,CL,1/09/2017,4/09/2017,3/07/2017,4/27/2017,57,Det,1,1,2905527
108,,Baldwin,Avenue,Locust Valley,11560,799000,775000,Colonial,4,2.500,"Partial,Unfinished",2 Car Attached,3,15799.83,CL,1/12/2017,7/12/2017,4/13/2017,6/09/2017,90,Att,1,1,2906322
2245,,Sixth,Street,East Meadow,11554,788000,770000,Colonial,4,2.500,"Full,Unfinished",,3,0.00,CL,1/13/2017,1/13/2018,5/10/2017,6/02/2017,116,Det,1,1,2906579
1 & 2,,Finnin,Place,Bayville,11709,749000,720000,Colonial,5,3.500,"Full,Partially Finished",,3,11860.20,CL,1/13/2017,12/31/2017,10/19/2017,11/29/2017,278,Det,2,2,2906667
180,,Ash,Drive,Roslyn,11576,990000,960000,Farm Ranch,5,3.500,"Full,Finished",2 Car Attached,3,0.00,CL,2/03/2017,2/02/2018,12/03/2017,4/12/2018,303,Det,1,1,2911306
204,,Elm,Street,Roslyn Heights,11577,749000,706000,Split Level,3,2.000,"Full,Finished",1 Car Detached,3,15215.00,CL,2/15/2017,2/15/2018,4/04/2017,7/25/2017,47,Det,1,1,2914095
244 - B,,Ava,Drive,East Meadow,11554,789000,760000,Colonial,4,2.500,Full,,3,0.00,CL,3/03/2017,2/28/2018,8/09/2017,7/16/2018,158,Det,1,1,2918334
436,,Cedar,Lane,East Meadow,11554,859000,815000,Colonial,4,2.500,"Full,Unfinished",1 Car Attached,3,0.00,CL,3/14/2017,9/30/2017,5/08/2017,7/28/2017,55,Det,1,1,2921035
425,,Warwick,Road,East Meadow,11554,799990,765000,Colonial,4,2.500,"Full,Unfinished",,3,0.00,CL,3/14/2017,9/14/2017,4/24/2017,6/09/2017,41,Att,1,1,2921085
800,,Captains Gate,,Westbury,11590,869000,850000,Colonial,4,2.500,"Full,Finished",2 Car Attached,3,17409.99,CL,3/15/2017,3/01/2019,8/03/2018,11/01/2018,506,Det,1,1,2921236
23,W,Oak Point,Drive,Bayville,11709,799999,750000,Ranch,3,2.500,"Full,Finished",2 Car Attached,3,18034.88,CL,3/16/2017,3/16/2018,10/11/2017,1/05/2018,209,Det,1,1,2921669
1,,John Bean,Court,Port Washington,11050,698000,685000,Townhouse,3,2.500,Full,2 Car Attached,3,18201.03,CL,3/22/2017,9/22/2017,4/12/2017,6/28/2017,21,Att,1,1,2923098
14,W,Oak Point,Drive,Bayville,11709,789000,735000,Ranch,3,2.500,"Full,Finished",2 Car Attached,3,12386.00,CL,3/22/2017,3/21/2018,7/20/2017,9/12/2017,120,Att,1,1,2923166
9,,Willow Ridge,Road,Bayville,11709,750000,750000,Colonial,4,2.500,"Full,Unfinished",2 Car Attached,3,14157.00,CL,3/22/2017,9/22/2017,8/22/2017,9/22/2017,153,Det,1,1,2923250
10,,Meleny,Road,Locust Valley,11560,799000,775000,Colonial,4,2.500,"Crawl,Unfinished",2 Car Attached,3,16592.84,CL,3/27/2017,9/30/2017,4/22/2017,6/27/2017,26,Det,1,1,2924321
21,,Thelma,Street,Roslyn Heights,11577,699000,699000,Colonial,3,2.000,"Full,Finished",2 Car Detached,3,11521.00,CL,3/27/2017,3/27/2018,4/26/2017,7/26/2017,30,Det,1,1,2924337
5,,Willow,Street,Bayville,11709,649000,661000,Raised Ranch,3,2.000,"Full,Finished",2 Car Attached,3,9727.29,CL,3/27/2017,9/27/2017,4/17/2017,8/03/2017,21,Det,1,1,2924542
98,,Macgregor,Avenue,Roslyn Heights,11577,670000,690000,Colonial,4,1.500,"Full,Finished",2 Car Detached,3,11586.86,CL,4/05/2017,10/01/2017,4/28/2017,6/06/2017,23,Det,1,1,2926965
19,E,Horseshoe,Drive,East Hills,11577,1090000,972000,Colonial,5,3.500,"Full,Unfinished",2 Car Attached,3,20110.21,CL,4/06/2017,10/31/2017,7/14/2017,9/12/2017,99,Det,1,1,2927442
78,,Macgregor,Avenue,Roslyn Heights,11577,699000,710000,Colonial,3,2.000,"Full,Unfinished",1 Car Detached,3,16402.72,CL,4/17/2017,10/31/2017,5/08/2017,7/25/2017,21,Det,1,1,2929855
15,,Millford,Drive,Locust Valley,11560,999999,941500,Traditional,4,3.500,"Full,Finished",,3,15741.56,CL,4/20/2017,10/01/2017,5/05/2017,7/06/2017,15,Att,1,1,2931012
242,,Birch Hill,Road,Locust Valley,11560,679900,679900,Colonial,3,1.500,Full,2 Car Detached,3,11570.54,CL,4/28/2017,10/28/2017,6/13/2017,8/17/2017,46,Det,1,1,2933343
9,,Sinclair Martin,Drive,Roslyn,11576,788000,842000,Tudor,3,1.500,"Full,Unfinished",1 Car Attached,3,19650.89,CL,4/29/2017,11/01/2017,5/23/2017,8/18/2017,24,Det,1,1,2933524
2,,Whitney,Road,Bayville,11709,849000,800000,Splanch,4,2.500,"Partial,Unfinished",2 Car Attached,3,10120.00,CL,5/02/2017,11/02/2017,6/16/2017,11/27/2017,45,Det,1,1,2934517
44,,East Broadway,,Roslyn,11576,999999,995000,Colonial,4,3.000,"Partial,Partially Finished",,3,19518.82,CL,5/05/2017,11/04/2017,7/10/2017,9/22/2017,66,Det,1,1,2935719
155,,Ash,Drive,East Hills,11576,995000,925000,Ranch,3,2.000,"Full,Partially Finished",2 Car Attached,3,25663.00,CL,5/08/2017,12/31/2017,6/01/2017,10/05/2017,24,Det,1,1,2936087
73-75,,Mott Ave,,Roslyn,11576,850000,795000,Duplex,4,2.550,"Full,Unfinished",1 Car Attached,3,16558.00,CL,5/15/2017,7/18/2017,6/27/2017,8/28/2017,43,Det,2,2,2938440
635,,Kathleen,Place,Westbury,11590,769000,732000,Ranch,3,3.000,"Full,Finished",2 Car Attached,3,12475.61,CL,5/16/2017,11/01/2017,6/14/2017,10/20/2017,29,Det,1,1,2938722
81,,Cardinal,Drive,East Hills,11576,1023000,998000,Colonial,5,3.500,"Full,Finished",,3,24784.69,CL,5/19/2017,12/31/2017,6/29/2017,9/05/2017,41,Det,1,1,2940098
1913,,Muir,Court,East Meadow,11554,895000,825000,Colonial,5,2.500,"Full,Partially Finished",Attached,3,13831.50,CL,5/30/2017,5/30/2018,11/13/2017,1/08/2018,167,Det,1,1,2942309
1660,,Barbara,Lane,East Meadow,11554,695000,700000,Colonial,4,3.000,"Full,Finished",1 Car Attached,3,10931.00,CL,6/28/2017,12/28/2017,7/12/2017,9/28/2017,14,Det,1,1,2950833
477,,Hilda,Street,East Meadow,11554,729000,725000,Colonial,4,2.500,"Full,Unfinished",1 Car Attached,3,15054.01,CL,7/11/2017,7/04/2018,9/08/2017,10/30/2017,59,Det,1,1,2954090
741,,The Plain,Road,Westbury,11590,699000,700000,Ranch,4,3.000,"Full,Finished",2 Car Attached,3,11417.33,CL,8/13/2017,5/13/2018,3/21/2018,5/29/2018,220,Det,1,1,2962990
25,,Oakdale,Lane,East Hills,11577,948000,900000,Ranch,3,2.000,Full,1 Car Attached,3,16397.05,CL,8/14/2017,2/04/2018,8/25/2017,11/09/2017,11,Det,1,1,2963395
59,,Perry,Avenue,Bayville,11709,799000,770000,Colonial,4,3.000,"Partial,Unfinished",,3,16490.37,CL,8/22/2017,2/18/2018,12/14/2017,2/14/2018,114,Det,1,1,2965148
2000,,Lilac,Drive,Westbury,11590,699000,680000,Ranch,4,3.000,"Full,Partially Finished",1 Car Attached,3,13267.74,CL,8/22/2017,4/30/2018,10/20/2017,1/05/2018,59,Det,1,1,2965316
1478,,Eric,Lane,East Meadow,11554,699000,680000,Split Level,4,2.500,"Full,Finished",2 Car Attached,3,11685.73,CL,8/26/2017,3/01/2018,1/11/2018,2/23/2018,138,Det,1,1,2965541
9,,Bayview,Place,Locust Valley,11560,679000,660000,Raised Ranch,4,3.000,"None,Unfinished",1 Car Attached,3,15030.00,CL,8/25/2017,2/28/2018,12/08/2017,3/06/2018,105,Det,1,2,2966098
2111,,Stratford,Drive,Westbury,11590,669000,660000,Split Level,3,2.500,"Partial,Finished",2 Car Attached,3,14373.00,CL,9/18/2017,9/17/2018,10/23/2017,2/20/2018,35,Det,1,1,2972038
32,,Maple,Avenue,Locust Valley,11560,725000,696500,Colonial,4,2.500,"Partial,Unfinished",2 Car Attached,3,15511.00,CL,9/19/2017,3/31/2018,12/07/2017,2/26/2018,79,Det,1,1,2972083
875,,Buckley,Place,Westbury,11590,1099000,990000,Ranch,3,3.500,"Full,Finished",2 Car Attached,3,20410.00,CL,9/27/2017,9/06/2018,11/09/2017,4/26/2018,43,Det,1,1,2974126
37,,Mead,Lane,Westbury,11590,849999,800000,Colonial,4,2.500,"Full,Partially Finished",,3,1530.65,CL,10/06/2017,5/01/2018,12/04/2017,3/28/2018,59,Det,1,1,2976659
3,,Woods,Lane,Bayville,11709,1090800,999888,Colonial,5,3.500,"Full,Partially Finished",2 Car Attached,3,18448.00,CL,10/06/2017,10/31/2017,10/13/2017,2/16/2018,7,Det,1,1,2976805
128,,Diamond,Avenue,East Meadow,11554,995000,930000,Colonial,5,3.000,"Full,Finished",1 Car Attached,3,0.00,CL,10/11/2017,4/30/2018,2/01/2018,5/22/2018,113,Det,1,1,2977574
40,,Kaintuck,Lane,Locust Valley,11560,970000,950000,Colonial,4,3.000,"Full,Finished",2 Car Attached,3,18468.00,CL,10/20/2017,4/20/2018,3/22/2018,4/26/2018,153,Det,1,1,2979905
1422,,Mark,Drive,East Meadow,11554,729500,715000,Split Ranch,5,3.000,"Full,Finished",,3,13799.12,CL,10/23/2017,4/30/2018,3/18/2018,3/28/2018,79,Det,1,1,2980254
535,,May,Lane,East Meadow,11554,669999,655000,Split Level,4,3.000,"Full,Finished",,3,12467.86,CL,10/27/2017,5/01/2018,3/15/2018,5/08/2018,139,Det,1,1,2981461
185,,Village,Road,East Hills,11577,899000,875000,Colonial,3,2.500,"Full,Finished",1 Car Attached,3,19165.00,CL,11/09/2017,5/09/2018,2/12/2018,3/26/2018,95,Det,1,1,2984690
57,,High,Street,Locust Valley,11560,989000,969000,Colonial,3,2.500,"Partial,Partially Finished",2 Car Detached,3,15665.67,CL,11/10/2017,11/01/2018,1/08/2018,3/07/2018,59,Det,1,1,2984883
180,,Main,Street,Roslyn,11576,999000,940000,Antique/Hist,3,2.500,"None,Unfinished",2 Car Detached,3,11671.76,CL,11/27/2017,8/10/2018,12/29/2017,2/15/2018,32,Det,1,1,2987727
19,,Arbor,Road,East Hills,11576,949000,904000,Exp Ranch,5,3.000,"Full,Finished",2 Car Attached,3,21422.04,CL,11/28/2017,7/31/2018,5/29/2018,7/27/2018,181,Det,1,1,2988134
1887,,Stone,Avenue,East Meadow,11554,958000,925000,Duplex,6,2.550,"Full,Unfinished",2 Car Detached,3,21300.00,CL,12/06/2017,3/15/2018,12/28/2017,3/27/2018,22,Det,2,2,2989991
175,,Mimosa,Drive,East Hills,11576,1075000,975000,Colonial,4,3.550,"Full,Finished",2 Car Attached,3,22526.55,CL,12/11/2017,6/11/2018,5/23/2018,8/06/2018,162,Det,1,1,2990668
37,,Woodland,Road,Roslyn,11576,898000,864000,Ranch,3,2.000,"Partial,Finished",2 Car Attached,3,17020.93,CL,1/11/2018,7/31/2018,5/11/2018,8/02/2018,119,Det,1,1,2995822
2347,,7th,Street,East Meadow,11554,659000,659000,Colonial,3,3.500,Full,1 Car Detached,3,9615.64,CL,1/24/2018,8/18/2018,3/13/2018,5/01/2018,47,Det,1,1,2998959
81,,Maple,Street,Roslyn Heights,11577,688000,678000,Cape,4,1.500,"Full,Finished",2 Car Detached,3,12000.00,CL,1/28/2018,12/31/2018,2/07/2018,2/26/2018,10,Det,1,1,3000082
908,,Durham,Road,East Meadow,11554,979000,930000,Colonial,4,2.500,"Full,Unfinished",,3,0.00,CL,2/19/2018,7/19/2018,7/17/2018,9/18/2018,147,Det,1,1,3005506
717,,Boelsen,Drive,Westbury,11590,679000,654000,Split Level,4,2.500,"Partial,Finished",2 Car Attached,3,9917.00,CL,3/01/2018,9/01/2018,9/30/2018,9/30/2018,212,Att,1,1,3008597
624,,Oakwood,Court,Westbury,11590,679000,677000,Ranch,4,3.000,"Full,Finished",2 Car Attached,3,13926.83,CL,3/03/2018,2/24/2019,3/20/2018,5/10/2018,16,Det,1,1,3009091
384,,Elmore,Avenue,East Meadow,11554,925000,905000,Colonial,4,2.500,"Full,Unfinished",1 Car Attached,3,0.00,CL,3/08/2018,4/01/2019,3/01/2019,5/01/2019,358,Det,1,1,3010430
829,,Bruce,Drive,East Meadow,11554,699000,662000,Split Level,4,3.000,"Full,Finished",1 Car Attached,3,13357.00,CL,3/19/2018,9/11/2018,4/23/2018,6/22/2018,35,Det,1,1,3013126
16,,West,Street,Greenvale,11548,675000,651500,Split Level,4,3.000,"Full,Finished",1 Car Attached,3,14494.64,CL,3/27/2018,9/30/2018,9/28/2018,12/31/2018,185,Det,1,1,3015408
346,,Elmore,Avenue,East Meadow,11554,879000,855000,Colonial,4,2.500,"Full,Unfinished",,3,0.00,CL,3/28/2018,9/08/2018,5/07/2018,6/22/2018,40,Det,1,1,3015636
18,,Elm,Street,Roslyn Heights,11577,889000,930000,Colonial,5,3.500,"Full,Finished",1 Car Detached,3,18997.19,CL,4/03/2018,10/01/2018,4/17/2018,8/24/2018,14,Det,1,1,3016957
7,,East,Avenue,Bayville,11709,779000,700000,Colonial,4,2.550,"Full,Finished",1 Car Attached,3,14614.83,CL,4/10/2018,4/10/2019,10/01/2018,11/02/2018,174,Det,1,1,3019043
2079,,Stratford,Drive,Westbury,11590,695000,670000,Split Level,4,3.000,"Full,Finished",2 Car Attached,3,11413.67,CL,4/10/2018,11/10/2018,7/09/2018,9/28/2018,90,Det,1,1,3019186
33,,Bluebird,Drive,East Hills,11577,936000,950000,Farm Ranch,4,2.000,Full,,3,21969.00,CL,4/10/2018,8/31/2018,6/04/2018,8/29/2018,55,Det,1,1,3019393
2378,,5th,Street,East Meadow,11554,699000,680000,Colonial,4,3.000,"None,Unfinished",,3,11743.73,CL,4/17/2018,4/30/2019,6/25/2018,8/22/2018,69,Det,1,1,3021526
7,,Canterbury,Lane,East Hills,11577,1049000,955000,Colonial,3,2.500,"Full,Finished",2 Car Attached,3,22747.00,CL,4/18/2018,4/19/2019,6/11/2018,8/23/2018,54,Det,1,1,3021791
10,,Estates,Drive,East Hills,11576,1099000,967500,Split Ranch,3,2.550,"Full,Partially Finished",2 Car Attached,3,18895.29,CL,4/19/2018,7/31/2018,6/28/2018,9/28/2018,70,Det,1,1,3022356
1924,,Stratford,Drive,Westbury,11590,678800,690000,Split Level,3,2.500,"Full,Finished",2 Car Attached,3,8925.58,CL,4/22/2018,10/22/2018,7/23/2018,8/30/2018,92,Det,1,1,3022891
2,,Wood,Lane,Locust Valley,11560,699000,735000,Farm Ranch,4,3.500,"Full,Unfinished",2 Car Attached,3,18599.12,CL,4/22/2018,12/31/2018,5/04/2018,7/11/2018,12,Det,1,1,3022964
140,,Overlook,Terrace,East Hills,11577,660000,665000,Ranch,3,2.000,"Full,Finished",1 Car Attached,3,17317.83,CL,4/24/2018,10/24/2018,5/28/2018,7/16/2018,34,Det,1,1,3023382
370,,Maple,Avenue,East Meadow,11554,678000,674000,Colonial,5,4.000,"Full,Partially Finished",,3,13890.29,CL,4/28/2018,3/12/2019,8/03/2018,11/27/2018,97,Det,1,1,3024880
5,,Vivona,Court,Bayville,11709,698000,677500,Contemporary,5,4.500,"Full,Finished",2 Car Attached,3,14233.42,CL,4/30/2018,10/31/2018,7/06/2018,9/28/2018,67,Det,1,1,3025481
493,,Benito,Street,East Meadow,11554,749990,750000,Colonial,4,2.500,"Full,Partially Finished",,3,17005.26,CL,5/10/2018,10/30/2018,5/23/2018,8/03/2018,13,Det,1,1,3029033
79,,Cottonwood,Lane,Westbury,11590,699999,680000,Colonial,3,2.000,"Crawl,Unfinished",,3,14828.00,CL,5/17/2018,4/30/2019,7/13/2018,10/23/2018,57,Det,1,1,3031482
19,,White Spots,Lane,Locust Valley,11560,875000,835000,Cape,4,2.500,"Full,Unfinished",2 Car Attached,3,14353.98,CL,5/29/2018,3/10/2019,8/01/2018,10/12/2018,64,Det,1,1,3034173
908,,Westbury,Road,Westbury,11590,679000,683000,Split Level,3,2.500,"Full,Partially Finished",2 Car Attached,3,14133.00,CL,6/01/2018,2/28/2019,6/15/2018,8/24/2018,14,Det,1,1,3035428
155,,Jefferson,Avenue,Roslyn Heights,11577,838000,818000,Colonial,4,2.000,"Full,Partially Finished",1 Car Detached,3,15000.00,CL,6/14/2018,3/05/2019,8/18/2018,11/13/2018,65,Det,1,1,3039418
401,,Wellington,Road,East Meadow,11554,889000,840000,Colonial,5,3.000,"Full,Unfinished",1 Car Attached,3,0.00,CL,6/14/2018,6/14/2019,1/17/2019,4/05/2019,217,Det,1,1,3039647
2366,,Devon,Street,East Meadow,11554,749000,749000,Colonial,4,3.000,"Partial,Finished",1 Car Attached,3,17928.97,CL,6/15/2018,12/15/2018,7/16/2018,10/03/2018,31,Det,1,1,3039938
583,,Albert,Street,East Meadow,11554,759000,738000,Colonial,4,3.000,"Full,Unfinished",1 Car Attached,3,10478.00,CL,6/22/2018,12/22/2018,7/27/2018,10/12/2018,35,Det,1,1,3042048
7,E,Ridge,Drive,Roslyn,11576,899000,800000,Cape,4,3.500,"None,Unfinished",1 Car Attached,3,19564.00,CL,6/22/2018,12/22/2018,11/20/2018,1/28/2019,151,Det,1,1,3042150
107,,Burnham,Avenue,Roslyn Heights,11577,899000,899000,Contemporary,5,3.000,"Partial,Finished",2 Car Attached,3,17448.14,CL,6/30/2018,12/29/2018,7/24/2018,10/15/2018,24,Det,1,1,3044407
650,,Richmond,Road,East Meadow,11554,729000,740000,Exp Ranch,4,3.000,"Full,Finished",2 Car Attached,3,11750.76,CL,7/10/2018,1/10/2019,7/25/2018,10/17/2018,15,Det,1,1,3047049
34,,Greenbelt,Lane,Levittown,11756,629999,655000,Exp Ranch,4,2.000,"None,Unfinished",,3,14734.21,CL,7/10/2018,7/10/2019,7/31/2018,10/22/2018,21,Det,1,1,3047062
18,,Hernan,Avenue,Locust Valley,11560,699000,680000,Colonial,3,2.500,"Full,Finished",1 Car Detached,3,14856.30,CL,7/18/2018,11/01/2018,10/26/2018,1/15/2019,100,Det,1,1,3049256
126,,Bellmore,Road,East Meadow,11554,699000,680000,Splanch,4,2.500,"Partial,Finished",2 Car Attached,3,10450.73,CL,7/20/2018,1/20/2019,10/01/2018,12/17/2018,73,Det,1,1,3050051
792,,Regent,Drive,Westbury,11590,699999,663000,Split Level,4,3.000,"Full,Finished",2 Car Attached,3,14192.00,CL,7/25/2018,12/31/2018,12/14/2018,5/29/2019,142,Det,1,1,3051462
35,,Quincy,Avenue,Bayville,11709,699000,690000,Raised Ranch,5,4.000,"None,Unfinished",2 Car Attached,3,16679.76,CL,7/30/2018,7/19/2019,3/08/2019,5/24/2019,221,Det,1,1,3052560
90,,Poplar,Drive,East Hills,11576,948000,900000,Split Level,4,2.000,"Partial,Unfinished",2 Car Attached,3,23702.00,CL,8/02/2018,12/31/2018,8/09/2018,10/09/2018,7,Det,1,1,3053666
8,,Gateway,Court,Bayville,11709,838000,822500,Colonial,4,2.500,"Partial,Finished",2 Car Attached,3,11558.00,CL,8/09/2018,8/14/2019,10/01/2018,11/14/2018,53,Det,1,1,3055666
614,,Garden,Lane,East Meadow,11554,689900,665000,Exp Ranch,3,3.000,"Full,Finished",,3,10357.61,CL,8/09/2018,2/09/2019,9/18/2018,11/14/2018,40,Det,1,1,3056033
891,,Berkshire,Drive,Westbury,11590,709000,690000,Split Level,4,3.000,"Full,Finished",2 Car Attached,3,13991.30,CL,8/23/2018,2/22/2019,10/14/2018,1/09/2019,52,Det,1,1,3059567
1,,Wren,Drive,East Hills,11576,888000,882000,Ranch,5,3.000,"Full,Partially Finished",2 Car Attached,3,19057.10,CL,8/29/2018,6/02/2019,10/18/2018,12/17/2018,50,Det,1,1,3060815
751,,Kensington,Drive,Westbury,11590,789000,780000,Ranch,3,4.000,"Full,Finished",1 Car Attached,3,12562.84,CL,9/05/2018,8/23/2019,12/12/2018,4/12/2019,98,Det,1,1,3062336
2483,,1st Ave,,East Meadow,11554,729000,710000,Colonial,4,3.000,"Full,Finished",2 Car Detached,3,11359.23,CL,9/11/2018,11/12/2018,11/08/2018,1/29/2019,58,Det,1,1,3064050
137,,Powerhouse,Road,Roslyn Heights,11577,850000,838000,Townhouse,4,3.500,"None,Unfinished",1 Car Attached,3,10004.00,CL,9/13/2018,3/13/2019,11/11/2018,2/14/2019,59,Att,1,1,3064776
42,,Hummingbird,Drive,East Hills,11576,1099000,995000,Exp Ranch,6,4.500,"Full,Finished",2 Car Attached,3,22432.35,CL,10/16/2018,4/15/2019,1/30/2019,5/30/2019,106,Det,1,1,3073673
1,,High Hollow,Road,East Hills,11577,889000,876500,Cape,4,2.500,"Full,Finished",2 Car Attached,3,19075.71,CL,10/23/2018,4/23/2019,11/09/2018,12/13/2018,17,Att,1,1,3075554
6,,Nursery,Street,Locust Valley,11560,715000,668000,Colonial,3,1.500,Full,,3,10028.05,CL,11/07/2018,5/06/2019,2/10/2019,5/20/2019,95,Det,1,1,3079305
15,,Locust,Place,Locust Valley,11560,825000,820000,Cape,3,3.500,"Full,Finished",,3,11051.20,CL,11/15/2018,11/15/2019,12/04/2018,1/09/2019,19,Det,1,1,3081402
1741,,Chaladay,Lane,East Meadow,11554,679000,662500,Hi Ranch,5,4.000,"Full,Finished",2 Car Attached,3,19428.73,CL,11/19/2018,5/19/2019,1/04/2019,4/18/2019,46,Det,1,2,3082119
18,,Marwill,Place,Roslyn Heights,11577,685000,670000,Colonial,3,2.500,"Full,Finished",1 Car Detached,3,15939.58,CL,1/04/2019,4/04/2019,1/24/2019,4/17/2019,20,Det,1,1,3090419
2,,Eden Roc,Drive,Lattingtown,11560,850000,825000,Ranch,5,3.000,"None,Unfinished",,3,12616.00,CL,1/14/2019,11/28/2019,7/24/2019,9/19/2019,190,Det,1,1,3092876
844,,Regent,Drive,Westbury,11590,749000,730000,Split Level,4,3.500,Full,1 Car Attached,3,14568.50,CL,1/16/2019,8/15/2019,3/12/2019,5/22/2019,54,Det,1,1,3093596
11,,Tappentown,Lane,Brookville,11545,999888,965000,Split Ranch,4,3.000,Full,,3,18513.00,CL,1/28/2019,6/30/2019,2/20/2019,4/08/2019,23,Det,1,1,3096468
231,,Melanie,Drive,East Meadow,11554,729999,695000,Colonial,4,2.500,"Full,Finished",2 Car Attached,3,13125.00,CL,1/29/2019,7/27/2019,7/12/2019,8/28/2019,163,Det,1,1,3096931
66,,Nursery,Street,Locust Valley,11560,829000,815000,Colonial,4,3.500,"Full,Finished",1 Car Detached,3,21167.38,CL,1/29/2019,11/30/2019,6/14/2019,8/02/2019,135,Det,1,1,3096972
10,,Pine Dr S,,Roslyn,11576,950000,935000,Exp Ranch,4,2.500,"Full,Unfinished",2 Car Attached,3,22666.35,CL,1/30/2019,9/15/2019,3/19/2019,5/24/2019,47,Det,1,1,3097261
150,,North,Court,Roslyn Heights,11577,925000,850000,Exp Ranch,4,3.500,"Full,Finished",,3,16292.00,CL,2/08/2019,2/08/2020,5/29/2019,5/31/2019,109,Det,1,1,3099661
2018,,Ladenburg,Drive,Westbury,11590,699000,667000,Ranch,3,2.000,"Full,Finished",1 Car Attached,3,10619.30,CL,2/27/2019,10/15/2019,3/16/2019,6/12/2019,16,Det,1,1,3104514
2141,,4th,Street,East Meadow,11554,699000,712500,Colonial,3,2.500,"Full,Finished",,3,11250.58,CL,2/27/2019,9/01/2019,3/14/2019,4/24/2019,14,Det,1,1,3104616
574,,Chestnut,Lane,East Meadow,11554,679000,670000,Colonial,5,3.000,"Full,Finished",,3,13561.99,CL,2/28/2019,9/15/2019,6/10/2019,8/20/2019,101,Det,1,1,3104662
39,,crescent,Lane,East Hills,11577,999000,940000,Ranch,4,4.000,"Full,Finished",1 Car Attached,3,22200.00,CL,2/28/2019,9/01/2019,6/18/2019,10/31/2019,109,Det,1,1,3104801
761,,Kensington,Drive,Westbury,11590,819000,790000,Colonial,6,4.000,"Full,Finished",1 Car Attached,3,15960.26,CL,3/05/2019,8/26/2019,8/02/2019,11/04/2019,149,Det,1,1,3106146
27,,North,Court,Roslyn Heights,11577,795000,720000,Colonial,3,2.500,"Full,Finished",,3,9826.00,CL,3/07/2019,3/06/2020,4/11/2019,6/13/2019,34,Det,1,1,3107052
2322,,Hudson,Street,East Meadow,11554,798000,782500,Colonial,4,2.500,"Full,Unfinished",1 Car Attached,3,13751.13,CL,3/13/2019,5/11/2019,4/09/2019,7/11/2019,27,Det,1,1,3108711
384,,Starke,Avenue,East Meadow,11554,925000,910000,Colonial,4,3.500,"Full,Unfinished",1 Car Attached,3,0.00,CL,3/25/2019,2/29/2020,11/08/2019,2/24/2020,228,Det,1,1,3112491
5,,High,Court,Bayville,11709,985000,850000,Ranch,3,2.500,"Full,Finished",2 Car Attached,3,25020.30,CL,4/05/2019,10/05/2019,10/31/2019,11/20/2019,209,Det,1,1,3116357
1823,,Stuyvesant,Avenue,East Meadow,11554,849000,859000,Colonial,5,3.000,"Full,Unfinished",2 Car Attached,3,20133.00,CL,4/10/2019,4/10/2020,5/07/2019,7/24/2019,27,Det,1,1,3118123
14,,Peachtree,Lane,Roslyn,11576,828000,808000,Exp Ranch,5,2.000,"None,Unfinished",,3,18112.01,CL,4/21/2019,12/31/2019,8/12/2019,8/30/2019,113,Det,1,1,3121050
82,,Wolver Hollow,Road,Upper Brookville,11545,1350000,999000,Colonial,5,3.500,"Full,Unfinished",,3,18848.00,CL,4/23/2019,10/10/2019,10/09/2019,12/11/2019,169,Det,1,1,3121547
73,,Pershing,Avenue,Locust Valley,11560,698000,660000,Colonial,4,2.500,"Partial,Unfinished",,3,11619.00,CL,4/25/2019,4/25/2020,5/25/2019,7/23/2019,30,Det,1,1,3122474
1339,,Bea,Court,East Meadow,11554,849999,815000,Colonial,4,3.500,"Full,Finished",2 Car Detached,3,15702.97,CL,4/29/2019,10/02/2019,6/13/2019,7/31/2019,45,Det,1,1,3123441
31,,High,Street,Roslyn Heights,11577,669000,658000,Exp Cape,3,2.000,"Full,Finished",,3,14694.00,CL,5/09/2019,11/09/2019,7/16/2019,10/24/2019,68,Det,1,1,3127322
24,,Valley,Avenue,Locust Valley,11560,978000,975000,Colonial,4,2.500,"Full,Finished",1 Car Attached,3,11101.25,CL,5/10/2019,5/10/2020,6/17/2019,6/21/2019,38,Det,1,1,3127531
807,,Hampton,Court,Westbury,11590,679000,695000,Split Level,3,2.500,"Full,Finished",1 Car Attached,3,17709.21,CL,5/23/2019,11/15/2019,6/07/2019,9/11/2019,15,Det,1,1,3131502
46,,Page,Lane,Westbury,11590,949000,900000,Colonial,5,3.000,Full,1 Car Attached,3,0.00,CL,6/06/2019,12/31/2019,8/27/2019,12/11/2019,82,Det,1,1,3135759
2429,,Rugby,Street,East Meadow,11554,698000,678000,Colonial,6,3.000,"Full,Finished",2 Car Detached,3,14997.54,CL,6/06/2019,12/31/2019,10/15/2019,2/12/2020,131,Det,1,1,3135781
42,,Soundview,Avenue,Locust Valley,11560,798000,725000,Colonial,4,2.500,"Full,Unfinished",1 Car Attached,3,21326.12,CL,6/06/2019,12/05/2019,7/03/2019,8/29/2019,27,Det,1,1,3135982
5929,,Northern,Boulevard,Muttontown,11732,879000,858000,Ranch,4,2.550,"Full,Finished",2 Car Attached,3,16377.93,CL,6/07/2019,12/07/2019,7/09/2019,9/13/2019,32,Det,1,1,3136166
2506,,Rose,Place,Westbury,11590,868000,849999,Colonial,5,4.000,"Full,Finished",1 Car Attached,3,22420.27,CL,6/15/2019,11/29/2019,10/19/2019,2/03/2020,126,Det,1,1,3138693
80,,Shore,Road,Bayville,11709,788000,765000,Other,3,2.000,"Full,Unfinished",2 Car Detached,3,13917.00,CL,6/16/2019,12/31/2019,8/21/2019,11/01/2019,66,Det,1,1,3138873
1166,,Howard,Drive,Westbury,11590,679900,679900,Split Level,3,2.500,"Full,Partially Finished",2 Car Attached,3,9080.00,CL,6/17/2019,12/17/2019,7/10/2019,8/22/2019,23,Det,1,1,3138905
592,,Tabor,Place,East Meadow,11554,764999,745000,Colonial,4,2.500,"Full,Finished",1 Car Attached,3,16812.23,CL,6/17/2019,12/17/2019,12/13/2019,2/04/2020,179,Det,1,1,3139054
132,,Pershing,Avenue,Locust Valley,11560,699000,680500,Split Ranch,4,2.000,"Full,Finished",1 Car Detached,3,14719.80,CL,6/17/2019,1/17/2020,10/11/2019,11/27/2019,116,Det,1,1,3139181
6,,Maple Ave,,Locust Valley,11560,899000,914000,Colonial,4,4.000,"Full,Finished",2 Car Attached,3,14658.40,CL,6/18/2019,12/18/2019,7/10/2019,9/05/2019,22,Det,1,1,3139660
425,,Star,Street,East Meadow,11554,718000,710000,Colonial,3,2.500,"Full,Finished",2 Car Attached,3,14225.00,CL,6/19/2019,6/19/2020,7/12/2019,9/27/2019,23,Det,1,1,3139847
682,,Pleasant,Avenue,Westbury,11590,674999,660000,Exp Ranch,4,3.000,"Full,Finished",1 Car Detached,3,12016.94,CL,6/26/2019,12/26/2019,10/18/2019,12/16/2019,114,Det,1,2,3141863
1932,,Plymouth,Drive,Westbury,11590,715000,680000,Split Level,3,2.500,"Full,Finished",2 Car Attached,3,10707.59,CL,7/08/2019,12/24/2019,8/29/2019,2/10/2020,52,Det,1,1,3144857
40,,Maple,Avenue,Locust Valley,11560,749000,730000,Cape,3,2.000,"Partial,Finished",,3,16105.24,CL,8/05/2019,7/30/2020,10/04/2019,12/16/2019,60,Det,1,1,3153238
34,,West,Street,East Hills,11577,869000,833000,Colonial,5,2.000,"Full,Unfinished",1 Car Attached,3,17190.99,CL,8/06/2019,3/30/2020,9/18/2019,12/11/2019,43,Det,1,1,3153679
2693,,Nira,Avenue,East Meadow,11554,699000,685000,Colonial,5,3.000,"Full,Finished",,3,15473.23,CL,9/06/2019,3/09/2020,10/02/2019,11/01/2019,26,Det,1,1,3162171
100,,Warner,Avenue,Roslyn Heights,11577,709000,690000,Colonial,4,2.000,"Full,Unfinished",2 Car Detached,3,14455.00,CL,9/09/2019,7/17/2020,11/07/2019,2/03/2020,59,Det,1,1,3162581
38,,Woodbine,Road,East Hills,11577,838000,805000,Cape,3,3.000,"Full,Finished",1 Car Attached,3,21422.30,CL,9/20/2019,3/20/2020,12/03/2019,2/28/2020,74,Det,1,1,3166128
21,,The Serpentine,,Roslyn,11576,999000,975000,Colonial,4,2.500,"Full,Unfinished",,3,39509.00,CL,10/02/2019,1/31/2020,10/31/2019,12/10/2019,29,Det,1,1,3169303
27,,Canyon,Lane,Westbury,11590,699000,699000,Split Level,4,3.000,"Partial,Finished",,3,16776.29,CL,10/24/2019,1/24/2020,11/22/2019,2/10/2020,29,Det,1,1,3175648
41,,South,Street,East Hills,11577,889000,850000,Colonial,4,2.500,"Full,Finished",1 Car Attached,3,17658.20,CL,11/11/2019,11/01/2020,1/06/2020,3/20/2020,56,Det,1,1,3179638
2431,,Stewart,Avenue,Westbury,11590,720000,705000,Colonial,4,3.000,"None,Unfinished",1 Car Attached,3,12584.14,CL,12/04/2019,5/04/2020,3/02/2020,3/20/2020,89,Det,1,1,3184219
10,,The Hemlocks,,Roslyn Estates,11576,795000,770000,Split Level,3,2.500,"Partial,Finished",2 Car Attached,3,22171.00,CL,8/14/2017,11/30/2017,8/28/2017,10/27/2017,14,Det,1,1,*1293016
7,,Bayberry,Ridge,Roslyn,11576,850000,835000,Colonial,3,2.500,"Full,Unfinished",1 Car Attached,3,16456.00,CL,1/26/2018,7/31/2018,2/08/2018,6/08/2018,13,Det,1,1,*1307634
11,,Washington,Avenue,Bayville,11709,899000,865000,Colonial,3,2.500,"Full,Finished",,3,8281.00,CL,2/17/2018,8/17/2018,3/22/2018,4/30/2018,32,Det,1,1,*1310299
3,,Maplewood,Lane,East Hills,11576,968000,933000,Split Level,4,3.000,Full,2 Car Attached,3,27626.41,CL,12/20/2018,8/31/2019,1/07/2019,3/01/2019,18,Det,1,1,*1333411
10,,Beaver,Drive,Bayville,11709,849000,710000,Colonial,3,2.000,"Full,Unfinished",2 Car Attached,3,15176.65,CL,3/30/2019,3/31/2020,5/09/2019,7/16/2019,40,Det,1,1,*1341851
206,,Parkside,Drive,Roslyn Heights,11577,735000,700000,Colonial,4,2.500,"Partial,Unfinished",1 Car Attached,3,12207.93,CL,8/23/2016,3/01/2017,12/16/2016,3/24/2017,115,Det,1,1,2878290
65,,Valley,Avenue,Locust Valley,11560,769000,725000,Cape,4,2.000,"Full,Unfinished",1 Car Attached,3,10984.04,CL,9/13/2016,3/13/2017,2/18/2017,5/05/2017,158,Det,1,1,2883012
6,,Mishaupan,Place,Bayville,11709,799000,750000,Colonial,3,2.500,"Full,Unfinished",2 Car Attached,3,11464.42,CL,10/18/2016,10/11/2017,5/19/2017,9/08/2017,213,Det,1,1,2890981
171,,Melanie,Drive,East Meadow,11554,699000,682500,Colonial,5,3.000,"Full,Finished",2 Car Attached,3,15267.00,CL,12/05/2016,5/30/2017,3/15/2017,7/07/2017,99,Det,1,1,2900090
147,,Woodbine,Road,East Hills,11577,849000,849000,Farm Ranch,4,2.000,"Full,Unfinished",1 Car Attached,3,10283.07,CL,1/29/2017,7/29/2017,2/15/2017,5/12/2017,17,Det,1,1,2909841
25,,Maple,Drive,Port Washington,11050,700000,925000,Colonial,4,3.500,"Full,Finished",,3,29800.91,CL,1/31/2017,1/30/2019,3/09/2017,5/04/2017,37,Det,1,1,2910399
38,,The Hemlocks,,Roslyn Estates,11576,988000,968000,Colonial,4,2.500,"Full,Partially Finished",2 Car Attached,3,23005.45,CL,2/03/2017,7/30/2017,3/16/2017,7/10/2017,40,Det,1,1,2911291
40,,Andover,Road,East Hills,11577,845000,826000,Ranch,3,2.000,"Full,Finished",2 Car Attached,3,22726.78,CL,2/06/2017,9/06/2017,8/03/2017,10/18/2017,177,Det,1,1,2912252
61,,Highfield,Lane,East Hills,11577,899000,994999,Ranch,4,2.000,"Full,Finished",1 Car Attached,3,22467.43,CL,2/08/2017,11/30/2017,2/27/2017,6/23/2017,19,Det,1,1,2912499
9,,Sparrow,Lane,East Hills,11576,1088000,995000,Ranch,4,2.000,"Full,Finished",2 Car Attached,3,26780.70,CL,2/27/2017,2/14/2018,6/06/2017,8/23/2017,98,Det,1,1,2916856
11,,Creek Ridge,Road,Bayville,11709,870000,850000,Exp Ranch,5,3.500,"Full,Finished",2 Car Attached,3,14955.29,CL,3/01/2017,11/30/2017,8/03/2017,11/14/2017,154,Det,1,1,2917295
35,,Thornwood,Lane,Roslyn Heights,11577,969000,939000,Cape,4,4.000,"Full,Finished",2 Car Attached,3,23900.00,CL,8/18/2016,9/30/2017,4/14/2017,5/23/2017,239,Det,1,1,2917427
150,,Hummingbird,Drive,East Hills,11576,988000,974000,Splanch,5,2.500,"Partial,Unfinished",2 Car Attached,3,21880.40,CL,3/02/2017,9/02/2017,4/07/2017,6/26/2017,35,Det,1,1,2917761
88,,Bayville,Road,Locust Valley,11560,989000,960000,Colonial,5,2.500,"Full,Partially Finished",2 Car Attached,3,18261.55,CL,3/10/2017,9/10/2017,6/30/2017,8/29/2017,111,Det,1,1,2920341
66,,Magnolia,Lane,East Hills,11577,879000,840000,Colonial,3,2.500,Full,1 Car Attached,3,14385.04,CL,3/11/2017,9/14/2017,5/12/2017,8/01/2017,61,Det,1,1,2920518
80,,Madison,Avenue,Roslyn Heights,11577,885000,850000,Colonial,4,2.500,"Full,Partially Finished",2 Car Attached,3,23975.13,CL,3/15/2017,12/31/2017,4/24/2017,8/11/2017,40,Det,1,1,2921349
1,,Private,Drive,Bayville,11709,799000,765000,Ranch,4,3.000,"Full,Partially Finished",2 Car Attached,3,16581.95,CL,3/16/2017,9/18/2017,8/08/2017,11/01/2017,145,Det,1,1,2921653
11,,Crabtree,Lane,Roslyn,11576,1048000,990000,Cape,5,2.000,"None,Unfinished",,3,16215.00,CL,3/20/2017,8/31/2017,8/04/2017,11/03/2017,137,Det,1,1,2922508
174,,Parkside,Drive,Roslyn Heights,11577,679000,675000,Colonial,3,2.000,"Partial,Unfinished",1 Car Attached,3,10799.53,CL,3/20/2017,9/10/2017,4/05/2017,7/31/2017,16,Det,1,1,2922568
206,,Piping Rock Rd,,Matinecock,11560,1100000,974999,Colonial,9,6.550,"Full,Unfinished",2 Car Attached,3,43366.39,CL,3/23/2017,9/30/2017,4/10/2017,5/11/2017,18,Att,1,1,2923460
65,,Elm,Street,Roslyn Heights,11577,728000,728000,Colonial,4,2.500,"Full,Unfinished",2 Car Attached,3,15913.46,CL,3/31/2017,9/30/2017,4/14/2017,5/18/2017,14,Det,1,1,2925603
8,,The Knolls,,Locust Valley,11560,925000,980000,Colonial,4,3.500,"Full,Finished",2 Car Attached,3,17061.44,CL,4/02/2017,3/26/2018,5/18/2017,8/15/2017,46,Det,1,1,2926029
45,,Fern,Drive,East Hills,11576,995000,965000,Ranch,3,2.000,"Partial,Finished",2 Car Attached,3,21607.42,CL,4/07/2017,10/06/2017,5/12/2017,6/22/2017,35,Det,1,1,2927749
83,W,Knollwood,Road,Roslyn,11576,785000,777000,Colonial,3,2.500,Full,1 Car Attached,3,13447.35,CL,4/11/2017,7/11/2017,6/14/2017,9/05/2017,64,Det,1,1,2928542
43,,Pinewood,Road,East Hills,11576,895000,880000,Split Level,4,3.000,"Partial,Finished",2 Car Attached,3,23203.60,CL,4/13/2017,12/31/2017,5/22/2017,8/09/2017,39,Det,1,1,2928950
86,,Milburn,Lane,East Hills,11577,949000,930000,Colonial,4,2.500,"Full,Finished",2 Car Attached,3,20175.53,CL,4/18/2017,10/17/2017,6/27/2017,9/27/2017,70,Det,1,1,2930192
54,,Thornwood,Lane,East Hills,11577,995000,975000,Colonial,4,2.500,"Full,Finished",2 Car Attached,3,21054.26,CL,4/19/2017,12/31/2017,7/18/2017,10/26/2017,90,Det,1,1,2930664
47,,14th,Street,Locust Valley,11560,699000,675000,Colonial,4,3.000,"Full,Partially Finished",1 Car Attached,3,0.00,CL,4/28/2017,4/28/2018,7/14/2017,8/30/2017,77,Det,1,1,2933266
75,,Cedar,Drive,East Hills,11576,1049000,925000,Colonial,5,3.500,Full,2 Car Attached,3,22249.41,CL,4/28/2017,1/31/2018,12/28/2017,3/06/2018,244,Det,1,1,2933382
16,,The Oaks,,Roslyn Estates,11576,879000,890000,Split Level,4,4.000,"Full,Finished",2 Car Attached,3,18582.00,CL,5/01/2017,11/01/2017,7/18/2017,9/01/2017,78,Det,1,1,2934206
30A,,Library,Lane,Bayville,11709,750000,730000,Colonial,4,2.500,"Full,Unfinished",1 Car Attached,3,0.00,CL,5/13/2017,5/12/2018,8/22/2017,6/26/2018,101,Det,1,1,2937950
32,,Library,Lane,Bayville,11709,739000,744000,Colonial,4,2.500,"Full,Unfinished",1 Car Attached,3,0.00,CL,5/12/2017,8/30/2019,4/23/2019,5/31/2019,711,Det,1,1,2937956
#3Lot,,Violet,Road,Bayville,11709,795000,853000,Colonial,4,2.500,"Full,Unfinished",1 Car Attached,3,0.00,CL,5/13/2017,5/12/2018,1/12/2018,10/24/2018,244,Det,1,1,2937961
34,,Violet,Road,Bayville,11709,809000,818000,Colonial,4,2.500,"Full,Unfinished",1 Car Attached,3,0.00,CL,5/13/2017,8/30/2019,9/13/2018,6/24/2019,488,Det,1,1,2937972
34,,Nursery,Street,Locust Valley,11560,765000,745000,Exp Ranch,4,2.500,"Full,Partially Finished",2 Car Detached,3,17325.78,CL,5/13/2017,5/12/2018,6/12/2017,8/21/2017,30,Det,1,1,2937984
32,,Violet,Road,Bayville,11709,785000,806100,Colonial,4,2.500,"Full,Unfinished",1 Car Attached,3,0.00,CL,5/13/2017,12/09/2019,6/26/2019,1/28/2020,774,Det,1,1,2937998
32,,Pool Drive,,Roslyn,11576,980000,980000,Ranch,3,2.000,"Full,Finished",2 Car Attached,3,23110.20,CL,5/18/2017,11/10/2017,6/23/2017,8/18/2017,36,Det,1,1,2939674
32,,Wood,Lane,Locust Valley,11560,795000,805000,Split Level,3,3.000,"Partial,Finished",1 Car Attached,3,13880.34,CL,5/19/2017,5/19/2018,6/08/2017,8/31/2017,20,Det,1,1,2940030
10,,The Hemlocks,,Roslyn Estates,11576,769900,755000,Split Level,3,3.500,"Full,Finished",,3,22170.54,CL,5/23/2017,8/19/2017,6/07/2017,6/30/2017,15,Det,1,1,2940719
10,,Peachtree,Lane,Roslyn,11576,1048000,999000,Colonial,7,2.500,"None,Unfinished",1 Car Attached,3,16171.09,CL,5/30/2017,5/23/2018,6/29/2017,8/25/2017,30,Det,1,1,2942519
26,,Midland,Road,East Hills,11577,878000,831000,Ranch,3,2.000,"Full,Finished",1 Car Attached,3,18369.83,CL,5/31/2017,11/30/2017,7/26/2017,8/29/2017,56,Det,1,1,2942757
97,,Macgregor,Avenue,Roslyn Heights,11577,799000,820000,Colonial,3,3.000,"Full,Finished",2 Car Detached,3,12877.00,CL,6/08/2017,3/30/2018,6/22/2017,9/08/2017,14,Det,1,1,2945356
30,,Entrance,Road,East Hills,11577,749000,697500,Colonial,3,2.500,Full,1 Car Attached,3,17951.12,CL,6/13/2017,12/31/2017,7/20/2017,10/05/2017,37,Det,1,1,2946481
16,,The Oaks,,Roslyn,11576,879000,890000,Split Level,4,4.000,"Full,Finished",2 Car Attached,3,18582.00,CL,6/14/2017,11/01/2017,7/19/2017,9/01/2017,35,Det,1,1,2946993
774,,Edgewood,Drive,Westbury,11590,689000,675000,Split Level,3,2.500,Partial,2 Car Attached,3,12805.78,CL,6/19/2017,6/18/2018,8/24/2017,11/14/2017,66,Det,1,1,2948288
884,,Edgewood,Drive,Westbury,11590,678000,663000,Split Level,4,3.000,"Partial,Finished",2 Car Attached,3,16505.00,CL,6/28/2017,6/26/2018,12/05/2017,1/29/2018,160,Det,1,1,2951362
117,,East Broadway,,Roslyn,11576,969000,937000,Colonial,3,2.500,"Partial,Finished",2 Car Detached,3,22977.94,CL,7/20/2017,1/20/2018,10/30/2017,2/02/2018,102,Det,1,1,2956863
36,,Clews,Drive,Upper Brookville,11771,1195000,980000,Exp Cape,5,2.500,"Partial,Partially Finished",2 Car Attached,3,23160.68,CL,7/21/2017,1/20/2018,11/24/2017,1/29/2018,126,Det,1,1,2957350
9,,Franklin,Avenue,Bayville,11709,689000,660000,Colonial,3,3.000,"Crawl,Unfinished",1 Car Attached,3,10913.52,CL,7/28/2017,12/31/2017,9/11/2017,12/11/2017,45,Det,1,1,2958987
131,,Woodbine,Road,East Hills,11577,899000,855000,Colonial,3,2.500,"Full,Unfinished",2 Car Attached,3,13150.97,CL,7/30/2017,2/07/2018,10/24/2017,12/11/2017,86,Det,1,1,2959384
36,,Thelma,Street,Roslyn Heights,11577,658000,658405,Cape,3,2.000,"Full,Partially Finished",,3,10970.12,CL,7/31/2017,2/28/2018,9/19/2017,12/28/2017,50,Det,1,1,2959902
20,,Dogwood,Avenue,Roslyn Harbor,11576,899000,860000,Ranch,3,2.000,Full,1 Car Attached,3,19326.79,CL,8/01/2017,12/01/2017,11/14/2017,3/06/2018,105,Det,1,1,2959984
103,,Overlook,Terrace,East Hills,11577,848000,825000,Ranch,4,2.000,"Full,Unfinished",2 Car Attached,3,19854.64,CL,8/02/2017,1/31/2018,8/29/2017,10/26/2017,27,Det,1,1,2960256
222,,Garden,Street,Roslyn Heights,11577,699000,655000,Colonial,3,1.500,"Full,Unfinished",1 Car Detached,3,10325.00,CL,8/07/2017,2/07/2018,9/23/2017,1/25/2018,47,Det,1,1,2961516
15,,Ryefield,Road,Lattingtown,11560,750000,700000,Cape,3,2.000,"Partial,Unfinished",,3,12068.45,CL,8/24/2017,2/24/2018,11/17/2017,12/21/2017,85,Det,1,1,2965747
76,,Westwood,Circle,East Hills,11577,969000,935500,Farm Ranch,4,3.000,"Full,Finished",2 Car Attached,3,25050.67,CL,9/05/2017,3/31/2018,10/03/2017,12/15/2017,28,Det,1,1,2968068
7,,Fox Ridge,Lane,Locust Valley,11560,839000,795000,Split Level,4,3.500,"Full,Finished",2 Car Attached,3,20581.86,CL,9/08/2017,9/18/2018,11/21/2017,2/05/2018,74,Det,1,1,2969413
4,,Hilltop,Lane,Roslyn Heights,11577,899000,826500,Colonial,3,3.000,"Full,Finished",,3,15024.86,CL,9/12/2017,3/08/2018,11/10/2017,3/09/2018,59,Det,1,1,2970363
10,,The Locusts,,Roslyn,11576,733000,750000,Colonial,3,2.000,"Full,Unfinished",2 Car Detached,3,17723.98,CL,9/18/2017,9/13/2018,10/19/2017,1/03/2018,31,Det,1,1,2971924
3,,Winding Way,,Lattingtown,11560,899000,870000,Colonial,3,3.000,"Partial,Partially Finished",2 Car Attached,3,20995.24,CL,9/21/2017,9/21/2018,1/23/2018,3/30/2018,124,Det,1,1,2972906
17,,Faith,Lane,Westbury,11590,729900,725000,Colonial,4,2.500,"None,Unfinished",1 Car Attached,3,0.00,CL,9/22/2017,12/31/2017,10/12/2017,1/11/2018,20,Det,1,1,2973266
944,,Roxbury,Drive,Westbury,11590,699000,680000,Split Level,3,3.000,"Partial,Finished",2 Car Attached,3,11966.00,CL,11/06/2017,6/05/2018,12/08/2017,3/02/2018,32,Det,1,1,2983572
95,,Spruce,Street,Roslyn,11576,550000,700000,Cape,5,3.000,"Full,Unfinished",2 Car Attached,3,23338.64,CL,11/14/2017,2/13/2018,12/18/2017,2/01/2018,34,Det,1,1,2985987
91,,Mountain,Avenue,Bayville,11709,889000,865000,Colonial,4,2.500,"Full,Unfinished",,3,0.00,CL,11/17/2017,11/17/2018,4/23/2018,8/09/2018,156,Det,1,1,2986525
852,,Richmond,Road,East Meadow,11554,775000,740000,Hi Ranch,4,2.500,"Full,Unfinished",1 Car Attached,3,14393.04,CL,11/20/2017,5/20/2018,1/04/2018,4/20/2018,45,Det,1,1,2987015
1,,Eden Roc,Drive,Lattingtown,11560,1050000,925000,Ranch,3,2.500,"None,Unfinished",2 Car Detached,3,14446.70,CL,11/28/2017,6/28/2018,12/22/2017,3/22/2018,24,Det,1,1,2988015
2,,Frost Mill,Road,Mill Neck,11765,899000,860000,Colonial,5,3.500,"Partial,Unfinished",,3,17319.92,CL,12/05/2017,5/05/2018,3/05/2018,5/15/2018,90,Det,1,1,2989605
119,,Circle,Drive,Roslyn Heights,11577,969000,925000,Colonial,3,2.500,Full,1 Car Attached,3,19053.38,CL,12/11/2017,6/04/2018,2/05/2018,6/13/2018,56,Det,1,1,2990648
2403,,Oxford,Street,East Meadow,11554,729990,715000,Colonial,4,4.000,"Full,Finished",1 Car Detached,3,11250.75,CL,1/03/2018,3/25/2018,2/07/2018,4/26/2018,35,Det,1,1,2994060
19,,Michael F,Street,Locust Valley,11560,749000,720000,Colonial,4,3.500,"Crawl,Unfinished",1 Car Attached,3,8878.66,CL,1/08/2018,7/08/2018,4/13/2018,6/01/2018,94,Det,1,1,2995045
43,,Cocks,Lane,Locust Valley,11560,989999,980000,Colonial,5,2.500,"Full,Unfinished",2 Car Attached,3,23483.81,CL,1/08/2018,12/08/2018,9/17/2018,11/13/2018,251,Det,1,1,2995071
774,,East Meadow,Avenue,East Meadow,11554,749000,725000,Hi Ranch,6,3.000,"Full,Finished",1 Car Attached,3,9989.41,CL,1/09/2018,6/30/2018,2/05/2018,5/23/2018,27,Det,2,2,2995423
2,,Farm,Lane,Locust Valley,11560,925000,820000,Colonial,4,3.000,Full,2 Car Attached,3,21028.00,CL,1/09/2018,3/10/2018,2/12/2018,4/27/2018,34,Det,1,1,2995774
908,,Carrie,Court,East Meadow,11554,849000,785000,Colonial,5,4.500,"Full,Finished",1 Car Attached,3,17500.00,CL,1/18/2018,1/18/2019,4/10/2018,4/19/2018,81,Det,1,2,2997510
838,,Bethlynn,Court,East Meadow,11554,649000,653900,Split Level,3,2.500,"Full,Finished",2 Car Attached,3,10090.91,CL,1/25/2018,4/25/2018,2/27/2018,4/13/2018,33,Det,1,1,2999471
81,,Maple,Street,Roslyn Heights,11577,688000,678000,Cape,4,1.500,"Full,Finished",2 Car Detached,3,12883.00,CL,1/29/2018,12/31/2018,2/07/2018,2/26/2018,9,Det,1,1,3000041
574,,Carman,Avenue,Westbury,11590,755000,715000,Contemporary,5,5.500,"Full,Finished",,3,13400.00,CL,2/07/2018,8/07/2018,5/15/2018,5/30/2018,96,Det,1,2,3002837
10,,Mountain,Avenue,Bayville,11709,998000,945000,Estate,5,4.000,"Partial,Partially Finished",2 Car Attached,3,18398.06,CL,2/23/2018,1/08/2019,4/15/2018,7/06/2018,50,Det,1,1,3006702
20,,Hickory,Drive,East Hills,11576,1198000,980000,Farm Ranch,6,3.550,"Full,Partially Finished",2 Car Attached,3,19289.53,CL,2/26/2018,8/31/2018,5/24/2018,7/18/2018,86,Det,1,1,3007231
910,,Grand,Boulevard,Westbury,11590,699000,675000,Colonial,5,3.000,"None,Unfinished",Detached,3,0.00,CL,2/27/2018,2/27/2019,5/14/2018,8/06/2018,75,Det,1,1,3007551
12,,The Poplars,,Roslyn Estates,11576,1100000,999999,Split Level,4,3.000,"Full,Finished",2 Car Attached,3,25655.58,CL,2/28/2018,2/21/2019,3/23/2018,5/11/2018,22,Det,1,1,3007818
15,,Allen,Drive,Locust Valley,11560,759000,749000,Colonial,4,2.500,"Partial,Finished",2 Car Attached,3,11214.45,CL,3/01/2018,2/18/2019,5/21/2018,8/07/2018,80,Det,1,1,3008165
43,,Pool,Drive,Roslyn,11576,1025000,989000,Split Level,5,3.000,"Partial,Unfinished",2 Car Attached,3,19011.28,CL,10/25/2017,10/31/2018,4/09/2018,6/05/2018,166,Det,1,1,3008715
102,,Willow,Street,Roslyn Heights,11577,735000,754000,Colonial,4,1.500,Full,,3,10995.43,CL,3/01/2018,9/01/2018,4/10/2018,7/13/2018,39,Det,1,1,3008851
22,,Crown,Lane,Westbury,11590,769000,744000,Colonial,4,2.500,"None,Unfinished",1 Car Attached,3,0.00,CL,3/09/2018,3/09/2019,5/18/2018,7/06/2018,69,Det,1,1,3010650
2,,Thornwood,Lane,East Hills,11577,1050000,999999,Colonial,4,2.500,"Full,Unfinished",2 Car Attached,3,23977.96,CL,3/22/2018,9/22/2018,4/12/2018,6/27/2018,21,Det,1,1,3014039
107,,Willow,Street,Roslyn Heights,11577,798000,830000,Exp Ranch,5,3.000,"Full,Finished",1 Car Attached,3,17888.47,CL,3/26/2018,8/31/2018,5/09/2018,7/16/2018,44,Det,1,1,3014894
714,,Morris,Court,East Meadow,11554,639999,655000,Split Level,3,2.000,"Partial,Finished",1 Car Attached,3,11629.59,CL,4/02/2018,3/29/2019,4/13/2018,5/21/2018,11,Det,1,1,3016593
22,S,Oak Point,Drive,Bayville,11709,879000,815000,Colonial,5,2.500,"Full,Finished",2 Car Attached,3,15374.00,CL,4/09/2018,10/15/2018,8/06/2018,1/23/2019,119,Att,1,1,3018579
132,,Overlook,Terrace,East Hills,11577,685000,680000,Ranch,3,2.000,Full,1 Car Attached,3,14261.25,CL,4/09/2018,12/31/2018,4/30/2018,6/14/2018,21,Det,1,1,3018629
85,,Westwood,Circle,East Hills,11577,1095000,980000,Exp Ranch,4,3.000,"Full,Finished",2 Car Attached,3,26489.23,CL,4/09/2018,12/31/2018,6/01/2018,8/03/2018,53,Det,1,1,3018651
1,,Willow Gate,,East Hills,11577,899000,893000,Exp Cape,5,2.000,"Full,Unfinished",2 Car Attached,3,18988.15,CL,4/10/2018,8/08/2018,5/14/2018,8/01/2018,34,Det,1,1,3019085
916,,Berkshire,Drive,Westbury,11590,719000,714000,Split Level,3,2.500,"Full,Finished",2 Car Attached,3,13882.56,CL,4/11/2018,10/30/2018,6/21/2018,8/23/2018,71,Det,1,1,3019769
9,,Laurel,Place,Bayville,11709,799990,780000,Colonial,4,2.500,"Full,Finished",2 Car Attached,3,19295.59,CL,4/12/2018,10/01/2018,5/11/2018,8/01/2018,29,Det,1,1,3019921
1114,,Roxbury,Drive,Westbury,11590,679000,660000,Split Level,3,2.500,"Full,Finished",2 Car Attached,3,12318.74,CL,4/13/2018,10/31/2018,6/06/2018,7/27/2018,54,Det,1,1,3020204
207,,Bayville,Avenue,Bayville,11709,899000,860000,Tudor,4,2.500,Full,,3,19280.00,CL,4/13/2018,11/30/2019,9/07/2019,10/28/2019,512,Det,1,1,3020458
622,,Edgewood,Drive,Westbury,11590,719900,730000,Split Level,4,3.500,"Full,Finished",2 Car Attached,3,19577.23,CL,4/13/2018,8/13/2018,5/14/2018,7/21/2018,31,Det,1,1,3020473
22,,The Boulevard,,Bayville,11709,874888,850000,Ranch,3,1.000,"Full,Unfinished",1 Car Detached,3,12120.79,CL,4/16/2018,5/26/2019,3/05/2019,4/24/2019,323,Det,1,1,3020908
612,,Marion,Drive,East Meadow,11554,679000,675000,Split Level,3,2.500,"Full,Finished",,3,10321.00,CL,4/16/2018,6/30/2018,5/11/2018,8/08/2018,25,Det,1,1,3021011
60,,Woodland,Road,Roslyn,11576,1098000,980000,Colonial,5,3.500,"Full,Finished",2 Car Attached,3,29303.00,CL,4/17/2018,3/19/2019,11/30/2018,2/28/2019,227,Det,1,1,3021210
106,,Linden Farms,Road,Locust Valley,11560,899000,905000,Ranch,3,1.500,"Full,Unfinished",2 Car Attached,3,16756.96,CL,4/18/2018,4/18/2019,4/29/2018,6/22/2018,11,Det,1,1,3021809
144,,Garden,Street,Roslyn Heights,11577,799000,780000,Colonial,3,2.500,Full,2 Car Detached,3,14710.99,CL,4/23/2018,9/30/2018,7/03/2018,10/04/2018,71,Det,1,1,3022986
910,,Richmond,Road,East Meadow,11554,1024999,965000,Colonial,4,4.000,"Full,Unfinished",3 Car Attached,3,20069.00,CL,4/23/2018,4/23/2019,11/15/2018,2/28/2019,206,Det,1,1,3023196
503,,Albert,Street,East Meadow,11554,729000,710000,Colonial,5,3.000,"Full,Finished",1 Car Attached,3,18455.83,CL,4/27/2018,8/27/2018,6/07/2018,7/27/2018,41,Det,1,1,3024507
29,,Wood,Lane,Lattingtown,11560,995000,990000,Cape,3,2.000,"Full,Unfinished",2 Car Attached,3,10660.40,CL,4/29/2018,10/30/2018,5/23/2018,10/03/2018,24,Det,1,1,3025015
185,,Mimosa Dr,,East Hills,11576,1050000,983650,Hi Ranch,4,3.000,"None,Unfinished",2 Car Attached,3,26505.28,CL,5/02/2018,12/31/2018,8/08/2018,10/26/2018,98,Det,1,1,3026442
9,,Avon,Lane,East Hills,11577,998888,999000,Exp Ranch,3,2.500,"Full,Unfinished",2 Car Attached,3,19885.43,CL,5/07/2018,11/07/2018,5/18/2018,8/14/2018,11,Det,1,1,3027639
34,,Matinecock,Lane,Locust Valley,11560,775000,765000,Colonial,3,2.500,"Full,Unfinished",1 Car Attached,3,7106.00,CL,5/09/2018,7/15/2018,6/20/2018,9/12/2018,42,Det,1,1,3028768
70,,Village,Road,East Hills,11577,1085000,999900,Colonial,4,2.500,"Full,Partially Finished",1 Car Attached,3,17881.49,CL,5/12/2018,10/11/2018,5/29/2018,7/24/2018,17,Det,1,1,3029524
79,,The Oaks,,Roslyn Estates,11576,990000,880000,Colonial,4,2.500,"Full,Finished",2 Car Attached,3,24200.41,CL,5/15/2018,11/22/2018,11/14/2018,1/17/2019,183,Det,1,1,3030223
2382,,Jefferson,Street,East Meadow,11554,749999,725000,Colonial,5,3.000,"Full,Finished",1 Car Detached,3,11053.00,CL,5/15/2018,5/15/2019,7/06/2018,8/29/2018,52,Det,1,1,3030413
31,,Wood,Lane,Locust Valley,11560,849000,854031,Exp Cape,4,2.000,"Partial,Finished",1 Car Attached,3,18434.71,CL,5/18/2018,5/18/2019,6/13/2018,7/25/2018,26,Det,1,1,3031545
18,,Midland,Road,East Hills,11577,838000,850000,Ranch,3,2.000,"Full,Partially Finished",,3,11208.07,CL,5/21/2018,10/15/2018,6/14/2018,8/07/2018,24,Det,1,1,3032103
11,,Weir,Lane,Locust Valley,11560,775000,775000,Cape,3,3.000,"Full,Unfinished",1 Car Attached,3,14680.49,CL,5/23/2018,9/22/2018,6/22/2018,8/30/2018,30,Det,1,1,3032761
90,,Maple,Avenue,Locust Valley,11560,849000,815000,Exp Ranch,4,3.000,"Full,Finished",,3,14617.73,CL,5/25/2018,11/24/2018,8/14/2018,9/27/2018,81,Det,1,1,3033593
1762,,Franklin,Avenue,East Meadow,11554,689000,685000,Colonial,4,2.500,"Full,Finished",1 Car Attached,3,12023.30,CL,5/30/2018,11/30/2018,7/11/2018,10/15/2018,42,Det,1,1,3034518
19,,Rockhill,Road,East Hills,11577,899000,910000,Exp Ranch,5,3.000,"Full,Unfinished",1 Car Attached,3,15628.22,CL,5/31/2018,10/31/2018,6/26/2018,8/29/2018,26,Det,1,1,3035060
30,,Princeton,Street,Roslyn Heights,11577,757990,734500,Colonial,3,2.000,"Full,Finished",1 Car Attached,3,12280.25,CL,6/01/2018,6/01/2019,8/21/2018,12/31/2018,81,Det,1,1,3035486
30,,Princeton,Street,Roslyn Heights,11577,757990,739500,Colonial,3,2.000,"Full,Finished",1 Car Attached,3,12280.00,CL,6/01/2018,6/01/2019,8/21/2018,12/31/2018,81,Det,1,1,3035623
20,,Greenway,,Roslyn,11576,1075000,950000,Ranch,4,4.500,Full,2 Car Attached,3,24886.00,CL,6/05/2018,5/31/2019,7/24/2018,10/01/2018,49,Det,1,1,3036484
2,,Bayberry Ridge,,Roslyn,11576,899000,899000,Ranch,4,2.500,"Full,Unfinished",1 Car Attached,3,13840.13,CL,6/05/2018,12/31/2018,6/28/2018,9/13/2018,23,Det,1,1,3036650
7,,Hilltop,Drive,Bayville,11709,769000,750000,Tudor,3,2.000,"Full,Partially Finished",2 Car Detached,3,8271.00,CL,6/05/2018,12/05/2018,6/22/2018,8/28/2018,17,Det,1,1,3036651
2590,,8th,Avenue,East Meadow,11554,665500,655000,Colonial,4,2.500,"Full,Finished",,3,11765.88,CL,3/03/2018,9/03/2018,7/03/2018,9/13/2018,121,Det,1,1,3036739
96,,Milburn,Lane,East Hills,11577,899000,894500,Colonial,5,2.500,"Full,Unfinished",1 Car Attached,3,28649.07,CL,6/08/2018,12/31/2018,7/06/2018,9/13/2018,28,Det,1,1,3037640
10,,Seabreeze,Lane,Bayville,11709,789000,780000,Colonial,4,2.500,"Full,Partially Finished",2 Car Attached,3,13710.00,CL,6/18/2018,12/30/2018,7/13/2018,10/10/2018,25,Det,1,1,3040528
15,,Le Britton,Street,Locust Valley,11560,789000,760000,Cape,4,2.000,"Full,Partially Finished",1 Car Attached,3,12067.93,CL,6/30/2018,12/30/2018,7/12/2018,8/30/2018,12,Det,1,1,3044487
929,,Roxbury,Drive,Westbury,11590,679000,660000,Split Level,3,3.000,"Full,Partially Finished",2 Car Attached,3,14738.00,CL,7/03/2018,3/31/2019,8/22/2018,11/20/2018,50,Det,1,1,3045273
902,,Durham,Road,East Meadow,11554,928000,910000,Colonial,4,2.500,"Full,Unfinished",2 Car Attached,3,0.00,CL,7/17/2018,1/19/2019,11/13/2018,1/16/2019,119,Det,1,1,3049081
9,,Layton,Street,Roslyn,11576,699000,675000,Colonial,2,2.000,"Full,Unfinished",,3,9194.87,CL,7/21/2018,1/21/2019,8/10/2018,10/18/2018,20,Det,1,1,3050394
2486,,Inglewood,Street,East Meadow,11554,739000,690000,Hi Ranch,5,3.000,"Full,Finished",,3,14655.01,CL,7/23/2018,1/23/2019,8/28/2018,11/19/2018,36,Det,1,1,3050653
20,,Feeks,Lane,Lattingtown,11560,939000,910000,Ranch,3,3.000,"Full,Finished",2 Car Attached,3,14227.19,CL,7/31/2018,1/27/2019,9/05/2018,11/07/2018,36,Det,1,1,3052964
17,,Beaver,Drive,Bayville,11709,899000,755000,Split Level,4,3.000,"Full,Unfinished",2 Car Attached,3,17584.00,CL,8/02/2018,1/14/2019,10/08/2018,12/06/2018,67,Det,1,1,3053876
205,,Forest,Street,Roslyn Heights,11577,749000,740000,Colonial,5,2.000,Full,2 Car Detached,3,12023.00,CL,8/08/2018,1/18/2019,10/15/2018,12/26/2018,68,Det,1,1,3055433
10,,Frost Creek,Drive,Locust Valley,11560,895000,825000,Ranch,6,4.500,"Partial,Partially Finished",2 Car Attached,3,19039.18,CL,8/14/2018,8/13/2019,2/14/2019,5/13/2019,184,Det,1,1,3056869
44,,South,Court,Roslyn Heights,11577,699000,699000,Colonial,3,2.500,Full,2 Car Attached,3,10803.38,CL,9/04/2018,2/28/2019,11/27/2018,1/17/2019,84,Det,1,1,3062005
373,,Hilda,Street,East Meadow,11554,839000,815000,Colonial,5,3.000,"Full,Finished",1 Car Attached,3,0.00,CL,9/06/2018,11/06/2018,11/07/2018,12/14/2018,62,Det,1,1,3063019
18,,Allen,Drive,Locust Valley,11560,699000,710000,Colonial,5,2.500,Full,2 Car Attached,3,14288.00,CL,9/07/2018,3/31/2019,10/15/2018,11/16/2018,38,Det,1,1,3063135
890,,Fams,Court,East Meadow,11554,759000,727000,Hi Ranch,5,4.000,"Full,Finished",,3,14680.00,CL,9/07/2018,2/01/2019,11/12/2018,12/31/2018,66,Det,1,2,3063366
38,,Mineola,Avenue,Roslyn Estates,11576,999000,975000,Ranch,4,2.500,"Full,Finished",1 Car Attached,3,20590.93,CL,9/11/2018,3/11/2019,1/15/2019,3/15/2019,126,Det,1,1,3064011
145,,North,Court,Roslyn Heights,11577,775000,740000,Colonial,4,2.500,"Partial,Finished",1 Car Attached,3,14900.29,CL,9/13/2018,9/13/2019,1/31/2019,2/21/2019,140,Det,1,1,3064777
6,,Great Meadow,Road,Lattingtown,11560,895000,849500,Ranch,4,3.000,"Crawl,Unfinished",2 Car Attached,3,26584.29,CL,9/17/2018,11/30/2019,8/23/2019,11/12/2019,340,Det,1,1,3065964
944,,Plum Tree,Road,Westbury,11590,689999,680000,Split Level,4,3.500,"Full,Finished",2 Car Attached,3,15441.00,CL,9/27/2018,4/30/2019,11/01/2018,1/18/2019,35,Det,1,1,3068962
85,,Entrance,Road,East Hills,11577,699000,672500,Colonial,3,2.500,"Full,Unfinished",1 Car Attached,3,12507.76,CL,10/02/2018,5/31/2019,10/12/2018,11/27/2018,10,Det,1,1,3069790
1363,,Richmond,Court,East Meadow,11554,635000,665831,Split Level,3,2.500,"Full,Finished",2 Car Attached,3,11553.82,CL,10/04/2018,6/30/2019,10/05/2018,12/12/2018,1,Det,1,1,3070950
25,,Holly,Lane,East Hills,11577,959000,920000,Colonial,3,2.500,"Full,Finished",1 Car Attached,3,19469.51,CL,10/05/2018,7/04/2019,5/15/2019,9/03/2019,222,Det,1,1,3071004
116,,Milburn,Lane,East Hills,11577,830000,810000,Colonial,4,2.500,"Full,Finished",1 Car Attached,3,18370.71,CL,10/16/2018,4/01/2019,2/20/2019,4/29/2019,127,Det,1,1,3073960
27,,Beechwood,Road,East Hills,11576,889000,820000,Split Level,3,2.000,"Full,Partially Finished",2 Car Attached,3,21837.35,CL,10/18/2018,6/30/2019,1/07/2019,3/27/2019,81,Det,1,1,3074356
34,,The Birches,,Roslyn Estates,11576,888000,860000,Colonial,2,2.500,"Full,Unfinished",2 Car Attached,3,16942.07,CL,10/18/2018,8/31/2019,12/03/2018,12/27/2018,46,Det,1,1,3074392
17,E,Shore,Drive,Bayville,11709,799888,762500,Colonial,2,2.500,"Full,Unfinished",,3,12270.60,CL,10/19/2018,10/19/2019,2/20/2019,4/23/2019,124,Det,1,1,3074813
5,,Pine Drive So.,,Roslyn,11576,959000,920000,Exp Ranch,4,3.000,"Full,Finished",2 Car Attached,3,24249.61,CL,10/22/2018,7/16/2019,4/20/2019,6/28/2019,180,Det,1,1,3075402
844,,Edgewood,Drive,Westbury,11590,729000,695000,Split Level,3,2.500,"Full,Finished",2 Car Attached,3,16582.37,CL,10/25/2018,4/30/2019,11/27/2018,1/17/2019,33,Det,1,1,3076163
83,,Fairfeild,Lane,East Hills,11577,889000,850000,Cape,4,2.000,"Full,Finished",2 Car Attached,3,14945.00,CL,10/25/2018,10/03/2019,1/11/2019,3/08/2019,78,Det,1,1,3076273
612,,Marion,Drive,East Meadow,11554,729000,700000,Split Level,3,2.500,"Full,Finished",,3,10321.00,CL,10/31/2018,4/25/2019,12/31/2018,3/07/2019,61,Det,1,1,3077540
11,,King,Road,Bayville,11709,700000,700000,Colonial,3,2.500,"Full,Unfinished",1 Car Attached,3,8152.71,CL,11/01/2018,11/10/2019,8/29/2019,10/25/2019,301,Det,1,1,3077904
2338,,First,Street,East Meadow,11554,949000,925000,Colonial,5,2.500,"Full,Unfinished",1 Car Attached,3,0.00,CL,11/09/2018,11/30/2019,3/07/2019,7/01/2019,118,Det,1,1,3080086
2563,,Ramona,Street,East Meadow,11554,769000,730000,Colonial,4,2.500,"Full,Finished",2 Car Attached,3,12574.55,CL,11/15/2018,3/15/2019,12/21/2018,2/28/2019,36,Det,1,1,3081468
34,,Frost Creek,Drive,Locust Valley,11560,975000,875000,Split Ranch,4,3.000,Unfinished,2 Car Attached,3,16386.43,CL,11/14/2018,10/21/2019,8/12/2019,11/07/2019,270,Det,1,1,3081559
1,,John Bean,Court,Port Washington,11050,738000,700000,Townhouse,3,3.500,Full,2 Car Attached,3,18201.03,CL,12/02/2018,9/01/2019,1/18/2019,3/28/2019,47,Att,1,1,3084648
53,,Maple,Street,Roslyn Heights,11577,769000,769000,Hi Ranch,4,2.000,"None,Unfinished",1 Car Attached,3,11390.98,CL,12/03/2018,11/29/2019,12/24/2018,9/19/2019,21,Det,1,1,3084840
2200,,Clover,Court,East Meadow,11554,685000,660000,Split Level,4,2.500,"Partial,Finished",,3,16956.98,CL,12/11/2018,6/03/2019,12/27/2018,2/06/2019,16,Det,1,1,3086609
231,,Harbor Hill,Road,East Hills,11576,888000,865000,Ranch,3,3.000,"Full,Finished",2 Car Attached,3,21259.52,CL,1/04/2019,6/30/2019,1/31/2019,4/10/2019,27,Det,1,1,3090288
1072,,Glen Cove,Avenue,Glen Head,11545,729000,706000,Split Level,3,2.000,"Partial,Partially Finished",1 Car Attached,3,11333.14,CL,1/07/2019,7/07/2019,7/11/2019,9/13/2019,184,Det,1,1,3091128
913,,Stratford,Court,Westbury,11590,699000,695000,Split Level,3,2.500,"Full,Finished",2 Car Attached,3,9282.19,CL,1/08/2019,12/19/2019,3/07/2019,6/26/2019,58,Det,1,1,3091205
640,,The Plain,Road,Westbury,11590,708000,710000,Split Level,4,3.000,"Full,Partially Finished",2 Car Attached,3,10911.44,CL,1/09/2019,6/09/2019,1/16/2019,2/25/2019,7,Det,1,1,3091730
5,,Glenwood,Lane,East Hills,11577,928000,900000,Exp Cape,4,2.500,Full,2 Car Attached,3,27787.00,CL,1/15/2019,7/01/2019,4/03/2019,6/19/2019,77,Det,1,1,3093395
29,,Tappentown,Lane,Brookville,11545,999999,850000,Split Ranch,3,4.000,Partial,1 Car Attached,3,26581.00,CL,1/22/2019,4/22/2019,2/25/2019,3/20/2019,34,Det,1,1,3095298
100,,Crescent,Lane,East Hills,11577,945000,895000,Colonial,3,2.500,"Partial,Finished",1 Car Attached,3,19224.57,CL,2/13/2019,12/31/2019,5/16/2019,7/19/2019,91,Det,1,1,3100839
138,,Westwood,Circle,East Hills,11577,739000,725000,Farm Ranch,4,3.000,"Full,Finished",2 Car Attached,3,17160.19,CL,2/20/2019,10/30/2019,10/18/2019,1/30/2020,239,Det,1,1,3102588
39,,Hilary,Drive,Bayville,11709,689000,670000,Colonial,4,2.500,"Partial,Finished",1 Car Attached,3,11285.61,CL,2/20/2019,8/20/2019,4/16/2019,6/05/2019,54,Det,1,1,3102598
406,,Newbridge,Road,East Meadow,11554,674500,658000,Hi Ranch,4,3.000,"None,Unfinished",1 Car Attached,3,15686.98,CL,2/20/2019,8/31/2019,3/14/2019,6/07/2019,21,Det,1,1,3102690
16,,Bailey,Avenue,East Meadow,11554,689000,665000,Colonial,8,4.500,"Full,Finished",2 Car Detached,3,18981.06,CL,2/25/2019,10/31/2019,4/11/2019,6/24/2019,44,Det,1,1,3103791
1586,,Elgin,Avenue,East Meadow,11554,748888,730000,Colonial,4,2.500,"Full,Unfinished",2 Car Attached,3,22302.00,CL,2/26/2019,6/26/2019,3/13/2019,5/29/2019,14,Det,1,1,3103996
5,,Fox,Lane,Lattingtown,11560,1088000,990000,2 Story,4,3.000,"Full,Unfinished",2 Car Attached,3,17190.97,CL,2/27/2019,8/28/2019,6/28/2019,8/13/2019,120,Det,1,1,3104600
40,,Mimosa,Drive,East Hills,11576,998000,966000,Exp Ranch,5,4.500,"Full,Finished",2 Car Attached,3,33012.29,CL,3/01/2019,2/25/2020,6/28/2019,9/25/2019,118,Det,1,1,3105185
67,,Rockhill,Road,East Hills,11577,939000,940000,Ranch,4,2.000,"Full,Finished",1 Car Attached,3,21062.78,CL,3/07/2019,9/07/2019,4/04/2019,7/09/2019,27,Det,1,1,3107127
2,,Marseille,Drive,Locust Valley,11560,999999,995000,Split Level,6,4.000,"Full,Finished",3 Car Attached,3,26379.90,CL,3/09/2019,9/01/2019,4/24/2019,6/24/2019,45,Det,1,1,3107587
85,,Spruce,Street,Roslyn Harbor,11576,899000,840000,Ranch,3,2.000,Full,1 Car Attached,3,6444.50,CL,3/23/2019,9/19/2019,5/24/2019,9/19/2019,62,Det,1,1,3111962
23,,Hernan,Avenue,Locust Valley,11560,699999,660000,Colonial,5,3.000,"Full,Unfinished",1 Car Detached,3,10346.16,CL,3/26/2019,6/30/2019,6/25/2019,8/01/2019,91,Det,1,1,3112814
135,,Garden,Street,Roslyn Heights,11577,698888,695000,Hi Ranch,4,2.000,"None,Unfinished",,3,12269.00,CL,3/27/2019,9/26/2019,4/19/2019,7/01/2019,23,Det,1,1,3112893
3,,knollwood,Road,Roslyn,11576,798000,750000,Colonial,3,2.500,"Full,Finished",1 Car Attached,3,22072.86,CL,3/29/2019,8/31/2019,7/12/2019,9/13/2019,105,Att,1,1,3113645
141,,Melanie,Drive,East Meadow,11554,770000,750000,Colonial,5,2.500,Full,,3,13779.86,CL,2/25/2019,8/14/2019,4/18/2019,6/20/2019,51,Det,1,1,3114596
30,,Appletree,Lane,East Hills,11576,998000,975000,Hi Ranch,4,2.500,"Full,Finished",2 Car Attached,3,27500.00,CL,4/02/2019,2/14/2020,4/22/2019,6/07/2019,20,Det,1,1,3115014
834,,Edgewood,Drive,Westbury,11590,719000,670000,Split Level,3,2.500,"Full,Finished",2 Car Detached,3,18533.00,CL,4/03/2019,8/03/2019,7/19/2019,10/09/2019,107,Det,1,1,3115878
20,,Jefferson,Avenue,Roslyn Heights,11577,698000,675000,Hi Ranch,4,2.000,"Full,Finished",1 Car Attached,3,13100.00,CL,4/02/2019,12/31/2019,11/08/2019,12/30/2019,220,Det,1,1,3115909
116,,The Intervale,,Roslyn Estates,11576,999888,980000,Split Level,4,3.500,Partial,,3,15706.21,CL,4/07/2019,4/03/2020,4/22/2019,10/02/2019,15,Det,1,1,3116863
1622,,Carla,Lane,East Meadow,11554,719000,705000,Colonial,4,2.000,"Full,Finished",1 Car Detached,3,12965.86,CL,4/08/2019,7/31/2019,5/10/2019,8/30/2019,32,Det,1,1,3116988
2214,N,Plum Tree,Road,Westbury,11590,649000,695000,Colonial,4,4.000,"Full,Finished",1 Car Attached,3,11182.78,CL,4/11/2019,10/30/2019,4/29/2019,7/23/2019,18,Det,1,1,3118272
53,,Revere,Road,East Hills,11577,939000,875000,Colonial,4,4.000,"Full,Finished",1 Car Attached,3,19974.97,CL,4/14/2019,3/25/2020,11/19/2019,3/17/2020,219,Det,1,1,3119223
1824,,Freeman,Avenue,East Meadow,11554,999000,987000,Colonial,4,3.500,"Full,Unfinished",1 Car Attached,3,12454.00,CL,3/17/2019,9/30/2019,5/03/2019,9/27/2019,47,Det,1,1,3119251
2401,,Madison,Drive,East Meadow,11554,679000,661100,Colonial,4,2.000,"None,Unfinished",1 Car Detached,3,11209.54,CL,4/15/2019,10/15/2019,5/13/2019,7/10/2019,28,Det,1,1,3119468
1745,,Bard,Lane,East Meadow,11554,699000,700000,Splanch,4,2.500,"Partial,Finished",2 Car Attached,3,10681.85,CL,4/17/2019,10/17/2019,5/17/2019,9/27/2019,30,Det,1,1,3120005
59,,Midland,Road,East Hills,11577,799000,725000,Ranch,3,2.000,Full,1 Car Attached,3,17701.00,CL,4/22/2019,4/03/2020,6/14/2019,8/06/2019,53,Det,1,1,3121087
33,,Wood,Lane,Lattingtown,11560,899000,865000,Farm Ranch,4,3.000,"Full,Finished",2 Car Attached,3,14666.16,CL,4/24/2019,4/24/2020,6/13/2019,8/19/2019,50,Det,1,1,3122070
1143,,Old Northern,Boulevard,Roslyn,11576,699999,685000,Colonial,3,3.000,"Full,Finished",,3,13870.25,CL,4/26/2019,11/01/2019,6/04/2019,8/20/2019,39,Det,1,1,3122288
70,,Nursery,Street,Locust Valley,11560,975000,930000,Colonial,4,3.000,"Partial,Finished",1 Car Attached,3,22225.00,CL,4/30/2019,10/30/2019,7/23/2019,10/22/2019,84,Det,1,1,3123684
1854,E,Stone,Avenue,East Meadow,11554,999000,880000,Colonial,4,4.000,"Full,Finished",,3,7272.00,CL,5/01/2019,12/31/2019,5/09/2019,6/04/2019,8,Det,1,1,3124398
1756,,Bard,Lane,East Meadow,11554,698000,695000,Splanch,4,2.500,"Partial,Finished",2 Car Attached,3,15239.21,CL,5/13/2019,11/06/2019,5/30/2019,6/27/2019,17,Det,1,1,3128045
57,,Arbor,Road,East Hills,11577,1098000,989000,Farm Ranch,4,3.000,"Full,Finished",2 Car Attached,3,21156.97,CL,5/17/2019,12/29/2019,7/02/2019,9/24/2019,46,Det,1,1,3129876
27,,Villa,Street,Roslyn Heights,11577,749000,735000,Colonial,3,1.500,"Full,Finished",2 Car Detached,3,16418.83,CL,5/28/2019,11/27/2019,7/02/2019,9/13/2019,35,Det,1,1,3132751
2,,Glenwood,Lane,East Hills,11577,998000,998000,Exp Ranch,3,2.500,"Full,Finished",,3,16056.26,CL,5/29/2019,11/29/2019,7/09/2019,12/05/2019,41,Det,1,1,3133092
736,,Leslie,Lane,East Meadow,11554,699990,665000,Split Level,3,2.500,"Full,Finished",2 Car Attached,3,14052.00,CL,6/08/2019,12/19/2019,9/04/2019,11/19/2019,88,Det,1,1,3136561
1639,,Carla,Lane,East Meadow,11554,920000,860000,Colonial,5,4.500,"Full,Finished",1 Car Attached,3,17687.00,CL,12/12/2018,9/17/2019,6/28/2019,9/16/2019,197,Det,1,1,3136985
15,,Village,Road,East Hills,11577,978000,918000,Colonial,4,2.500,Full,1 Car Attached,3,16140.85,CL,6/12/2019,12/31/2019,7/24/2019,9/26/2019,42,Det,1,1,3137675
165,,Birch,Drive,East Hills,11576,998000,999000,Colonial,5,3.500,Full,2 Car Attached,3,23703.59,CL,6/12/2019,10/12/2019,7/12/2019,11/14/2019,30,Det,1,1,3137821
678,,Richmond,Road,East Meadow,11554,719000,720700,Split Level,4,2.500,"Full,Finished",Private Parking,3,14715.00,CL,6/14/2019,10/31/2019,7/09/2019,9/09/2019,25,Det,1,1,3138567
759,,Bethlynn,Court,East Meadow,11554,749999,724924,Colonial,4,3.500,"Full,Finished",2 Car Attached,3,14497.60,CL,6/17/2019,1/15/2020,7/12/2019,9/12/2019,25,Det,1,1,3139065
2080,,Stratford,Drive,Westbury,11590,709999,691850,Split Level,3,2.500,"Full,Finished",2 Car Attached,3,17289.00,CL,6/20/2019,12/01/2019,9/24/2019,12/12/2019,96,Det,1,1,3140314
11,,Overlook,Terrace,East Hills,11577,698000,710000,Cape,4,2.000,"Full,Finished",1 Car Attached,3,11124.96,CL,6/26/2019,11/30/2019,7/16/2019,10/22/2019,20,Det,1,1,3141995
57,,Laurel,Lane,Roslyn Heights,11577,799900,800000,Colonial,4,3.000,"Full,Finished",1 Car Attached,3,31438.54,CL,6/27/2019,11/29/2019,9/26/2019,11/15/2019,91,Det,1,1,3142704
643,,The Plain,Road,Westbury,11590,719000,695000,Exp Ranch,4,3.000,"Full,Finished",2 Car Attached,3,11427.79,CL,7/25/2019,1/03/2020,8/12/2019,11/06/2019,18,Det,1,1,3150470
18,,Fox Ridge,Lane,Locust Valley,11560,730000,676000,Split Level,3,2.500,"Partial,Unfinished",2 Car Attached,3,9181.35,CL,8/08/2019,11/30/2019,8/30/2019,10/09/2019,22,Det,1,1,3154621
5,,Elm,Drive,East Hills,11576,888000,854500,Colonial,4,3.500,"Full,Unfinished",2 Car Attached,3,25717.02,CL,8/09/2019,1/30/2020,8/30/2019,11/08/2019,21,Det,1,1,3154687
100,,Mimosa,Drive,East Hills,11576,998000,900000,Ranch,4,3.000,"Full,Partially Finished",,3,30476.34,CL,8/19/2019,7/04/2020,12/06/2019,1/24/2020,109,Det,1,1,3157125
493,,Davie,Street,Westbury,11590,699999,700000,Ranch,3,2.000,"Full,Finished",1 Car Attached,3,9107.59,CL,8/20/2019,8/20/2020,9/16/2019,11/08/2019,27,Det,1,1,3157871
121,,Edwards,Street,Roslyn Heights,11577,678000,700000,Colonial,3,2.500,"Full,Unfinished",,3,17770.80,CL,9/12/2019,3/11/2020,1/21/2020,2/28/2020,131,Det,1,1,3163893
282,,Cameo,Court,East Meadow,11554,659000,655000,Hi Ranch,3,3.000,"None,Unfinished",2 Car Attached,3,13933.74,CL,9/12/2019,12/12/2019,10/21/2019,2/03/2020,39,Det,1,1,3164082
1108,,Roxbury,Drive,Westbury,11590,670000,660000,Split Level,3,2.550,Full,,3,13293.00,CL,9/27/2019,9/25/2020,11/22/2019,3/19/2020,56,Det,1,1,3168048
710,,Merrick,Avenue,East Meadow,11554,810000,800000,Colonial,5,2.500,"Full,Unfinished",1 Car Attached,3,14167.82,CL,10/07/2019,1/06/2020,11/14/2019,1/08/2020,38,Det,1,1,3170688
403,,Gates,Avenue,East Meadow,11554,695000,700000,Colonial,5,4.000,"Full,Finished",,3,13567.35,CL,10/22/2019,4/22/2020,11/02/2019,3/12/2020,11,Det,1,1,3174599
718,,Merrick,Avenue,East Meadow,11554,799000,790000,Colonial,5,2.500,"Full,Unfinished",1 Car Attached,3,8153.79,CL,10/07/2019,4/26/2020,1/06/2020,3/10/2020,91,Det,1,1,3186168